model,n_components,min_cluster_size,min_samples,f1,precision,recall,pos_acc,neg_acc,n_clusters,n_noise
All-MPNet-Base-v2,768,2,2,0.5084745762711864,0.648508430609598,0.41817674937273486,0.41817674937273486,0.9997181705141187,1067,1224
All-MPNet-Base-v2,768,2,3,0.4105461393596987,0.4696588868940754,0.36465012545302483,0.36465012545302483,0.9994879924346289,484,2229
All-MPNet-Base-v2,768,2,4,0.3020231213872832,0.4289379168804515,0.23306384165040422,0.23306384165040422,0.9996141743938672,319,2900
All-MPNet-Base-v2,768,2,5,0.002440113909207661,0.0012215861541455832,0.9746306105380541,0.9746306105380541,0.009139872355162004,2,48
All-MPNet-Base-v2,768,2,6,0.0025147848535604636,0.0012593269978090455,0.8185112907722331,0.8185112907722331,0.19282787290148828,7,482
All-MPNet-Base-v2,768,2,7,0.0024667525540370185,0.00123517917433305,0.8449958182325062,0.8449958182325062,0.15039884245385085,6,388
All-MPNet-Base-v2,768,2,8,0.0024218548178765176,0.0012125994860887892,0.8781711736827432,0.8781711736827432,0.10058088766235095,4,287
All-MPNet-Base-v2,768,2,9,0.0023887823437437655,0.0011959909100210074,0.8929467521605798,0.8929467521605798,0.0727321132739608,2,237
All-MPNet-Base-v2,768,2,10,0.002470302035540448,0.0012369845552814979,0.8332868692500697,0.8332868692500697,0.16339593090913754,2,431
All-MPNet-Base-v2,768,2,11,0.00247276604009905,0.0012383174410839617,0.7914691943127962,0.7914691943127962,0.20623643933923638,3,542
All-MPNet-Base-v2,768,3,2,0.49338040600176525,0.5222672064777328,0.4675216057987176,0.4675216057987176,0.9994682331717811,526,1738
All-MPNet-Base-v2,768,3,3,0.3983241059404459,0.4299095607235142,0.37106216894340677,0.37106216894340677,0.9993881561591875,344,2401
All-MPNet-Base-v2,768,3,4,0.2831511988256402,0.3411949685534591,0.24198494563702258,0.24198494563702258,0.9994190083415289,176,3051
All-MPNet-Base-v2,768,3,5,0.24069855732725892,0.3771564544913742,0.17674937273487595,0.17674937273487595,0.9996370535403226,122,3375
All-MPNet-Base-v2,768,3,6,0.002737562908844266,0.0013714004073128554,0.7167549484248675,0.7167549484248675,0.3510104783024228,3,883
All-MPNet-Base-v2,768,3,7,0.0033741117574890385,0.0016928174270698453,0.49567884025648173,0.49567884025648173,0.6365190002644968,3,1735
All-MPNet-Base-v2,768,3,8,0.0026437795986913827,0.0013244322904099306,0.6885977139671035,0.6885977139671035,0.35436435318053067,2,915
All-MPNet-Base-v2,768,3,9,0.002643839978547606,0.0013244080961003948,0.7036520769445219,0.7036520769445219,0.34023717355184535,2,868
All-MPNet-Base-v2,768,3,10,0.00451693851944793,0.0022753960526370773,0.3035963200446055,0.3035963200446055,0.8344697220495694,3,2569
All-MPNet-Base-v2,768,3,11,0.0057738160170798985,0.002927823809015801,0.20657931419013104,0.20657931419013104,0.9125226234893263,4,3042
All-MPNet-Base-v2,768,4,2,0.39867953275774504,0.3660526929354162,0.4376916643434625,0.4376916643434625,0.9990574484967881,322,2061
All-MPNet-Base-v2,768,4,3,0.357948864447936,0.3670181605155243,0.3493169779760245,0.3493169779760245,0.9992508812804557,227,2608
All-MPNet-Base-v2,768,4,4,0.2826901156163491,0.3398590446358653,0.24198494563702258,0.24198494563702258,0.9994155418041871,142,3098
All-MPNet-Base-v2,768,4,5,0.23183004099888185,0.34963462619449126,0.17340395873989406,0.17340395873989406,0.9995989216295638,94,3429
All-MPNet-Base-v2,768,4,6,0.002737561451386722,0.0013713996757927953,0.7167549484248675,0.7167549484248675,0.3510101316486886,2,883
All-MPNet-Base-v2,768,4,7,0.0033741149590191155,0.0016928190387872637,0.49567884025648173,0.49567884025648173,0.636519346918231,2,1738
All-MPNet-Base-v2,768,4,8,0.0026437795986913827,0.0013244322904099306,0.6885977139671035,0.6885977139671035,0.35436435318053067,2,915
All-MPNet-Base-v2,768,4,9,0.005412141920988579,0.0027347688159485802,0.2578756621131865,0.2578756621131865,0.8830695356191912,4,2809
All-MPNet-Base-v2,768,4,10,0.005885819389631957,0.002981100402303841,0.22971842765542236,0.22971842765542236,0.9044677773221207,4,2961
All-MPNet-Base-v2,768,4,11,0.0057738160170798985,0.002927823809015801,0.20657931419013104,0.20657931419013104,0.9125226234893263,3,3045
All-MPNet-Base-v2,768,5,2,0.3354574419663177,0.28340703710824844,0.4109283523836075,0.4109283523836075,0.9987080215327434,208,2241
All-MPNet-Base-v2,768,5,3,0.3147948164146868,0.30515571839832506,0.3250627265124059,0.3250627265124059,0.9990796343357751,149,2791
All-MPNet-Base-v2,768,5,4,0.2581252943947244,0.295470884255931,0.2291608586562587,0.2291608586562587,0.9993205586810241,109,3172
All-MPNet-Base-v2,768,5,5,0.2261615973129315,0.34198645598194133,0.1689434067465849,0.1689434067465849,0.9995958017459562,76,3481
All-MPNet-Base-v2,768,5,6,0.002737561451386722,0.0013713996757927953,0.7167549484248675,0.7167549484248675,0.3510101316486886,2,883
All-MPNet-Base-v2,768,5,7,0.0033741149590191155,0.0016928190387872637,0.49567884025648173,0.49567884025648173,0.636519346918231,2,1738
All-MPNet-Base-v2,768,5,8,0.008051795173631547,0.004112727207133537,0.1906885977139671,0.1906885977139671,0.9425840886629323,9,3169
All-MPNet-Base-v2,768,5,9,0.005412141920988579,0.0027347688159485802,0.2578756621131865,0.2578756621131865,0.8830695356191912,4,2809
All-MPNet-Base-v2,768,5,10,0.005885819389631957,0.002981100402303841,0.22971842765542236,0.22971842765542236,0.9044677773221207,3,2965
All-MPNet-Base-v2,768,5,11,0.0057738160170798985,0.002927823809015801,0.20657931419013104,0.20657931419013104,0.9125226234893263,3,3045
All-MPNet-Base-v2,768,6,2,0.31185596195221377,0.2625858123569794,0.38388625592417064,0.38388625592417064,0.9986594900099593,165,2400
All-MPNet-Base-v2,768,6,3,0.28492791612057666,0.2688597576057383,0.30303875104544187,0.30303875104544187,0.9989752915617894,113,2890
All-MPNet-Base-v2,768,6,4,0.0027808982144119656,0.0013930660465467702,0.7401728463897407,0.7401728463897407,0.34024410662652876,2,835
All-MPNet-Base-v2,768,6,5,0.20936442941071748,0.2896551724137931,0.16392528575411208,0.16392528575411208,0.999500125315325,62,3521
All-MPNet-Base-v2,768,6,6,0.002737561451386722,0.0013713996757927953,0.7167549484248675,0.7167549484248675,0.3510101316486886,2,883
All-MPNet-Base-v2,768,6,7,0.11049570756023262,0.10976616231086657,0.11123501533314747,0.11123501533314747,0.9988782285162214,35,3726
All-MPNet-Base-v2,768,6,8,0.008051795173631547,0.004112727207133537,0.1906885977139671,0.1906885977139671,0.9425840886629323,9,3169
All-MPNet-Base-v2,768,6,9,0.0054063384051886805,0.0027318365392006716,0.25759687761360467,0.25759687761360467,0.8830702289266595,3,2814
All-MPNet-Base-v2,768,6,10,0.005477593376634798,0.002770003907230282,0.24310008363534988,0.24310008363534988,0.89117533988532,2,2892
All-MPNet-Base-v2,768,6,11,0.0057738160170798985,0.002927823809015801,0.20657931419013104,0.20657931419013104,0.9125226234893263,3,3045
All-MPNet-Base-v2,768,7,2,0.28596300326441787,0.23451722291629484,0.3663228324505158,0.3663228324505158,0.9985132021341391,131,2511
All-MPNet-Base-v2,768,7,3,0.0028354013562200903,0.0014203551879765186,0.758572623362141,0.758572623362141,0.33685244649139623,3,783
All-MPNet-Base-v2,768,7,4,0.0027808982144119656,0.0013930660465467702,0.7401728463897407,0.7401728463897407,0.34024410662652876,2,835
All-MPNet-Base-v2,768,7,5,0.004091701300442419,0.00205573659628755,0.4254251463618623,0.4254251463618623,0.7432034202244028,5,2076
All-MPNet-Base-v2,768,7,6,0.09984956750658142,0.07532983401900979,0.14803456927794814,0.14803456927794814,0.9977405109606711,37,3592
All-MPNet-Base-v2,768,7,7,0.10098427713153521,0.09324834749763929,0.11011987733482019,0.11011987733482019,0.9986685030070478,29,3736
All-MPNet-Base-v2,768,7,8,0.004962154069180223,0.0025024089281348427,0.2910510175634235,0.2910510175634235,0.855738661909653,2,2640
All-MPNet-Base-v2,768,7,9,0.005400534787518504,0.002728904210436063,0.25731809311402287,0.25731809311402287,0.8830709222341279,2,2820
All-MPNet-Base-v2,768,7,10,0.005477593376634798,0.002770003907230282,0.24310008363534988,0.24310008363534988,0.89117533988532,2,2892
All-MPNet-Base-v2,768,7,11,0.0057738160170798985,0.002927823809015801,0.20657931419013104,0.20657931419013104,0.9125226234893263,3,3045
All-MPNet-Base-v2,768,8,2,0.267845589821005,0.21839282574292246,0.34625034848062447,0.34625034848062447,0.9984591241516083,111,2614
All-MPNet-Base-v2,768,8,3,0.002790479481249259,0.0013977688254092743,0.7711179258433231,0.7711179258433231,0.31497686259651275,2,733
All-MPNet-Base-v2,768,8,4,0.0027808982144119656,0.0013930660465467702,0.7401728463897407,0.7401728463897407,0.34024410662652876,2,835
All-MPNet-Base-v2,768,8,5,0.003996535666319396,0.0020073054823900554,0.4438249233342626,0.4438249233342626,0.7256197562122949,3,2014
All-MPNet-Base-v2,768,8,6,0.08570748353305294,0.059906811626359,0.15054362977418456,0.15054362977418456,0.9970624562566319,31,3568
All-MPNet-Base-v2,768,8,7,0.09483083888819016,0.08638863428047663,0.10510175634234736,0.10510175634234736,0.9986178915618588,23,3751
All-MPNet-Base-v2,768,8,8,0.004962154069180223,0.0025024089281348427,0.2910510175634235,0.2910510175634235,0.855738661909653,2,2640
All-MPNet-Base-v2,768,8,9,0.005400534787518504,0.002728904210436063,0.25731809311402287,0.25731809311402287,0.8830709222341279,2,2820
All-MPNet-Base-v2,768,8,10,0.005477593376634798,0.002770003907230282,0.24310008363534988,0.24310008363534988,0.89117533988532,2,2892
All-MPNet-Base-v2,768,8,11,0.005766069021404583,0.002923895735458558,0.2063005296905492,0.2063005296905492,0.9125229701430605,2,3052
All-MPNet-Base-v2,768,9,2,0.2539779061518192,0.19952229299363058,0.3493169779760245,0.3493169779760245,0.9982573716783206,89,2678
All-MPNet-Base-v2,768,9,3,0.002790479481249259,0.0013977688254092743,0.7711179258433231,0.7711179258433231,0.31497686259651275,2,733
All-MPNet-Base-v2,768,9,4,0.19106664787938565,0.19316239316239317,0.18901589071647618,0.18901589071647618,0.9990182766248267,46,3386
All-MPNet-Base-v2,768,9,5,0.07028942705256941,0.04459267031402234,0.16587677725118483,0.16587677725118483,0.9955808581967835,29,3477
All-MPNet-Base-v2,768,9,6,0.0792268988099992,0.05551824490709648,0.13827711179258434,0.13827711179258434,0.9970749357910621,21,3629
All-MPNet-Base-v2,768,9,7,0.007481782523618526,0.003801255088958366,0.23557290214664064,0.23557290214664064,0.9232335305677529,5,3017
All-MPNet-Base-v2,768,9,8,0.004962154069180223,0.0025024089281348427,0.2910510175634235,0.2910510175634235,0.855738661909653,2,2640
All-MPNet-Base-v2,768,9,9,0.005400534787518504,0.002728904210436063,0.25731809311402287,0.25731809311402287,0.8830709222341279,2,2820
All-MPNet-Base-v2,768,9,10,0.005477593376634798,0.002770003907230282,0.24310008363534988,0.24310008363534988,0.89117533988532,2,2892
All-MPNet-Base-v2,768,9,11,0.005766069021404583,0.002923895735458558,0.2063005296905492,0.2063005296905492,0.9125229701430605,2,3052
All-MPNet-Base-v2,768,10,2,0.00265586871015154,0.0013300293714819536,0.8430443267354335,0.8430443267354335,0.21288456465317468,2,492
All-MPNet-Base-v2,768,10,3,0.002790479481249259,0.0013977688254092743,0.7711179258433231,0.7711179258433231,0.31497686259651275,2,733
All-MPNet-Base-v2,768,10,4,0.17153052121829998,0.157981220657277,0.18762196821856705,0.18762196821856705,0.9987565530555274,39,3382
All-MPNet-Base-v2,768,10,5,0.06919431279620854,0.043932897013465734,0.16281014775578478,0.16281014775578478,0.9955943776924162,26,3504
All-MPNet-Base-v2,768,10,6,0.007625504810060085,0.003869720788606609,0.2589908001115138,0.2589908001115138,0.9171012260102617,6,2943
All-MPNet-Base-v2,768,10,7,0.007481782523618526,0.003801255088958366,0.23557290214664064,0.23557290214664064,0.9232335305677529,5,3017
All-MPNet-Base-v2,768,10,8,0.004962154069180223,0.0025024089281348427,0.2910510175634235,0.2910510175634235,0.855738661909653,2,2640
All-MPNet-Base-v2,768,10,9,0.005400534787518504,0.002728904210436063,0.25731809311402287,0.25731809311402287,0.8830709222341279,2,2820
All-MPNet-Base-v2,768,10,10,0.005477593376634798,0.002770003907230282,0.24310008363534988,0.24310008363534988,0.89117533988532,2,2892
All-MPNet-Base-v2,768,10,11,0.005766069021404583,0.002923895735458558,0.2063005296905492,0.2063005296905492,0.9125229701430605,2,3052
All-MPNet-Base-v2,768,11,2,0.00265586871015154,0.0013300293714819536,0.8430443267354335,0.8430443267354335,0.21288456465317468,2,492
All-MPNet-Base-v2,768,11,3,0.002790479481249259,0.0013977688254092743,0.7711179258433231,0.7711179258433231,0.31497686259651275,2,733
All-MPNet-Base-v2,768,11,4,0.003715461399543586,0.0018643922081401463,0.5199330917201004,0.5199330917201004,0.6538797659255325,2,1716
All-MPNet-Base-v2,768,11,5,0.06783278980136377,0.043078776924235576,0.1594647337608029,0.1594647337608029,0.9955954176536187,25,3514
All-MPNet-Base-v2,768,11,6,0.007625504810060085,0.003869720788606609,0.2589908001115138,0.2589908001115138,0.9171012260102617,6,2943
All-MPNet-Base-v2,768,11,7,0.007270054636098788,0.003693689235212871,0.22888207415667688,0.22888207415667688,0.9232335305677529,4,3027
All-MPNet-Base-v2,768,11,8,0.004962154069180223,0.0025024089281348427,0.2910510175634235,0.2910510175634235,0.855738661909653,2,2640
All-MPNet-Base-v2,768,11,9,0.005400534787518504,0.002728904210436063,0.25731809311402287,0.25731809311402287,0.8830709222341279,2,2820
All-MPNet-Base-v2,768,11,10,0.005477593376634798,0.002770003907230282,0.24310008363534988,0.24310008363534988,0.89117533988532,2,2892
All-MPNet-Base-v2,768,11,11,0.005766069021404583,0.002923895735458558,0.2063005296905492,0.2063005296905492,0.9125229701430605,2,3052
All-MPNet-Base-v2,2,2,2,0.07580738735254303,0.12373737373737374,0.05464176191803736,0.05464176191803736,0.9995188446169702,1408,281
All-MPNet-Base-v2,2,2,3,0.09878012496280869,0.10590111642743222,0.09255645386116532,0.09255645386116532,0.9990283295831177,810,439
All-MPNet-Base-v2,2,2,4,0.10719023613690634,0.10225259427992914,0.1126289378310566,0.1126289378310566,0.9987704192048942,596,727
All-MPNet-Base-v2,2,2,5,0.11262529564140106,0.0944822373393802,0.13939224979091164,0.13939224979091164,0.9983388353058509,467,906
All-MPNet-Base-v2,2,2,6,0.128660980372007,0.10188802083333333,0.17451909673822136,0.17451909673822136,0.9980871646948425,382,1048
All-MPNet-Base-v2,2,2,7,0.1323485377782214,0.10307835820895522,0.1848341232227488,0.1848341232227488,0.9980001546075654,346,1181
All-MPNet-Base-v2,2,2,8,0.12329001367989056,0.08891355284252066,0.20100362419849457,0.20100362419849457,0.997438922211942,289,1226
All-MPNet-Base-v2,2,2,9,0.11553309468660068,0.07720450281425892,0.22943964315584053,0.22943964315584053,0.9965899672169564,254,1212
All-MPNet-Base-v2,2,2,10,0.11865271752998213,0.07692943998676482,0.2592695846110956,0.2592695846110956,0.9961316909803818,226,1208
All-MPNet-Base-v2,2,2,11,0.10287843867993919,0.06241818398191122,0.2924449400613326,0.2924449400613326,0.9945377771106619,199,1246
All-MPNet-Base-v2,2,3,2,0.09353589514447423,0.10041573393028462,0.0875383328686925,0.0875383328686925,0.999024863045776,831,293
All-MPNet-Base-v2,2,3,3,0.10145541896283736,0.10286532951289398,0.10008363534987455,0.10008363534987455,0.9989146271583095,745,410
All-MPNet-Base-v2,2,3,4,0.10924064430180452,0.09657387580299785,0.1257318093114023,0.1257318093114023,0.998537467895531,509,677
All-MPNet-Base-v2,2,3,5,0.12758837063375864,0.10209205020920502,0.1700585447449122,0.1700585447449122,0.9981402027161707,379,861
All-MPNet-Base-v2,2,3,6,0.13327964566136502,0.10430124468252717,0.18455533872316698,0.18455533872316698,0.9980292735212358,320,1048
All-MPNet-Base-v2,2,3,7,0.13031987605941858,0.09680476577308421,0.19933091720100363,0.19933091720100363,0.9976874729393429,275,1158
All-MPNet-Base-v2,2,3,8,0.12879499217527388,0.08952463831175894,0.22943964315584053,0.22943964315584053,0.9970985082449857,234,1177
All-MPNet-Base-v2,2,3,9,0.11556299922700335,0.07514450867052024,0.25006969612489544,0.25006969612489544,0.9961729427747482,196,1173
All-MPNet-Base-v2,2,3,10,0.11793814432989691,0.0747684493576337,0.27906328408140507,0.27906328408140507,0.9957060001948194,177,1180
All-MPNet-Base-v2,2,3,11,0.11482987135935847,0.07174669450243563,0.28742681906885975,0.28742681906885975,0.9953759858398883,152,1286
All-MPNet-Base-v2,2,4,2,0.11306990881458967,0.10025873221216042,0.1296347923055478,0.1296347923055478,0.9985534139673029,594,293
All-MPNet-Base-v2,2,4,3,0.11686182669789227,0.10074702200686453,0.1391134652913298,0.1391134652913298,0.9984560042680007,547,382
All-MPNet-Base-v2,2,4,4,0.11335565046750548,0.09672970843183609,0.13688318929467522,0.13688318929467522,0.9984105926288244,468,680
All-MPNet-Base-v2,2,4,5,0.12807978099335157,0.0986297244390905,0.18260384722609424,0.18260384722609424,0.9979249307472503,351,812
All-MPNet-Base-v2,2,4,6,0.12880797731223126,0.09586056644880174,0.19626428770560356,0.19626428770560356,0.9976982192051022,295,976
All-MPNet-Base-v2,2,4,7,0.12492779932337651,0.08872480075011721,0.2110398661834402,0.2110398661834402,0.9973047672168177,254,1076
All-MPNet-Base-v2,2,4,8,0.1242467718794835,0.08364725200424998,0.24142737663785893,0.24142737663785893,0.9967112960239163,217,1102
All-MPNet-Base-v2,2,4,9,0.10175987090918259,0.06211524255109579,0.28129356007805967,0.28129356007805967,0.9947187303598993,180,1074
All-MPNet-Base-v2,2,4,10,0.11618022102578635,0.07291222079954475,0.2857541120713688,0.2857541120713688,0.9954820618825447,163,1158
All-MPNet-Base-v2,2,4,11,0.11840909090909091,0.07435952329979305,0.29049344856425985,0.29049344856425985,0.9955035544140634,151,1263
All-MPNet-Base-v2,2,5,2,0.12166356300434512,0.09672643526895872,0.16392528575411208,0.16392528575411208,0.9980965243456651,463,345
All-MPNet-Base-v2,2,5,3,0.12461735953391923,0.09648318042813456,0.17591301923613048,0.17591301923613048,0.9979516230847815,423,419
All-MPNet-Base-v2,2,5,4,0.1242318237685544,0.09399141630901288,0.1831614162252579,0.1831614162252579,0.9978046419014928,386,546
All-MPNet-Base-v2,2,5,5,0.12688989889620628,0.0950792326939116,0.1906885977139671,0.1906885977139671,0.9977432841905445,328,792
All-MPNet-Base-v2,2,5,6,0.12632989863449778,0.0902994011976048,0.21020351268469473,0.21020351268469473,0.9973668182352343,281,911
All-MPNet-Base-v2,2,5,7,0.12412746585735963,0.0852705097466903,0.2280457206579314,0.2280457206579314,0.9969581134826463,240,1021
All-MPNet-Base-v2,2,5,8,0.12339865660272835,0.08208955223880597,0.24839698912740452,0.24839698912740452,0.9965462888464508,207,1094
All-MPNet-Base-v2,2,5,9,0.10031347962382445,0.060648472125029156,0.2899358795650962,0.2899358795650962,0.9944161016499677,167,1042
All-MPNet-Base-v2,2,5,10,0.11694470791720137,0.07310267857142858,0.29216615556175074,0.29216615556175074,0.995393665180331,156,1132
All-MPNet-Base-v2,2,5,11,0.1182074042000433,0.07334273624823695,0.30443267354335096,0.30443267354335096,0.9952172184296378,142,1227
All-MPNet-Base-v2,2,6,2,0.1359885181198421,0.10025128951196932,0.21131865068302202,0.21131865068302202,0.9976417146464323,367,340
All-MPNet-Base-v2,2,6,3,0.13633241758241757,0.09849894554025555,0.22135489266796765,0.22135489266796765,0.9974808673137767,347,366
All-MPNet-Base-v2,2,6,4,0.13631040674525724,0.09466493168510084,0.2433788681349317,0.2433788681349317,0.9971057879734033,309,504
All-MPNet-Base-v2,2,6,5,0.12560806115357886,0.09123028391167193,0.20156119319765822,0.20156119319765822,0.9975033998064979,292,808
All-MPNet-Base-v2,2,6,6,0.12827330593828057,0.09020852221214869,0.2219124616671313,0.2219124616671313,0.9972170638220723,266,890
All-MPNet-Base-v2,2,6,7,0.1221046399763191,0.08311505138021358,0.22999721215500418,0.22999721215500418,0.9968451043653065,226,1030
All-MPNet-Base-v2,2,6,8,0.12433040142847696,0.08149817929599446,0.26205742960691386,0.26205742960691386,0.9963275503401886,198,1058
All-MPNet-Base-v2,2,6,9,0.09945725286449877,0.059654980523094044,0.29885698355171453,0.29885698355171453,0.9941422451999724,160,1004
All-MPNet-Base-v2,2,6,10,0.11376128283999798,0.06944102437823196,0.31446891552829664,0.31446891552829664,0.9947599821542658,143,1051
All-MPNet-Base-v2,2,6,11,0.11478963444674352,0.0697145592723356,0.32478394201282407,0.32478394201282407,0.9946109210485721,132,1149
All-MPNet-Base-v2,2,7,2,0.1343810134701732,0.09431626336522228,0.23362141064956787,0.23362141064956787,0.9972104774011231,305,425
All-MPNet-Base-v2,2,7,3,0.14031559405940594,0.09709881169039718,0.2528575411207137,0.2528575411207137,0.9970763224059987,294,423
All-MPNet-Base-v2,2,7,4,0.1343727852586818,0.0900883778390193,0.26428770560356846,0.26428770560356846,0.9966807904953092,267,539
All-MPNet-Base-v2,2,7,5,0.12758462245366825,0.08795269770879527,0.23222748815165878,0.23222748815165878,0.9970056050442279,253,759
All-MPNet-Base-v2,2,7,6,0.12655719139297847,0.08481168769566455,0.24923334262615,0.24923334262615,0.9966558314264489,234,826
All-MPNet-Base-v2,2,7,7,0.10558019823667926,0.06569442551451547,0.2687482575968776,0.2687482575968776,0.9952473773045107,200,961
All-MPNet-Base-v2,2,7,8,0.12337860057243773,0.07893096462521428,0.28240869807638697,0.28240869807638697,0.9959022062083603,183,1017
All-MPNet-Base-v2,2,7,9,0.10182790136230385,0.06022744658065174,0.32924449400613326,0.32924449400613326,0.9936118649866902,148,909
All-MPNet-Base-v2,2,7,10,0.11237736596967594,0.06833383549261826,0.3161416225257876,0.3161416225257876,0.9946403866159766,142,1033
All-MPNet-Base-v2,2,7,11,0.11075742379976453,0.06564664530135428,0.3540563144689155,0.3540563144689155,0.9937338871011185,123,1080
All-MPNet-Base-v2,2,8,2,0.13635413035901012,0.09090909090909091,0.27265124059102314,0.27265124059102314,0.9966097264798042,260,406
All-MPNet-Base-v2,2,8,3,0.13374418147249723,0.08743356763243613,0.2843601895734597,0.2843601895734597,0.9963095243460117,251,395
All-MPNet-Base-v2,2,8,4,0.12770223698226707,0.08236340122858067,0.2840814050738779,0.2840814050738779,0.9960644401559526,239,506
All-MPNet-Base-v2,2,8,5,0.12578704351476144,0.08396376202484356,0.2506272651240591,0.2506272651240591,0.9966000201752473,227,750
All-MPNet-Base-v2,2,8,6,0.12236180904522613,0.07897510743533609,0.27153610259269584,0.27153610259269584,0.9960623602335476,200,821
All-MPNet-Base-v2,2,8,7,0.10670716770368918,0.06472895863052781,0.3035963200446055,0.3035963200446055,0.9945454034928137,176,883
All-MPNet-Base-v2,2,8,8,0.12098214285714286,0.07562966580618154,0.3022023975466964,0.3022023975466964,0.9954071846759637,166,958
All-MPNet-Base-v2,2,8,9,0.10183090777175537,0.060118927635557345,0.33258990800111515,0.33258990800111515,0.99353456120397,146,900
All-MPNet-Base-v2,2,8,10,0.11095593546833614,0.067062521830248,0.3211597435182604,0.3211597435182604,0.9944445272561698,135,1019
All-MPNet-Base-v2,2,8,11,0.11014948859166011,0.06531543206676689,0.3512684694730973,0.3512684694730973,0.9937494865191563,120,1088
All-MPNet-Base-v2,2,9,2,0.13293650793650794,0.08547962682401722,0.29885698355171453,0.29885698355171453,0.9960242283227887,229,424
All-MPNet-Base-v2,2,9,3,0.13348303393213573,0.08597830453997589,0.2982994145525509,0.2982994145525509,0.9960568137738008,227,452
All-MPNet-Base-v2,2,9,4,0.12449483021046555,0.07668433984223458,0.33063841650404235,0.33063841650404235,0.995049784676033,200,469
All-MPNet-Base-v2,2,9,5,0.11918084153983885,0.07455372768638432,0.2969054920546418,0.2969054920546418,0.9954172376342546,185,705
All-MPNet-Base-v2,2,9,6,0.12387325111983631,0.0772626931567329,0.31223863953164205,0.31223863953164205,0.995363159651724,171,790
All-MPNet-Base-v2,2,9,7,0.10720134554950649,0.06371672103546248,0.33760802899358794,0.33760802899358794,0.9938312968004207,153,826
All-MPNet-Base-v2,2,9,8,0.10371009490940467,0.061348440769662636,0.33509896849735155,0.33509896849735155,0.9936246911748545,152,865
All-MPNet-Base-v2,2,9,9,0.10002912661756751,0.05878900518438814,0.33509896849735155,0.33509896849735155,0.9933289955396064,140,907
All-MPNet-Base-v2,2,9,10,0.11136023916292975,0.06688738005723585,0.3323111235015333,0.3323111235015333,0.9942354950544645,130,1005
All-MPNet-Base-v2,2,9,11,0.10646146523342985,0.062060673325934144,0.3741287984388068,0.3741287984388068,0.9929691689635365,113,1052
All-MPNet-Base-v2,2,10,2,0.12713195691202872,0.07958137248015734,0.31586283802620574,0.31586283802620574,0.9954574494674185,203,437
All-MPNet-Base-v2,2,10,3,0.12732583297273908,0.07898798738339709,0.32812935600780596,0.32812935600780596,0.9952425241522322,198,420
All-MPNet-Base-v2,2,10,4,0.11516802906448682,0.06878967069928932,0.3534987454697519,0.3534987454697519,0.9940496886529486,171,494
All-MPNet-Base-v2,2,10,5,0.11597843722196054,0.07139175257731958,0.30889322553666015,0.30889322553666015,0.9950040263831224,169,733
All-MPNet-Base-v2,2,10,6,0.11959710541756308,0.07251704713904536,0.34095344298856983,0.34095344298856983,0.9945776422900916,151,749
All-MPNet-Base-v2,2,10,7,0.10664657625983592,0.06274316670770747,0.3551714524672428,0.3551714524672428,0.9934028327849849,143,788
All-MPNet-Base-v2,2,10,8,0.09803190696287462,0.05658104212383288,0.3666016169500976,0.3666016169500976,0.9923992702245589,130,798
All-MPNet-Base-v2,2,10,9,0.10159709044908286,0.05919204016767239,0.3582380819626429,0.3582380819626429,0.9929199441332842,130,865
All-MPNet-Base-v2,2,10,10,0.1085613034271144,0.06423895253682488,0.35015333147477,0.35015333147477,0.9936576232796008,122,972
All-MPNet-Base-v2,2,10,11,0.10597663271420012,0.06121036466669551,0.3944800669082799,0.3944800669082799,0.9924769206610132,107,988
All-MPNet-Base-v2,2,11,2,0.12288263004911296,0.07490682470825441,0.3417897964873153,0.3417897964873153,0.9947513158109115,181,410
All-MPNet-Base-v2,2,11,3,0.12225767850019945,0.07444289270751109,0.3417897964873153,0.3417897964873153,0.994715957130026,179,424
All-MPNet-Base-v2,2,11,4,0.11157957497551212,0.06584899969840152,0.3652076944521885,0.3652076944521885,0.9935577870041595,158,483
All-MPNet-Base-v2,2,11,5,0.11302352266207688,0.06820936003231577,0.32952327850571506,0.32952327850571506,0.9944025821543351,154,693
All-MPNet-Base-v2,2,11,6,0.11485396882279161,0.06842077173506965,0.3574017284638974,0.3574017284638974,0.993949159070039,138,694
All-MPNet-Base-v2,2,11,7,0.10504611231911225,0.06068350153766189,0.39057708391413437,0.39057708391413437,0.9924824671207599,127,689
All-MPNet-Base-v2,2,11,8,0.0999159448890838,0.057494952893674296,0.3810984109283524,0.3810984109283524,0.992231836470954,123,793
All-MPNet-Base-v2,2,11,9,0.10194752813736412,0.059119664973714695,0.36994703094507947,0.36994703094507947,0.9926790197880351,121,861
All-MPNet-Base-v2,2,11,10,0.10684076537735074,0.062647469543025,0.36269863395595203,0.36269863395595203,0.9932520384106204,117,922
All-MPNet-Base-v2,2,11,11,0.0996994157181938,0.05672123587733456,0.4114859213827711,0.4114859213827711,0.9914910374410298,99,921
All-MPNet-Base-v2,5,2,2,0.4160077456833952,0.49386973180076627,0.3593532199609702,0.3593532199609702,0.9995420704171596,1102,778
All-MPNet-Base-v2,5,2,3,0.458284917499419,0.39290695357640965,0.5497630331753555,0.5497630331753555,0.9989437460719799,582,874
All-MPNet-Base-v2,5,2,4,0.435475416710347,0.3489583333333333,0.5790354056314468,0.5790354056314468,0.9986567167800859,435,1011
All-MPNet-Base-v2,5,2,5,0.402683313146371,0.30240694094598375,0.6024533035963201,0.6024533035963201,0.9982719311351558,342,1098
All-MPNet-Base-v2,5,2,6,0.36646288209606986,0.26681928017296197,0.5848898801226652,0.5848898801226652,0.9980015412225022,295,1164
All-MPNet-Base-v2,5,2,7,0.3361371724361048,0.23675515552010937,0.5793141901310287,0.5793141901310287,0.997677766634786,262,1234
All-MPNet-Base-v2,5,2,8,0.3299373040752351,0.22947781532759184,0.5868413716197379,0.5868413716197379,0.9975498514068768,238,1282
All-MPNet-Base-v2,5,2,9,0.2811376266753841,0.18363512128459172,0.59938667410092,0.59938667410092,0.9966866836087902,218,1314
All-MPNet-Base-v2,5,2,10,0.24311534294999715,0.15280963302752293,0.5943685531084472,0.5943685531084472,0.9959025528620945,191,1349
All-MPNet-Base-v2,5,2,11,0.21287545153149587,0.12940681025147396,0.5996654586005018,0.5996654586005018,0.9949835738128063,153,1338
All-MPNet-Base-v2,5,3,2,0.4645659785102016,0.4097103918228279,0.5363813771954279,0.5363813771954279,0.999039075848877,625,751
All-MPNet-Base-v2,5,3,3,0.4484285081894644,0.37181134153055606,0.5648173961527739,0.5648173961527739,0.9988134042679314,530,851
All-MPNet-Base-v2,5,3,4,0.4255197949302193,0.3226317304923697,0.624756063562866,0.624756063562866,0.9983689941807238,384,938
All-MPNet-Base-v2,5,3,5,0.3931855056787453,0.29052883974956706,0.6080289935879565,0.6080289935879565,0.9981537222118033,305,1076
All-MPNet-Base-v2,5,3,6,0.35450252401888943,0.2503737780333525,0.6069138555896292,0.6069138555896292,0.9977405109606711,257,1125
All-MPNet-Base-v2,5,3,7,0.32705066344993966,0.22413971272088457,0.6046835795929746,0.6046835795929746,0.9973973237638415,225,1173
All-MPNet-Base-v2,5,3,8,0.31371407784648964,0.21224650521756253,0.601059381098411,0.601059381098411,0.9972260768191608,203,1254
All-MPNet-Base-v2,5,3,9,0.27513490045276934,0.1769304403318443,0.618344020072484,0.618344020072484,0.99642322677082,185,1286
All-MPNet-Base-v2,5,3,10,0.2456843746519657,0.15350358360587293,0.6149986060775021,0.6149986060775021,0.9957829573238054,158,1339
All-MPNet-Base-v2,5,3,11,0.21091402539497917,0.12764709333020474,0.6066350710900474,0.6066350710900474,0.9948449123191377,136,1311
All-MPNet-Base-v2,5,4,2,0.4445340863251311,0.3482382682888292,0.6144410370783384,0.6144410370783384,0.9985700533465431,445,751
All-MPNet-Base-v2,5,4,3,0.4151752423564504,0.3118610838818093,0.6208530805687204,0.6208530805687204,0.998296543550282,399,801
All-MPNet-Base-v2,5,4,4,0.42130616025937934,0.3154827968923418,0.6339559520490661,0.6339559520490661,0.9982896104755985,363,923
All-MPNet-Base-v2,5,4,5,0.37498959287319955,0.26733143399810066,0.627822693058266,0.627822693058266,0.9978604531526943,290,1004
All-MPNet-Base-v2,5,4,6,0.3523939369636699,0.24735419950461607,0.6124895455812657,0.6124895455812657,0.9976826197870645,246,1105
All-MPNet-Base-v2,5,4,7,0.3185956733920897,0.21563794123447053,0.6097017005854475,0.6097017005854475,0.9972423695446668,213,1149
All-MPNet-Base-v2,5,4,8,0.31476303147630313,0.21187258687258687,0.6119319765821021,0.6119319765821021,0.9971695722604909,195,1238
All-MPNet-Base-v2,5,4,9,0.27267164361767227,0.1746765974127793,0.6211318650683022,0.6211318650683022,0.9963507761403781,175,1286
All-MPNet-Base-v2,5,4,10,0.2400259838683484,0.14893188230552196,0.6180652355729022,0.6180652355729022,0.995608243841783,152,1308
All-MPNet-Base-v2,5,4,11,0.21083753392787902,0.12760340275740686,0.6063562865904656,0.6063562865904656,0.9948452589728719,134,1317
All-MPNet-Base-v2,5,5,2,0.39780018331805683,0.28369384359401,0.665458600501812,0.665458600501812,0.9979107179441492,353,676
All-MPNet-Base-v2,5,5,3,0.39821217743295667,0.28545520493289805,0.6582102035126847,0.6582102035126847,0.9979512764310473,331,791
All-MPNet-Base-v2,5,5,4,0.3893571310527186,0.27668819729888433,0.6568162810147756,0.6568162810147756,0.9978649596512386,297,891
All-MPNet-Base-v2,5,5,5,0.36260938743038984,0.2537014360458644,0.6353498745469752,0.6353498745469752,0.9976760333661152,275,975
All-MPNet-Base-v2,5,5,6,0.3521278230142879,0.24302831088961935,0.6389740730415389,0.6389740730415389,0.9975252389917507,234,1048
All-MPNet-Base-v2,5,5,7,0.31434689507494645,0.2112635517605296,0.6138834680791748,0.6138834680791748,0.9971501596513773,208,1136
All-MPNet-Base-v2,5,5,8,0.3139567537208649,0.2098151449751337,0.6233621410649568,0.6233621410649568,0.997080828904543,188,1220
All-MPNet-Base-v2,5,5,9,0.26894894894894894,0.17140013779376867,0.6241984945637022,0.6241984945637022,0.9962478199813293,169,1271
All-MPNet-Base-v2,5,5,10,0.19405586972235214,0.114489263495886,0.6361862280457207,0.6361862280457207,0.9938815615918756,141,1204
All-MPNet-Base-v2,5,5,11,0.2099400171379606,0.12658591193524313,0.6147198215779203,0.6147198215779203,0.994726010088317,132,1287
All-MPNet-Base-v2,5,6,2,0.374284187218447,0.2577287066246057,0.6833008084750488,0.6833008084750488,0.9975529712904844,299,677
All-MPNet-Base-v2,5,6,3,0.3743613562470971,0.2591362126245847,0.6741009199888486,0.6741009199888486,0.9976035827356734,276,812
All-MPNet-Base-v2,5,6,4,0.36574038827559957,0.25157100963552576,0.6696403679955395,0.6696403679955395,0.9975228124156115,258,889
All-MPNet-Base-v2,5,6,5,0.3424549306902248,0.2306501547987616,0.6646222470030666,0.6646222470030666,0.9972434095058693,244,908
All-MPNet-Base-v2,5,6,6,0.3334301059660328,0.2253949563340202,0.640367995539448,0.640367995539448,0.9972635154224513,226,1034
All-MPNet-Base-v2,5,6,7,0.31219717716452494,0.20865402665665478,0.619737942570393,0.619737942570393,0.9970773623672012,200,1134
All-MPNet-Base-v2,5,6,8,0.3133763320246775,0.20932846305141894,0.623083356565375,0.623083356565375,0.9970735491761255,185,1224
All-MPNet-Base-v2,5,6,9,0.24535513324132074,0.15153104714444954,0.6442709785335935,0.6442709785335935,0.9955143006798226,160,1180
All-MPNet-Base-v2,5,6,10,0.18534153499778877,0.10828713708540826,0.6425982715361026,0.6425982715361026,0.9934201654716934,133,1156
All-MPNet-Base-v2,5,6,11,0.20587004046699847,0.12354845913354176,0.6169500975745749,0.6169500975745749,0.9945578830272439,128,1267
All-MPNet-Base-v2,5,7,2,0.3449515905947441,0.22937551733652167,0.6952885419570672,0.6952885419570672,0.9970953883613782,257,698
All-MPNet-Base-v2,5,7,3,0.3334226748860895,0.2194584105142454,0.6936158349595762,0.6936158349595762,0.9969324611063176,239,758
All-MPNet-Base-v2,5,7,4,0.3320056706946601,0.21904507393550685,0.6855310844717034,0.6855310844717034,0.9969608867125197,226,821
All-MPNet-Base-v2,5,7,5,0.3198917456021651,0.21120343071562583,0.6590465570114301,0.6590465570114301,0.9969393941810011,217,932
All-MPNet-Base-v2,5,7,6,0.3183237355165476,0.21189728431553667,0.6395316420407026,0.6395316420407026,0.99704235034005,209,1046
All-MPNet-Base-v2,5,7,7,0.30312096280682665,0.2004496402877698,0.621410649567884,0.621410649567884,0.9969179016494825,196,1129
All-MPNet-Base-v2,5,7,8,0.30721130972609256,0.20312780873629338,0.6300529690549206,0.6300529690549206,0.9969265679928367,177,1218
All-MPNet-Base-v2,5,7,9,0.24164845457383702,0.14855095643272984,0.6473376080289935,0.6473376080289935,0.9953863854519134,155,1166
All-MPNet-Base-v2,5,7,10,0.18531327917638543,0.10827576483857324,0.6423194870365208,0.6423194870365208,0.9934222453940985,132,1162
All-MPNet-Base-v2,5,7,11,0.20566055302113398,0.12344230231908354,0.6158349595762476,0.6158349595762476,0.9945623895257881,126,1279
All-MPNet-Base-v2,5,8,2,0.3144482929242949,0.20205071139019157,0.7086701979369947,0.7086701979369947,0.9965199431626538,225,667
All-MPNet-Base-v2,5,8,3,0.3146792406005708,0.20237810230628042,0.7069974909395038,0.7069974909395038,0.9965351959269573,216,727
All-MPNet-Base-v2,5,8,4,0.32000515098834587,0.20805425318151374,0.6927794814608308,0.6927794814608308,0.9967210023284732,208,817
All-MPNet-Base-v2,5,8,5,0.30718954248366015,0.19943422913719944,0.6682464454976303,0.6682464454976303,0.9966644977698031,197,935
All-MPNet-Base-v2,5,8,6,0.3059007221390931,0.19950780719619823,0.6554223585168665,0.6554223585168665,0.9967300153255616,187,1061
All-MPNet-Base-v2,5,8,7,0.2978201986327873,0.19372430573034652,0.6437134095344299,0.6437134095344299,0.9966686576146132,182,1093
All-MPNet-Base-v2,5,8,8,0.2976882345344182,0.19371375745860997,0.6425982715361026,0.6425982715361026,0.99667420407436,172,1163
All-MPNet-Base-v2,5,8,9,0.24059451927542963,0.14762507916402787,0.64984666852523,0.64984666852523,0.9953343873917877,150,1171
All-MPNet-Base-v2,5,8,10,0.1820901397362724,0.10601338344486204,0.6448285475327572,0.6448285475327572,0.9932385189149877,128,1140
All-MPNet-Base-v2,5,8,11,0.20766550522648083,0.12459583008139145,0.623083356565375,0.623083356565375,0.9945564964123071,124,1280
All-MPNet-Base-v2,5,9,2,0.30930875576036865,0.1983764186633039,0.7017005854474492,0.7017005854474492,0.9964741848697432,201,777
All-MPNet-Base-v2,5,9,3,0.29738581551837073,0.18908072088444647,0.6961248954558127,0.6961248954558127,0.9962876851607589,192,813
All-MPNet-Base-v2,5,9,4,0.30198915009041594,0.19264785049603939,0.6983551714524673,0.6983551714524673,0.9963608290986691,186,854
All-MPNet-Base-v2,5,9,5,0.2652333563940184,0.16390423572744015,0.6947309729579035,0.6947309729579035,0.9955933377312137,178,878
All-MPNet-Base-v2,5,9,6,0.26237969783321685,0.16253663735678126,0.6802341789796488,0.6802341789796488,0.9956418692539977,167,991
All-MPNet-Base-v2,5,9,7,0.268857356235997,0.16931982633863965,0.6523557290214664,0.6523557290214664,0.9960204151317128,164,1085
All-MPNet-Base-v2,5,9,8,0.2539990305380514,0.15740987983978638,0.6573738500139392,0.6573738500139392,0.9956245365672891,155,1128
All-MPNet-Base-v2,5,9,9,0.2266990291262136,0.13724798683359785,0.6509618065235573,0.6509618065235573,0.9949118164898328,142,1155
All-MPNet-Base-v2,5,9,10,0.18154958597364226,0.10548427900252981,0.6509618065235573,0.6509618065235573,0.993135909409673,126,1126
All-MPNet-Base-v2,5,9,11,0.20251812964363572,0.1204870301746956,0.6345135210482297,0.6345135210482297,0.9942406948604771,118,1240
All-MPNet-Base-v2,5,10,2,0.2864508736751647,0.18027112777617538,0.6969612489545581,0.6969612489545581,0.99605924034994,184,799
All-MPNet-Base-v2,5,10,3,0.2846008367241676,0.17912278170538162,0.6922219124616671,0.6922219124616671,0.9960554271588641,177,864
All-MPNet-Base-v2,5,10,4,0.28419444287250295,0.1782874183470605,0.7000278784499582,0.7000278784499582,0.9959881763344349,168,881
All-MPNet-Base-v2,5,10,5,0.25650995037601676,0.15708020050125313,0.6989127404516309,0.6989127404516309,0.9953364673141928,162,911
All-MPNet-Base-v2,5,10,6,0.23870904260552986,0.14493099946233348,0.6763311959855032,0.6763311959855032,0.9950383451028053,148,1016
All-MPNet-Base-v2,5,10,7,0.2401810409856676,0.14652104552705852,0.6657373850013939,0.6657373850013939,0.9951780465576764,145,1090
All-MPNet-Base-v2,5,10,8,0.2252754982415006,0.13541549216371632,0.6696403679955395,0.6696403679955395,0.994683718332748,138,1088
All-MPNet-Base-v2,5,10,9,0.18763831805248182,0.10931528295805129,0.6618344020072484,0.6618344020072484,0.9932946768199234,131,1099
All-MPNet-Base-v2,5,10,10,0.18154958597364226,0.10548427900252981,0.6509618065235573,0.6509618065235573,0.993135909409673,126,1126
All-MPNet-Base-v2,5,10,11,0.200816971933061,0.1191866527632951,0.637301366044048,0.637301366044048,0.9941436318149091,117,1220
All-MPNet-Base-v2,5,11,2,0.269854176830921,0.16749663526244954,0.6938946194591581,0.6938946194591581,0.9957115466545662,168,832
All-MPNet-Base-v2,5,11,3,0.25663851095038187,0.15675976272862086,0.7072762754390856,0.7072762754390856,0.9952692164897635,153,817
All-MPNet-Base-v2,5,11,4,0.2678981367786023,0.16567617538298995,0.6994703094507946,0.6994703094507946,0.9956200300687449,153,895
All-MPNet-Base-v2,5,11,5,0.24321559074299634,0.1473609635139922,0.6958461109562308,0.6958461109562308,0.9949936267710973,148,923
All-MPNet-Base-v2,5,11,6,0.23163328712776635,0.13978308526595132,0.6754948424867577,0.6754948424867577,0.9948310461697709,137,1025
All-MPNet-Base-v2,5,11,7,0.20951376993016207,0.12434827945776851,0.6649010315026485,0.6649010315026485,0.994177950534592,129,1070
All-MPNet-Base-v2,5,11,8,0.20382706096991812,0.12020818736863177,0.6696403679955395,0.6696403679955395,0.9939058273532675,122,1076
All-MPNet-Base-v2,5,11,9,0.1749391548049266,0.10080319578428457,0.6612768330080847,0.6612768330080847,0.9926651536386683,119,1065
All-MPNet-Base-v2,5,11,10,0.17972403664051328,0.10432558556941578,0.6481739615277391,0.6481739615277391,0.9930804448122056,119,1157
All-MPNet-Base-v2,5,11,11,0.19567585686751027,0.11514374476058978,0.6509618065235573,0.6509618065235573,0.9937796453940292,111,1175
All-MPNet-Base-v2,10,2,2,0.416927383500741,0.5092518101367659,0.35294117647058826,0.35294117647058826,0.999577082444311,1117,789
All-MPNet-Base-v2,10,2,3,0.4421545667447307,0.38118312134060167,0.5263451352104823,0.5263451352104823,0.9989375063047647,592,903
All-MPNet-Base-v2,10,2,4,0.44013490725126475,0.3538383324860193,0.582102035126847,0.582102035126847,0.9986782093116047,440,1033
All-MPNet-Base-v2,10,2,5,0.40103617000863473,0.30573434757167933,0.5826596041260106,0.5826596041260106,0.9983547813776228,347,1105
All-MPNet-Base-v2,10,2,6,0.37934169849063465,0.2814734853596006,0.5815444661276833,0.5815444661276833,0.9981540688655375,295,1197
All-MPNet-Base-v2,10,2,7,0.3487247874645774,0.24872191178219,0.5832171731251743,0.5832171731251743,0.9978094950537711,246,1255
All-MPNet-Base-v2,10,2,8,0.23221056101983625,0.14460717218724337,0.5890716476163925,0.5890716476163925,0.9956671749765922,212,1191
All-MPNet-Base-v2,10,2,9,0.20706900697283,0.1251162250116225,0.6002230275996655,0.6002230275996655,0.9947811280320502,193,1197
All-MPNet-Base-v2,10,2,10,0.19526169796735027,0.116659421864812,0.5985503206021745,0.5985503206021745,0.9943644502435762,168,1254
All-MPNet-Base-v2,10,2,11,0.19188292505567422,0.114628583840139,0.5885140786172289,0.5885140786172289,0.994347810864336,161,1332
All-MPNet-Base-v2,10,3,2,0.4445763114170425,0.3870634428600951,0.522163367716755,0.522163367716755,0.9989718250244477,618,755
All-MPNet-Base-v2,10,3,3,0.4599728629579376,0.3869126878447784,0.5670476721494285,0.5670476721494285,0.9988827350147658,535,868
All-MPNet-Base-v2,10,3,4,0.4194476409666283,0.3196901037859962,0.6097017005854475,0.6097017005854475,0.9983866735211665,379,953
All-MPNet-Base-v2,10,3,5,0.4002201027146001,0.2982096487631543,0.6083077780875383,0.6083077780875383,0.9982199330750301,306,1069
All-MPNet-Base-v2,10,3,6,0.3609937468311644,0.25900327391778827,0.5954836911067745,0.5954836911067745,0.9978815990304788,251,1158
All-MPNet-Base-v2,10,3,7,0.3435930665802689,0.242150930471515,0.5913019236130471,0.5913019236130471,0.9976989125125705,224,1248
All-MPNet-Base-v2,10,3,8,0.23622828784119107,0.14723673357162498,0.5971563981042654,0.5971563981042654,0.9956994137738702,192,1184
All-MPNet-Base-v2,10,3,9,0.20513302622919996,0.12336744501611353,0.6083077780875383,0.6083077780875383,0.9946251338516731,168,1189
All-MPNet-Base-v2,10,3,10,0.1977651649521107,0.11758502504613762,0.6216894340674658,0.6216894340674658,0.9941987497586423,145,1217
All-MPNet-Base-v2,10,3,11,0.18997995991983968,0.11304854780580878,0.594647337608029,0.594647337608029,0.9941987497586423,138,1327
All-MPNet-Base-v2,10,4,2,0.44282663560473695,0.33968726731198806,0.6359074435461388,0.6359074435461388,0.9984629373426842,441,698
All-MPNet-Base-v2,10,4,3,0.4295214011426431,0.3234132581100141,0.6392528575411207,0.6392528575411207,0.99833710203718,406,768
All-MPNet-Base-v2,10,4,4,0.41322465427236926,0.3076923076923077,0.6289378310565933,0.6289378310565933,0.9982403856453462,359,912
All-MPNet-Base-v2,10,4,5,0.39034973531198475,0.2833921370967742,0.6269863395595205,0.6269863395595205,0.9980285802137675,293,1018
All-MPNet-Base-v2,10,4,6,0.35857497928748966,0.25509843215843453,0.6032896570950655,0.6032896570950655,0.9978094950537711,241,1145
All-MPNet-Base-v2,10,4,7,0.3237850502607513,0.22210700953961013,0.5971563981042654,0.5971563981042654,0.9973994036862465,213,1186
All-MPNet-Base-v2,10,4,8,0.23306319190635097,0.14386607376405963,0.6133258990800111,0.6133258990800111,0.9954616093122286,181,1148
All-MPNet-Base-v2,10,4,9,0.20775251238827397,0.1245695879151394,0.6253136325620295,0.6253136325620295,0.9945356971882569,160,1148
All-MPNet-Base-v2,10,4,10,0.19778270509977827,0.11759742656752624,0.6216894340674658,0.6216894340674658,0.9941994430661106,144,1220
All-MPNet-Base-v2,10,4,11,0.18751646036344483,0.1112789789007554,0.5954836911067745,0.5954836911067745,0.9940864339487708,136,1315
All-MPNet-Base-v2,10,5,2,0.41323716588884174,0.2970236643083679,0.6788402564817396,0.6788402564817396,0.9980022345299705,352,662
All-MPNet-Base-v2,10,5,3,0.40023327501457967,0.28540874524714827,0.6696403679955395,0.6696403679955395,0.9979152244426934,334,714
All-MPNet-Base-v2,10,5,4,0.3973086627417998,0.2844754907864627,0.6584889880122665,0.6584889880122665,0.9979405301652879,306,865
All-MPNet-Base-v2,10,5,5,0.3879837067209776,0.2788825179943882,0.637301366044048,0.637301366044048,0.9979509297773131,277,1011
All-MPNet-Base-v2,10,5,6,0.3473193473193473,0.24076268447700097,0.623083356565375,0.623083356565375,0.9975567844815603,233,1086
All-MPNet-Base-v2,10,5,7,0.3145676146256529,0.21261155241737767,0.6044047950933928,0.6044047950933928,0.9972167171683382,204,1163
All-MPNet-Base-v2,10,5,8,0.23268001257729798,0.14327202323330107,0.6189015890716476,0.6189015890716476,0.9953981716788752,178,1134
All-MPNet-Base-v2,10,5,9,0.207468495181616,0.12440962382619325,0.6241984945637022,0.6241984945637022,0.9945374304569278,157,1160
All-MPNet-Base-v2,10,5,10,0.1965262700825011,0.11639150336882169,0.630889322553666,0.630889322553666,0.9940444888469361,140,1189
All-MPNet-Base-v2,10,5,11,0.1874533561613767,0.11124426844518549,0.5952049066071926,0.5952049066071926,0.9940871272562392,135,1319
All-MPNet-Base-v2,10,6,2,0.37601442741208296,0.25738092788807737,0.6975188179537217,0.6975188179537217,0.997497506693017,298,613
All-MPNet-Base-v2,10,6,3,0.3709750566893424,0.25448511873898166,0.6841371619737943,0.6841371619737943,0.9975079063050422,284,699
All-MPNet-Base-v2,10,6,4,0.3752454252729129,0.26120708506450907,0.6660161695009758,0.6660161695009758,0.9976576607182042,262,886
All-MPNet-Base-v2,10,6,5,0.3591989987484355,0.24964662389909753,0.6400892110398662,0.6400892110398662,0.9976077425804835,242,1005
All-MPNet-Base-v2,10,6,6,0.33766233766233766,0.2315418867143005,0.6233621410649568,0.6233621410649568,0.9974274826387144,222,1085
All-MPNet-Base-v2,10,6,7,0.29595078753464477,0.19534178118864895,0.6102592695846111,0.6102592695846111,0.9968742232789769,199,1132
All-MPNet-Base-v2,10,6,8,0.23141350429117982,0.14205014281180578,0.6239197100641204,0.6239197100641204,0.9953142814752057,173,1114
All-MPNet-Base-v2,10,6,9,0.207468495181616,0.12440962382619325,0.6241984945637022,0.6241984945637022,0.9945374304569278,157,1160
All-MPNet-Base-v2,10,6,10,0.19613295676732564,0.11617253448630842,0.629216615556175,0.629216615556175,0.9940476087305437,137,1204
All-MPNet-Base-v2,10,6,11,0.18626725301519573,0.11037151702786378,0.5963200446055199,0.5963200446055199,0.9940233429691516,132,1317
All-MPNet-Base-v2,10,7,2,0.35477001703577515,0.23797733549185793,0.6966824644549763,0.6966824644549763,0.9972260768191608,262,659
All-MPNet-Base-v2,10,7,3,0.3497809380162321,0.2355843653250774,0.6788402564817396,0.6788402564817396,0.9972610888463121,250,769
All-MPNet-Base-v2,10,7,4,0.34028664680005677,0.22822879984772057,0.6685252299972122,0.6685252299972122,0.9971889848696045,230,891
All-MPNet-Base-v2,10,7,5,0.32848527846754166,0.2203083365055196,0.6453861165319208,0.6453861165319208,0.9971598659559341,215,979
All-MPNet-Base-v2,10,7,6,0.3228346456692913,0.2171819320042377,0.6286590465570114,0.6286590465570114,0.9971823984486552,209,1067
All-MPNet-Base-v2,10,7,7,0.24112633509547957,0.149488328539897,0.623083356565375,0.623083356565375,0.9955919511162771,188,1075
All-MPNet-Base-v2,10,7,8,0.23386892391910385,0.14291909304918846,0.6431558405352662,0.6431558405352662,0.9952040455877392,169,1075
All-MPNet-Base-v2,10,7,9,0.2080687002415243,0.12391454903841032,0.6484527460273208,0.6484527460273208,0.994299279341552,150,1106
All-MPNet-Base-v2,10,7,10,0.19487179487179487,0.11525129982668977,0.6303317535545023,0.6303317535545023,0.9939831311359878,135,1200
All-MPNet-Base-v2,10,7,11,0.18586206896551724,0.10992708917554683,0.601059381098411,0.601059381098411,0.9939484657625706,129,1309
All-MPNet-Base-v2,10,8,2,0.32976897689768975,0.21603390123670327,0.6964036799553944,0.6964036799553944,0.9968575838997367,232,689
All-MPNet-Base-v2,10,8,3,0.3171583850931677,0.20650433903445953,0.6833008084750488,0.6833008084750488,0.9967352151315741,220,771
All-MPNet-Base-v2,10,8,4,0.3129065833983867,0.20407297411964362,0.6704767214942849,0.6704767214942849,0.9967483879734726,209,867
All-MPNet-Base-v2,10,8,5,0.3082120582120582,0.20093180855569673,0.6612768330080847,0.6612768330080847,0.9967300153255616,193,939
All-MPNet-Base-v2,10,8,6,0.2796549245147376,0.17809996184662344,0.6506830220239754,0.6506830220239754,0.9962661926292403,186,988
All-MPNet-Base-v2,10,8,7,0.2329743667526164,0.1422924901185771,0.6423194870365208,0.6423194870365208,0.9951856729398282,174,1021
All-MPNet-Base-v2,10,8,8,0.23155471018119933,0.1411140259898725,0.6448285475327572,0.6448285475327572,0.9951198087303357,167,1065
All-MPNet-Base-v2,10,8,9,0.2057900552486188,0.12228175228490387,0.6490103150264845,0.6490103150264845,0.9942074161019966,146,1108
All-MPNet-Base-v2,10,8,10,0.1940721649484536,0.1147108109480526,0.6297741845553387,0.6297741845553387,0.9939564387984565,133,1204
All-MPNet-Base-v2,10,8,11,0.18546927518745152,0.10968958662521025,0.5999442431000837,0.5999442431000837,0.9939449992252289,125,1328
All-MPNet-Base-v2,10,9,2,0.2943794883969375,0.1870004524204494,0.6913855589629216,0.6913855589629216,0.9962623794381644,202,725
All-MPNet-Base-v2,10,9,3,0.2851628750219311,0.18043220840734162,0.6796766099804851,0.6796766099804851,0.9961611565477864,193,779
All-MPNet-Base-v2,10,9,4,0.28796452949069484,0.18208646893905858,0.6880401449679397,0.6880401449679397,0.9961569967029763,187,799
All-MPNet-Base-v2,10,9,5,0.23572903163858083,0.1423848741445308,0.6844159464733761,0.6844159464733761,0.9948740312328082,174,871
All-MPNet-Base-v2,10,9,6,0.22310645070686266,0.13406469760900142,0.6643434625034849,0.6643434625034849,0.9946643057236345,169,932
All-MPNet-Base-v2,10,9,7,0.2104799259618351,0.125,0.6657373850013939,0.6657373850013939,0.9942053361795916,154,986
All-MPNet-Base-v2,10,9,8,0.20966084275436794,0.12484035759897828,0.6540284360189573,0.6540284360189573,0.9942989326878179,152,1058
All-MPNet-Base-v2,10,9,9,0.2033838870868765,0.12066365007541478,0.64678003902983,0.64678003902983,0.9941391253163648,143,1114
All-MPNet-Base-v2,10,9,10,0.19230605738575984,0.1134517002708396,0.6306105380540842,0.6306105380540842,0.9938725485947871,130,1194
All-MPNet-Base-v2,10,9,11,0.1854077253218884,0.10957236341500533,0.6021745190967382,0.6021745190967382,0.9939151870040902,124,1317
All-MPNet-Base-v2,10,10,2,0.28239389175836516,0.17680140597539543,0.7011430164482855,0.7011430164482855,0.9959406847728534,183,739
All-MPNet-Base-v2,10,10,3,0.2804940520234504,0.1762265770276069,0.6869250069696125,0.6869250069696125,0.9960072422898143,175,817
All-MPNet-Base-v2,10,10,4,0.22801681724662312,0.13579457674071707,0.7106216894340674,0.7106216894340674,0.9943765831242722,161,778
All-MPNet-Base-v2,10,10,5,0.20693114836336274,0.12171732074358217,0.6899916364650125,0.6899916364650125,0.9938091109614338,149,882
All-MPNet-Base-v2,10,10,6,0.19338976219266424,0.11303774207228007,0.6688040144967939,0.6688040144967939,0.9934745901079584,142,940
All-MPNet-Base-v2,10,10,7,0.19516613826326842,0.1144927536231884,0.6607192640089211,0.6607192640089211,0.993645837052639,137,1011
All-MPNet-Base-v2,10,10,8,0.19141536069397275,0.1121714943410704,0.6520769445218846,0.6520769445218846,0.9935823994192856,135,1040
All-MPNet-Base-v2,10,10,9,0.19289719626168225,0.11333463490823897,0.6473376080289935,0.6473376080289935,0.9937026882650432,131,1119
All-MPNet-Base-v2,10,10,10,0.19226020690535994,0.11345593407697718,0.6294954000557569,0.6294954000557569,0.9938836415142805,128,1212
All-MPNet-Base-v2,10,10,11,0.18683896456644306,0.10959830050212437,0.6328408140507388,0.6328408140507388,0.9936070118344118,118,1234
All-MPNet-Base-v2,10,11,2,0.27087620491714504,0.16808925331003427,0.69724003345414,0.69724003345414,0.9957091200784269,164,799
All-MPNet-Base-v2,10,11,3,0.21413846418141214,0.12656749758846525,0.6950097574574854,0.6950097574574854,0.994036169157316,153,784
All-MPNet-Base-v2,10,11,4,0.20206677265500794,0.11783247577991007,0.7086701979369947,0.7086701979369947,0.9934028327849849,145,791
All-MPNet-Base-v2,10,11,5,0.1965533672172808,0.11459924989581886,0.6899916364650125,0.6899916364650125,0.9933712872951753,136,896
All-MPNet-Base-v2,10,11,6,0.1821761187249186,0.10540149822578525,0.6707555059938668,0.6707555059938668,0.9929209840944867,132,930
All-MPNet-Base-v2,10,11,7,0.19065344932227393,0.11151079136690648,0.6568162810147756,0.6568162810147756,0.9934926161021352,130,1039
All-MPNet-Base-v2,10,11,8,0.18808700955478755,0.1101009139375476,0.6448285475327572,0.6448285475327572,0.9935193084396665,127,1079
All-MPNet-Base-v2,10,11,9,0.18730312575720862,0.1095159386068477,0.6465012545302481,0.6465012545302481,0.9934634971884649,121,1134
All-MPNet-Base-v2,10,11,10,0.1833828821780629,0.10665695954861901,0.6534708670197937,0.6534708670197937,0.9931941472370137,119,1147
All-MPNet-Base-v2,10,11,11,0.18189820742637644,0.10619014249007241,0.6336771675494842,0.6336771675494842,0.9933678207578336,113,1236
All-MPNet-Base-v2,20,2,2,0.4176587301587302,0.5132060138155221,0.35210482297184276,0.35210482297184276,0.9995847088264627,1102,821
All-MPNet-Base-v2,20,2,3,0.45307522666013234,0.40415300546448085,0.5154725397267912,0.5154725397267912,0.9990550219206489,610,916
All-MPNet-Base-v2,20,2,4,0.42365858711414955,0.3370693917916598,0.5701143016448286,0.5701143016448286,0.9986057586811627,437,1032
All-MPNet-Base-v2,20,2,5,0.40242610956002695,0.3073529411764706,0.5826596041260106,0.5826596041260106,0.9983672609120529,352,1121
All-MPNet-Base-v2,20,2,6,0.3654997279158353,0.2708697405565264,0.5617507666573739,0.5617507666573739,0.9981197501458545,304,1225
All-MPNet-Base-v2,20,2,7,0.33690787807143463,0.24164244186046513,0.5561750766657374,0.5561750766657374,0.9978296009703531,259,1305
All-MPNet-Base-v2,20,2,8,0.24128534120585898,0.15149354815712554,0.5924170616113744,0.5924170616113744,0.9958741272558925,217,1189
All-MPNet-Base-v2,20,2,9,0.22319849986605947,0.13814829552991112,0.5807081126289378,0.5807081126289378,0.9954952347244432,203,1272
All-MPNet-Base-v2,20,2,10,0.20181309032227443,0.12161079967967052,0.5926958461109563,0.5926958461109563,0.9946767852580647,166,1325
All-MPNet-Base-v2,20,2,11,0.19854611540208997,0.11860174781523096,0.6091441315862838,0.6091441315862838,0.9943710366645255,150,1323
All-MPNet-Base-v2,20,3,2,0.45985401459854014,0.40794301748327216,0.5269027042096459,0.5269027042096459,0.999049128807168,642,746
All-MPNet-Base-v2,20,3,3,0.4547773654916512,0.3893190391105817,0.5466964036799554,0.5466964036799554,0.998933693113689,559,872
All-MPNet-Base-v2,20,3,4,0.4174569382620476,0.31969764339706536,0.6013381655979928,0.6013381655979928,0.9984088593601534,373,976
All-MPNet-Base-v2,20,3,5,0.396408072579152,0.2967428967428967,0.5968776136046836,0.5968776136046836,0.9982410789528146,311,1099
All-MPNet-Base-v2,20,3,6,0.3579457029223586,0.2594310063917784,0.5770839141343741,0.5770839141343741,0.9979516230847815,261,1214
All-MPNet-Base-v2,20,3,7,0.3290378686062139,0.2296402560141249,0.5801505436297741,0.5801505436297741,0.9975800102817498,221,1256
All-MPNet-Base-v2,20,3,8,0.23113308965813803,0.14317107278417793,0.59938667410092,0.59938667410092,0.9955396064024171,192,1161
All-MPNet-Base-v2,20,3,9,0.22316180261936683,0.13690137280951478,0.6032896570950655,0.6032896570950655,0.9952706031047002,167,1229
All-MPNet-Base-v2,20,3,10,0.19904297414189748,0.11919325508348487,0.6030108725954837,0.6030108725954837,0.994459086713005,145,1300
All-MPNet-Base-v2,20,3,11,0.19908466819221968,0.11909324864480096,0.6063562865904656,0.6063562865904656,0.9944230347246512,134,1371
All-MPNet-Base-v2,20,4,2,0.438448223195194,0.34536413217837664,0.6002230275996655,0.6002230275996655,0.9985853061108467,450,763
All-MPNet-Base-v2,20,4,3,0.4216163583252191,0.32395630704773304,0.6035684415946473,0.6035684415946473,0.9984338184290138,407,818
All-MPNet-Base-v2,20,4,4,0.41358024691358025,0.3111893033075299,0.6163925285754112,0.6163925285754112,0.9983034766249653,356,941
All-MPNet-Base-v2,20,4,5,0.3926678048342169,0.28971095200212144,0.6091441315862838,0.6091441315862838,0.9981429759460441,295,1080
All-MPNet-Base-v2,20,4,6,0.3429653412365193,0.2433411214953271,0.5807081126289378,0.5807081126289378,0.9977547237637722,241,1201
All-MPNet-Base-v2,20,4,7,0.3212001218397807,0.2209533787323206,0.5879565096180652,0.5879565096180652,0.9974222828327017,211,1217
All-MPNet-Base-v2,20,4,8,0.22510113165036613,0.13787479613599296,0.6127683300808475,0.6127683300808475,0.9952355910775489,181,1109
All-MPNet-Base-v2,20,4,9,0.2180352644836272,0.13306278054479492,0.6032896570950655,0.6032896570950655,0.995112529001918,162,1219
All-MPNet-Base-v2,20,4,10,0.1980161813777026,0.11842536905412794,0.6038472260942291,0.6038472260942291,0.994410555190221,144,1290
All-MPNet-Base-v2,20,4,11,0.18773328808958262,0.11071089099004452,0.6169500975745749,0.6169500975745749,0.9938378832213699,129,1298
All-MPNet-Base-v2,20,5,2,0.39463367889188955,0.28699949315762796,0.6314468915528296,0.6314468915528296,0.9980493794378178,350,712
All-MPNet-Base-v2,20,5,3,0.39748232453871357,0.28772937211334415,0.6425982715361026,0.6425982715361026,0.9980219937928182,334,775
All-MPNet-Base-v2,20,5,4,0.3864578925095218,0.2774671852211959,0.6364650125453025,0.6364650125453025,0.9979391435503513,306,894
All-MPNet-Base-v2,20,5,5,0.38032559750606165,0.2758447431227233,0.6122107610816838,0.6122107610816838,0.9980015412225022,280,1073
All-MPNet-Base-v2,20,5,6,0.3364185110663984,0.23647884136682507,0.5826596041260106,0.5826596041260106,0.9976607806018117,235,1185
All-MPNet-Base-v2,20,5,7,0.3170062986291219,0.2158861526039564,0.5963200446055199,0.5963200446055199,0.9973068471392227,205,1199
All-MPNet-Base-v2,20,5,8,0.2251330331559558,0.13787052704142383,0.6133258990800111,0.6133258990800111,0.9952310845790047,177,1118
All-MPNet-Base-v2,20,5,9,0.21376614379731804,0.12994826134039225,0.6021745190967382,0.6021745190967382,0.9949866936964138,158,1219
All-MPNet-Base-v2,20,5,10,0.186332749262789,0.11003432263274783,0.6077502090883747,0.6077502090883747,0.9938878013590906,138,1245
All-MPNet-Base-v2,20,5,11,0.18524699599465955,0.10892497914724499,0.6189015890716476,0.6189015890716476,0.993704421533714,126,1283
All-MPNet-Base-v2,20,6,2,0.37773512476007676,0.2606484424666243,0.6858098689712852,0.6858098689712852,0.9975810502429523,298,641
All-MPNet-Base-v2,20,6,3,0.3719498114078978,0.2569119523606976,0.673543350989685,0.673543350989685,0.9975775837056106,282,764
All-MPNet-Base-v2,20,6,4,0.3579487977589293,0.24827288428324698,0.6412043490381935,0.6412043490381935,0.9975859033952307,260,909
All-MPNet-Base-v2,20,6,5,0.3528176974002907,0.24832367314467554,0.6091441315862838,0.6091441315862838,0.9977072322021906,243,1099
All-MPNet-Base-v2,20,6,6,0.30870160767067983,0.20818747569039284,0.5968776136046836,0.5968776136046836,0.9971771986426426,221,1146
All-MPNet-Base-v2,20,6,7,0.22726339560665162,0.13927156067182486,0.6172288820741567,0.6172288820741567,0.9952567369553333,189,1081
All-MPNet-Base-v2,20,6,8,0.2250971568827981,0.13782954474293946,0.613604683579593,0.613604683579593,0.9952272713879288,175,1121
All-MPNet-Base-v2,20,6,9,0.20984430906101925,0.12693770108218777,0.6049623640925564,0.6049623640925564,0.9948261930174925,154,1207
All-MPNet-Base-v2,20,6,10,0.18760469011725292,0.11038289065194895,0.6244772790632841,0.6244772790632841,0.9937418601370045,134,1216
All-MPNet-Base-v2,20,6,11,0.1838119672266821,0.10792555517760824,0.6191803735712295,0.6191803735712295,0.9936361307480822,123,1279
All-MPNet-Base-v2,20,7,2,0.3475747320924986,0.23261300368028687,0.6872037914691943,0.6872037914691943,0.9971810118337185,258,679
All-MPNet-Base-v2,20,7,3,0.3483252197921965,0.23555424528301888,0.6682464454976303,0.6682464454976303,0.9973033806018811,246,794
All-MPNet-Base-v2,20,7,4,0.34606707775605355,0.23694779116465864,0.6414831335377753,0.6414831335377753,0.9974312958297903,238,935
All-MPNet-Base-v2,20,7,5,0.32364904125508426,0.2188390138493272,0.6211318650683022,0.6211318650683022,0.9972430628521352,217,1051
All-MPNet-Base-v2,20,7,6,0.2932335849308663,0.19281447645818692,0.6119319765821021,0.6119319765821021,0.9968145988366994,199,1104
All-MPNet-Base-v2,20,7,7,0.22416141235813367,0.13683951225520385,0.6194591580708113,0.6194591580708113,0.9951413012618543,182,1074
All-MPNet-Base-v2,20,7,8,0.22504221460369442,0.1378164953622462,0.6130471145804294,0.6130471145804294,0.9952310845790047,169,1150
All-MPNet-Base-v2,20,7,9,0.20899057363459808,0.12588450125542114,0.6149986060775021,0.6149986060775021,0.9946899580999632,152,1193
All-MPNet-Base-v2,20,7,10,0.18779774341830338,0.11045568500221206,0.6264287705603568,0.6264287705603568,0.9937269540264351,133,1208
All-MPNet-Base-v2,20,7,11,0.18070493454179254,0.10561258122233733,0.6253136325620295,0.6253136325620295,0.993415312319415,120,1254
All-MPNet-Base-v2,20,8,2,0.32273355717953783,0.21125667988277883,0.6833008084750488,0.6833008084750488,0.9968277716785979,228,713
All-MPNet-Base-v2,20,8,3,0.3272800918112469,0.2159273115980759,0.6757736269863396,0.6757736269863396,0.9969487538318237,219,811
All-MPNet-Base-v2,20,8,4,0.3119508489132589,0.2044155844155844,0.6582102035126847,0.6582102035126847,0.9968145988366994,205,918
All-MPNet-Base-v2,20,8,5,0.2300953864123029,0.13937857437651083,0.6590465570114301,0.6590465570114301,0.9949398954423007,186,926
All-MPNet-Base-v2,20,8,6,0.2243662318483879,0.13623864179818268,0.6353498745469752,0.6353498745469752,0.994991200194958,179,996
All-MPNet-Base-v2,20,8,7,0.22257630832047004,0.13548739088263823,0.623083356565375,0.623083356565375,0.9950563710969823,174,1063
All-MPNet-Base-v2,20,8,8,0.22014776357827476,0.1340833079963515,0.6147198215779203,0.6147198215779203,0.9950636508253998,165,1134
All-MPNet-Base-v2,20,8,9,0.2043040293040293,0.12222648331781077,0.6219682185670476,0.6219682185670476,0.9944459138711065,148,1152
All-MPNet-Base-v2,20,8,10,0.18155665654466996,0.10596520684669558,0.6333983830499025,0.6333983830499025,0.9933549945696692,130,1164
All-MPNet-Base-v2,20,8,11,0.18040373414186547,0.10526560826854137,0.6303317535545023,0.6303317535545023,0.9933380085366948,118,1233
All-MPNet-Base-v2,20,9,2,0.3065814696485623,0.19887258559230706,0.6688040144967939,0.6688040144967939,0.996649938312968,199,825
All-MPNet-Base-v2,20,9,3,0.31345227243130613,0.20448560020389092,0.6710342904934485,0.6710342904934485,0.9967539344332194,196,885
All-MPNet-Base-v2,20,9,4,0.2222325021973447,0.133222407099279,0.6696403679955395,0.6696403679955395,0.99458249544237,178,866
All-MPNet-Base-v2,20,9,5,0.21853552111267668,0.1305528402302596,0.6701979369947031,0.6701979369947031,0.9944500737159165,170,903
All-MPNet-Base-v2,20,9,6,0.20401439285559458,0.1207905544147844,0.6559799275160301,0.6559799275160301,0.9940628614948471,162,968
All-MPNet-Base-v2,20,9,7,0.2041208311506897,0.12100822938771286,0.6517981600223027,0.6517981600223027,0.9941127796325678,156,1010
All-MPNet-Base-v2,20,9,8,0.20574844791906186,0.12319638726732018,0.6236409255645387,0.6236409255645387,0.9944809258982579,151,1091
All-MPNet-Base-v2,20,9,9,0.19884495779653488,0.11826877345029858,0.6239197100641204,0.6239197100641204,0.9942160824453509,145,1134
All-MPNet-Base-v2,20,9,10,0.18328100470957615,0.10665509523592016,0.6509618065235573,0.6509618065235573,0.9932201462670766,126,1130
All-MPNet-Base-v2,20,9,11,0.18028457687911395,0.10498531031950055,0.6375801505436298,0.6375801505436298,0.993241292144861,115,1209
All-MPNet-Base-v2,20,10,2,0.2876226504314931,0.182506938714275,0.6782826874825759,0.6782826874825759,0.9962221676050006,180,835
All-MPNet-Base-v2,20,10,3,0.29493030714197604,0.1893561416013305,0.6665737385001393,0.6665737385001393,0.9964516523770219,178,919
All-MPNet-Base-v2,20,10,4,0.21191516188589182,0.12636949516648766,0.6559799275160301,0.6559799275160301,0.9943609837062345,161,915
All-MPNet-Base-v2,20,10,5,0.20188952251255426,0.11913012907438099,0.6612768330080847,0.6612768330080847,0.9939200401563686,150,934
All-MPNet-Base-v2,20,10,6,0.19549375994639417,0.1150263663693263,0.6506830220239754,0.6506830220239754,0.993775138895485,146,1005
All-MPNet-Base-v2,20,10,7,0.18920354705569858,0.11085041179850603,0.6453861165319208,0.6453861165319208,0.9935629868101721,140,1024
All-MPNet-Base-v2,20,10,8,0.194664986347406,0.11460085072707489,0.6459436855310845,0.6459436855310845,0.9937945515045985,135,1060
All-MPNet-Base-v2,20,10,9,0.18920670934284092,0.11068973690447974,0.6509618065235573,0.6509618065235573,0.9934967759469453,129,1070
All-MPNet-Base-v2,20,10,10,0.17986403858569747,0.10411537108688006,0.6601616950097574,0.6601616950097574,0.9929365835125245,121,1083
All-MPNet-Base-v2,20,10,11,0.1791290057518488,0.10418752844788348,0.6381377195427934,0.6381377195427934,0.9931775078577735,114,1204
All-MPNet-Base-v2,20,11,2,0.2077832724145345,0.12283912955053895,0.673543350989685,0.673543350989685,0.9940195297780757,156,836
All-MPNet-Base-v2,20,11,3,0.21122256778658724,0.12529882548591623,0.6721494284917758,0.6721494284917758,0.9941654710001618,151,901
All-MPNet-Base-v2,20,11,4,0.1929008191362535,0.11188436830835118,0.6991915249512127,0.6991915249512127,0.9930988174601166,139,840
All-MPNet-Base-v2,20,11,5,0.18264531167756975,0.10555821129025249,0.6771675494842486,0.6771675494842486,0.9928651728432851,134,905
All-MPNet-Base-v2,20,11,6,0.1848966613672496,0.10781996013535437,0.6484527460273208,0.6484527460273208,0.9933279555784039,131,1034
All-MPNet-Base-v2,20,11,7,0.18119318615842944,0.10497897764992255,0.6612768330080847,0.6612768330080847,0.9929896215338526,128,987
All-MPNet-Base-v2,20,11,8,0.17473863090620267,0.10071544161485393,0.659325341511012,0.659325341511012,0.9926797130955034,122,1014
All-MPNet-Base-v2,20,11,9,0.17533279399867618,0.10098699538272546,0.6646222470030666,0.6646222470030666,0.9926429677996813,119,1046
All-MPNet-Base-v2,20,11,10,0.17582665613361922,0.10162636980344408,0.651519375522721,0.651519375522721,0.992838480505754,114,1121
All-MPNet-Base-v2,20,11,11,0.17707326502996326,0.10279199209982942,0.6384165040423753,0.6384165040423753,0.9930710851613829,111,1205
All-MPNet-Base-v2,50,2,2,0.4251302083333333,0.5107547907704341,0.3640925564538612,0.3640925564538612,0.9995663361785516,1113,786
All-MPNet-Base-v2,50,2,3,0.4560674569228889,0.40600522193211486,0.5202118762196822,0.5202118762196822,0.9990536353057122,598,939
All-MPNet-Base-v2,50,2,4,0.43456895630808673,0.3522687911326637,0.5670476721494285,0.5670476721494285,0.9987035150341991,444,1043
All-MPNet-Base-v2,50,2,5,0.387669313404951,0.2915144703568418,0.5784778366322832,0.5784778366322832,0.9982518252185738,350,1104
All-MPNet-Base-v2,50,2,6,0.3443969204448246,0.2484265087004813,0.5611931976582102,0.5611931976582102,0.9978888787588964,302,1203
All-MPNet-Base-v2,50,2,7,0.2533475530276099,0.16086073282672486,0.5960412601059382,0.5960412601059382,0.9961337709027869,239,1219
All-MPNet-Base-v2,50,2,8,0.22650475184794086,0.1397121083827265,0.5979927516030109,0.5979927516030109,0.9954213974790647,203,1173
All-MPNet-Base-v2,50,2,9,0.2241290189186395,0.13757218097595025,0.6044047950933928,0.6044047950933928,0.995288629098877,194,1233
All-MPNet-Base-v2,50,2,10,0.20046731200228887,0.12091578462954441,0.5860050181209925,0.5860050181209925,0.9947024376343934,177,1331
All-MPNet-Base-v2,50,2,11,0.18319630010277493,0.10822160384518087,0.5963200446055199,0.5963200446055199,0.9938898812814957,161,1293
All-MPNet-Base-v2,50,3,2,0.46780234384438807,0.41279317697228146,0.5397267911904098,0.5397267911904098,0.9990453156160921,634,760
All-MPNet-Base-v2,50,3,3,0.44776806258628626,0.3811949069539667,0.5425146361862281,0.5425146361862281,0.9989049208537527,544,884
All-MPNet-Base-v2,50,3,4,0.4155177331938766,0.3152958152958153,0.6091441315862838,0.6091441315862838,0.998355128031357,372,947
All-MPNet-Base-v2,50,3,5,0.3835051546391753,0.2826374207188161,0.5963200446055199,0.5963200446055199,0.9981180168771837,305,1083
All-MPNet-Base-v2,50,3,6,0.35000409265777194,0.24774044032444958,0.5960412601059382,0.5960412601059382,0.9977495239577595,257,1163
All-MPNet-Base-v2,50,3,7,0.24845635302781396,0.15590786293189252,0.6113744075829384,0.6113744075829384,0.9958841802141835,211,1169
All-MPNet-Base-v2,50,3,8,0.2218983970654741,0.1353438764251563,0.6155561750766657,0.6155561750766657,0.9951101024257788,180,1136
All-MPNet-Base-v2,50,3,9,0.22249376304668805,0.1361031518624642,0.6091441315862838,0.6091441315862838,0.9951922593607775,170,1241
All-MPNet-Base-v2,50,3,10,0.2005146112846903,0.12004181107993618,0.6083077780875383,0.6083077780875383,0.9944552735219292,148,1281
All-MPNet-Base-v2,50,3,11,0.18609943977591037,0.11037848502154612,0.5926958461109563,0.5926958461109563,0.9940600882649738,136,1341
All-MPNet-Base-v2,50,4,2,0.45390648874401546,0.3576243980738363,0.6211318650683022,0.6211318650683022,0.9986126917558462,448,760
All-MPNet-Base-v2,50,4,3,0.43209636681562075,0.33159385716415685,0.6200167270699749,0.6200167270699749,0.9984459513097098,413,799
All-MPNet-Base-v2,50,4,4,0.4073558094176651,0.3054317548746518,0.6113744075829384,0.6113744075829384,0.9982712378276875,355,939
All-MPNet-Base-v2,50,4,5,0.36292078378831016,0.25936564931178935,0.604126010593811,0.604126010593811,0.9978549066929476,290,1032
All-MPNet-Base-v2,50,4,6,0.32669322709163345,0.22365170852202554,0.6057987175913019,0.6057987175913019,0.9973851908831455,243,1101
All-MPNet-Base-v2,50,4,7,0.23983497095705988,0.14891465552110017,0.6158349595762476,0.6158349595762476,0.9956234966060866,197,1127
All-MPNet-Base-v2,50,4,8,0.22038704542062584,0.13412861814218238,0.6175076665737385,0.6175076665737385,0.9950431982550838,174,1133
All-MPNet-Base-v2,50,4,9,0.21951708245666768,0.13380152671755724,0.6108168385837748,0.6108168385837748,0.9950830634345135,166,1232
All-MPNet-Base-v2,50,4,10,0.1873479318734793,0.11026615969581749,0.6225257875662114,0.6225257875662114,0.9937539930177005,140,1203
All-MPNet-Base-v2,50,4,11,0.18508684107430462,0.10966676983390075,0.5926958461109563,0.5926958461109563,0.9940167565482024,134,1338
All-MPNet-Base-v2,50,5,2,0.4023434134573964,0.29114713216957605,0.6509618065235573,0.6509618065235573,0.9980292735212358,353,689
All-MPNet-Base-v2,50,5,3,0.379746835443038,0.2692621517659401,0.6439921940340118,0.6439921940340118,0.9978268277404798,328,736
All-MPNet-Base-v2,50,5,4,0.37511528464827704,0.2682254196642686,0.6236409255645387,0.6236409255645387,0.9978843722603522,299,913
All-MPNet-Base-v2,50,5,5,0.36562707365627073,0.2602432400519542,0.6144410370783384,0.6144410370783384,0.9978282143554165,280,1039
All-MPNet-Base-v2,50,5,6,0.32287390029325513,0.21903909280811698,0.6138834680791748,0.6138834680791748,0.9972784215330207,229,1097
All-MPNet-Base-v2,50,5,7,0.24,0.14838752225812835,0.6272651240591023,0.6272651240591023,0.9955236603306452,190,1105
All-MPNet-Base-v2,50,5,8,0.22257084027845866,0.13503063470346796,0.6328408140507388,0.6328408140507388,0.9949593080514143,170,1102
All-MPNet-Base-v2,50,5,9,0.2149256622596736,0.130055093189544,0.6186228045720658,0.6186228045720658,0.9948546186236945,158,1205
All-MPNet-Base-v2,50,5,10,0.1860019175455417,0.10935202431134203,0.6219682185670476,0.6219682185670476,0.9937009549963722,136,1205
All-MPNet-Base-v2,50,5,11,0.18526698713784592,0.10966981132075472,0.5963200446055199,0.5963200446055199,0.9939803579061144,133,1325
All-MPNet-Base-v2,50,6,2,0.36806825106642294,0.253222932606645,0.673543350989685,0.673543350989685,0.9975300921440291,297,659
All-MPNet-Base-v2,50,6,3,0.3562504790373266,0.2456659619450317,0.6478951770281572,0.6478951770281572,0.9975262789529532,279,774
All-MPNet-Base-v2,50,6,4,0.3588799386267741,0.24756562235393734,0.6520769445218846,0.6520769445218846,0.9975356386037758,260,879
All-MPNet-Base-v2,50,6,5,0.34939113119399556,0.24086589229144667,0.6359074435461388,0.6359074435461388,0.9975079063050422,240,1006
All-MPNet-Base-v2,50,6,6,0.31001106194690264,0.20612301185988785,0.6250348480624477,0.6250348480624477,0.9970066450054303,216,1083
All-MPNet-Base-v2,50,6,7,0.23945806858163105,0.14751552795031056,0.635628659046557,0.635628659046557,0.9954324903985582,185,1078
All-MPNet-Base-v2,50,6,8,0.22190819608225318,0.13445527015057573,0.6347923055478115,0.6347923055478115,0.9949187495645162,168,1098
All-MPNet-Base-v2,50,6,9,0.2109323548781635,0.126874540207119,0.6250348480624477,0.6250348480624477,0.9946514795354702,156,1177
All-MPNet-Base-v2,50,6,10,0.18411611219830398,0.10782675134902822,0.6294954000557569,0.6294954000557569,0.9935234682844766,133,1169
All-MPNet-Base-v2,50,6,11,0.18276288659793816,0.10724483376082854,0.6177864510733203,0.6177864510733203,0.993605278565741,126,1236
All-MPNet-Base-v2,50,7,2,0.34555047485051005,0.23108769288671435,0.6846947309729579,0.6846947309729579,0.9971671456843517,247,704
All-MPNet-Base-v2,50,7,3,0.33600788288288286,0.2247434328217682,0.665458600501812,0.665458600501812,0.9971456531528331,240,772
All-MPNet-Base-v2,50,7,4,0.3374567046016823,0.22604166666666667,0.665458600501812,0.665458600501812,0.9971667990306174,223,881
All-MPNet-Base-v2,50,7,5,0.24113547336826577,0.14747977598008713,0.6607192640089211,0.6607192640089211,0.9952508438418524,199,901
All-MPNet-Base-v2,50,7,6,0.23440186065325108,0.14316595639552837,0.6462224700306662,0.6462224700306662,0.9951908727458407,188,995
All-MPNet-Base-v2,50,7,7,0.2371754932502596,0.1457283225929943,0.6367437970448843,0.6367437970448843,0.9953586531531797,182,1073
All-MPNet-Base-v2,50,7,8,0.21862003780718336,0.1316223752347351,0.6448285475327572,0.6448285475327572,0.994710064016545,164,1073
All-MPNet-Base-v2,50,7,9,0.19315506222670703,0.11372976184581869,0.640367995539448,0.640367995539448,0.9937948981583327,147,1109
All-MPNet-Base-v2,50,7,10,0.18344011029113616,0.10733096085409252,0.6306105380540842,0.6306105380540842,0.9934784032990343,132,1161
All-MPNet-Base-v2,50,7,11,0.1820196134750318,0.1067167051578137,0.618344020072484,0.618344020072484,0.9935640267713746,124,1234
All-MPNet-Base-v2,50,8,2,0.3165688026550932,0.20528101978313054,0.6913855589629216,0.6913855589629216,0.9966717774982208,221,670
All-MPNet-Base-v2,50,8,3,0.30996784565916397,0.2014544846610382,0.671870643992194,0.671870643992194,0.996688416877461,213,750
All-MPNet-Base-v2,50,8,4,0.315587593413134,0.20686665510664123,0.6651798160022303,0.6651798160022303,0.9968288116398004,202,882
All-MPNet-Base-v2,50,8,5,0.23795447827372154,0.14451558853449822,0.6732645664901031,0.6732645664901031,0.9950442382162863,184,885
All-MPNet-Base-v2,50,8,6,0.22495589567539218,0.13568388358449326,0.6576526345135211,0.6576526345135211,0.994790834336607,175,945
All-MPNet-Base-v2,50,8,7,0.22820500269225122,0.13840399002493767,0.64984666852523,0.64984666852523,0.9949697076634394,172,1029
All-MPNet-Base-v2,50,8,8,0.21888108592166658,0.13170731707317074,0.6473376080289935,0.6473376080289935,0.9946934246373048,161,1074
All-MPNet-Base-v2,50,8,9,0.18282198911586087,0.10647191217674888,0.6462224700306662,0.6462224700306662,0.9932565449091646,141,1065
All-MPNet-Base-v2,50,8,10,0.18343051506316813,0.10730020370458099,0.6314468915528296,0.6314468915528296,0.993467657033275,129,1170
All-MPNet-Base-v2,50,8,11,0.1818033588781999,0.10646932442110289,0.6216894340674658,0.6216894340674658,0.993512375364983,123,1219
All-MPNet-Base-v2,50,9,2,0.29580095186457017,0.18867199508146326,0.6844159464733761,0.6844159464733761,0.996340376528353,198,719
All-MPNet-Base-v2,50,9,3,0.29705882352941176,0.19037147569308097,0.6757736269863396,0.6757736269863396,0.9964263466544275,192,783
All-MPNet-Base-v2,50,9,4,0.22789273452723394,0.13669505203985083,0.6846947309729579,0.6846947309729579,0.9946230539292681,175,802
All-MPNet-Base-v2,50,9,5,0.2066694807935838,0.12177286972093718,0.6824644549763034,0.6824644549763034,0.9938798283232047,166,837
All-MPNet-Base-v2,50,9,6,0.21038650551202018,0.12505263157894736,0.662391971006412,0.662391971006412,0.9942372283231353,158,951
All-MPNet-Base-v2,50,9,7,0.21267674740175743,0.1265930331350892,0.6646222470030666,0.6646222470030666,0.9942982393803496,152,1005
All-MPNet-Base-v2,50,9,8,0.20782999735473062,0.12343545430741032,0.6570950655143574,0.6570950655143574,0.9941977097974398,146,1037
All-MPNet-Base-v2,50,9,9,0.1893461666113508,0.11122483793926988,0.6361862280457207,0.6361862280457207,0.9936787691573853,139,1123
All-MPNet-Base-v2,50,9,10,0.17360455900668,0.1003928415539066,0.6412043490381935,0.6412043490381935,0.9928554665387284,125,1112
All-MPNet-Base-v2,50,9,11,0.18150575447570333,0.10593833092317022,0.6331195985503206,0.6331195985503206,0.9933560345308717,119,1179
All-MPNet-Base-v2,50,10,2,0.29324931442907987,0.18543388429752067,0.7005854474491219,0.7005854474491219,0.9961732894284824,182,757
All-MPNet-Base-v2,50,10,3,0.2827093455272935,0.1778113316077078,0.6894340674658489,0.6894340674658489,0.9960360145497505,174,810
All-MPNet-Base-v2,50,10,4,0.19568705725803295,0.11382261883081406,0.6969612489545581,0.6969612489545581,0.9932527317180887,148,786
All-MPNet-Base-v2,50,10,5,0.1946247983315626,0.11330523229176212,0.6894340674658489,0.6894340674658489,0.9932912102825817,147,833
All-MPNet-Base-v2,50,10,6,0.1918544879398972,0.11178178132055476,0.6763311959855032,0.6763311959855032,0.9933175559663787,141,938
All-MPNet-Base-v2,50,10,7,0.19182327466327626,0.11185246965063479,0.6729857819905213,0.6729857819905213,0.9933553412234034,137,983
All-MPNet-Base-v2,50,10,8,0.18774873195474054,0.10915029714648641,0.6707555059938668,0.6707555059938668,0.9931927606220771,131,996
All-MPNet-Base-v2,50,10,9,0.17738309352517986,0.10246309683563481,0.6598829105101757,0.6598829105101757,0.9928124814756911,124,1056
All-MPNet-Base-v2,50,10,10,0.1727401445711305,0.0996946367898155,0.6462224700306662,0.6462224700306662,0.9927434973825909,123,1094
All-MPNet-Base-v2,50,10,11,0.17689502676701063,0.102744355819927,0.635628659046557,0.635628659046557,0.9930977774989141,117,1172
All-MPNet-Base-v2,50,11,2,0.2685240392433194,0.16666666666666666,0.6905492054641762,0.6905492054641762,0.9957066935022877,161,805
All-MPNet-Base-v2,50,11,3,0.26279495743993103,0.16287145242070117,0.6799553944800669,0.6799553944800669,0.9956543487884278,155,875
All-MPNet-Base-v2,50,11,4,0.19145060651862186,0.11118113071660064,0.6885977139671035,0.6885977139671035,0.9931549753650524,139,820
All-MPNet-Base-v2,50,11,5,0.19224283305227655,0.11144190179960009,0.6991915249512127,0.6991915249512127,0.9930679652777754,135,832
All-MPNet-Base-v2,50,11,6,0.18759152215799615,0.10884049546125296,0.6785614719821578,0.6785614719821578,0.993091537731699,132,929
All-MPNet-Base-v2,50,11,7,0.17953481459463477,0.10357096926308569,0.673543350989685,0.673543350989685,0.9927511237647427,126,977
All-MPNet-Base-v2,50,11,8,0.1770747000108104,0.10168018539976825,0.6849735154725397,0.6849735154725397,0.9924751873923423,118,957
All-MPNet-Base-v2,50,11,9,0.17540917872635148,0.10089742514467835,0.6707555059938668,0.6707555059938668,0.9925677439393661,116,1025
All-MPNet-Base-v2,50,11,10,0.17347696879643387,0.10007285818368834,0.6509618065235573,0.6509618065235573,0.9927209648898698,119,1091
All-MPNet-Base-v2,50,11,11,0.1692046126552336,0.09753291576121692,0.6381377195427934,0.6381377195427934,0.9926578739102506,113,1136
MPNet-Personality,768,2,2,0.48226221079691517,0.6258896797153025,0.3922497909116253,0.3922497909116253,0.9997084642095619,1071,1225
MPNet-Personality,768,2,3,0.41193004372267333,0.46822861199858007,0.3677167549484249,0.3677167549484249,0.9994807127062113,475,2116
MPNet-Personality,768,2,4,0.3192723851340756,0.3648745519713262,0.28380262057429606,0.28380262057429606,0.9993857295830484,328,2643
MPNet-Personality,768,2,5,0.24508223153821349,0.29063097514340347,0.21187621968218567,0.21187621968218567,0.9993569573231121,254,2939
MPNet-Personality,768,2,6,0.0025755087274948905,0.001289813061786235,0.8068023417897965,0.8068023417897965,0.22320375301198764,9,546
MPNet-Personality,768,2,7,0.0025041498225400758,0.0012539335440052044,0.8447170337329245,0.8447170337329245,0.1633976641778084,4,421
MPNet-Personality,768,2,8,0.002443204276449968,0.0012231422735895113,0.9701700585447449,0.9701700585447449,0.014931069638228697,2,59
MPNet-Personality,768,2,9,0.002569466288177753,0.001286960236649902,0.7424031223863953,0.7424031223863953,0.28362133903324516,6,726
MPNet-Personality,768,2,10,0.0024553837564604388,0.0012294864846140994,0.8410928352383608,0.8410928352383608,0.15040265564492675,7,395
MPNet-Personality,768,2,11,0.0025673803627494505,0.001285933061339007,0.7359910788960133,0.7359910788960133,0.28924059606416286,8,733
MPNet-Personality,768,3,2,0.45223562810503903,0.4606709080393291,0.44410370783384445,0.44410370783384445,0.9993534907857704,523,1641
MPNet-Personality,768,3,3,0.4121287128712871,0.4629822732012513,0.37134095344298856,0.37134095344298856,0.9994644199807052,353,2301
MPNet-Personality,768,3,4,0.3120759837177748,0.3397898883782009,0.28854195706718705,0.28854195706718705,0.9993028793405814,200,2811
MPNet-Personality,768,3,5,0.002486257846061752,0.001244795290779845,0.9286311681070533,0.9286311681070533,0.07352941686255492,2,200
MPNet-Personality,768,3,6,0.2105922908179254,0.24042933810375672,0.18734318371898523,0.18734318371898523,0.9992640541223542,104,3257
MPNet-Personality,768,3,7,0.17454668700220302,0.22255834053586862,0.14357401728463898,0.14357401728463898,0.9993763699322258,81,3436
MPNet-Personality,768,3,8,0.14544875875238703,0.16944753429736745,0.1274045163088932,0.1274045163088932,0.9992234956354562,68,3497
MPNet-Personality,768,3,9,0.12510566356720204,0.15893470790378006,0.1031502648452746,0.1031502648452746,0.9993212519884925,61,3596
MPNet-Personality,768,3,10,0.10284614326962739,0.10146500271296799,0.10426540284360189,0.10426540284360189,0.9988518828324244,41,3617
MPNet-Personality,768,3,11,0.09460946094609461,0.10842939481268012,0.0839141343741288,0.0839141343741288,0.9991420320079258,40,3691
MPNet-Personality,768,4,2,0.42328042328042326,0.3940413262854397,0.4572065793141901,0.4572065793141901,0.9991257392824199,325,1906
MPNet-Personality,768,4,3,0.3288135593220339,0.29060560667665314,0.378589350432116,0.378589350432116,0.9988508428712219,235,2374
MPNet-Personality,768,4,4,0.29282617815690115,0.2937710437710438,0.29188737106216894,0.29188737106216894,0.9991274725510907,165,2837
MPNet-Personality,768,4,5,0.002486257846061752,0.001244795290779845,0.9286311681070533,0.9286311681070533,0.07352941686255492,2,200
MPNet-Personality,768,4,6,0.20357803824799506,0.22782188470831896,0.18399776972400333,0.18399776972400333,0.9992245355966587,85,3289
MPNet-Personality,768,4,7,0.17280687262514455,0.21208434712084348,0.14580429328129357,0.14580429328129357,0.9993264517945051,71,3444
MPNet-Personality,768,4,8,0.139117859725235,0.14453125,0.13409534429885697,0.13409534429885697,0.9990130768188141,52,3468
MPNet-Personality,768,4,9,0.12255713812520702,0.15095879232966136,0.1031502648452746,0.1031502648452746,0.9992786135791895,50,3611
MPNet-Personality,768,4,10,0.1005933117583603,0.09741446852964221,0.10398661834402008,0.10398661834402008,0.9988019646947038,34,3626
MPNet-Personality,768,4,11,0.09438414346389806,0.10830324909747292,0.08363534987454697,0.08363534987454697,0.9991437652765968,33,3712
MPNet-Personality,768,5,2,0.3447827500270885,0.28199220134704006,0.4435461388346808,0.4435461388346808,0.9985957057228718,228,2064
MPNet-Personality,768,5,3,0.3008036739380023,0.2557095451883662,0.3652076944521885,0.3652076944521885,0.9986782093116047,169,2502
MPNet-Personality,768,5,4,0.0024655852937732915,0.0012343976277498104,0.9481460830777809,0.9481460830777809,0.0460820674983352,2,135
MPNet-Personality,768,5,5,0.002486257846061752,0.001244795290779845,0.9286311681070533,0.9286311681070533,0.07352941686255492,2,200
MPNet-Personality,768,5,6,0.1979244999248007,0.21489222730241672,0.18344020072483969,0.18344020072483969,0.999166644423052,70,3328
MPNet-Personality,768,5,7,0.17235876157037983,0.20156774916013437,0.15054362977418456,0.15054362977418456,0.9992585076626075,58,3457
MPNet-Personality,768,5,8,0.13720087019579405,0.14298669891172913,0.1318650683022024,0.1318650683022024,0.9990172366636242,43,3504
MPNet-Personality,768,5,9,0.004065215680626679,0.0020434909811742085,0.38165597992751604,0.38165597992751604,0.768240139521195,3,2238
MPNet-Personality,768,5,10,0.004295212863012998,0.0021617551174088327,0.32812935600780596,0.32812935600780596,0.8116671860695117,2,2447
MPNet-Personality,768,5,11,0.09159599074787972,0.10248447204968944,0.0827989963758015,0.0827989963758015,0.9990983536374203,27,3725
MPNet-Personality,768,6,2,0.29475251209527353,0.22119815668202766,0.441594647337608,0.441594647337608,0.9980667121245264,179,2095
MPNet-Personality,768,6,3,0.2730994799159013,0.22642201834862385,0.3440200724839699,0.3440200724839699,0.9985385078567336,132,2591
MPNet-Personality,768,6,4,0.24230517354289458,0.22850790513833993,0.2578756621131865,0.2578756621131865,0.9989174003881829,92,3023
MPNet-Personality,768,6,5,0.2172998738258797,0.218556119571348,0.216057987175913,0.216057987175913,0.9990394225026111,70,3216
MPNet-Personality,768,6,6,0.19295327385452896,0.2108393919365499,0.17786451073320322,0.17786451073320322,0.9991721908827988,62,3368
MPNet-Personality,768,6,7,0.16396423700560692,0.17961487383798141,0.1508224142737664,0.1508224142737664,0.9991434186228626,49,3456
MPNet-Personality,768,6,8,0.13699421965317918,0.1422142214221422,0.13214385280178423,0.13214385280178423,0.9990089169740041,39,3511
MPNet-Personality,768,6,9,0.0040622642966165615,0.002042007436608954,0.3813771954279342,0.3813771954279342,0.7682408328286633,2,2243
MPNet-Personality,768,6,10,0.004295212863012998,0.0021617551174088327,0.32812935600780596,0.32812935600780596,0.8116671860695117,2,2447
MPNet-Personality,768,6,11,0.09109155473212907,0.10207612456747404,0.08224142737663787,0.08224142737663787,0.9991004335598254,25,3735
MPNet-Personality,768,7,2,0.26862975340980944,0.198690539818279,0.41455255087817117,0.41455255087817117,0.9979211175561744,140,2249
MPNet-Personality,768,7,3,0.24820406038521603,0.19807244931871054,0.3323111235015333,0.3323111235015333,0.998327049078889,107,2676
MPNet-Personality,768,7,4,0.22876779577810505,0.20434115325586494,0.25982715361025926,0.25982715361025926,0.9987419935986921,75,3045
MPNet-Personality,768,7,5,0.2068582535054838,0.2060287610619469,0.20769445218845833,0.20769445218845833,0.999004757129194,60,3253
MPNet-Personality,768,7,6,0.1857268207078093,0.19532451553368194,0.17702815723445775,0.17702815723445775,0.9990931538314077,55,3378
MPNet-Personality,768,7,7,0.15256036083841867,0.14553277651227536,0.16030108725954836,0.16030108725954836,0.9988296969934375,40,3430
MPNet-Personality,768,7,8,0.13598144389678168,0.1416490486257928,0.1307499303038751,0.1307499303038751,0.999014810087485,36,3529
MPNet-Personality,768,7,9,0.0040622642966165615,0.002042007436608954,0.3813771954279342,0.3813771954279342,0.7682408328286633,2,2243
MPNet-Personality,768,7,10,0.004295212863012998,0.0021617551174088327,0.32812935600780596,0.32812935600780596,0.8116671860695117,2,2447
MPNet-Personality,768,7,11,0.004523242540711321,0.0022790967194363005,0.294954000557569,0.294954000557569,0.8394435098274601,3,2591
MPNet-Personality,768,8,2,0.2372827044780902,0.1664793165467626,0.4128798438806802,0.4128798438806802,0.9974295625611194,112,2302
MPNet-Personality,768,8,3,0.22436983162299493,0.1745736434108527,0.313911346529133,0.313911346529133,0.9981544155192716,83,2774
MPNet-Personality,768,8,4,0.21507631364324828,0.18474779823859086,0.25731809311402287,0.25731809311402287,0.99858807934072,61,3074
MPNet-Personality,768,8,5,0.20429807423946414,0.20452640402347025,0.20407025369389462,0.20407025369389462,0.9990130768188141,56,3281
MPNet-Personality,768,8,6,0.003335260527078808,0.0016728393072825548,0.5355450236966824,0.5355450236966824,0.6025871461488677,2,1596
MPNet-Personality,768,8,7,0.0035135313150939824,0.0017632749190412,0.4758851407861723,0.4758851407861723,0.6650014576789522,2,1812
MPNet-Personality,768,8,8,0.13509587449157467,0.1410373066424022,0.1296347923055478,0.1296347923055478,0.9990182766248267,34,3543
MPNet-Personality,768,8,9,0.0040622642966165615,0.002042007436608954,0.3813771954279342,0.3813771954279342,0.7682408328286633,2,2243
MPNet-Personality,768,8,10,0.004295212863012998,0.0021617551174088327,0.32812935600780596,0.32812935600780596,0.8116671860695117,2,2447
MPNet-Personality,768,8,11,0.004523242540711321,0.0022790967194363005,0.294954000557569,0.294954000557569,0.8394435098274601,3,2591
MPNet-Personality,768,9,2,0.23184402924451666,0.16359050785280294,0.39782548090326175,0.39782548090326175,0.9974708143554858,98,2414
MPNet-Personality,768,9,3,0.21750450630883236,0.16971401781528364,0.30275996654586007,0.30275996654586007,0.9981582287103475,72,2854
MPNet-Personality,768,9,4,0.2124163830536322,0.18342115930279693,0.25229997212155003,0.25229997212155003,0.9986033321050236,55,3122
MPNet-Personality,768,9,5,0.0029961624228595136,0.0015015727203676547,0.6442709785335935,0.6442709785335935,0.4672826472420402,2,1178
MPNet-Personality,768,9,6,0.003335260527078808,0.0016728393072825548,0.5355450236966824,0.5355450236966824,0.6025871461488677,2,1596
MPNet-Personality,768,9,7,0.147932131495228,0.14101592115238817,0.15556175076665738,0.15556175076665738,0.9988217239575515,34,3462
MPNet-Personality,768,9,8,0.1343609131888905,0.14042553191489363,0.12879843880680233,0.12879843880680233,0.9990196632397634,33,3551
MPNet-Personality,768,9,9,0.0040622642966165615,0.002042007436608954,0.3813771954279342,0.3813771954279342,0.7682408328286633,2,2243
MPNet-Personality,768,9,10,0.004295212863012998,0.0021617551174088327,0.32812935600780596,0.32812935600780596,0.8116671860695117,2,2447
MPNet-Personality,768,9,11,0.08437025796661608,0.09257409257409258,0.07750209088374686,0.07750209088374686,0.999055368574383,20,3744
MPNet-Personality,768,10,2,0.21196190476190477,0.14583770182428182,0.3877892389183161,0.3877892389183161,0.997175812027706,82,2473
MPNet-Personality,768,10,3,0.1979261415317446,0.14688807884433644,0.3033175355450237,0.3033175355450237,0.9978094950537711,59,2856
MPNet-Personality,768,10,4,0.0028402123261273256,0.0014229003580289374,0.7231669919152495,0.7231669919152495,0.368936636203892,2,889
MPNet-Personality,768,10,5,0.15081897468623698,0.12192605331040413,0.19765821020351268,0.19765821020351268,0.998229986033321,40,3295
MPNet-Personality,768,10,6,0.14783526927138332,0.12763371150729336,0.17563423473654866,0.17563423473654866,0.9985073090206581,36,3385
MPNet-Personality,768,10,7,0.11585567692816948,0.09587289992695398,0.1463618622804572,0.1463618622804572,0.9982837173621176,29,3458
MPNet-Personality,768,10,8,0.12283195905601364,0.12532637075718014,0.12043490381934764,0.12043490381934764,0.9989548389914733,29,3566
MPNet-Personality,768,10,9,0.09749739311783108,0.09155446756425949,0.10426540284360189,0.10426540284360189,0.9987135679924901,19,3675
MPNet-Personality,768,10,10,0.0864385297845374,0.07924703695096444,0.09506551435740172,0.09506551435740172,0.998626557905213,18,3676
MPNet-Personality,768,10,11,0.007035543343378833,0.0035890914229193163,0.17702815723445775,0.17702815723445775,0.9388884132029315,4,3184
MPNet-Personality,768,11,2,0.20185922974767595,0.1372529346844587,0.3813771954279342,0.3813771954279342,0.9970191245398605,72,2517
MPNet-Personality,768,11,3,0.1940759585680538,0.14395471087747674,0.29774184555338723,0.29774184555338723,0.9977984021342777,55,2885
MPNet-Personality,768,11,4,0.0028402123261273256,0.0014229003580289374,0.7231669919152495,0.7231669919152495,0.368936636203892,2,889
MPNet-Personality,768,11,5,0.14768776993574212,0.11869285472400948,0.1954279342068581,0.1954279342068581,0.9981956673136381,37,3311
MPNet-Personality,768,11,6,0.14469078179696615,0.1244230383303231,0.1728463897407304,0.1728463897407304,0.9984875497578104,33,3399
MPNet-Personality,768,11,7,0.00426741419415796,0.002145747204550746,0.3802620574296069,0.3802620574296069,0.7801133765702981,2,2273
MPNet-Personality,768,11,8,0.005385235982250908,0.0027171908114172897,0.29774184555338723,0.29774184555338723,0.8641169360108406,3,2670
MPNet-Personality,768,11,9,0.09749739311783108,0.09155446756425949,0.10426540284360189,0.10426540284360189,0.9987135679924901,19,3675
MPNet-Personality,768,11,10,0.0864385297845374,0.07924703695096444,0.09506551435740172,0.09506551435740172,0.998626557905213,18,3676
MPNet-Personality,768,11,11,0.007035543343378833,0.0035890914229193163,0.17702815723445775,0.17702815723445775,0.9388884132029315,4,3184
MPNet-Personality,2,2,2,0.07957455190072878,0.13557046979865772,0.0563144689155283,0.0563144689155283,0.9995535099903873,1440,304
MPNet-Personality,2,2,3,0.10769466115955331,0.11932203389830509,0.09813214385280178,0.09813214385280178,0.9990993935986228,807,536
MPNet-Personality,2,2,4,0.12527052832590707,0.11527647610121837,0.13716197379425704,0.13716197379425704,0.998691035499769,575,728
MPNet-Personality,2,2,5,0.129136400322841,0.11010617381046009,0.15611931976582102,0.15611931976582102,0.9984310451991404,452,968
MPNet-Personality,2,2,6,0.147729487429351,0.11355805243445694,0.21131865068302202,0.21131865068302202,0.9979488498549081,364,1024
MPNet-Personality,2,2,7,0.15244975456145227,0.11414701803051318,0.22943964315584053,0.22943964315584053,0.9977859225998476,331,1140
MPNet-Personality,2,2,8,0.1614550667502912,0.11895959862688144,0.25118483412322273,0.25118483412322273,0.9976867796318746,292,1288
MPNet-Personality,2,2,9,0.14945550131430718,0.10228207236842106,0.2773905770839141,0.2773905770839141,0.9969726729394816,246,1289
MPNet-Personality,2,2,10,0.141787456206636,0.09407474931631724,0.2877056035684416,0.2877056035684416,0.9965549551898051,226,1362
MPNet-Personality,2,2,11,0.13874992465794708,0.08851122731467241,0.3208809590186786,0.3208809590186786,0.9958911132888669,189,1315
MPNet-Personality,2,3,2,0.1136608655475127,0.12697866483138334,0.10287148034569278,0.10287148034569278,0.9991205394764072,847,372
MPNet-Personality,2,3,3,0.11243117936829905,0.11704374057315234,0.10816838583774742,0.10816838583774742,0.9989853445200805,736,510
MPNet-Personality,2,3,4,0.12918546663500355,0.1125129265770424,0.15165876777251186,0.15165876777251186,0.9985125088266708,490,715
MPNet-Personality,2,3,5,0.13398268398268398,0.1094993808597205,0.1725676052411486,0.1725676052411486,0.9982549451021814,386,943
MPNet-Personality,2,3,6,0.15261422515308526,0.11525327262379055,0.22581544466127684,0.22581544466127684,0.9978445070809225,305,1026
MPNet-Personality,2,3,7,0.15286952045980956,0.1104089219330855,0.24839698912740452,0.24839698912740452,0.9975113728423838,262,1110
MPNet-Personality,2,3,8,0.15198898160900914,0.10712654179990863,0.2614998606077502,0.2614998606077502,0.9972898611062483,232,1249
MPNet-Personality,2,3,9,0.14614709259134193,0.0964349376114082,0.3016448285475328,0.3016448285475328,0.9964856244429707,192,1228
MPNet-Personality,2,3,10,0.14018747387903754,0.08919617079471205,0.3272930025090605,0.3272930025090605,0.9958443150347538,164,1237
MPNet-Personality,2,3,11,0.13705820599556748,0.0866583081348182,0.3275717870086423,0.3275717870086423,0.995707040156022,152,1304
MPNet-Personality,2,4,2,0.12489158716392021,0.11239964317573595,0.1405073877892389,0.1405073877892389,0.998620318137998,585,389
MPNet-Personality,2,4,3,0.12810304449648713,0.11043811831213406,0.1524951212712573,0.1524951212712573,0.998472643647241,535,438
MPNet-Personality,2,4,4,0.13602187286397813,0.11500674243883645,0.16643434625034847,0.16643434625034847,0.9984074727452168,463,695
MPNet-Personality,2,4,5,0.14095315024232632,0.1104954883647301,0.19459158070811264,0.19459158070811264,0.9980521526676911,356,883
MPNet-Personality,2,4,6,0.15451029768864105,0.11404673393520977,0.23947588514078616,0.23947588514078616,0.9976867796318746,284,1008
MPNet-Personality,2,4,7,0.1526704593699584,0.10976800976800977,0.2506272651240591,0.2506272651240591,0.9974725476241566,248,1127
MPNet-Personality,2,4,8,0.15076157911097296,0.10451459971985777,0.27042096459436854,0.27042096459436854,0.9971189608153018,215,1217
MPNet-Personality,2,4,9,0.14316374195177375,0.09253365973072215,0.3161416225257876,0.3161416225257876,0.9961448638222803,177,1172
MPNet-Personality,2,4,10,0.14053803339517626,0.08871971305175316,0.3378868134931698,0.3378868134931698,0.9956845076633007,157,1198
MPNet-Personality,2,4,11,0.13614374568071874,0.08579516585613704,0.32952327850571506,0.32952327850571506,0.9956338962181117,147,1306
MPNet-Personality,2,5,2,0.1349899968411077,0.10846023688663282,0.1787008642319487,0.1787008642319487,0.9981734814746511,447,423
MPNet-Personality,2,5,3,0.1368250101502233,0.10758180367118915,0.18790075271814888,0.18790075271814888,0.998061858972248,416,497
MPNet-Personality,2,5,4,0.13769222935125777,0.10847240051347883,0.18845832171731253,0.18845832171731253,0.998073991852944,380,687
MPNet-Personality,2,5,5,0.13946559910622847,0.10469667318982387,0.2088095901867856,0.2088095901867856,0.9977796828326324,325,840
MPNet-Personality,2,5,6,0.15282854656222802,0.11109705175249905,0.24477279063284083,0.24477279063284083,0.9975647575174462,273,981
MPNet-Personality,2,5,7,0.15530629853321828,0.10805500982318271,0.27599665458600503,0.27599665458600503,0.9971671456843517,234,1074
MPNet-Personality,2,5,8,0.14761049227452389,0.09943841982958947,0.28631168107053245,0.28631168107053245,0.9967757736184722,199,1188
MPNet-Personality,2,5,9,0.143617346626705,0.09199185080708353,0.3272930025090605,0.3272930025090605,0.9959829765284223,168,1135
MPNet-Personality,2,5,10,0.13442405483086448,0.08383316097897277,0.3390019514914971,0.3390019514914971,0.9953933185265968,150,1183
MPNet-Personality,2,5,11,0.13296720705497175,0.08201954397394137,0.35098968497351546,0.35098968497351546,0.9951153022317915,138,1265
MPNet-Personality,2,6,2,0.15984963751901907,0.11771684682309518,0.24895455812656817,0.24895455812656817,0.9976798465571911,360,429
MPNet-Personality,2,6,3,0.16100495399858458,0.1179214720746404,0.2536938946194592,0.2536938946194592,0.9976403280314956,341,510
MPNet-Personality,2,6,4,0.16305173432357162,0.11692084241103849,0.26930582659604124,0.26930582659604124,0.9974708143554858,309,642
MPNet-Personality,2,6,5,0.1541038525963149,0.10793296089385475,0.26930582659604124,0.26930582659604124,0.9972323165863759,281,735
MPNet-Personality,2,6,6,0.1554513102555807,0.10949071436709581,0.26791190409813215,0.26791190409813215,0.9972905544137167,262,911
MPNet-Personality,2,6,7,0.15339762278537789,0.10480081716036772,0.28603289657095066,0.28603289657095066,0.9969619266737222,220,1042
MPNet-Personality,2,6,8,0.1461967653082845,0.09790011350737798,0.28854195706718705,0.28854195706718705,0.9966939633372077,190,1189
MPNet-Personality,2,6,9,0.1401792991035045,0.08858803620042675,0.3356565374965152,0.3356565374965152,0.9957060001948194,162,1106
MPNet-Personality,2,6,10,0.13436549626762512,0.08380466271209822,0.33872316699191524,0.33872316699191524,0.9953953984490018,148,1193
MPNet-Personality,2,6,11,0.13196300102774922,0.08089208089208089,0.35795929746306104,0.35795929746306104,0.9949426686721741,135,1237
MPNet-Personality,2,7,2,0.161292942418582,0.11379784551913821,0.2768330080847505,0.2768330080847505,0.9973193266736529,297,511
MPNet-Personality,2,7,3,0.1557442717513219,0.10927487352445193,0.2709785335935322,0.2709785335935322,0.9972534624641604,287,563
MPNet-Personality,2,7,4,0.15947656025309176,0.1074508284081,0.309172010036242,0.309172010036242,0.9968066258008135,259,598
MPNet-Personality,2,7,5,0.15322462171294257,0.10401914829959111,0.29077223306384165,0.29077223306384165,0.9968856628522045,252,711
MPNet-Personality,2,7,6,0.1511309609566345,0.10189412336085478,0.2924449400613326,0.2924449400613326,0.9967948395738516,223,901
MPNet-Personality,2,7,7,0.15162144749087264,0.10200346753997303,0.29523278505715084,0.29523278505715084,0.9967681472363205,206,1028
MPNet-Personality,2,7,8,0.1405932046617747,0.09026128266033254,0.3178143295232785,0.3178143295232785,0.9960169485943711,176,1107
MPNet-Personality,2,7,9,0.13572070049393803,0.08496732026143791,0.3370504599944243,0.3370504599944243,0.995486568381089,157,1094
MPNet-Personality,2,7,10,0.13557275371864538,0.08440404592673592,0.3442988569835517,0.3442988569835517,0.9953558799233063,146,1187
MPNet-Personality,2,7,11,0.13026627070015603,0.07948402948402948,0.3607471424588793,0.3607471424588793,0.9948050471397081,133,1217
MPNet-Personality,2,8,2,0.1533070521243977,0.10384729502522005,0.2927237245609144,0.2927237245609144,0.9968589705146733,257,555
MPNet-Personality,2,8,3,0.15498575498575498,0.10408495168851048,0.3033175355450237,0.3033175355450237,0.9967535877794852,245,570
MPNet-Personality,2,8,4,0.15598548972188633,0.10275245596955483,0.32366880401449677,0.32366880401449677,0.9964856244429707,233,600
MPNet-Personality,2,8,5,0.1497668221185876,0.09839796900989232,0.31335377752996935,0.31335377752996935,0.9964298131917692,217,739
MPNet-Personality,2,8,6,0.15204359673024523,0.1006039844947264,0.31112350153331475,0.31112350153331475,0.9965414356941724,198,910
MPNet-Personality,2,8,7,0.14300840859545313,0.09207571382739814,0.3200446055199331,0.3200446055199331,0.9960758797291802,181,949
MPNet-Personality,2,8,8,0.14138802374096493,0.08957557706626955,0.3353777529969334,0.3353777529969334,0.9957614647922868,167,1054
MPNet-Personality,2,8,9,0.13211466555878687,0.08117939881294275,0.35461388346807915,0.35461388346807915,0.995009226189135,150,1028
MPNet-Personality,2,8,10,0.1302320867538259,0.07958134638013253,0.3582380819626429,0.3582380819626429,0.9948480322027453,141,1118
MPNet-Personality,2,8,11,0.11876256226514026,0.07041815638115964,0.3788681349316978,0.3788681349316978,0.9937810320089658,125,1148
MPNet-Personality,2,9,2,0.14854041172966176,0.09739583333333333,0.3127962085308057,0.3127962085308057,0.9963954944720862,232,570
MPNet-Personality,2,9,3,0.14558239468715412,0.09497111790689772,0.3116810705324784,0.3116810705324784,0.9963067511161383,224,595
MPNet-Personality,2,9,4,0.15232652046965273,0.09800159872102318,0.3417897964873153,0.3417897964873153,0.9960883592636104,209,599
MPNet-Personality,2,9,5,0.14685357870684865,0.09432016500079328,0.33147477000278786,0.33147477000278786,0.9960422543169656,191,756
MPNet-Personality,2,9,6,0.13770826249574974,0.08642150935343908,0.33872316699191524,0.33872316699191524,0.9955475794383031,171,842
MPNet-Personality,2,9,7,0.12977060236039442,0.07944451394970599,0.3540563144689155,0.3540563144689155,0.9948986436479343,159,863
MPNet-Personality,2,9,8,0.13362314340423329,0.08204117946110828,0.35991078896013384,0.35991078896013384,0.9949925868098948,150,973
MPNet-Personality,2,9,9,0.13254965545196595,0.08099572728961546,0.36465012545302483,0.36465012545302483,0.9948553119311628,143,1028
MPNet-Personality,2,9,10,0.12696464813328928,0.07642045454545454,0.37496515193755225,0.37496515193755225,0.9943651435510446,130,1088
MPNet-Personality,2,9,11,0.11599850752456366,0.06813090484075192,0.3900195149149707,0.3900195149149707,0.9933667807966311,114,1126
MPNet-Personality,2,10,2,0.14384656366542356,0.09131218998947843,0.33872316699191524,0.33872316699191524,0.9958086097001341,199,610
MPNet-Personality,2,10,3,0.13700477662264682,0.08579673423423423,0.33983830499024253,0.33983830499024253,0.9954973146468482,191,610
MPNet-Personality,2,10,4,0.1443628938800287,0.08999587174900234,0.36465012545302483,0.36465012545302483,0.9954151577118496,184,610
MPNet-Personality,2,10,5,0.141287284144427,0.08842725805319672,0.3512684694730973,0.3512684694730973,0.9954973146468482,177,706
MPNet-Personality,2,10,6,0.12882640343005286,0.07844089612045413,0.36018957345971564,0.36018957345971564,0.994738142969013,153,815
MPNet-Personality,2,10,7,0.12697313078331438,0.07718686078690891,0.35768051296347925,0.35768051296347925,0.9946826783715456,145,896
MPNet-Personality,2,10,8,0.13254403696217154,0.08010005235297539,0.38388625592417064,0.38388625592417064,0.9945180178478141,133,978
MPNet-Personality,2,10,9,0.12808590192224725,0.07734166956119023,0.37245609144131586,0.37245609144131586,0.9944750327847769,133,1027
MPNet-Personality,2,10,10,0.12555106539309333,0.07515531365110781,0.3810984109283524,0.3810984109283524,0.9941685908837694,121,1098
MPNet-Personality,2,10,11,0.11476840101522842,0.06690092006102917,0.40340117089489824,0.40340117089489824,0.9930038343369537,106,1099
MPNet-Personality,2,11,2,0.135126582278481,0.08332791257399337,0.3571229439643156,0.3571229439643156,0.9951149555780572,178,606
MPNet-Personality,2,11,3,0.13049036150738866,0.07989981214777708,0.35572902146640645,0.35572902146640645,0.994906270030086,172,609
MPNet-Personality,2,11,4,0.13231231522318615,0.08007743752199929,0.38054084192918874,0.38054084192918874,0.9945641227944589,158,639
MPNet-Personality,2,11,5,0.12879312049026392,0.07827236138643599,0.3632562029551157,0.3632562029551157,0.9946809451028747,148,788
MPNet-Personality,2,11,6,0.12196358607974188,0.07306163021868788,0.36883189294675217,0.36883189294675217,0.9941814170719337,140,818
MPNet-Personality,2,11,7,0.11669887742094659,0.06844491607177311,0.3955952049066072,0.3955952049066072,0.9933050764319485,130,804
MPNet-Personality,2,11,8,0.1214469230455528,0.07112830801566829,0.4151101198773348,0.4151101198773348,0.993259318139038,121,915
MPNet-Personality,2,11,9,0.12378808068740522,0.07410871478873239,0.3755227209367159,0.3755227209367159,0.9941661643076303,124,1054
MPNet-Personality,2,11,10,0.1160031225604996,0.06744428811328462,0.41427376637858937,0.41427376637858937,0.9928773057239811,107,1043
MPNet-Personality,2,11,11,0.1146486701071854,0.06684256816182937,0.4025648173961528,0.4025648173961528,0.9930118073728396,104,1119
MPNet-Personality,5,2,2,0.37892976588628763,0.4734642707898036,0.31586283802620574,0.31586283802620574,0.999563216294944,1104,833
MPNet-Personality,5,2,3,0.3983214245208121,0.33575525812619506,0.48954558126568165,0.48954558126568165,0.9987957249274887,573,857
MPNet-Personality,5,2,4,0.36351441985244803,0.2769343065693431,0.5288541957067187,0.5288541957067187,0.9982830240546493,408,935
MPNet-Personality,5,2,5,0.33895403577848154,0.24456521739130435,0.5519933091720101,0.5519933091720101,0.997879865761808,344,961
MPNet-Personality,5,2,6,0.3252339517320637,0.2304828388598022,0.5522720936715919,0.5522720936715919,0.9977072322021906,295,1040
MPNet-Personality,5,2,7,0.3001404713594506,0.20841010079115638,0.5361025926958461,0.5361025926958461,0.9974680411256124,272,1116
MPNet-Personality,5,2,8,0.27770322762906985,0.18596292092319333,0.5480903261778645,0.5480903261778645,0.9970166979637213,225,1141
MPNet-Personality,5,2,9,0.2677322677322677,0.17588379418970948,0.5603568441594647,0.5603568441594647,0.9967352151315741,201,1163
MPNet-Personality,5,2,10,0.25008044275693414,0.1625669344042838,0.5416782826874825,0.5416782826874825,0.9965303427746789,185,1225
MPNet-Personality,5,2,11,0.2483544819162652,0.16412556053811658,0.5101756342347366,0.5101756342347366,0.9967691871975229,181,1369
MPNet-Personality,5,3,2,0.39975816203143894,0.3529788597053171,0.4608307778087538,0.4608307778087538,0.9989496391854608,618,782
MPNet-Personality,5,3,3,0.4048764837985242,0.3284177654406662,0.5277390577083915,0.5277390577083915,0.9986581033950227,516,802
MPNet-Personality,5,3,4,0.37486457204767065,0.27720656963546536,0.5787566211318651,0.5787566211318651,0.9981235633369304,371,852
MPNet-Personality,5,3,5,0.33697322656313194,0.23735186873290792,0.5807081126289378,0.5807081126289378,0.9976798465571911,308,896
MPNet-Personality,5,3,6,0.32475585180592154,0.22490606548577563,0.5840535266239197,0.5840535266239197,0.9974971600392828,266,963
MPNet-Personality,5,3,7,0.3080572233340746,0.20981421647819062,0.5793141901310287,0.5793141901310287,0.997287087876375,237,1026
MPNet-Personality,5,3,8,0.2696540880503145,0.17624389826153977,0.5737385001393922,0.5737385001393922,0.9966655377310057,200,1059
MPNet-Personality,5,3,9,0.2605074320861097,0.16912070543216037,0.5667688876498467,0.5667688876498467,0.9965376225030965,179,1147
MPNet-Personality,5,3,10,0.2482758620689655,0.160582746767065,0.5469751881795372,0.5469751881795372,0.9964447193023386,165,1231
MPNet-Personality,5,3,11,0.2443101453002443,0.15876995069775215,0.5296905492054642,0.5296905492054642,0.9965102368580969,154,1326
MPNet-Personality,5,4,2,0.3863231850117096,0.2909142212189616,0.5748536381377195,0.5748536381377195,0.9982577183320548,424,691
MPNet-Personality,5,4,3,0.3663564408106463,0.26624525916561315,0.5871201561193198,0.5871201561193198,0.9979880217268694,385,721
MPNet-Personality,5,4,4,0.36311389759665624,0.26402431303026463,0.5812656816281014,0.5812656816281014,0.9979852484969961,364,821
MPNet-Personality,5,4,5,0.3357606458762071,0.23444235658229248,0.5913019236130471,0.5913019236130471,0.9975990762371292,297,869
MPNet-Personality,5,4,6,0.32141775219630414,0.22065093064365188,0.591580708112629,0.591580708112629,0.9974018302623857,255,945
MPNet-Personality,5,4,7,0.29865028922373776,0.2007488479262673,0.5829383886255924,0.5829383886255924,0.9971141076630234,228,1008
MPNet-Personality,5,4,8,0.2679245283018868,0.1747432742086056,0.5740172846389741,0.5740172846389741,0.9966291390889177,196,1056
MPNet-Personality,5,4,9,0.2545409305797462,0.16382416526543359,0.5703930861444104,0.5703930861444104,0.9963798950540486,176,1120
MPNet-Personality,5,4,10,0.24647282542019383,0.15800235941801022,0.5600780596598829,0.5600780596598829,0.9962887251219614,161,1199
MPNet-Personality,5,4,11,0.2433249370277078,0.1571626128691125,0.5386116531920825,0.5386116531920825,0.9964083206602505,152,1310
MPNet-Personality,5,5,2,0.35603892386949054,0.2519092802591993,0.6069138555896292,0.6069138555896292,0.9977588836085822,340,664
MPNet-Personality,5,5,3,0.34604430379746837,0.24157737766486248,0.6097017005854475,0.6097017005854475,0.9976198754611795,327,703
MPNet-Personality,5,5,4,0.3342397638101158,0.2316889271865575,0.5996654586005018,0.5996654586005018,0.9975273189141557,307,777
MPNet-Personality,5,5,5,0.33464072795732663,0.23283484335771204,0.594647337608029,0.594647337608029,0.9975637175562437,289,865
MPNet-Personality,5,5,6,0.31662347278785635,0.21556765476910666,0.5960412601059382,0.5960412601059382,0.9973030339481468,249,924
MPNet-Personality,5,5,7,0.294368660370759,0.1964886066492342,0.5865625871201561,0.5865625871201561,0.9970173912711896,222,993
MPNet-Personality,5,5,8,0.2658260422027792,0.17278581584009367,0.5759687761360468,0.5759687761360468,0.9965712479153112,193,1042
MPNet-Personality,5,5,9,0.25354359698103945,0.16254917387883555,0.5759687761360468,0.5759687761360468,0.99631021765348,173,1101
MPNet-Personality,5,5,10,0.24704034791012322,0.1576837073020279,0.5701143016448286,0.5701143016448286,0.996213154607912,158,1178
MPNet-Personality,5,5,11,0.2430417495029821,0.1563674154608682,0.5453024811820463,0.5453024811820463,0.9963417631432897,147,1300
MPNet-Personality,5,6,2,0.3196405648267009,0.21475802587446094,0.624756063562866,0.624756063562866,0.9971595193021999,291,615
MPNet-Personality,5,6,3,0.31642085950179943,0.2118291761148904,0.6250348480624477,0.6250348480624477,0.9971082145495426,280,671
MPNet-Personality,5,6,4,0.31725324349508993,0.2135275955229641,0.6169500975745749,0.6169500975745749,0.9971744254127692,267,764
MPNet-Personality,5,6,5,0.3229656149772507,0.2204684317718941,0.6035684415946473,0.6035684415946473,0.9973463656649183,261,870
MPNet-Personality,5,6,6,0.3146964856230032,0.21276386843397152,0.604126010593811,0.604126010593811,0.997220530359414,243,904
MPNet-Personality,5,6,7,0.2824,0.18557784982038028,0.5904655701143017,0.5904655701143017,0.9967778535408772,216,962
MPNet-Personality,5,6,8,0.26536560638702317,0.17170971709717098,0.5837747421243379,0.5837747421243379,0.9964984506311351,189,1022
MPNet-Personality,5,6,9,0.25258141382049243,0.16173708920187793,0.5762475606356287,0.5762475606356287,0.9962862985458223,168,1109
MPNet-Personality,5,6,10,0.2473008022196755,0.15778940886699508,0.5715082241427376,0.5715082241427376,0.996206914840697,156,1180
MPNet-Personality,5,6,11,0.24274114173228348,0.15573446996605889,0.5500418176749373,0.5500418176749373,0.9962921916593032,144,1291
MPNet-Personality,5,7,2,0.3003507843007479,0.19692761673320605,0.6325620295511569,0.6325620295511569,0.9967924129977125,253,621
MPNet-Personality,5,7,3,0.30180180180180183,0.19793205317577547,0.6350710900473934,0.6350710900473934,0.9968000393798642,243,682
MPNet-Personality,5,7,4,0.30597576836196866,0.20277626565051715,0.623083356565375,0.623083356565375,0.9969539536378362,235,789
MPNet-Personality,5,7,5,0.29070967741935483,0.18912112817929994,0.6281014775578477,0.6281014775578477,0.9966513249279046,223,820
MPNet-Personality,5,7,6,0.2875299915699371,0.187341558222072,0.6180652355729022,0.6180652355729022,0.9966662310384741,222,852
MPNet-Personality,5,7,7,0.2781595654165849,0.18174820390010263,0.5924170616113744,0.5924170616113744,0.9966835637251826,207,972
MPNet-Personality,5,7,8,0.2566929133858268,0.16397121411436974,0.5907443546138834,0.5907443546138834,0.9962547530560126,184,986
MPNet-Personality,5,7,9,0.2518265952264978,0.1610968294772922,0.5765263451352105,0.5765263451352105,0.9962668859367086,166,1109
MPNet-Personality,5,7,10,0.24655737704918032,0.15680922050348803,0.5765263451352105,0.5765263451352105,0.9961452104760145,153,1174
MPNet-Personality,5,7,11,0.23613829093281147,0.1499698704429045,0.5550599386674101,0.5550599386674101,0.9960880126098762,137,1281
MPNet-Personality,5,8,2,0.2830649708664871,0.1825602068854049,0.6297741845553387,0.6297741845553387,0.9964935974788567,222,672
MPNet-Personality,5,8,3,0.27836573960127986,0.17860244769048558,0.6306105380540842,0.6306105380540842,0.9963937612034154,215,721
MPNet-Personality,5,8,4,0.2717973697028738,0.1738724000934798,0.6222470030666295,0.6222470030666295,0.9963237371491127,209,793
MPNet-Personality,5,8,5,0.27059105622827,0.17235586101565484,0.629216615556175,0.629216615556175,0.9962429668290508,201,815
MPNet-Personality,5,8,6,0.26298303899283093,0.1662490788504053,0.6289378310565933,0.6289378310565933,0.9960779596515853,194,812
MPNet-Personality,5,8,7,0.25634352635003255,0.16268768768768768,0.604126010593811,0.604126010593811,0.9961337709027869,185,904
MPNet-Personality,5,8,8,0.25556024350551504,0.16302676099661642,0.5910231391134653,0.5910231391134653,0.996227020757279,181,987
MPNet-Personality,5,8,9,0.24689017888875725,0.15675065814215872,0.5809868971285197,0.5809868971285197,0.9961136649862049,161,1096
MPNet-Personality,5,8,10,0.24618490588444866,0.1564056133997284,0.5779202676331195,0.5779202676331195,0.9961240645982301,151,1168
MPNet-Personality,5,8,11,0.23530102790014684,0.1490549188867391,0.558405352662392,0.558405352662392,0.9960360145497505,136,1270
MPNet-Personality,5,9,2,0.2585308455202555,0.161781206171108,0.6431558405352662,0.6431558405352662,0.9958564479154498,196,639
MPNet-Personality,5,9,3,0.25214930895636084,0.15664931377188832,0.6459436855310845,0.6459436855310845,0.9956758413199465,192,675
MPNet-Personality,5,9,4,0.25939638729945025,0.1623709530163635,0.6445497630331753,0.6445497630331753,0.9958654609125382,189,744
MPNet-Personality,5,9,5,0.2542270861833105,0.15815631808278868,0.6476163925285754,0.6476163925285754,0.9957136265769712,182,769
MPNet-Personality,5,9,6,0.24975567379737212,0.1550805744723889,0.6412043490381935,0.6412043490381935,0.9956560820570988,175,797
MPNet-Personality,5,9,7,0.25173780662951684,0.1585383502170767,0.6108168385837748,0.6108168385837748,0.9959687637253213,173,918
MPNet-Personality,5,9,8,0.24764044943820224,0.1550693027510026,0.6144410370783384,0.6144410370783384,0.9958370353063362,166,973
MPNet-Personality,5,9,9,0.2456861133935908,0.15560181399152478,0.583495957624756,0.583495957624756,0.9960627068872817,157,1084
MPNet-Personality,5,9,10,0.24500117619383674,0.15525080122232987,0.5807081126289378,0.5807081126289378,0.9960710265769018,148,1164
MPNet-Personality,5,9,11,0.23190742126777592,0.14613263677260194,0.561471982157792,0.561471982157792,0.9959205788562715,134,1250
MPNet-Personality,5,10,2,0.2517129858027737,0.1566593886462882,0.6400892110398662,0.6400892110398662,0.9957153598456421,186,654
MPNet-Personality,5,10,3,0.23871297242083758,0.14612643031326206,0.651519375522721,0.651519375522721,0.995266096606156,175,661
MPNet-Personality,5,10,4,0.24439624005784527,0.14998415213946117,0.6596041260105938,0.6596041260105938,0.9953517200784963,168,699
MPNet-Personality,5,10,5,0.24131757966344433,0.14776998246053621,0.6576526345135211,0.6576526345135211,0.9952837759465987,167,763
MPNet-Personality,5,10,6,0.2346857597454256,0.1428139183055976,0.6579314190131029,0.6579314190131029,0.9950896498554628,160,765
MPNet-Personality,5,10,7,0.24148843299869052,0.15012550030527103,0.6169500975745749,0.6169500975745749,0.9956571220183013,160,900
MPNet-Personality,5,10,8,0.2451328931775859,0.15367199660393377,0.6055199330917201,0.6055199330917201,0.9958533280318422,157,990
MPNet-Personality,5,10,9,0.23773209549071617,0.14825280860155765,0.5996654586005018,0.5996654586005018,0.9957160531531104,144,1065
MPNet-Personality,5,10,10,0.2401882028918981,0.15121739758687955,0.583495957624756,0.583495957624756,0.9959275119309549,143,1159
MPNet-Personality,5,10,11,0.22403568902671236,0.1391780451534406,0.5740172846389741,0.5740172846389741,0.9955853646953278,127,1208
MPNet-Personality,5,11,2,0.23530009139839544,0.14385049978270317,0.6459436855310845,0.6459436855310845,0.995219645005777,167,647
MPNet-Personality,5,11,3,0.23013995663315592,0.13977850942831488,0.6509618065235573,0.6509618065235573,0.9950185858399576,161,672
MPNet-Personality,5,11,4,0.23406709120994834,0.14269992663242848,0.6506830220239754,0.6506830220239754,0.9951392213394492,157,720
MPNet-Personality,5,11,5,0.22258303952495825,0.13350770771884912,0.6688040144967939,0.6688040144967939,0.994602601358952,150,729
MPNet-Personality,5,11,6,0.23176761433868975,0.14214416577168487,0.6272651240591023,0.6272651240591023,0.9952927889436871,149,860
MPNet-Personality,5,11,7,0.23359205871482128,0.14408546117769672,0.616671313074993,0.616671313074993,0.9954449699329884,145,945
MPNet-Personality,5,11,8,0.23760740251156642,0.14805408744594686,0.6013381655979928,0.6013381655979928,0.9956973338514651,146,1025
MPNet-Personality,5,11,9,0.22922512410964818,0.14212111073937772,0.5921382771117926,0.5921382771117926,0.995555552474189,136,1097
MPNet-Personality,5,11,10,0.23508672163775945,0.1476639519931419,0.5762475606356287,0.5762475606356287,0.9958640742976015,136,1195
MPNet-Personality,5,11,11,0.22333927895789416,0.1385275579991954,0.5759687761360468,0.5759687761360468,0.9955461928233664,124,1216
MPNet-Personality,10,2,2,0.3730998017184402,0.45801217038539555,0.31474770002787844,0.31474770002787844,0.999536870611147,1074,868
MPNet-Personality,10,2,3,0.3987452073893343,0.34183266932270917,0.47839420128240867,0.47839420128240867,0.9988546560622978,579,907
MPNet-Personality,10,2,4,0.3738801513040016,0.2907570831398049,0.523557290214664,0.523557290214664,0.998411979243761,421,986
MPNet-Personality,10,2,5,0.349523215399697,0.2568771286350537,0.5466964036799554,0.5466964036799554,0.9980334333660459,344,1012
MPNet-Personality,10,2,6,0.3248955517326124,0.23004640371229698,0.5528296626707555,0.5528296626707555,0.9976992591663048,292,1056
MPNet-Personality,10,2,7,0.2979643056330173,0.19866133680394163,0.5957624756063563,0.5957624756063563,0.9970118448114429,247,1044
MPNet-Personality,10,2,8,0.2570099333584811,0.16592255864924102,0.5698355171452467,0.5698355171452467,0.9964381328813893,227,1078
MPNet-Personality,10,2,9,0.2262241054613936,0.1433793360686311,0.5358238081962643,0.5358238081962643,0.9960193751705103,202,1165
MPNet-Personality,10,2,10,0.22763300450476137,0.14308243727598566,0.5564538611653193,0.5564538611653193,0.9958561012617156,182,1201
MPNet-Personality,10,2,11,0.21129820749592612,0.13121500371044997,0.5422358516866462,0.5422358516866462,0.9955357932113412,166,1245
MPNet-Personality,10,3,2,0.40839328537170266,0.35830002103934355,0.474770002787845,0.474770002787845,0.9989427061107774,626,811
MPNet-Personality,10,3,3,0.40925188136343515,0.3393283171224078,0.5154725397267912,0.5154725397267912,0.9987520465569831,522,876
MPNet-Personality,10,3,4,0.3622104029568196,0.2676525446309619,0.5600780596598829,0.5600780596598829,0.99809444442326,372,891
MPNet-Personality,10,3,5,0.3346898098164604,0.23834871066950555,0.5617507666573739,0.5617507666573739,0.9977678966056707,308,940
MPNet-Personality,10,3,6,0.3108927611883012,0.2145127118644068,0.5645386116531921,0.5645386116531921,0.9974295625611194,267,996
MPNet-Personality,10,3,7,0.27935931521950585,0.18201791448369106,0.6005018120992472,0.6005018120992472,0.9966443918532213,225,969
MPNet-Personality,10,3,8,0.2691087955472138,0.175236008091706,0.5795929746306105,0.5795929746306105,0.9966079932111332,201,1081
MPNet-Personality,10,3,9,0.23516458043579044,0.14843807154875996,0.5656537496515194,0.5656537496515194,0.9959649505342454,175,1143
MPNet-Personality,10,3,10,0.2248669993966983,0.13996995766762255,0.5715082241427376,0.5715082241427376,0.9956335495643776,160,1166
MPNet-Personality,10,3,11,0.21297640165564694,0.13192594565796484,0.5522720936715919,0.5522720936715919,0.9954813685750764,151,1234
MPNet-Personality,10,4,2,0.3900618678189139,0.3010915706488781,0.553666016169501,0.553666016169501,0.9984019262854701,432,766
MPNet-Personality,10,4,3,0.3830726417810191,0.29206906643254316,0.5564538611653193,0.5564538611653193,0.998322889234079,397,847
MPNet-Personality,10,4,4,0.3627923272313217,0.2644955300127714,0.577362698633956,0.577362698633956,0.9980036211449071,353,862
MPNet-Personality,10,4,5,0.32491542758240893,0.2263261727312582,0.5756899916364651,0.5756899916364651,0.9975529712904844,290,898
MPNet-Personality,10,4,6,0.3016103293195996,0.20384351407000686,0.5795929746306105,0.5795929746306105,0.9971851716785286,255,953
MPNet-Personality,10,4,7,0.2816830117051566,0.1821902111638566,0.6205742960691386,0.6205742960691386,0.9965362358881598,218,934
MPNet-Personality,10,4,8,0.26966870376326796,0.175280147181803,0.5843323111235015,0.5843323111235015,0.9965813008736021,194,1082
MPNet-Personality,10,4,9,0.23146738824059981,0.1450678349349915,0.5723445776414832,0.5723445776414832,0.9958058364702608,168,1117
MPNet-Personality,10,4,10,0.2226962457337884,0.13768545994065282,0.582102035126847,0.582102035126847,0.9954668091182411,156,1133
MPNet-Personality,10,4,11,0.21228640318691686,0.13072106384352206,0.5645386116531921,0.5645386116531921,0.9953319608156485,142,1187
MPNet-Personality,10,5,2,0.34872044055717527,0.24574820226001598,0.6002230275996655,0.6002230275996655,0.9977093121245957,338,666
MPNet-Personality,10,5,3,0.3482828282828283,0.24522075557578515,0.6007805965988291,0.6007805965988291,0.9977006457812414,323,740
MPNet-Personality,10,5,4,0.33804831532104257,0.23641213737912636,0.592974630610538,0.592974630610538,0.9976184888462428,305,796
MPNet-Personality,10,5,5,0.3184528359578046,0.21937862032648764,0.5807081126289378,0.5807081126289378,0.9974306025223219,283,868
MPNet-Personality,10,5,6,0.29362842807065775,0.19485495347564313,0.5954836911067745,0.5954836911067745,0.9969404341422036,243,899
MPNet-Personality,10,5,7,0.2796184738955823,0.18041946716333307,0.6211318650683022,0.6211318650683022,0.9964915175564517,214,927
MPNet-Personality,10,5,8,0.2666835187057634,0.17242788265097655,0.5882352941176471,0.5882352941176471,0.9964894376340466,189,1059
MPNet-Personality,10,5,9,0.22752374641042633,0.14186350802286343,0.5742960691385559,0.5742960691385559,0.9956803478184907,167,1102
MPNet-Personality,10,5,10,0.2222929260791176,0.13725361796869884,0.5843323111235015,0.5843323111235015,0.9954328370522924,152,1129
MPNet-Personality,10,5,11,0.20942670065477084,0.12758830694275275,0.5840535266239197,0.5840535266239197,0.9950341852579954,137,1121
MPNet-Personality,10,6,2,0.32410727090205077,0.21816777681243363,0.6300529690549206,0.6300529690549206,0.9971924514069461,289,603
MPNet-Personality,10,6,3,0.32539162112932607,0.22026040639179326,0.6225257875662114,0.6225257875662114,0.9972597022313754,280,693
MPNet-Personality,10,6,4,0.31648859370488014,0.21354115927910375,0.6110956230833565,0.6110956230833565,0.9972014644040347,269,747
MPNet-Personality,10,6,5,0.3006954102920723,0.20031501899379228,0.6027320880959018,0.6027320880959018,0.997008031620367,255,814
MPNet-Personality,10,6,6,0.2883494523794274,0.18717778147347414,0.6275439085586841,0.6275439085586841,0.996611459748475,233,845
MPNet-Personality,10,6,7,0.2773207990599295,0.17819106660308376,0.6250348480624477,0.6250348480624477,0.9964156003886682,208,915
MPNet-Personality,10,6,8,0.24837214759195167,0.15728083209509658,0.5901867856147198,0.5901867856147198,0.9960679066932943,186,1029
MPNet-Personality,10,6,9,0.2236911686938128,0.13802780134438425,0.5896292166155562,0.5896292166155562,0.9954213974790647,161,1058
MPNet-Personality,10,6,10,0.21934752357882803,0.1345472938796156,0.5932534151101199,0.5932534151101199,0.9952550036866624,148,1092
MPNet-Personality,10,6,11,0.20861091776871832,0.12694378895141284,0.5848898801226652,0.5848898801226652,0.9949981332696415,135,1116
MPNet-Personality,10,7,2,0.3031423290203327,0.19859873713346596,0.6400892110398662,0.6400892110398662,0.9967882531529024,253,614
MPNet-Personality,10,7,3,0.30147691900125834,0.1977067407922168,0.6345135210482297,0.6345135210482297,0.9967983061111934,242,701
MPNet-Personality,10,7,4,0.291283512498381,0.1897089835512442,0.6269863395595205,0.6269863395595205,0.99667004422955,231,724
MPNet-Personality,10,7,5,0.28826210449831563,0.18888504155124652,0.6083077780875383,0.6083077780875383,0.9967518545108144,226,835
MPNet-Personality,10,7,6,0.27512781954887217,0.17541033900905048,0.6375801505436298,0.6375801505436298,0.9962731257039238,210,829
MPNet-Personality,10,7,7,0.2749316317228806,0.17578489275722722,0.6306105380540842,0.6306105380540842,0.9963233904953785,200,905
MPNet-Personality,10,7,8,0.24351388256713702,0.15297733933805133,0.5965988291051018,0.5965988291051018,0.9958924999038036,175,1023
MPNet-Personality,10,7,9,0.2219890893831305,0.1367190023906442,0.589908001115138,0.589908001115138,0.9953683594577365,160,1053
MPNet-Personality,10,7,10,0.21511657183141145,0.13126843657817108,0.5954836911067745,0.5954836911067745,0.9950997028137537,145,1082
MPNet-Personality,10,7,11,0.20902589395807644,0.12697746883988495,0.5907443546138834,0.5907443546138834,0.9949496017468575,132,1104
MPNet-Personality,10,8,2,0.27986597624124276,0.17906142812597442,0.640367995539448,0.640367995539448,0.9963493895254414,217,649
MPNet-Personality,10,8,3,0.2791210136499969,0.17882352941176471,0.635628659046557,0.635628659046557,0.9963705354032258,209,701
MPNet-Personality,10,8,4,0.2723862536302033,0.17394328104474152,0.6275439085586841,0.6275439085586841,0.9962942715817082,205,749
MPNet-Personality,10,8,5,0.25835468260745803,0.16232651309200172,0.6325620295511569,0.6325620295511569,0.9959410314265876,197,762
MPNet-Personality,10,8,6,0.25994269340974213,0.16360095217485393,0.6322832450515752,0.6322832450515752,0.9959805499522831,188,864
MPNet-Personality,10,8,7,0.2596515203279809,0.1631484794275492,0.635628659046557,0.635628659046557,0.995945884578866,179,905
MPNet-Personality,10,8,8,0.2372041827187672,0.14777480628128642,0.6007805965988291,0.6007805965988291,0.9956917873917184,172,998
MPNet-Personality,10,8,9,0.21781165276996267,0.13337927577997744,0.5935321996097017,0.5935321996097017,0.9952047388952077,158,1031
MPNet-Personality,10,8,10,0.21105281223949393,0.12804950612876353,0.5999442431000837,0.5999442431000837,0.994920136179453,141,1058
MPNet-Personality,10,8,11,0.20898909665005674,0.12696319386164728,0.5904655701143017,0.5904655701143017,0.9949513350155283,131,1111
MPNet-Personality,10,9,2,0.26887918486171763,0.16992934942596408,0.6437134095344299,0.6437134095344299,0.9960900925322813,199,656
MPNet-Personality,10,9,3,0.2724917569477155,0.17272523699335673,0.645107332032339,0.645107332032339,0.9961580366641789,194,713
MPNet-Personality,10,9,4,0.2630857142857143,0.16545676705239704,0.6417619180373572,0.6417619180373572,0.9959750034925364,188,738
MPNet-Personality,10,9,5,0.2481821559365214,0.1532712731086928,0.6517981600223027,0.6517981600223027,0.9955226203694427,178,754
MPNet-Personality,10,9,6,0.24347641983803525,0.15026786880961715,0.6412043490381935,0.6412043490381935,0.9954914215333673,170,853
MPNet-Personality,10,9,7,0.23990323937736643,0.14783848596798238,0.6359074435461388,0.6359074435461388,0.995442196703115,166,904
MPNet-Personality,10,9,8,0.22607792207792207,0.13892613164783246,0.6066350710900474,0.6066350710900474,0.9953246810872309,160,981
MPNet-Personality,10,9,9,0.21421123193803068,0.1303165780570324,0.6013381655979928,0.6013381655979928,0.9950099194966033,151,1015
MPNet-Personality,10,9,10,0.21078621223857474,0.12754115648251216,0.6069138555896292,0.6069138555896292,0.9948376325907201,137,1045
MPNet-Personality,10,9,11,0.20737708911952443,0.12564950401511574,0.5932534151101199,0.5932534151101199,0.9948667515043905,129,1094
MPNet-Personality,10,10,2,0.2567319971128755,0.16028840820854132,0.6445497630331753,0.6445497630331753,0.9958013299717166,184,655
MPNet-Personality,10,10,3,0.24471775465152948,0.15078696806788006,0.6490103150264845,0.6490103150264845,0.9954550228912793,176,666
MPNet-Personality,10,10,4,0.24191877331123082,0.14856524782083094,0.6509618065235573,0.6509618065235573,0.9953610797293189,168,720
MPNet-Personality,10,10,5,0.2366340080568956,0.14400726392251817,0.6632283245051576,0.6632283245051576,0.9950979695450828,162,745
MPNet-Personality,10,10,6,0.22724413259133802,0.13748682515517038,0.654586005018121,0.654586005018121,0.994893790495656,156,799
MPNet-Personality,10,10,7,0.2159505756809885,0.12975982901175545,0.6431558405352662,0.6431558405352662,0.9946365734249007,150,868
MPNet-Personality,10,10,8,0.21143319529725355,0.1274824933991505,0.6191803735712295,0.6191803735712295,0.9947305165868612,144,946
MPNet-Personality,10,10,9,0.21001411123546299,0.12721056354633342,0.6016169500975745,0.6016169500975745,0.9948674448118588,145,1019
MPNet-Personality,10,10,10,0.21082731546551642,0.12759591693065822,0.6063562865904656,0.6063562865904656,0.9948449123191377,136,1054
MPNet-Personality,10,10,11,0.2031212940562592,0.12238481765176631,0.5968776136046836,0.5968776136046836,0.9946778252192672,125,1098
MPNet-Personality,10,11,2,0.23627254509018036,0.1440175899346485,0.6573738500139392,0.6573738500139392,0.9951416479155885,164,637
MPNet-Personality,10,11,3,0.23027509439513558,0.1397120076163275,0.654586005018121,0.654586005018121,0.9949880803113506,155,691
MPNet-Personality,10,11,4,0.23139048360416464,0.1401544173984794,0.6629495400055757,0.6629495400055757,0.9949426686721741,156,705
MPNet-Personality,10,11,5,0.22568912710566616,0.13622970708879772,0.6573738500139392,0.6573738500139392,0.9948171800204041,149,762
MPNet-Personality,10,11,6,0.2075388418079096,0.12328910797629661,0.6554223585168665,0.6554223585168665,0.9942046428721233,140,786
MPNet-Personality,10,11,7,0.20779802139755585,0.12377346416382252,0.6470588235294118,0.6470588235294118,0.9943041324938304,136,851
MPNet-Personality,10,11,8,0.20188498838956426,0.1206464954288202,0.6180652355729022,0.6180652355729022,0.994398422309525,133,936
MPNet-Personality,10,11,9,0.1977796602612689,0.11771574142872307,0.618344020072484,0.618344020072484,0.9942372283231353,125,1012
MPNet-Personality,10,11,10,0.19639080149408217,0.11709777825480305,0.6083077780875383,0.6083077780875383,0.9942968527654128,125,1043
MPNet-Personality,10,11,11,0.18863351079946328,0.11165197786431647,0.6074714245887929,0.6074714245887929,0.9939900642106712,117,1056
MPNet-Personality,20,2,2,0.3815235008103728,0.4556716995741386,0.32812935600780596,0.32812935600780596,0.9995126048497551,1098,808
MPNet-Personality,20,2,3,0.39990523572613124,0.34768280123583933,0.47058823529411764,0.47058823529411764,0.9989021476238793,576,941
MPNet-Personality,20,2,4,0.3504543280726925,0.2667443214909726,0.5107332032339001,0.5107332032339001,0.998254251794713,420,981
MPNet-Personality,20,2,5,0.33114812189936216,0.242695753798208,0.5210482297184277,0.5210482297184277,0.9979783154223126,350,1059
MPNet-Personality,20,2,6,0.3144076140466032,0.22276479479130334,0.5341511011987734,0.5341511011987734,0.9976826197870645,292,1095
MPNet-Personality,20,2,7,0.27351020975135437,0.1821293127370271,0.54892667967661,0.54892667967661,0.9969348876824569,246,1090
MPNet-Personality,20,2,8,0.26294820717131473,0.17169907881269192,0.5611931976582102,0.5611931976582102,0.9966336455874619,218,1096
MPNet-Personality,20,2,9,0.244145051624276,0.15768073513865172,0.5405631446891552,0.5405631446891552,0.9964093606214531,201,1177
MPNet-Personality,20,2,10,0.24588182916746168,0.15927818061964402,0.5388904376916643,0.5388904376916643,0.9964630919502496,188,1279
MPNet-Personality,20,2,11,0.23157248157248156,0.14850705113054438,0.5255087817117369,0.5255087817117369,0.996253366441076,171,1350
MPNet-Personality,20,3,2,0.4019725763771951,0.3535011635286651,0.46584889880122665,0.46584889880122665,0.9989406261883723,614,803
MPNet-Personality,20,3,3,0.3809220985691574,0.3072845417236662,0.5009757457485364,0.5009757457485364,0.9985957057228718,520,864
MPNet-Personality,20,3,4,0.3418485009756963,0.2506829712501626,0.5372177306941734,0.5372177306941734,0.998003274491173,375,912
MPNet-Personality,20,3,5,0.3164505998872695,0.22248641304347827,0.5478115416782827,0.5478115416782827,0.9976195288074453,304,987
MPNet-Personality,20,3,6,0.3039467715106608,0.2085278555866791,0.5603568441594647,0.5603568441594647,0.9973553786620067,261,1004
MPNet-Personality,20,3,7,0.26917971860897266,0.1766396655343611,0.5653749651519375,0.5653749651519375,0.9967230822508781,219,1054
MPNet-Personality,20,3,8,0.25608758572956647,0.16536648789208516,0.5673264566490103,0.5673264566490103,0.996439519496326,196,1079
MPNet-Personality,20,3,9,0.24493466011269632,0.15601374570446735,0.5695567326456649,0.5695567326456649,0.9961687829299382,176,1106
MPNet-Personality,20,3,10,0.242417019247959,0.15416098226466576,0.5670476721494285,0.5670476721494285,0.9961313443266476,164,1187
MPNet-Personality,20,3,11,0.23377674956622324,0.14748595198131795,0.5634234736548648,0.5634234736548648,0.9959503910774102,150,1264
MPNet-Personality,20,4,2,0.3835027365129007,0.29525959367945825,0.5469751881795372,0.5469751881795372,0.9983766205628756,436,753
MPNet-Personality,20,4,3,0.3534607065609229,0.2611532827273938,0.5466964036799554,0.5466964036799554,0.9980767650828173,397,803
MPNet-Personality,20,4,4,0.3384873949579832,0.24227114158546853,0.561471982157792,0.561471982157792,0.9978164281284546,359,840
MPNet-Personality,20,4,5,0.3157812985399192,0.2188610184088707,0.5667688876498467,0.5667688876498467,0.9974846805048526,286,937
MPNet-Personality,20,4,6,0.2953430501244223,0.19822485207100593,0.5790354056314468,0.5790354056314468,0.9970877619792264,247,933
MPNet-Personality,20,4,7,0.2681418808981451,0.17490236033282391,0.5742960691385559,0.5742960691385559,0.9966312190113228,210,1025
MPNet-Personality,20,4,8,0.25409887164141887,0.16364220330817408,0.5681628101477558,0.5681628101477558,0.9963892547048712,193,1071
MPNet-Personality,20,4,9,0.24365422856474442,0.15417067574568868,0.5807081126289378,0.5807081126289378,0.9960384411258897,173,1075
MPNet-Personality,20,4,10,0.23672528106082444,0.14922227067887775,0.5723445776414832,0.5723445776414832,0.9959424180415243,159,1152
MPNet-Personality,20,4,11,0.23040433702281454,0.1444656893987678,0.5687203791469194,0.5687203791469194,0.9958120762374758,145,1239
MPNet-Personality,20,5,2,0.3373396789545858,0.2373439273552781,0.5829383886255924,0.5829383886255924,0.9976708335601027,353,674
MPNet-Personality,20,5,3,0.33825198637911463,0.238481765176632,0.5815444661276833,0.5815444661276833,0.9976909394766846,333,772
MPNet-Personality,20,5,4,0.32091558491435596,0.22148006785411364,0.5823808196264287,0.5823808196264287,0.9974545216299797,302,817
MPNet-Personality,20,5,5,0.31028009311406474,0.21233299075025694,0.5759687761360468,0.5759687761360468,0.9973432457813107,278,904
MPNet-Personality,20,5,6,0.29394772070739095,0.19668112389213652,0.5815444661276833,0.5815444661276833,0.99704651018486,243,929
MPNet-Personality,20,5,7,0.2716985984312717,0.17656889780228963,0.5890716476163925,0.5890716476163925,0.9965840741034755,204,1008
MPNet-Personality,20,5,8,0.25401085829317394,0.16258004060596595,0.580429328129356,0.580429328129356,0.9962824853547464,187,1038
MPNet-Personality,20,5,9,0.23857810185712658,0.14992482279659197,0.5837747421243379,0.5837747421243379,0.9958841802141835,168,1051
MPNet-Personality,20,5,10,0.23652333658648603,0.14893001735106998,0.5742960691385559,0.5742960691385559,0.9959191922413347,156,1153
MPNet-Personality,20,5,11,0.229546595281914,0.14347462353597323,0.5737385001393922,0.5737385001393922,0.9957410122219708,141,1227
MPNet-Personality,20,6,2,0.3123556581986143,0.21073132729574448,0.6032896570950655,0.6032896570950655,0.9971903714845411,294,655
MPNet-Personality,20,6,3,0.3151152860802733,0.21156235069278548,0.6172288820741567,0.6172288820741567,0.9971397600393521,275,713
MPNet-Personality,20,6,4,0.30602649950135347,0.20553057123720217,0.5988291051017564,0.5988291051017564,0.9971217340451752,259,817
MPNet-Personality,20,6,5,0.29317630758572916,0.19505899705014748,0.589908001115138,0.589908001115138,0.9969730195932157,247,870
MPNet-Personality,20,6,6,0.2830336200156372,0.18467817362469177,0.6055199330917201,0.6055199330917201,0.9966759373430308,230,872
MPNet-Personality,20,6,7,0.2685489997467713,0.17372430174461462,0.5913019236130471,0.5913019236130471,0.9965029571296794,198,1006
MPNet-Personality,20,6,8,0.24796486090775988,0.15695432977461446,0.5901867856147198,0.5901867856147198,0.9960582003887375,182,1007
MPNet-Personality,20,6,9,0.23724590906517184,0.14885604661077165,0.5840535266239197,0.5840535266239197,0.9958474349183614,166,1047
MPNet-Personality,20,6,10,0.23606032906764168,0.14845153409499173,0.5759687761360468,0.5759687761360468,0.9958918065963352,154,1151
MPNet-Personality,20,6,11,0.2242493348536678,0.1392447741065408,0.5756899916364651,0.5756899916364651,0.9955749650833027,138,1200
MPNet-Personality,20,7,2,0.2838709677419355,0.18255804675656268,0.6378589350432116,0.6378589350432116,0.9964485324934145,242,599
MPNet-Personality,20,7,3,0.2870352533230591,0.18646754546971467,0.623083356565375,0.623083356565375,0.9966197794380951,235,705
MPNet-Personality,20,7,4,0.26928969786112644,0.17258444619010213,0.6124895455812657,0.6124895455812657,0.9963486962179731,222,739
MPNet-Personality,20,7,5,0.2686921730432608,0.17318075590297366,0.5991078896013382,0.5991078896013382,0.9964433326874019,213,835
MPNet-Personality,20,7,6,0.2648218945324352,0.1692522494570276,0.6083077780875383,0.6083077780875383,0.9962873385070248,207,855
MPNet-Personality,20,7,7,0.25787142344068,0.16418934369997712,0.6005018120992472,0.6005018120992472,0.9961989418048111,193,955
MPNet-Personality,20,7,8,0.24643630972744895,0.15489929037344993,0.6024533035963201,0.6024533035963201,0.9959129524741197,178,972
MPNet-Personality,20,7,9,0.23700972175662086,0.14820767241981692,0.5913019236130471,0.5913019236130471,0.9957742909804511,162,1028
MPNet-Personality,20,7,10,0.23393776583837028,0.14634829493732932,0.5826596041260106,0.5826596041260106,0.995773944326717,152,1122
MPNet-Personality,20,7,11,0.2172808790753123,0.13345218387877245,0.5843323111235015,0.5843323111235015,0.9952820426779279,133,1159
MPNet-Personality,20,8,2,0.2658522396742292,0.16797765198853193,0.6370225815444661,0.6370225815444661,0.9960765730366485,216,613
MPNet-Personality,20,8,3,0.26935503170994374,0.17147863182753104,0.6275439085586841,0.6275439085586841,0.9962297939871523,212,701
MPNet-Personality,20,8,4,0.262408389441697,0.16686874810548652,0.6138834680791748,0.6138834680791748,0.9961888888465201,203,786
MPNet-Personality,20,8,5,0.25287093641090097,0.15902558206381143,0.6169500975745749,0.6169500975745749,0.9959431113489926,195,792
MPNet-Personality,20,8,6,0.24943807273356003,0.15722173786689916,0.6032896570950655,0.6032896570950655,0.9959788166836122,188,868
MPNet-Personality,20,8,7,0.23941718637893925,0.14925681255161025,0.6046835795929746,0.6046835795929746,0.9957143198844395,178,929
MPNet-Personality,20,8,8,0.24188823171742854,0.15085493656922228,0.6099804850850292,0.6099804850850292,0.9957306126099456,172,951
MPNet-Personality,20,8,9,0.23761605604047367,0.14840277777777777,0.5957624756063563,0.5957624756063563,0.9957489852578566,159,1025
MPNet-Personality,20,8,10,0.23524175151616314,0.14694842207701933,0.5893504321159744,0.5893504321159744,0.9957458653742491,147,1129
MPNet-Personality,20,8,11,0.21519886363636365,0.13153488372093022,0.5913019236130471,0.5913019236130471,0.9951454611066644,130,1140
MPNet-Personality,20,9,2,0.26198266460019515,0.16495590573948243,0.6361862280457207,0.6361862280457207,0.9959954560628524,201,668
MPNet-Personality,20,9,3,0.25332736830332175,0.1584470094438615,0.6314468915528296,0.6314468915528296,0.9958297555779185,192,730
MPNet-Personality,20,9,4,0.24657835431209807,0.15356702724907573,0.6253136325620295,0.6253136325620295,0.9957143198844395,184,773
MPNet-Personality,20,9,5,0.23701210574887357,0.14716192530672778,0.6085865625871202,0.6085865625871202,0.9956144836089982,178,839
MPNet-Personality,20,9,6,0.21949302416977795,0.1332220168167452,0.6228045720657931,0.6228045720657931,0.9949613879738193,171,808
MPNet-Personality,20,9,7,0.2396195158446,0.14822160518312838,0.6250348480624477,0.6250348480624477,0.9955337132889363,167,904
MPNet-Personality,20,9,8,0.23351824194580756,0.14438361585647386,0.6102592695846111,0.6102592695846111,0.9955032077603292,161,955
MPNet-Personality,20,9,9,0.23598852603706974,0.1471012997730555,0.5963200446055199,0.5963200446055199,0.9957008003888068,156,1033
MPNet-Personality,20,9,10,0.23281754059817378,0.14481022990069378,0.5935321996097017,0.5935321996097017,0.9956415226002635,141,1134
MPNet-Personality,20,9,11,0.21519886363636365,0.13153488372093022,0.5913019236130471,0.5913019236130471,0.9951454611066644,130,1140
MPNet-Personality,20,10,2,0.24400756938603868,0.15035304787199585,0.6470588235294118,0.6470588235294118,0.9954532896226085,184,633
MPNet-Personality,20,10,3,0.24239563666876443,0.1492797622892578,0.6442709785335935,0.6442709785335935,0.9954345703209633,177,697
MPNet-Personality,20,10,4,0.21769027882441597,0.13097194672711818,0.6442709785335935,0.6442709785335935,0.9946844116402164,165,667
MPNet-Personality,20,10,5,0.21836423547927014,0.13256897169473308,0.6189015890716476,0.6189015890716476,0.9949645078574268,160,780
MPNet-Personality,20,10,6,0.2231191946700384,0.13513195098963243,0.6395316420407026,0.6395316420407026,0.9949104298748961,157,804
MPNet-Personality,20,10,7,0.21753277825629247,0.13130379527468083,0.6336771675494842,0.6336771675494842,0.9947870211455311,154,845
MPNet-Personality,20,10,8,0.2264017033356991,0.138360493215193,0.6225257875662114,0.6225257875662114,0.9951794331726131,148,950
MPNet-Personality,20,10,9,0.23210224195819343,0.1440284965387459,0.5974351826038472,0.5974351826038472,0.9955850180415936,147,1047
MPNet-Personality,20,10,10,0.21556161065697851,0.13160002464419937,0.5954836911067745,0.5954836911067745,0.9951139156168547,135,1115
MPNet-Personality,20,10,11,0.2102087248986052,0.1277734351512236,0.5924170616113744,0.5924170616113744,0.9949714409321103,126,1122
MPNet-Personality,20,11,2,0.2174719465825837,0.1304299460481673,0.6537496515193755,0.6537496515193755,0.994580415519965,163,607
MPNet-Personality,20,11,3,0.22484981405549728,0.13561856559498475,0.6573738500139392,0.6573738500139392,0.9947901410291387,160,667
MPNet-Personality,20,11,4,0.20883246915787593,0.12435453819536864,0.6512405910231391,0.6512405910231391,0.9942978927266154,151,682
MPNet-Personality,20,11,5,0.20962075488694712,0.12500671501477303,0.6487315305269027,0.6487315305269027,0.994353703977817,145,754
MPNet-Personality,20,11,6,0.20771539943545858,0.12374546231048474,0.6462224700306662,0.6462224700306662,0.9943100256073113,146,789
MPNet-Personality,20,11,7,0.21147729891680112,0.12668433841396068,0.6395316420407026,0.6395316420407026,0.9945180178478141,139,869
MPNet-Personality,20,11,8,0.20863940863940864,0.12504153283863106,0.6294954000557569,0.6294954000557569,0.9945228710000925,134,934
MPNet-Personality,20,11,9,0.2221883106973905,0.13588850174216027,0.6088653470867019,0.6088653470867019,0.9951856729398282,134,1047
MPNet-Personality,20,11,10,0.19790623577605826,0.11826143719741065,0.6060775020908837,0.6060775020908837,0.9943810896228165,123,1051
MPNet-Personality,20,11,11,0.18621461147921867,0.11009921139659119,0.6032896570950655,0.6032896570950655,0.9939366795356088,120,1061
MPNet-Personality,50,2,2,0.3961766644693474,0.4844820636839984,0.33509896849735155,0.33509896849735155,0.9995566298739949,1079,855
MPNet-Personality,50,2,3,0.37989836250705816,0.3192862566438876,0.4689155282966267,0.4689155282966267,0.9987568997092615,560,930
MPNet-Personality,50,2,4,0.3499152063312606,0.26426640102461935,0.5177028157234458,0.5177028157234458,0.9982078001943341,416,993
MPNet-Personality,50,2,5,0.30889283782739707,0.21365968362548096,0.5572902146640647,0.5572902146640647,0.9974496684777013,330,916
MPNet-Personality,50,2,6,0.2947413979658083,0.19881276761385752,0.5695567326456649,0.5695567326456649,0.9971459998065673,266,995
MPNet-Personality,50,2,7,0.2787743421511831,0.18594040968342646,0.556732645664901,0.556732645664901,0.9969692064021398,250,1087
MPNet-Personality,50,2,8,0.23484577825413838,0.14931475732566063,0.5497630331753555,0.5497630331753555,0.9961053452965848,215,1093
MPNet-Personality,50,2,9,0.23463238248292487,0.1477305579647297,0.5698355171452467,0.5698355171452467,0.9959122591666514,194,1094
MPNet-Personality,50,2,10,0.23294625663768453,0.1473062730627306,0.5564538611653193,0.5564538611653193,0.9959947627553841,186,1187
MPNet-Personality,50,2,11,0.22445793581960105,0.14159614823460753,0.5411207136883189,0.5411207136883189,0.9959209255100057,164,1260
MPNet-Personality,50,3,2,0.38858501783590965,0.3387932821895086,0.4555338723166992,0.4555338723166992,0.9988945212417275,613,808
MPNet-Personality,50,3,3,0.37498701568505244,0.298841059602649,0.5032060217451909,0.5032060217451909,0.9985319214357843,503,867
MPNet-Personality,50,3,4,0.32939853850477796,0.23133318294608618,0.5717870086423195,0.5717870086423195,0.9976375548016222,360,832
MPNet-Personality,50,3,5,0.30119510228022583,0.2043374452845205,0.5726233621410649,0.5726233621410649,0.9972274634340975,295,862
MPNet-Personality,50,3,6,0.29304446978335236,0.1968405935854476,0.5731809311402286,0.5731809311402286,0.9970919218240365,252,977
MPNet-Personality,50,3,7,0.2701088399256703,0.17724936852190576,0.5673264566490103,0.5673264566490103,0.9967255088270174,227,1063
MPNet-Personality,50,3,8,0.23488198472405675,0.14790973528135398,0.5701143016448286,0.5701143016448286,0.9959160723577273,189,1064
MPNet-Personality,50,3,9,0.23200582535148154,0.14517033506238608,0.577362698633956,0.577362698633956,0.9957725577117803,172,1094
MPNet-Personality,50,3,10,0.22831751604586098,0.14212539270591448,0.5801505436297741,0.5801505436297741,0.9956456824450736,156,1131
MPNet-Personality,50,3,11,0.21947176483589348,0.13686169113086624,0.553666016169501,0.553666016169501,0.9956581619795037,146,1233
MPNet-Personality,50,4,2,0.3729412859402624,0.2798882681564246,0.5586841371619738,0.5586841371619738,0.9982126533466125,424,722
MPNet-Personality,50,4,3,0.3611259575984322,0.26534886765283416,0.5650961806523558,0.5650961806523558,0.9980545792438303,389,806
MPNet-Personality,50,4,4,0.3296164491894029,0.23007286376683594,0.5809868971285197,0.5809868971285197,0.9975824368578889,346,821
MPNet-Personality,50,4,5,0.29898636330489314,0.20244914082559748,0.5715082241427376,0.5715082241427376,0.9972004244428321,287,872
MPNet-Personality,50,4,6,0.2864397474608839,0.1899863450159308,0.5818232506272651,0.5818232506272651,0.9969154750733432,241,947
MPNet-Personality,50,4,7,0.2509647853352629,0.1601138724320997,0.5801505436297741,0.5801505436297741,0.9962159278377855,213,1007
MPNet-Personality,50,4,8,0.2348540663077359,0.14738938682600655,0.5776414831335378,0.5776414831335378,0.9958450083422221,184,1042
MPNet-Personality,50,4,9,0.23114970323147946,0.143952358135396,0.5862838026205743,0.5862838026205743,0.995664748400453,166,1070
MPNet-Personality,50,4,10,0.2270912034538586,0.14080171317673829,0.5865625871201561,0.5865625871201561,0.995549312706974,152,1099
MPNet-Personality,50,4,11,0.219373376802785,0.13680220537560303,0.5533872316699191,0.5533872316699191,0.9956581619795037,145,1236
MPNet-Personality,50,5,2,0.33786497759925843,0.23367881183887168,0.6097017005854475,0.6097017005854475,0.997513799418523,336,625
MPNet-Personality,50,5,3,0.3271819694448646,0.22449403217436428,0.6030108725954837,0.6030108725954837,0.9974098032982717,314,696
MPNet-Personality,50,5,4,0.30544993662864384,0.20433349034385304,0.6046835795929746,0.6046835795929746,0.9970721625611887,292,756
MPNet-Personality,50,5,5,0.2987236483579521,0.20108118544261028,0.5807081126289378,0.5807081126289378,0.9971310936959978,276,856
MPNet-Personality,50,5,6,0.2866133114440112,0.18990210297316895,0.5840535266239197,0.5840535266239197,0.9969019555777106,237,949
MPNet-Personality,50,5,7,0.25386887182516243,0.1610582327812336,0.5991078896013382,0.5991078896013382,0.9961195580996858,205,971
MPNet-Personality,50,5,8,0.23300100817743924,0.14579098619191141,0.5798717591301924,0.5798717591301924,0.9957753309416537,181,1032
MPNet-Personality,50,5,9,0.22727029199035628,0.14066852367688024,0.5913019236130471,0.5913019236130471,0.9955084075663417,161,1036
MPNet-Personality,50,5,10,0.2260953504585188,0.1399734395750332,0.5876777251184834,0.5876777251184834,0.9955101408350125,150,1098
MPNet-Personality,50,5,11,0.21870220668560192,0.1359961959106039,0.5581265681628101,0.5581265681628101,0.9955909111550745,142,1219
MPNet-Personality,50,6,2,0.31193829169910126,0.2090288315629742,0.6144410370783384,0.6144410370783384,0.9971089078570109,281,662
MPNet-Personality,50,6,3,0.29940038157536114,0.1981242672919109,0.6124895455812657,0.6124895455812657,0.9969175549957483,266,713
MPNet-Personality,50,6,4,0.28532678894342545,0.18567706144406154,0.6158349595762476,0.6158349595762476,0.9966416186233479,253,742
MPNet-Personality,50,6,5,0.2846753933624223,0.1865846260507843,0.6002230275996655,0.6002230275996655,0.9967463080510677,243,840
MPNet-Personality,50,6,6,0.2818140053816368,0.18429184549356223,0.5985503206021745,0.5985503206021745,0.9967057495641696,232,913
MPNet-Personality,50,6,7,0.2467651437077751,0.15527055263347503,0.6007805965988291,0.6007805965988291,0.995935831620575,198,956
MPNet-Personality,50,6,8,0.23252041312929217,0.14423721991144506,0.59938667410092,0.59938667410092,0.9955780849669101,172,979
MPNet-Personality,50,6,9,0.22634468788314943,0.13992881624044293,0.5918594926122107,0.5918594926122107,0.9954765154227979,159,1035
MPNet-Personality,50,6,10,0.2252391896947993,0.13933342150509193,0.5873989406189016,0.5873989406189016,0.9954883016497598,147,1101
MPNet-Personality,50,6,11,0.21873462022201565,0.1360544217687075,0.5575689991636466,0.5575689991636466,0.9955974975760238,138,1239
MPNet-Personality,50,7,2,0.2877908830092445,0.186559761944123,0.629216615556175,0.629216615556175,0.9965885806020197,244,656
MPNet-Personality,50,7,3,0.27441915599810335,0.17425668046669177,0.6453861165319208,0.6453861165319208,0.9961972085361402,232,663
MPNet-Personality,50,7,4,0.2715727002967359,0.17250999019829602,0.6378589350432116,0.6378589350432116,0.9961954752674693,227,705
MPNet-Personality,50,7,5,0.24891101431238333,0.15613910574875797,0.6133258990800111,0.6133258990800111,0.9958782871007026,220,781
MPNet-Personality,50,7,6,0.2460241640910368,0.15406813063063063,0.6102592695846111,0.6102592695846111,0.9958335687689944,202,878
MPNet-Personality,50,7,7,0.24148296593186372,0.15086596647422967,0.6046835795929746,0.6046835795929746,0.9957680512132361,189,932
MPNet-Personality,50,7,8,0.22812285970180707,0.14063921008185007,0.6035684415946473,0.6035684415946473,0.9954141177506471,166,948
MPNet-Personality,50,7,9,0.2261551504874947,0.13961400065423618,0.5949261221076109,0.5949261221076109,0.9954411567419125,157,1029
MPNet-Personality,50,7,10,0.2252391896947993,0.13933342150509193,0.5873989406189016,0.5873989406189016,0.9954883016497598,147,1101
MPNet-Personality,50,7,11,0.2148380355276907,0.13219314601684562,0.5731809311402286,0.5731809311402286,0.9953212145498892,132,1189
MPNet-Personality,50,8,2,0.2666365126929383,0.1672340425531915,0.6573738500139392,0.6573738500139392,0.9959295918533599,213,586
MPNet-Personality,50,8,3,0.2632791861053342,0.16488313151225006,0.65291329802063,0.65291329802063,0.9958879934052594,206,672
MPNet-Personality,50,8,4,0.24210742107421074,0.14832025117739403,0.6584889880122665,0.6584889880122665,0.9952983354034339,196,675
MPNet-Personality,50,8,5,0.23994994525262006,0.14757567983581324,0.6414831335377753,0.6414831335377753,0.9953926252191285,189,766
MPNet-Personality,50,8,6,0.239839818171979,0.1488047273704002,0.6177864510733203,0.6177864510733203,0.9956058172656439,182,880
MPNet-Personality,50,8,7,0.23289480636128282,0.14367666232073012,0.6144410370783384,0.6144410370783384,0.995446356547925,173,905
MPNet-Personality,50,8,8,0.22790135142241152,0.14044069993519118,0.604126010593811,0.604126010593811,0.9954023315236853,164,951
MPNet-Personality,50,8,9,0.22168847097301717,0.13572367186033416,0.6046835795929746,0.6046835795929746,0.9952120186236252,152,1003
MPNet-Personality,50,8,10,0.2151962768110077,0.13145046659662568,0.592974630610538,0.592974630610538,0.9951281284199558,143,1059
MPNet-Personality,50,8,11,0.20873811098113015,0.1276595744680851,0.5720657931419013,0.5720657931419013,0.9951392213394492,130,1170
MPNet-Personality,50,9,2,0.24848800834202295,0.15282498557044827,0.6643434625034849,0.6643434625034849,0.9954207041715963,193,612
MPNet-Personality,50,9,3,0.2314369280120766,0.13928794503435352,0.6838583774742124,0.6838583774742124,0.9947454226974306,179,593
MPNet-Personality,50,9,4,0.22655663915978994,0.13618172594554986,0.673543350989685,0.673543350989685,0.9946875315238239,173,652
MPNet-Personality,50,9,5,0.2216323822163238,0.1335160756096168,0.6517981600223027,0.6517981600223027,0.994740222891418,168,738
MPNet-Personality,50,9,6,0.2208312958435208,0.133902627053312,0.6294954000557569,0.6294954000557569,0.9949371222124274,163,831
MPNet-Personality,50,9,7,0.22405402721223558,0.13630596338589812,0.6289378310565933,0.6289378310565933,0.9950445848700205,162,871
MPNet-Personality,50,9,8,0.2213027902517786,0.13510349926071957,0.6113744075829384,0.6113744075829384,0.9951333282259683,157,936
MPNet-Personality,50,9,9,0.21699333399661724,0.13206176203451409,0.6080289935879565,0.6080289935879565,0.9950310653743878,150,976
MPNet-Personality,50,9,10,0.21663891831895465,0.13225329555254403,0.5985503206021745,0.5985503206021745,0.9951166888467281,142,1048
MPNet-Personality,50,9,11,0.20682367149758454,0.1261897451642616,0.5729021466406468,0.5729021466406468,0.9950671173627416,126,1176
MPNet-Personality,50,10,2,0.2226088549059109,0.13317629012819107,0.6777251184834123,0.6777251184834123,0.9945148979642067,172,578
MPNet-Personality,50,10,3,0.22538967308841787,0.13495209778658737,0.6833008084750488,0.6833008084750488,0.9945537231824338,165,635
MPNet-Personality,50,10,4,0.22140391254315306,0.13259455287242253,0.6704767214942849,0.6704767214942849,0.994546096800282,162,680
MPNet-Personality,50,10,5,0.21297685627245033,0.1272411170270564,0.65291329802063,0.65291329802063,0.9944313544142713,157,734
MPNet-Personality,50,10,6,0.2131255281194254,0.12813999435506632,0.6328408140507388,0.6328408140507388,0.9946459330757234,152,833
MPNet-Personality,50,10,7,0.2170056878434397,0.13118480097907803,0.6275439085586841,0.6275439085586841,0.9948320861309734,151,895
MPNet-Personality,50,10,8,0.21465338913744167,0.1297093023255814,0.6219682185670476,0.6219682185670476,0.994810940253189,146,924
MPNet-Personality,50,10,9,0.20799848728372886,0.12523481527864747,0.6133258990800111,0.6133258990800111,0.9946729720669888,140,968
MPNet-Personality,50,10,10,0.21246458923512748,0.12879729969799253,0.6063562865904656,0.6063562865904656,0.994900030262871,135,1048
MPNet-Personality,50,10,11,0.20496649586125346,0.12448381111975582,0.5798717591301924,0.5798717591301924,0.9949288025228072,125,1142
MPNet-Personality,50,11,2,0.21295062948481072,0.12587625723864676,0.690827989963758,0.690827989963758,0.9940347825423793,154,565
MPNet-Personality,50,11,3,0.21415147939338317,0.12698248160049758,0.683022023975467,0.683022023975467,0.9941609645016176,150,628
MPNet-Personality,50,11,4,0.20895001091464746,0.1238741070504193,0.667131307499303,0.667131307499303,0.9941328855491498,146,704
MPNet-Personality,50,11,5,0.2058446438834608,0.1223203026481715,0.6490103150264845,0.6490103150264845,0.9942094960244017,142,765
MPNet-Personality,50,11,6,0.20479956367602944,0.12234591365734455,0.6281014775578477,0.6281014775578477,0.9943973823483225,137,874
MPNet-Personality,50,11,7,0.20250919891829589,0.12040063257775435,0.6367437970448843,0.6367437970448843,0.9942157357916167,135,870
MPNet-Personality,50,11,8,0.20366542648477332,0.12192036955565332,0.6180652355729022,0.6180652355729022,0.994464979826486,135,927
MPNet-Personality,50,11,9,0.20525774160351765,0.12332078016974875,0.6116531920825202,0.6116531920825202,0.9945932417081293,129,1020
MPNet-Personality,50,11,10,0.20661354201460133,0.12464018422567645,0.6035684415946473,0.6035684415946473,0.9947291299719245,126,1074
MPNet-Personality,50,11,11,0.19536995006808897,0.11668383668600553,0.5999442431000837,0.5999442431000837,0.9943526640166144,120,1077
SciBERT (SciVocab),768,2,2,0.30878239791161666,0.46621621621621623,0.23083356565374966,0.23083356565374966,0.9996713722600056,923,1640
SciBERT (SciVocab),768,2,3,0.18356589147286823,0.20677610897659798,0.16504042375243935,0.16504042375243935,0.9992127493696968,377,2703
SciBERT (SciVocab),768,2,4,0.002512685142218131,0.0012580590240310985,0.9208252021187622,0.9208252021187622,0.09101497786789234,2,192
SciBERT (SciVocab),768,2,5,0.0025102282352710325,0.0012567522233307646,0.9629216615556175,0.9629216615556175,0.04847016507304167,2,92
SciBERT (SciVocab),768,2,6,0.0024996519396237914,0.0012516169548754735,0.8734318371898523,0.8734318371898523,0.13335561161331608,2,292
SciBERT (SciVocab),768,2,7,0.00248709675366414,0.001245443783361619,0.8171173682743239,0.8171173682743239,0.18520877047813603,3,429
SciBERT (SciVocab),768,2,8,0.002465943414091845,0.001235991808310645,0.5045999442431001,0.5045999442431001,0.49298390174723883,5,1328
SciBERT (SciVocab),768,2,9,0.0024623474779183517,0.0012333852293230202,0.6866462224700307,0.6866462224700307,0.30860606026991155,2,761
SciBERT (SciVocab),768,2,10,0.0025011945898196844,0.001253785700730451,0.4917758572623362,0.4917758572623362,0.5128908390857632,11,1369
SciBERT (SciVocab),768,2,11,0.0024840685872307452,0.0012439361315208465,0.812378031781433,0.812378031781433,0.18895159084598417,2,429
SciBERT (SciVocab),768,3,2,0.2734064536639644,0.3180473372781065,0.23975466964036798,0.23975466964036798,0.999360770514188,416,2237
SciBERT (SciVocab),768,3,3,0.1811448850486036,0.20283344851416724,0.16364650125453026,0.16364650125453026,0.9992002698352667,227,2954
SciBERT (SciVocab),768,3,4,0.128,0.15445232466509062,0.10928352383607472,0.10928352383607472,0.9992560810864682,124,3365
SciBERT (SciVocab),768,3,5,0.0025206176845577527,0.0012623196257342403,0.7911904098132144,0.7911904098132144,0.2216223186766979,2,525
SciBERT (SciVocab),768,3,6,0.00249363758570661,0.0012497313631124106,0.5349874546975188,0.5349874546975188,0.46836802008373074,3,1241
SciBERT (SciVocab),768,3,7,0.0024789911335874127,0.0012423845466076144,0.5330359632004461,0.5330359632004461,0.46717102473963706,3,1238
SciBERT (SciVocab),768,3,8,0.002459826708532474,0.0012328533424320132,0.515751324226373,0.515751324226373,0.48045826237042516,2,1290
SciBERT (SciVocab),768,3,9,0.006682346734662475,0.0036271655610175153,0.042375243936437136,0.042375243936437136,0.9855258199834092,16,3667
SciBERT (SciVocab),768,3,10,0.002611704085388296,0.0013127846278396182,0.24728185112907722,0.24728185112907722,0.7660863798707883,2,2332
SciBERT (SciVocab),768,3,11,0.002618964179328644,0.0013168721690001684,0.23334262614998605,0.23334262614998605,0.7799580756973893,2,2405
SciBERT (SciVocab),768,4,2,0.20355029585798817,0.19263315082130414,0.2157792026763312,0.2157792026763312,0.9988754552863481,226,2593
SciBERT (SciVocab),768,4,3,0.15977554636739516,0.16985871271585556,0.1508224142737664,0.1508224142737664,0.999083447526851,145,3113
SciBERT (SciVocab),768,4,4,0.12354085603112841,0.14761720263463773,0.10621689434067466,0.10621689434067466,0.999237361784823,103,3413
SciBERT (SciVocab),768,4,5,0.0025206176845577527,0.0012623196257342403,0.7911904098132144,0.7911904098132144,0.2216223186766979,2,525
SciBERT (SciVocab),768,4,6,0.002493639205881818,0.0012497321769891678,0.5349874546975188,0.5349874546975188,0.4683683667374649,2,1244
SciBERT (SciVocab),768,4,7,0.00247899274064835,0.0012423853538881399,0.5330359632004461,0.5330359632004461,0.4671713713933712,2,1241
SciBERT (SciVocab),768,4,8,0.002459826708532474,0.0012328533424320132,0.515751324226373,0.515751324226373,0.48045826237042516,2,1290
SciBERT (SciVocab),768,4,9,0.004600167546038418,0.0023623532963508056,0.08725954836911068,0.08725954836911068,0.9541786161097616,8,3330
SciBERT (SciVocab),768,4,10,0.004479104179164167,0.0023057033218597143,0.07805965988291051,0.07805965988291051,0.9580001268752667,6,3377
SciBERT (SciVocab),768,4,11,0.003652576165109002,0.001861224141517031,0.09729579035405632,0.09729579035405632,0.9351195938050204,4,3212
SciBERT (SciVocab),768,5,2,0.18388531883341572,0.16514983351831297,0.2074156676888765,0.2074156676888765,0.9986962353057816,153,2760
SciBERT (SciVocab),768,5,3,0.0025593545341645826,0.001281720809242636,0.8026205742960691,0.8026205742960691,0.22234474505871102,2,519
SciBERT (SciVocab),768,5,4,0.11356753482737734,0.12429565793834936,0.10454418734318371,0.10454418734318371,0.9990841408343193,72,3483
SciBERT (SciVocab),768,5,5,0.0025565291910756983,0.001281271146875377,0.5447449121828827,0.5447449121828827,0.4720137774060109,3,1238
SciBERT (SciVocab),768,5,6,0.0033890024556125532,0.0017102756684089506,0.1837189852244215,0.1837189852244215,0.8666565212673799,9,2719
SciBERT (SciVocab),768,5,7,0.003022695954687635,0.001524138484260793,0.18009478672985782,0.18009478672985782,0.8532961396986817,4,2676
SciBERT (SciVocab),768,5,8,0.0032187995903345977,0.0016258082853691466,0.1594647337608029,0.1594647337608029,0.8782368359111082,4,2811
SciBERT (SciVocab),768,5,9,0.0033540536232787954,0.001698132405208074,0.13493169779760245,0.13493169779760245,0.9013648797475529,4,2961
SciBERT (SciVocab),768,5,10,0.004089348922020809,0.002095053612765402,0.0850292723724561,0.0850292723724561,0.9496395321145219,5,3309
SciBERT (SciVocab),768,5,11,0.003652576165109002,0.001861224141517031,0.09729579035405632,0.09729579035405632,0.9351195938050204,4,3212
SciBERT (SciVocab),768,6,2,0.17335994013469694,0.15684946964567817,0.19375522720936716,0.19375522720936716,0.9987049016491358,120,2898
SciBERT (SciVocab),768,6,3,0.0025593545341645826,0.001281720809242636,0.8026205742960691,0.8026205742960691,0.22234474505871102,2,519
SciBERT (SciVocab),768,6,4,0.0025414973483022245,0.0012729951066324375,0.7201003624198494,0.7201003624198494,0.29750967423908636,2,724
SciBERT (SciVocab),768,6,5,0.07511430437622468,0.09065825778478517,0.06412043490381934,0.06412043490381934,0.9992002698352667,39,3729
SciBERT (SciVocab),768,6,6,0.003286318577471489,0.001658456571277297,0.17814329523278505,0.17814329523278505,0.8666565212673799,6,2734
SciBERT (SciVocab),768,6,7,0.003022738385736044,0.001524160060400151,0.18009478672985782,0.18009478672985782,0.8532982196210867,3,2681
SciBERT (SciVocab),768,6,8,0.0032187995903345977,0.0016258082853691466,0.1594647337608029,0.1594647337608029,0.8782368359111082,4,2811
SciBERT (SciVocab),768,6,9,0.006073178797991642,0.003209660761102725,0.0563144689155283,0.0563144689155283,0.9782533712942283,7,3586
SciBERT (SciVocab),768,6,10,0.003978097600566994,0.0020306819706951583,0.0970170058544745,0.0970170058544745,0.940714238420812,4,3241
SciBERT (SciVocab),768,6,11,0.003652576165109002,0.001861224141517031,0.09729579035405632,0.09729579035405632,0.9351195938050204,4,3212
SciBERT (SciVocab),768,7,2,0.002549226334241037,0.001276477737086368,0.8725954836911067,0.8725954836911067,0.15106927077573826,2,334
SciBERT (SciVocab),768,7,3,0.0025593545341645826,0.001281720809242636,0.8026205742960691,0.8026205742960691,0.22234474505871102,2,519
SciBERT (SciVocab),768,7,4,0.0025414973483022245,0.0012729951066324375,0.7201003624198494,0.7201003624198494,0.29750967423908636,2,724
SciBERT (SciVocab),768,7,5,0.0027735749010894244,0.001391635181083117,0.3981042654028436,0.3981042654028436,0.6447828786334078,4,1795
SciBERT (SciVocab),768,7,6,0.002663274798916578,0.001336571126964961,0.3607471424588793,0.3607471424588793,0.6648361038477525,2,1902
SciBERT (SciVocab),768,7,7,0.003022738385736044,0.001524160060400151,0.18009478672985782,0.18009478672985782,0.8532982196210867,3,2681
SciBERT (SciVocab),768,7,8,0.0032187995903345977,0.0016258082853691466,0.1594647337608029,0.1594647337608029,0.8782368359111082,4,2811
SciBERT (SciVocab),768,7,9,0.004107020302730628,0.002094102346496787,0.10593810984109284,0.10593810984109284,0.9372272485087823,5,3202
SciBERT (SciVocab),768,7,10,0.003978097600566994,0.0020306819706951583,0.0970170058544745,0.0970170058544745,0.940714238420812,4,3241
SciBERT (SciVocab),768,7,11,0.0034919085345248378,0.0017758512867761139,0.10370783384443825,0.10370783384443825,0.9275129709160984,3,3161
SciBERT (SciVocab),768,8,2,0.002549226334241037,0.001276477737086368,0.8725954836911067,0.8725954836911067,0.15106927077573826,2,334
SciBERT (SciVocab),768,8,3,0.0025593545341645826,0.001281720809242636,0.8026205742960691,0.8026205742960691,0.22234474505871102,2,519
SciBERT (SciVocab),768,8,4,0.0025414973483022245,0.0012729951066324375,0.7201003624198494,0.7201003624198494,0.29750967423908636,2,724
SciBERT (SciVocab),768,8,5,0.0027541788545879025,0.0013819033038014036,0.39531642040702536,0.39531642040702536,0.6447828786334078,3,1802
SciBERT (SciVocab),768,8,6,0.003265872913827243,0.0016481391600459922,0.17702815723445775,0.17702815723445775,0.8666603344584558,4,2747
SciBERT (SciVocab),768,8,7,0.006087444074468207,0.003173997088513949,0.07415667688876498,0.07415667688876498,0.9710405470473248,7,3483
SciBERT (SciVocab),768,8,8,0.0032187995903345977,0.0016258082853691466,0.1594647337608029,0.1594647337608029,0.8782368359111082,4,2811
SciBERT (SciVocab),768,8,9,0.004107020302730628,0.002094102346496787,0.10593810984109284,0.10593810984109284,0.9372272485087823,5,3202
SciBERT (SciVocab),768,8,10,0.003978097600566994,0.0020306819706951583,0.0970170058544745,0.0970170058544745,0.940714238420812,4,3241
SciBERT (SciVocab),768,8,11,0.003491924923614142,0.001775859764364414,0.10370783384443825,0.10370783384443825,0.9275133175698326,2,3168
SciBERT (SciVocab),768,9,2,0.002549226334241037,0.001276477737086368,0.8725954836911067,0.8725954836911067,0.15106927077573826,2,334
SciBERT (SciVocab),768,9,3,0.00414810439934387,0.002091359127538012,0.2506272651240591,0.2506272651240591,0.8512976809211837,13,2484
SciBERT (SciVocab),768,9,4,0.0030552367404341994,0.0015350357701236557,0.3161416225257876,0.3161416225257876,0.744304392484131,4,2099
SciBERT (SciVocab),768,9,5,0.002693383530074064,0.0013509542713891535,0.4268190688597714,0.4268190688597714,0.6076774095814399,2,1673
SciBERT (SciVocab),768,9,6,0.003265872913827243,0.0016481391600459922,0.17702815723445775,0.17702815723445775,0.8666603344584558,4,2747
SciBERT (SciVocab),768,9,7,0.004141247502431048,0.0021071910355760803,0.11931976582102036,0.11931976582102036,0.9297381412357443,5,3138
SciBERT (SciVocab),768,9,8,0.0032187995903345977,0.0016258082853691466,0.1594647337608029,0.1594647337608029,0.8782368359111082,4,2811
SciBERT (SciVocab),768,9,9,0.004107020302730628,0.002094102346496787,0.10593810984109284,0.10593810984109284,0.9372272485087823,5,3202
SciBERT (SciVocab),768,9,10,0.0034276832460732984,0.0017393614592370887,0.11681070532478394,0.11681070532478394,0.916638789928877,3,3084
SciBERT (SciVocab),768,9,11,0.003491924923614142,0.001775859764364414,0.10370783384443825,0.10370783384443825,0.9275133175698326,2,3168
SciBERT (SciVocab),768,10,2,0.002549226334241037,0.001276477737086368,0.8725954836911067,0.8725954836911067,0.15106927077573826,2,334
SciBERT (SciVocab),768,10,3,0.004051506740590514,0.0020426585270524296,0.24477279063284083,0.24477279063284083,0.8513014941122596,11,2502
SciBERT (SciVocab),768,10,4,0.0030552367404341994,0.0015350357701236557,0.3161416225257876,0.3161416225257876,0.744304392484131,4,2099
SciBERT (SciVocab),768,10,5,0.002693383530074064,0.0013509542713891535,0.4268190688597714,0.4268190688597714,0.6076774095814399,2,1673
SciBERT (SciVocab),768,10,6,0.003265872913827243,0.0016481391600459922,0.17702815723445775,0.17702815723445775,0.8666603344584558,4,2747
SciBERT (SciVocab),768,10,7,0.0029947755205177217,0.0015100607799463928,0.17842207973236687,0.17842207973236687,0.8533016861584284,2,2690
SciBERT (SciVocab),768,10,8,0.0031851793492329683,0.0016088275172039374,0.15779202676331197,0.15779202676331197,0.87824030244845,3,2820
SciBERT (SciVocab),768,10,9,0.003305773668854345,0.0016736900831230987,0.1329802063005297,0.1329802063005297,0.9013693862460971,2,2979
SciBERT (SciVocab),768,10,10,0.003403224882809624,0.001726950810961156,0.11597435182603848,0.11597435182603848,0.9166398298900795,2,3093
SciBERT (SciVocab),768,10,11,0.003491924923614142,0.001775859764364414,0.10370783384443825,0.10370783384443825,0.9275133175698326,2,3168
SciBERT (SciVocab),768,11,2,0.0025778614189256783,0.0012911690235625033,0.7435182603847226,0.7435182603847226,0.28488697181670475,2,692
SciBERT (SciVocab),768,11,3,0.004001006019968112,0.0020171985370075664,0.24170616113744076,0.24170616113744076,0.8513073872257406,9,2522
SciBERT (SciVocab),768,11,4,0.0030552367404341994,0.0015350357701236557,0.3161416225257876,0.3161416225257876,0.744304392484131,4,2099
SciBERT (SciVocab),768,11,5,0.002693383530074064,0.0013509542713891535,0.4268190688597714,0.4268190688597714,0.6076774095814399,2,1673
SciBERT (SciVocab),768,11,6,0.0032351889808126034,0.001632655180111197,0.17535545023696683,0.17535545023696683,0.8666655342644684,3,2757
SciBERT (SciVocab),768,11,7,0.0029947755205177217,0.0015100607799463928,0.17842207973236687,0.17842207973236687,0.8533016861584284,2,2690
SciBERT (SciVocab),768,11,8,0.0031851793492329683,0.0016088275172039374,0.15779202676331197,0.15779202676331197,0.87824030244845,3,2820
SciBERT (SciVocab),768,11,9,0.003305773668854345,0.0016736900831230987,0.1329802063005297,0.1329802063005297,0.9013693862460971,2,2979
SciBERT (SciVocab),768,11,10,0.003403224882809624,0.001726950810961156,0.11597435182603848,0.11597435182603848,0.9166398298900795,2,3093
SciBERT (SciVocab),768,11,11,0.003491924923614142,0.001775859764364414,0.10370783384443825,0.10370783384443825,0.9275133175698326,2,3168
SciBERT (SciVocab),2,2,2,0.02267754127710364,0.03958333333333333,0.015890716476163927,0.015890716476163927,0.999520577885641,1412,288
SciBERT (SciVocab),2,2,3,0.04071484071484072,0.045997191011235956,0.03652076944521884,0.03652076944521884,0.9990581418042564,816,457
SciBERT (SciVocab),2,2,4,0.03953488372093023,0.036840837948470984,0.04265402843601896,0.04265402843601896,0.9986133850633145,594,680
SciBERT (SciVocab),2,2,5,0.04432383536861149,0.037283621837549935,0.05464176191803736,0.05464176191803736,0.9982455854513588,474,819
SciBERT (SciVocab),2,2,6,0.04727666699497685,0.03655193420651843,0.06690827989963757,0.06690827989963757,0.997807068477632,382,955
SciBERT (SciVocab),2,2,7,0.04913641821372495,0.036740331491712706,0.07415667688876498,0.07415667688876498,0.9975824368578889,354,1091
SciBERT (SciVocab),2,2,8,0.052728710783021354,0.038501026694045176,0.08363534987454697,0.08363534987454697,0.9974028702235882,316,1167
SciBERT (SciVocab),2,2,9,0.04766600920447074,0.03379559491900711,0.08084750487872874,0.08084750487872874,0.9971258938899853,281,1250
SciBERT (SciVocab),2,2,10,0.04856449078703042,0.03264522323571772,0.0947867298578199,0.0947867298578199,0.9965074636282236,258,1273
SciBERT (SciVocab),2,2,11,0.04861952861952862,0.03205185119417562,0.1006412043490382,0.1006412043490382,0.9962207809900638,223,1362
SciBERT (SciVocab),2,3,2,0.0391304347826087,0.04416403785488959,0.03512684694730973,0.03512684694730973,0.9990546752669147,851,329
SciBERT (SciVocab),2,3,3,0.04048221461527013,0.04342273307790549,0.037914691943127965,0.037914691943127965,0.9989614254124226,755,436
SciBERT (SciVocab),2,3,4,0.044627698277952946,0.0394934535308006,0.05129634792305548,0.05129634792305548,0.9984487245395832,509,629
SciBERT (SciVocab),2,3,5,0.047633970542149795,0.038088874039425326,0.06356286590465571,0.06356286590465571,0.9980039677986413,392,773
SciBERT (SciVocab),2,3,6,0.04933871119031986,0.03717839977381962,0.07332032339001951,0.07332032339001951,0.9976389414165588,325,893
SciBERT (SciVocab),2,3,7,0.04748917054387935,0.033337087509854715,0.08252021187621968,0.08252021187621968,0.9970246709996072,270,1027
SciBERT (SciVocab),2,3,8,0.05226590873203853,0.03645775966516136,0.09227766936158349,0.09227766936158349,0.996967473133469,239,1145
SciBERT (SciVocab),2,3,9,0.04738834216502649,0.032526239218538915,0.08725954836911068,0.08725954836911068,0.9967726537348647,215,1208
SciBERT (SciVocab),2,3,10,0.049689440993788817,0.03301843529303861,0.10036241984945637,0.10036241984945637,0.9963452296806313,189,1263
SciBERT (SciVocab),2,3,11,0.04836233367451382,0.03138231631382316,0.10538054084192919,0.10538054084192919,0.9959555908834228,165,1368
SciBERT (SciVocab),2,4,2,0.04334975369458128,0.038826384292962715,0.04906607192640089,0.04906607192640089,0.9984896296802154,581,302
SciBERT (SciVocab),2,4,3,0.04280983916745506,0.03717395769151777,0.05045999442431001,0.05045999442431001,0.9983748872942046,547,352
SciBERT (SciVocab),2,4,4,0.045727221279003964,0.038490853658536585,0.0563144689155283,0.0563144689155283,0.9982507852573713,470,582
SciBERT (SciVocab),2,4,5,0.04796453043127771,0.037557203724159695,0.06635071090047394,0.06635071090047394,0.9978857588752889,372,744
SciBERT (SciVocab),2,4,6,0.048184477714679055,0.03484754200373367,0.07805965988291051,0.07805965988291051,0.9973117002915012,298,827
SciBERT (SciVocab),2,4,7,0.048144121758036965,0.03336562264557098,0.0864231948703652,0.0864231948703652,0.9968867028134071,256,984
SciBERT (SciVocab),2,4,8,0.052348993288590606,0.035732464623842004,0.09785335935321995,0.09785335935321995,0.9967164958299289,223,1050
SciBERT (SciVocab),2,4,9,0.045164101074644206,0.03053510063819342,0.08670197936994703,0.08670197936994703,0.996577141028792,204,1167
SciBERT (SciVocab),2,4,10,0.04823323928523445,0.03177272324984512,0.10008363534987455,0.10008363534987455,0.9962076081481653,177,1247
SciBERT (SciVocab),2,4,11,0.05014300492910607,0.03207224038611241,0.11485921382771118,0.11485921382771118,0.9956897074693133,152,1296
SciBERT (SciVocab),2,5,2,0.04409063074096754,0.034777008533247465,0.06021745190967382,0.06021745190967382,0.9979218108636427,463,246
SciBERT (SciVocab),2,5,3,0.047515772870662464,0.03675461339026994,0.0671870643992194,0.0671870643992194,0.9978105350149737,434,307
SciBERT (SciVocab),2,5,4,0.04543238763771083,0.03493253373313343,0.06495678840256482,0.06495678840256482,0.997768589913139,393,513
SciBERT (SciVocab),2,5,5,0.05062063615205586,0.03881040892193308,0.07276275439085587,0.07276275439085587,0.9977592302623164,355,723
SciBERT (SciVocab),2,5,6,0.047479158396188964,0.03319271758436945,0.08335656537496515,0.08335656537496515,0.9969809926291017,284,769
SciBERT (SciVocab),2,5,7,0.047555158020274296,0.032454980160748804,0.08893225536660161,0.08893225536660161,0.9967033229880304,241,958
SciBERT (SciVocab),2,5,8,0.05101752402487281,0.034169427354472315,0.1006412043490382,0.1006412043490382,0.9964627452965155,213,1000
SciBERT (SciVocab),2,5,9,0.047204622989626126,0.03145879732739421,0.09450794535823809,0.09450794535823809,0.9963819749764535,190,1131
SciBERT (SciVocab),2,5,10,0.04972483004208482,0.03238320121437004,0.10705324783942013,0.10705324783942013,0.9960224950541179,166,1220
SciBERT (SciVocab),2,5,11,0.05029585798816568,0.03192368361751671,0.11848341232227488,0.11848341232227488,0.9955323266739996,145,1274
SciBERT (SciVocab),2,6,2,0.04672559985567382,0.03453793839178557,0.07220518539169223,0.07220518539169223,0.9974902269645993,382,279
SciBERT (SciVocab),2,6,3,0.04994244222084477,0.036594861147158056,0.07861722888207416,0.07861722888207416,0.9974264426775118,359,340
SciBERT (SciVocab),2,6,4,0.05341551104262968,0.038542310067943175,0.08698076386952885,0.08698076386952885,0.9973019939869443,329,440
SciBERT (SciVocab),2,6,5,0.051126861511507526,0.03578595317725752,0.08948982436576526,0.08948982436576526,0.997001791853152,297,606
SciBERT (SciVocab),2,6,6,0.04670142824756291,0.03203400373211694,0.08614441037078338,0.08614441037078338,0.9967632940840421,274,731
SciBERT (SciVocab),2,6,7,0.05036179450072359,0.034007622398123716,0.0970170058544745,0.0970170058544745,0.9965733278377161,231,927
SciBERT (SciVocab),2,6,8,0.05098525561526802,0.0338610780635124,0.1031502648452746,0.1031502648452746,0.996340376528353,203,981
SciBERT (SciVocab),2,6,9,0.0491237566817782,0.032433881343817014,0.10119877334820183,0.10119877334820183,0.9962460867126584,184,1089
SciBERT (SciVocab),2,6,10,0.04952096553440338,0.03187314807399696,0.11095623083356565,0.11095623083356565,0.9958093030076025,159,1182
SciBERT (SciVocab),2,6,11,0.051267214442772824,0.03234757210660825,0.1235015333147477,0.1235015333147477,0.9954061447147612,139,1254
SciBERT (SciVocab),2,7,2,0.05106042416966787,0.0358105074090705,0.08893225536660161,0.08893225536660161,0.9970225910772023,320,309
SciBERT (SciVocab),2,7,3,0.053635095334056734,0.03714439076757917,0.09645943685531085,0.09645943685531085,0.9968908626582171,306,339
SciBERT (SciVocab),2,7,4,0.0525811915457692,0.03572858286629303,0.0995260663507109,0.0995260663507109,0.9966599912712589,274,434
SciBERT (SciVocab),2,7,5,0.049730036942313156,0.033368290590142055,0.09757457485363814,0.09757457485363814,0.9964852777892366,256,591
SciBERT (SciVocab),2,7,6,0.05018018630584076,0.03318345323741007,0.10287148034569278,0.10287148034569278,0.9962731257039238,240,665
SciBERT (SciVocab),2,7,7,0.04931138730265368,0.032483625420428396,0.10231391134652913,0.10231391134652913,0.9962107280317729,214,893
SciBERT (SciVocab),2,7,8,0.052812252442566675,0.03459908312429721,0.1115137998327293,0.1115137998327293,0.9961309976729135,191,945
SciBERT (SciVocab),2,7,9,0.05031779661016949,0.0329947034818095,0.10593810984109284,0.10593810984109284,0.9961393173625336,176,1089
SciBERT (SciVocab),2,7,10,0.04927062526481448,0.03146745013143652,0.11346529132980206,0.11346529132980206,0.9956574686720354,152,1171
SciBERT (SciVocab),2,7,11,0.05059288537549407,0.03172130567159952,0.12489545581265682,0.12489545581265682,0.9952595101852066,135,1242
SciBERT (SciVocab),2,8,2,0.05538881309686221,0.03666576356904181,0.11318650683022025,0.11318650683022025,0.9963022446175941,272,238
SciBERT (SciVocab),2,8,3,0.05434426766188699,0.0355125791545439,0.11569556732645665,0.11569556732645665,0.9960928657621546,263,247
SciBERT (SciVocab),2,8,4,0.05285714285714286,0.03445356810293744,0.11346529132980206,0.11346529132980206,0.9960460675080415,243,387
SciBERT (SciVocab),2,8,5,0.05066079295154185,0.03299856527977044,0.10900473933649289,0.10900473933649289,0.9960280415138646,231,556
SciBERT (SciVocab),2,8,6,0.050425348292442364,0.03237039968341907,0.1140228603289657,0.1140228603289657,0.9957618114460209,205,635
SciBERT (SciVocab),2,8,7,0.048312133072407046,0.030943987465726595,0.11011987733482019,0.11011987733482019,0.9957118933083003,191,824
SciBERT (SciVocab),2,8,8,0.051999237175004764,0.03367918313570487,0.1140228603289657,0.1140228603289657,0.9959320184294991,183,927
SciBERT (SciVocab),2,8,9,0.0511816163990077,0.033415736083880314,0.10928352383607472,0.10928352383607472,0.996069293308231,173,1093
SciBERT (SciVocab),2,8,10,0.048612757884752195,0.03087116933965816,0.11430164482854753,0.11430164482854753,0.9955382197874805,146,1154
SciBERT (SciVocab),2,8,11,0.047623666343355964,0.028826395819879058,0.13688318929467522,0.13688318929467522,0.9942656539293374,128,1190
SciBERT (SciVocab),2,9,2,0.051949654491609085,0.033357103240630695,0.11736827432394759,0.11736827432394759,0.9957708244431095,239,273
SciBERT (SciVocab),2,9,3,0.05190632144843354,0.033343918704350585,0.11708948982436576,0.11708948982436576,0.9957791441327296,240,290
SciBERT (SciVocab),2,9,4,0.05084545347049781,0.032265326029864184,0.11987733482018399,0.11987733482018399,0.995529206790392,219,365
SciBERT (SciVocab),2,9,5,0.049319437325588016,0.030990552533638707,0.12071368831892947,0.12071368831892947,0.995306655093054,195,533
SciBERT (SciVocab),2,9,6,0.051428898688505816,0.03236269280668877,0.12517424031223864,0.12517424031223864,0.9953461736187496,187,619
SciBERT (SciVocab),2,9,7,0.04778233739951655,0.029925362624982396,0.11848341232227488,0.11848341232227488,0.9952241515043212,172,807
SciBERT (SciVocab),2,9,8,0.046001604707140945,0.028461742123378344,0.11987733482018399,0.11987733482018399,0.9949118164898328,161,905
SciBERT (SciVocab),2,9,9,0.04989680708995994,0.03189260495072554,0.11458042932812935,0.11458042932812935,0.9956751480124781,160,1068
SciBERT (SciVocab),2,9,10,0.050041333700744005,0.03118560241791455,0.12656816281014777,0.12656816281014777,0.9951107957332472,138,1113
SciBERT (SciVocab),2,9,11,0.04234059377471066,0.024303693005983083,0.1642040702536939,0.1642040702536939,0.991803025801784,114,1065
SciBERT (SciVocab),2,10,2,0.0510250569476082,0.032061833536105346,0.12489545581265682,0.12489545581265682,0.9953115082453324,215,289
SciBERT (SciVocab),2,10,3,0.05138516532618409,0.03212963609694768,0.12824086980763869,0.12824086980763869,0.9951964192055875,209,293
SciBERT (SciVocab),2,10,4,0.049235898860794665,0.030746807329261522,0.1235015333147477,0.1235015333147477,0.995158980602297,195,421
SciBERT (SciVocab),2,10,5,0.047866911614615225,0.02929602098819414,0.1307499303038751,0.1307499303038751,0.9946130009709772,174,526
SciBERT (SciVocab),2,10,6,0.0481820869051138,0.029262162647358026,0.13632562029551157,0.13632562029551157,0.9943765831242722,165,544
SciBERT (SciVocab),2,10,7,0.04761160598010106,0.029276105060858423,0.1274045163088932,0.1274045163088932,0.9947471559661014,159,784
SciBERT (SciVocab),2,10,8,0.04866474834671109,0.029712735790901244,0.1343741287984388,0.1343741287984388,0.9945436702241428,145,885
SciBERT (SciVocab),2,10,9,0.04612618932783794,0.02736732570239334,0.14664064678003902,0.14664064678003902,0.9935196550934007,135,944
SciBERT (SciVocab),2,10,10,0.049972181477922206,0.03052397429560059,0.1377195427934207,0.1377195427934207,0.9945610029108514,127,1071
SciBERT (SciVocab),2,10,11,0.04257554007212633,0.024345319131897174,0.16950097574574854,0.16950097574574854,0.9915534351131807,109,1012
SciBERT (SciVocab),2,11,2,0.05071967100753941,0.031274382314694406,0.13409534429885697,0.13409534429885697,0.994835206014581,186,367
SciBERT (SciVocab),2,11,3,0.05126931293159124,0.031193326079071455,0.1438528017842208,0.1438528017842208,0.9944445272561698,180,359
SciBERT (SciVocab),2,11,4,0.04866393602496587,0.029489982861533006,0.1391134652913298,0.1391134652913298,0.994307252377438,172,428
SciBERT (SciVocab),2,11,5,0.04794223826714802,0.02897370258319758,0.138834680791748,0.138834680791748,0.9942143491766801,162,499
SciBERT (SciVocab),2,11,6,0.04818604651162791,0.028917545916373584,0.14441037078338445,0.14441037078338445,0.9939699582940893,153,539
SciBERT (SciVocab),2,11,7,0.048446850954687946,0.029197916070304003,0.14218009478672985,0.14218009478672985,0.9941217926296563,143,756
SciBERT (SciVocab),2,11,8,0.04715996828179125,0.02773142240109944,0.15751324226373015,0.15751324226373015,0.9931331361797996,131,812
SciBERT (SciVocab),2,11,9,0.04543535174394055,0.02677282906195571,0.1499860607750209,0.1499860607750209,0.9932204929208107,123,950
SciBERT (SciVocab),2,11,10,0.051519878578354904,0.03034969203258494,0.17033732924449402,0.17033732924449402,0.9932329724552409,114,980
SciBERT (SciVocab),2,11,11,0.04312468365108824,0.024531633906633907,0.17814329523278505,0.17814329523278505,0.99119187526844,105,953
SciBERT (SciVocab),5,2,2,0.2140597539543058,0.289586305278174,0.16977976024533037,0.16977976024533037,0.999482099321148,1139,798
SciBERT (SciVocab),5,2,3,0.2230419279478667,0.19951605807303124,0.2528575411207137,0.2528575411207137,0.9987385270613505,581,1057
SciBERT (SciVocab),5,2,4,0.22528788051533463,0.19058641975308643,0.2754390855868414,0.2754390855868414,0.998545440931417,424,1351
SciBERT (SciVocab),5,2,5,0.17962779825586622,0.13256369426751594,0.2785057150822414,0.2785057150822414,0.9977339245397219,325,1465
SciBERT (SciVocab),5,2,6,0.16479640910548252,0.11564855439307009,0.2865904655701143,0.2865904655701143,0.997274954995679,259,1514
SciBERT (SciVocab),5,2,7,0.15632079746261893,0.10719834282755049,0.28854195706718705,0.28854195706718705,0.9970118448114429,234,1568
SciBERT (SciVocab),5,2,8,0.13628823568442705,0.08942877046325322,0.28631168107053245,0.28631168107053245,0.9963750419017701,213,1629
SciBERT (SciVocab),5,2,9,0.13311232946576565,0.0862881229853707,0.2910510175634235,0.2910510175634235,0.9961677429687357,178,1699
SciBERT (SciVocab),5,2,10,0.12439115773698015,0.08014806469783536,0.277669361583496,0.277669361583496,0.9960374011646872,168,1798
SciBERT (SciVocab),5,2,11,0.09812438302073051,0.05961734540874468,0.27711179258433233,0.27711179258433233,0.9945648161019273,143,1785
SciBERT (SciVocab),5,3,2,0.23908629441624366,0.2194269741439553,0.2626149986060775,0.2626149986060775,0.9988383633367918,613,848
SciBERT (SciVocab),5,3,3,0.22529002320185615,0.1929266838863501,0.2706997490939504,0.2706997490939504,0.9985918925317959,493,1064
SciBERT (SciVocab),5,3,4,0.2244788882950294,0.1820388349514563,0.2927237245609144,0.2927237245609144,0.9983644876821796,353,1333
SciBERT (SciVocab),5,3,5,0.1765910254222829,0.1272280270436386,0.28854195706718705,0.28854195706718705,0.9975387584873834,259,1414
SciBERT (SciVocab),5,3,6,0.1655776769928511,0.11430694120144343,0.3002509060496236,0.3002509060496236,0.99710717458834,209,1503
SciBERT (SciVocab),5,3,7,0.15389914577018463,0.10220514228200202,0.31140228603289655,0.31140228603289655,0.9965986335603106,186,1528
SciBERT (SciVocab),5,3,8,0.1526440630668341,0.10179585000465247,0.3049902425425146,0.3049902425425146,0.9966537515040439,164,1667
SciBERT (SciVocab),5,3,9,0.12954032110371771,0.08292949820228232,0.2957903540563145,0.2957903540563145,0.9959327117369675,136,1701
SciBERT (SciVocab),5,3,10,0.12335064779986865,0.0784835131438991,0.2879843880680234,0.2879843880680234,0.9957954368582356,125,1766
SciBERT (SciVocab),5,3,11,0.12339692464748293,0.08000992884328975,0.2695846110956231,0.2695846110956231,0.9961455571297487,115,1888
SciBERT (SciVocab),5,4,2,0.24069299783438178,0.19099836333878886,0.3253415110119877,0.3253415110119877,0.9982864905919909,426,871
SciBERT (SciVocab),5,4,3,0.23269788644840447,0.18516075845012367,0.3130749930303875,0.3130749930303875,0.9982868372457252,378,1093
SciBERT (SciVocab),5,4,4,0.19125074907970208,0.13800345935260688,0.31140228603289655,0.31140228603289655,0.9975813968966865,314,1204
SciBERT (SciVocab),5,4,5,0.16596409055425448,0.11525533991109184,0.29634792305547814,0.29634792305547814,0.9971713055291618,243,1342
SciBERT (SciVocab),5,4,6,0.15963511972633979,0.10722833891814265,0.31223863953164205,0.31223863953164205,0.9967674539288521,199,1444
SciBERT (SciVocab),5,4,7,0.15662983425414365,0.10410355274029193,0.3161416225257876,0.3161416225257876,0.9966170062082217,172,1542
SciBERT (SciVocab),5,4,8,0.14739064458665962,0.096542783059637,0.31140228603289655,0.31140228603289655,0.9963764285167068,150,1627
SciBERT (SciVocab),5,4,9,0.12653301886792453,0.08023629701637629,0.2991357680512963,0.2991357680512963,0.9957361590696923,131,1679
SciBERT (SciVocab),5,4,10,0.08690731234083836,0.050822617246596064,0.29969333705046,0.29969333705046,0.9930402329790416,114,1633
SciBERT (SciVocab),5,4,11,0.09055615745756591,0.05402639375168328,0.2796208530805687,0.2796208530805687,0.9939120671204826,106,1750
SciBERT (SciVocab),5,5,2,0.21167369901547117,0.15457696751829503,0.3356565374965152,0.3356565374965152,0.9977172851604816,329,923
SciBERT (SciVocab),5,5,3,0.2002752924982794,0.1448301605076521,0.32450515751324227,0.32450515751324227,0.9976174488850402,300,1090
SciBERT (SciVocab),5,5,4,0.18206200205095843,0.12695269526952696,0.321717312517424,0.321717312517424,0.9972489559656161,259,1185
SciBERT (SciVocab),5,5,5,0.16630685624953473,0.11344708511070485,0.31140228603289655,0.31140228603289655,0.9969740595544182,225,1326
SciBERT (SciVocab),5,5,6,0.15420054200542005,0.10185268056922939,0.31725676052411483,0.31725676052411483,0.9965213297775904,187,1416
SciBERT (SciVocab),5,5,7,0.1529657308287888,0.1008343688975679,0.31669919152495124,0.31669919152495124,0.9964883976728441,163,1542
SciBERT (SciVocab),5,5,8,0.1472536034281262,0.09597968683876429,0.3161416225257876,0.3161416225257876,0.9962973914653157,141,1623
SciBERT (SciVocab),5,5,9,0.11894225580140314,0.07374690490530683,0.3072205185391692,0.3072205185391692,0.9952019656653343,122,1600
SciBERT (SciVocab),5,5,10,0.08656346253850154,0.05053241173173921,0.3016448285475328,0.3016448285475328,0.9929525295842964,110,1616
SciBERT (SciVocab),5,5,11,0.08833417381072449,0.052006531743282694,0.29300250906049624,0.29300250906049624,0.9933588077607451,100,1674
SciBERT (SciVocab),5,6,2,0.1910234508464047,0.1323861801743623,0.3429049344856426,0.3429049344856426,0.9972056242488447,266,991
SciBERT (SciVocab),5,6,3,0.17229849896848545,0.11566380133715377,0.33760802899358794,0.33760802899358794,0.9967903330753074,236,1071
SciBERT (SciVocab),5,6,4,0.16700812433768986,0.11184708554125662,0.32952327850571506,0.32952327850571506,0.9967463080510677,213,1195
SciBERT (SciVocab),5,6,5,0.15646304421194734,0.10322408265051657,0.3231112350153331,0.3231112350153331,0.9965095435506286,194,1311
SciBERT (SciVocab),5,6,6,0.15305440449137817,0.10065934065934067,0.31920825202118763,0.31920825202118763,0.996453732299427,179,1406
SciBERT (SciVocab),5,6,7,0.14423314398616943,0.09263224680783567,0.32562029551156957,0.32562029551156957,0.9960339346273455,152,1489
SciBERT (SciVocab),5,6,8,0.1421370340406995,0.0914917481172889,0.31837189852244213,0.31837189852244213,0.9960689466544969,133,1585
SciBERT (SciVocab),5,6,9,0.11872981700753499,0.07356766491029147,0.30749930303875106,0.30749930303875106,0.9951849796323599,117,1608
SciBERT (SciVocab),5,6,10,0.08642172523961661,0.05043583647974642,0.3016448285475328,0.3016448285475328,0.9929383167811953,106,1621
SciBERT (SciVocab),5,6,11,0.08868271481109996,0.052160660734477164,0.2957903540563145,0.2957903540563145,0.9933165160051762,98,1659
SciBERT (SciVocab),5,7,2,0.17301694915254237,0.1143061900922691,0.35572902146640645,0.35572902146640645,0.9965726345302478,230,932
SciBERT (SciVocab),5,7,3,0.16861571933641556,0.11150076431975542,0.3456927794814608,0.3456927794814608,0.9965747144526528,207,1104
SciBERT (SciVocab),5,7,4,0.15071534287123828,0.09676142212368359,0.34067465848898804,0.34067465848898804,0.9960457208543073,188,1166
SciBERT (SciVocab),5,7,5,0.14226486614546316,0.09032112506580432,0.33482018399776975,0.33482018399776975,0.9958068764314633,172,1258
SciBERT (SciVocab),5,7,6,0.14610613370089592,0.09422983675448521,0.3250627265124059,0.3250627265124059,0.9961147049474074,162,1398
SciBERT (SciVocab),5,7,7,0.13887571157495257,0.0881976350079084,0.326456649010315,0.326456649010315,0.9958034098941215,146,1472
SciBERT (SciVocab),5,7,8,0.12710935787858865,0.0790998977156495,0.323390019514915,0.323390019514915,0.9953184413200158,125,1502
SciBERT (SciVocab),5,7,9,0.11181424086900195,0.06807426283218056,0.3127962085308057,0.3127962085308057,0.9946753986431279,112,1558
SciBERT (SciVocab),5,7,10,0.08343887357520674,0.04815340298379122,0.31223863953164205,0.31223863953164205,0.9923254329791803,100,1532
SciBERT (SciVocab),5,7,11,0.08632046878157204,0.050477360809150204,0.29774184555338723,0.29774184555338723,0.9930357264804974,97,1636
SciBERT (SciVocab),5,8,2,0.14928551414962174,0.09342123720016833,0.37134095344298856,0.37134095344298856,0.995519153832101,190,882
SciBERT (SciVocab),5,8,3,0.14226542221240404,0.08870523415977961,0.35907443546138834,0.35907443546138834,0.9954130777894447,181,1000
SciBERT (SciVocab),5,8,4,0.14264281592613964,0.08993669504475005,0.3445776414831335,0.3445776414831335,0.9956644017467189,167,1169
SciBERT (SciVocab),5,8,5,0.1403407782638729,0.08842945230322814,0.33983830499024253,0.33983830499024253,0.9956439491764028,152,1301
SciBERT (SciVocab),5,8,6,0.14372494229133762,0.09188349514563107,0.3298020630052969,0.3298020630052969,0.9959469245400685,145,1443
SciBERT (SciVocab),5,8,7,0.13492523472817897,0.08516865442306286,0.32450515751324227,0.32450515751324227,0.9956657883616555,134,1499
SciBERT (SciVocab),5,8,8,0.12649554056993692,0.07857577190730355,0.3242263730136604,0.3242263730136604,0.995272336373371,122,1501
SciBERT (SciVocab),5,8,9,0.11007127963923774,0.0666236205682085,0.3164204070253694,0.3164204070253694,0.9944878589729412,108,1536
SciBERT (SciVocab),5,8,10,0.08284761171597199,0.047695424615904106,0.3150264845274603,0.3150264845274603,0.9921787984496259,99,1508
SciBERT (SciVocab),5,8,11,0.08516179952644042,0.04960235369834046,0.30080847504878727,0.30080847504878727,0.9928332806997414,92,1619
SciBERT (SciVocab),5,9,2,0.13587691028173407,0.08350904095584946,0.364371340953443,0.364371340953443,0.9950275988370461,169,922
SciBERT (SciVocab),5,9,3,0.12419449326303457,0.07527963543824348,0.35461388346807915,0.35461388346807915,0.9945835354035726,154,1009
SciBERT (SciVocab),5,9,4,0.1344698031738911,0.08416397585287098,0.3342626149986061,0.3342626149986061,0.9954772087302663,146,1252
SciBERT (SciVocab),5,9,5,0.12359783963439967,0.07594613568191971,0.33175355450236965,0.33175355450236965,0.9949808005829329,136,1319
SciBERT (SciVocab),5,9,6,0.12255433379794538,0.07520273694880893,0.3309172010036242,0.3309172010036242,0.9949398954423007,127,1382
SciBERT (SciVocab),5,9,7,0.11133330232990746,0.06681178834561285,0.33370504599944245,0.33370504599944245,0.9942042962183891,114,1374
SciBERT (SciVocab),5,9,8,0.12148657089319176,0.074688,0.3253415110119877,0.3253415110119877,0.9949880803113506,112,1501
SciBERT (SciVocab),5,9,9,0.10830527497194165,0.06506714614822723,0.3228324505157513,0.3228324505157513,0.9942320285171228,105,1487
SciBERT (SciVocab),5,9,10,0.08287173584634198,0.04757381788147842,0.3211597435182604,0.3211597435182604,0.992005124928806,95,1482
SciBERT (SciVocab),5,9,11,0.0808782759767863,0.04662064263189295,0.3049902425425146,0.3049902425425146,0.9922446626591184,90,1566
SciBERT (SciVocab),5,10,2,0.13005025125628142,0.07932323913443266,0.3607471424588793,0.3607471424588793,0.9947936075664804,148,992
SciBERT (SciVocab),5,10,3,0.12107410570262833,0.0729518037848036,0.35572902146640645,0.35572902146640645,0.9943790097004115,138,1059
SciBERT (SciVocab),5,10,4,0.11788192793991824,0.07105609993696636,0.3456927794814608,0.3456927794814608,0.9943803963153481,132,1190
SciBERT (SciVocab),5,10,5,0.11614211237690673,0.07023177068130072,0.3353777529969334,0.3353777529969334,0.994479192629587,123,1311
SciBERT (SciVocab),5,10,6,0.12158617497299799,0.07454591321897074,0.32952327850571506,0.32952327850571506,0.9949132031047695,118,1434
SciBERT (SciVocab),5,10,7,0.11869045205757146,0.07253019510684422,0.326456649010315,0.326456649010315,0.9948092069845181,107,1504
SciBERT (SciVocab),5,10,8,0.11335642802155504,0.06850031982322498,0.3284081405073878,0.3284081405073878,0.9944469538323091,104,1477
SciBERT (SciVocab),5,10,9,0.10781228622246546,0.06444929116684842,0.32952327850571506,0.32952327850571506,0.9940521152290879,99,1477
SciBERT (SciVocab),5,10,10,0.08194929299340598,0.046907799128047795,0.3239475885140786,0.3239475885140786,0.9918155053362142,92,1484
SciBERT (SciVocab),5,10,11,0.07768917242601453,0.04450219262627903,0.30554781154167826,0.30554781154167826,0.9918425443274796,86,1560
SciBERT (SciVocab),5,11,2,0.11534382181368216,0.06853631636993855,0.36381377195427933,0.36381377195427933,0.9938517493707368,135,978
SciBERT (SciVocab),5,11,3,0.110066997302706,0.06520954688385999,0.3526623919710064,0.3526623919710064,0.9937137811845366,126,1060
SciBERT (SciVocab),5,11,4,0.1055261733227835,0.062028786840301574,0.35321996097017005,0.35321996097017005,0.993358461107011,118,1145
SciBERT (SciVocab),5,11,5,0.10383973288814691,0.061061208462180334,0.3468079174797881,0.3468079174797881,0.9933688607190361,111,1240
SciBERT (SciVocab),5,11,6,0.10914723032069971,0.06523277974407841,0.33398383049902425,0.33398383049902425,0.9940489953454803,107,1393
SciBERT (SciVocab),5,11,7,0.10604472396925227,0.06287223574498939,0.33844438249233344,0.33844438249233344,0.9937273006801693,98,1397
SciBERT (SciVocab),5,11,8,0.10708858496469116,0.06376749880236333,0.33398383049902425,0.33398383049902425,0.99390270746966,96,1436
SciBERT (SciVocab),5,11,9,0.1066642355729784,0.06375674350171653,0.3261778645107332,0.3261778645107332,0.9940441421932019,95,1503
SciBERT (SciVocab),5,11,10,0.07937753813602703,0.04522476279359154,0.3242263730136604,0.3242263730136604,0.9914886108648907,88,1475
SciBERT (SciVocab),5,11,11,0.07768917242601453,0.04450219262627903,0.30554781154167826,0.30554781154167826,0.9918425443274796,86,1560
SciBERT (SciVocab),10,2,2,0.22670643972626778,0.3058712121212121,0.18009478672985782,0.18009478672985782,0.9994918056257048,1089,895
SciBERT (SciVocab),10,2,3,0.23477381854940613,0.21469840536168247,0.2589908001115138,0.2589908001115138,0.9988220706112857,580,1210
SciBERT (SciVocab),10,2,4,0.19134216248270408,0.148216199663145,0.2698633955952049,0.2698633955952049,0.9980715652768047,379,1349
SciBERT (SciVocab),10,2,5,0.17576877835657873,0.12579675285628383,0.29160858656258715,0.29160858656258715,0.9974801740063084,314,1459
SciBERT (SciVocab),10,2,6,0.16481318505480438,0.11557450628366248,0.28714803456927795,0.28714803456927795,0.9972676752672613,256,1545
SciBERT (SciVocab),10,2,7,0.1381574711903689,0.08982086053909258,0.2991357680512963,0.2991357680512963,0.9962308339483549,221,1501
SciBERT (SciVocab),10,2,8,0.12974798022428555,0.08277559812293253,0.2999721215500418,0.2999721215500418,0.9958668475274749,197,1569
SciBERT (SciVocab),10,2,9,0.11347443964844765,0.06974811405191152,0.30415388904376917,0.30415388904376917,0.9949558415140726,177,1506
SciBERT (SciVocab),10,2,10,0.10735751295336787,0.06593266721822695,0.2888207415667689,0.2888207415667689,0.994912163143567,142,1633
SciBERT (SciVocab),10,2,11,0.0981850090056805,0.058839809587069636,0.29634792305547814,0.29634792305547814,0.9941058465578844,121,1605
SciBERT (SciVocab),10,3,2,0.24210387207612,0.23015075376884422,0.2553666016169501,0.2553666016169501,0.9989378529584989,633,985
SciBERT (SciVocab),10,3,3,0.2370986920332937,0.2067178104913954,0.2779481460830778,0.2779481460830778,0.9986737028130603,502,1199
SciBERT (SciVocab),10,3,4,0.20150862068965517,0.14862895747781163,0.3127962085308057,0.3127962085308057,0.9977720564504807,316,1271
SciBERT (SciVocab),10,3,5,0.17404084158415842,0.12043678407022802,0.31363256202955114,0.31363256202955114,0.9971518929200481,248,1364
SciBERT (SciVocab),10,3,6,0.16030646824812142,0.10894162411134475,0.3033175355450237,0.3033175355450237,0.996915128419609,204,1476
SciBERT (SciVocab),10,3,7,0.13645271925526703,0.08743426732595558,0.3105659325341511,0.3105659325341511,0.9959694570327896,181,1457
SciBERT (SciVocab),10,3,8,0.12034940148819152,0.07460391737415603,0.31112350153331475,0.31112350153331475,0.9952012723578659,155,1494
SciBERT (SciVocab),10,3,9,0.11273229918599294,0.06904552865922488,0.3069417340395874,0.3069417340395874,0.9948539253162262,141,1536
SciBERT (SciVocab),10,3,10,0.09835918183861542,0.058634365955622256,0.3049902425425146,0.3049902425425146,0.9939113738130143,117,1549
SciBERT (SciVocab),10,3,11,0.09879384955344812,0.05916735594154949,0.2991357680512963,0.2991357680512963,0.9940853939875683,104,1621
SciBERT (SciVocab),10,4,2,0.23231058234189106,0.18565471226021685,0.3102871480345693,0.3102871480345693,0.9983076364697754,413,1017
SciBERT (SciVocab),10,4,3,0.1998256320836966,0.1453761258404161,0.31948703652076943,0.31948703652076943,0.9976645937928875,344,1103
SciBERT (SciVocab),10,4,4,0.1977278640187321,0.14350453172205438,0.3178143295232785,0.3178143295232785,0.9976413679926981,299,1255
SciBERT (SciVocab),10,4,5,0.16956077630234934,0.11483348156932503,0.3239475885140786,0.3239475885140786,0.9968950225030272,236,1296
SciBERT (SciVocab),10,4,6,0.15795136647299332,0.10633571566544331,0.3069417340395874,0.3069417340395874,0.9967924129977125,193,1450
SciBERT (SciVocab),10,4,7,0.13242375601926162,0.08335137475644079,0.3219960970170059,0.3219960970170059,0.9955968042685555,168,1377
SciBERT (SciVocab),10,4,8,0.11780636425186188,0.0724349942359421,0.3153052690270421,0.3153052690270421,0.9949794139679963,147,1454
SciBERT (SciVocab),10,4,9,0.11139804547065674,0.06806088355401559,0.30666294954000556,0.30666294954000556,0.994778701455911,130,1545
SciBERT (SciVocab),10,4,10,0.09955841027699719,0.05926083262531861,0.31112350153331475,0.31112350153331475,0.9938586824454202,111,1539
SciBERT (SciVocab),10,4,11,0.09608918775437976,0.05710679917968134,0.30275996654586007,0.30275996654586007,0.9937841518925734,101,1591
SciBERT (SciVocab),10,5,2,0.2063081695966908,0.14930772109267806,0.33370504599944245,0.33370504599944245,0.9976358215329514,319,1006
SciBERT (SciVocab),10,5,3,0.18146866589773164,0.12529199405393926,0.32896570950655146,0.32896570950655146,0.9971442665378963,283,1067
SciBERT (SciVocab),10,5,4,0.17838869797632684,0.12284392090870845,0.32562029551156957,0.32562029551156957,0.9971089078570109,253,1224
SciBERT (SciVocab),10,5,5,0.16702142755782604,0.11202055772342248,0.32812935600780596,0.32812935600780596,0.9967657206601812,223,1284
SciBERT (SciVocab),10,5,6,0.15024093999603935,0.09842587787580004,0.31725676052411483,0.31725676052411483,0.9963864814749978,183,1363
SciBERT (SciVocab),10,5,7,0.13197621225983533,0.08301561038774188,0.321717312517424,0.321717312517424,0.9955812048505177,164,1375
SciBERT (SciVocab),10,5,8,0.11409262572053269,0.06942008828687186,0.3200446055199331,0.3200446055199331,0.994665345684837,139,1426
SciBERT (SciVocab),10,5,9,0.10996023759265623,0.0667302192564347,0.31223863953164205,0.31223863953164205,0.9945700159079398,122,1496
SciBERT (SciVocab),10,5,10,0.09859943977591036,0.05831379345499031,0.3189294675216058,0.3189294675216058,0.9935959189149184,109,1505
SciBERT (SciVocab),10,5,11,0.09611044736492765,0.057121817799284665,0.30275996654586007,0.30275996654586007,0.9937858851612442,100,1595
SciBERT (SciVocab),10,6,2,0.1770233845705544,0.11982248520710059,0.33872316699191524,0.33872316699191524,0.9969061154225206,254,1008
SciBERT (SciVocab),10,6,3,0.16400240786569462,0.10788454769447378,0.3417897964873153,0.3417897964873153,0.9964856244429707,228,1082
SciBERT (SciVocab),10,6,4,0.1543229805643443,0.1004201680672269,0.3331474770002788,0.3331474770002788,0.9962890717756956,207,1223
SciBERT (SciVocab),10,6,5,0.1565742808354131,0.10241429676089012,0.3323111235015333,0.3323111235015333,0.9963785084391118,192,1326
SciBERT (SciVocab),10,6,6,0.1247859589041096,0.07721342957420038,0.3250627265124059,0.3250627265124059,0.9951693802143221,169,1272
SciBERT (SciVocab),10,6,7,0.12415769087918502,0.07667103538663171,0.3261778645107332,0.3261778645107332,0.9951156488855256,158,1333
SciBERT (SciVocab),10,6,8,0.11249093984054119,0.06803834463408931,0.32450515751324227,0.32450515751324227,0.9944729528623719,132,1415
SciBERT (SciVocab),10,6,9,0.10095712599973777,0.05986316989737742,0.3219960970170059,0.3219960970170059,0.9937120479158658,116,1432
SciBERT (SciVocab),10,6,10,0.09784418356456777,0.05776792015324125,0.31948703652076943,0.31948703652076943,0.993520348400869,107,1498
SciBERT (SciVocab),10,6,11,0.09394829862441974,0.05544385241781442,0.30749930303875106,0.30749930303875106,0.993486029681186,98,1562
SciBERT (SciVocab),10,7,2,0.16724645437516725,0.11002552592201391,0.34848062447727907,0.34848062447727907,0.9964949840937934,219,1028
SciBERT (SciVocab),10,7,3,0.159294265910523,0.1029064560775055,0.3523836074714246,0.3523836074714246,0.9961802225031658,202,1084
SciBERT (SciVocab),10,7,4,0.15245775729646696,0.09894491983052256,0.3320323390019515,0.3320323390019515,0.9962401935991775,184,1240
SciBERT (SciVocab),10,7,5,0.12720177196498259,0.0784390243902439,0.33621410649567884,0.33621410649567884,0.995088263240526,170,1266
SciBERT (SciVocab),10,7,6,0.12294781012326253,0.07572037730972994,0.32673543350989687,0.32673543350989687,0.9950407716789446,160,1278
SciBERT (SciVocab),10,7,7,0.1220915168160854,0.07498408656906429,0.3284081405073878,0.3284081405073878,0.9949624279350219,150,1334
SciBERT (SciVocab),10,7,8,0.11184399197017493,0.06749351023940006,0.3261778645107332,0.3261778645107332,0.99439634238712,128,1388
SciBERT (SciVocab),10,7,9,0.10066908645646565,0.05969917012448133,0.3208809590186786,0.3208809590186786,0.9937155144532075,114,1444
SciBERT (SciVocab),10,7,10,0.09764581124072111,0.057584550730438264,0.3208809590186786,0.3208809590186786,0.9934700836094141,102,1498
SciBERT (SciVocab),10,7,11,0.09273756473563773,0.05416940249507551,0.3219960970170059,0.3219960970170059,0.9930090341429663,94,1492
SciBERT (SciVocab),10,8,2,0.14188267394270124,0.08820735513638214,0.36241984945637024,0.36241984945637024,0.9953416671202053,181,961
SciBERT (SciVocab),10,8,3,0.1400174748798602,0.08706281833616299,0.3574017284638974,0.3574017284638974,0.9953399338515344,173,1071
SciBERT (SciVocab),10,8,4,0.13393049859702136,0.08303780528604884,0.3459715639810427,0.3459715639810427,0.9952494572269157,155,1177
SciBERT (SciVocab),10,8,5,0.11355075792374827,0.06797558158719683,0.3445776414831335,0.3445776414831335,0.994125259166998,144,1221
SciBERT (SciVocab),10,8,6,0.11177333577847057,0.06688614540466392,0.33983830499024253,0.33983830499024253,0.9941048065966819,138,1218
SciBERT (SciVocab),10,8,7,0.11534776777160376,0.06963965527213835,0.3356565374965152,0.3356565374965152,0.9944240746858537,135,1288
SciBERT (SciVocab),10,8,8,0.1125073056691993,0.06816169961640602,0.3219960970170059,0.3219960970170059,0.9945263375374342,124,1428
SciBERT (SciVocab),10,8,9,0.10124039133473096,0.06002382308767932,0.3231112350153331,0.3231112350153331,0.9937082347247899,113,1442
SciBERT (SciVocab),10,8,10,0.09813534464697256,0.05774731235822073,0.326456649010315,0.326456649010315,0.9933764871011879,101,1474
SciBERT (SciVocab),10,8,11,0.09259184902629994,0.05408574913218876,0.32143852801784223,0.32143852801784223,0.9930097274504346,93,1499
SciBERT (SciVocab),10,9,2,0.1357819165539486,0.08346658138791174,0.36381377195427933,0.36381377195427933,0.9950324519893244,163,979
SciBERT (SciVocab),10,9,3,0.13133303025710966,0.08019740900678593,0.36241984945637024,0.36241984945637024,0.9948313928235051,151,1065
SciBERT (SciVocab),10,9,4,0.12533706181963447,0.07634284323863982,0.34987454697518816,0.34987454697518816,0.9947364097003422,137,1171
SciBERT (SciVocab),10,9,5,0.10964368019854635,0.06518417031142963,0.3448564259827154,0.3448564259827154,0.9938503627558001,129,1228
SciBERT (SciVocab),10,9,6,0.10521746679399253,0.06231042105804329,0.3378868134931698,0.3378868134931698,0.9936773825424486,123,1257
SciBERT (SciVocab),10,9,7,0.11129435046883099,0.06696529825357224,0.32924449400613326,0.32924449400613326,0.9942958128042103,122,1348
SciBERT (SciVocab),10,9,8,0.10316702819956616,0.06109027385295175,0.33147477000278786,0.33147477000278786,0.9936652496617526,112,1401
SciBERT (SciVocab),10,9,9,0.10033014620760622,0.05928252938792055,0.3261778645107332,0.3261778645107332,0.9935640267713746,107,1437
SciBERT (SciVocab),10,9,10,0.09773470824533069,0.057392996108949414,0.32896570950655146,0.32896570950655146,0.9932818506317591,98,1473
SciBERT (SciVocab),10,9,11,0.0926476496584974,0.05412383232408581,0.32143852801784223,0.32143852801784223,0.9930149272564471,92,1507
SciBERT (SciVocab),10,10,2,0.1257560975609756,0.07621356353101165,0.3593532199609702,0.3593532199609702,0.9945838820573067,145,980
SciBERT (SciVocab),10,10,3,0.12328308207705192,0.074416454818581,0.35907443546138834,0.35907443546138834,0.9944466071785748,137,1079
SciBERT (SciVocab),10,10,4,0.11823637824299418,0.07118470467736429,0.34875940897686086,0.34875940897686086,0.994341571097121,126,1181
SciBERT (SciVocab),10,10,5,0.09971297133645264,0.05804266227226952,0.3534987454697519,0.3534987454697519,0.9928665594582218,108,1207
SciBERT (SciVocab),10,10,6,0.10576311437173996,0.062368710613183956,0.3476442709785336,0.3476442709785336,0.9935012824454895,110,1280
SciBERT (SciVocab),10,10,7,0.10331573389651531,0.0608821186778176,0.34095344298856983,0.34095344298856983,0.9934603773048574,106,1358
SciBERT (SciVocab),10,10,8,0.10297850736165172,0.06070128185944436,0.3392807359910789,0.3392807359910789,0.9934718168780851,102,1414
SciBERT (SciVocab),10,10,9,0.10164777276749969,0.05987488829311886,0.33621410649567884,0.33621410649567884,0.9934357648897312,99,1438
SciBERT (SciVocab),10,10,10,0.09495005770225635,0.055380187540618325,0.33258990800111515,0.33258990800111515,0.9929459431633471,95,1450
SciBERT (SciVocab),10,10,11,0.0925460134946301,0.054007455731593663,0.3231112350153331,0.3231112350153331,0.9929625825425873,90,1501
SciBERT (SciVocab),10,11,2,0.110753656758032,0.06544661867585927,0.35991078896013384,0.35991078896013384,0.993609438410551,128,966
SciBERT (SciVocab),10,11,3,0.10858230571877844,0.06375431264881676,0.36576526345135213,0.36576526345135213,0.9933210225037205,122,1020
SciBERT (SciVocab),10,11,4,0.10410651267244145,0.06079910066045248,0.3618622804572066,0.3618622804572066,0.9930492459761301,108,1132
SciBERT (SciVocab),10,11,5,0.09956489357532045,0.05792738551359241,0.3540563144689155,0.3540563144689155,0.9928402137744248,102,1222
SciBERT (SciVocab),10,11,6,0.09682947729220223,0.05627744827273962,0.3465291329802063,0.3465291329802063,0.9927743495649323,101,1294
SciBERT (SciVocab),10,11,7,0.10097801554793948,0.05939328383893013,0.3367716754948425,0.3367716754948425,0.9933681674115677,100,1380
SciBERT (SciVocab),10,11,8,0.099026695206171,0.057901199584395956,0.3417897964873153,0.3417897964873153,0.9930849513107498,95,1408
SciBERT (SciVocab),10,11,9,0.09528753993610224,0.05560993800400876,0.33258990800111515,0.33258990800111515,0.9929767953456883,90,1450
SciBERT (SciVocab),10,11,10,0.09394646316871615,0.0547364541098415,0.331195985503206,0.331195985503206,0.9928880519897404,88,1481
SciBERT (SciVocab),10,11,11,0.0925639500297442,0.05395783243943037,0.3253415110119877,0.3253415110119877,0.9929071179451199,87,1506
SciBERT (SciVocab),20,2,2,0.2221072598723918,0.2911392405063291,0.17953721773069417,0.17953721773069417,0.9994564469448193,1101,841
SciBERT (SciVocab),20,2,3,0.23709827977063608,0.22724948875255624,0.24783942012824087,0.24783942012824087,0.9989520657616,592,1200
SciBERT (SciVocab),20,2,4,0.21027700545772834,0.16672109732201176,0.28463897407304156,0.28463897407304156,0.9982310259945235,397,1417
SciBERT (SciVocab),20,2,5,0.16618190393836962,0.11572148018392818,0.2946752160579872,0.2946752160579872,0.9972000777890979,303,1429
SciBERT (SciVocab),20,2,6,0.1467502384521052,0.09710576142818501,0.3002509060496236,0.3002509060496236,0.9965286095060081,236,1489
SciBERT (SciVocab),20,2,7,0.14125618973156112,0.09216903324547232,0.3022023975466964,0.3022023975466964,0.9962987780802525,217,1532
SciBERT (SciVocab),20,2,8,0.1197260879169428,0.07465050616348737,0.3022023975466964,0.3022023975466964,0.9953420137739395,182,1496
SciBERT (SciVocab),20,2,9,0.1226772505863251,0.07820886367121607,0.2843601895734597,0.2843601895734597,0.9958325288077919,176,1631
SciBERT (SciVocab),20,2,10,0.11258846236328544,0.06969797543976104,0.2927237245609144,0.2927237245609144,0.9951416479155885,149,1627
SciBERT (SciVocab),20,2,11,0.11605922551252848,0.07292635797609676,0.2840814050738779,0.2840814050738779,0.9955094475275442,134,1751
SciBERT (SciVocab),20,3,2,0.24800878879428728,0.24438430311231393,0.2517424031223864,0.2517424031223864,0.9990321427741936,620,998
SciBERT (SciVocab),20,3,3,0.20829230937534188,0.17140799423838673,0.26540284360189575,0.26540284360189575,0.9984046995153434,503,1143
SciBERT (SciVocab),20,3,4,0.1873426512718118,0.13603126575895108,0.30080847504878727,0.30080847504878727,0.9976243819597237,323,1320
SciBERT (SciVocab),20,3,5,0.16427289048473967,0.11225846028013496,0.3061053805408419,0.3061053805408419,0.9969900056261901,250,1404
SciBERT (SciVocab),20,3,6,0.1445046193055113,0.09365708622398414,0.3161416225257876,0.3161416225257876,0.9961958219212035,197,1396
SciBERT (SciVocab),20,3,7,0.13916960915621576,0.08902562504867981,0.318650683022024,0.318650683022024,0.9959455379251319,180,1471
SciBERT (SciVocab),20,3,8,0.12106108434402171,0.07553559087767796,0.3047114580429328,0.3047114580429328,0.9953628129979898,157,1535
SciBERT (SciVocab),20,3,9,0.11712196171219617,0.0725564661203278,0.3035963200446055,0.3035963200446055,0.9951745800203347,131,1553
SciBERT (SciVocab),20,3,10,0.1111394081393572,0.06799202293406456,0.30415388904376917,0.30415388904376917,0.9948157934054673,120,1611
SciBERT (SciVocab),20,3,11,0.11372655612938298,0.07063749324689357,0.29160858656258715,0.29160858656258715,0.9952293513103337,106,1709
SciBERT (SciVocab),20,4,2,0.2360880628388096,0.19570799706529715,0.29746306105380543,0.29746306105380543,0.9984799233756586,428,1011
SciBERT (SciVocab),20,4,3,0.21312089971883785,0.16052520118593816,0.31697797602453304,0.31697797602453304,0.9979387968966171,361,1145
SciBERT (SciVocab),20,4,4,0.1859288279464577,0.13144835545297173,0.3175355450236967,0.3175355450236967,0.9973910839966263,299,1246
SciBERT (SciVocab),20,4,5,0.16219732562341888,0.1094847775175644,0.3127962085308057,0.3127962085308057,0.9968364380219522,234,1373
SciBERT (SciVocab),20,4,6,0.13988634989723128,0.08930914704747202,0.3225536660161695,0.3225536660161695,0.9959101792442463,187,1373
SciBERT (SciVocab),20,4,7,0.13736263736263737,0.08740594360416508,0.3206021745190967,0.3206021745190967,0.9958377286138045,172,1453
SciBERT (SciVocab),20,4,8,0.12926349867036652,0.08154036904675079,0.3116810705324784,0.3116810705324784,0.9956345895255801,144,1522
SciBERT (SciVocab),20,4,9,0.11736988648532877,0.07263569487706276,0.30554781154167826,0.30554781154167826,0.9951492742977402,127,1551
SciBERT (SciVocab),20,4,10,0.11834897217551663,0.07346801346801347,0.30415388904376917,0.30415388904376917,0.9952303912715363,115,1643
SciBERT (SciVocab),20,4,11,0.08314395423556148,0.048370184636425805,0.2957903540563145,0.2957903540563145,0.9927639499529071,102,1621
SciBERT (SciVocab),20,5,2,0.2018959774532411,0.1455306574735287,0.32952327850571506,0.32952327850571506,0.9975942230848508,324,988
SciBERT (SciVocab),20,5,3,0.1863184876642102,0.13071821962459257,0.3242263730136604,0.3242263730136604,0.9973189800199187,283,1153
SciBERT (SciVocab),20,5,4,0.1824329516637209,0.12592828347124974,0.3309172010036242,0.3309172010036242,0.9971439198841622,246,1268
SciBERT (SciVocab),20,5,5,0.15665368054131637,0.10376675117710975,0.31948703652076943,0.31948703652076943,0.9965688213391719,218,1318
SciBERT (SciVocab),20,5,6,0.1346164862232915,0.08471521268925739,0.3275717870086423,0.3275717870086423,0.9955992308446946,177,1325
SciBERT (SciVocab),20,5,7,0.11638423694280177,0.07081519109820997,0.326456649010315,0.326456649010315,0.9946736653744571,161,1363
SciBERT (SciVocab),20,5,8,0.12802053686031586,0.08003070053028188,0.3197658210203513,0.3197658210203513,0.9954293705149506,137,1484
SciBERT (SciVocab),20,5,9,0.11578561324461675,0.07129032258064516,0.3080568720379147,0.3080568720379147,0.9950099194966033,121,1533
SciBERT (SciVocab),20,5,10,0.11694472576088695,0.0722947146434691,0.3058265960412601,0.3058265960412601,0.9951201553840698,106,1639
SciBERT (SciVocab),20,5,11,0.08302417307767407,0.04827429609445958,0.29634792305547814,0.29634792305547814,0.9927351776929708,100,1622
SciBERT (SciVocab),20,6,2,0.167254341028541,0.10983921705697308,0.3504321159743518,0.3504321159743518,0.9964686384099963,246,993
SciBERT (SciVocab),20,6,3,0.16311545269782993,0.10663466483799074,0.3468079174797881,0.3468079174797881,0.9963871747824661,228,1085
SciBERT (SciVocab),20,6,4,0.14984709480122324,0.09598056883177936,0.3415110119877335,0.3415110119877335,0.9960003092151308,205,1167
SciBERT (SciVocab),20,6,5,0.1368628555336525,0.08575663466967814,0.33872316699191524,0.33872316699191524,0.9955097941812784,182,1212
SciBERT (SciVocab),20,6,6,0.13546362339514978,0.08516286411249821,0.3309172010036242,0.3309172010036242,0.9955798182355811,173,1328
SciBERT (SciVocab),20,6,7,0.11656200941915228,0.07072691552062868,0.331195985503206,0.331195985503206,0.9945890818633193,152,1361
SciBERT (SciVocab),20,6,8,0.12769458614447918,0.07948647910406993,0.32450515751324227,0.32450515751324227,0.9953271076633701,133,1467
SciBERT (SciVocab),20,6,9,0.1149684631557356,0.07044112102551213,0.31251742403122384,0.31251742403122384,0.9948719513104031,114,1526
SciBERT (SciVocab),20,6,10,0.11681547619047619,0.07216494845360824,0.30638416504042376,0.30638416504042376,0.9951017827361587,105,1635
SciBERT (SciVocab),20,6,11,0.08287767536322449,0.04819003497297543,0.2957903540563145,0.2957903540563145,0.9927355243467051,98,1632
SciBERT (SciVocab),20,7,2,0.1623166790952026,0.10443822471011595,0.3640925564538612,0.3640925564538612,0.996117824831015,220,988
SciBERT (SciVocab),20,7,3,0.15519910819347246,0.09976114649681529,0.3493169779760245,0.3493169779760245,0.9960803862277244,196,1128
SciBERT (SciVocab),20,7,4,0.13690215006581835,0.08521679754182315,0.3479230554781154,0.3479230554781154,0.9953558799233063,180,1131
SciBERT (SciVocab),20,7,5,0.13491801474634094,0.08404743950092548,0.3417897964873153,0.3417897964873153,0.9953683594577365,170,1207
SciBERT (SciVocab),20,7,6,0.13168044077134985,0.08205726841996841,0.3331474770002788,0.3331474770002788,0.9953659328815972,156,1325
SciBERT (SciVocab),20,7,7,0.11380658533138631,0.0684729622491781,0.3367716754948425,0.3367716754948425,0.9943030925326279,142,1346
SciBERT (SciVocab),20,7,8,0.11455823786813511,0.06954393505253104,0.32478394201282407,0.32478394201282407,0.9945967082454711,124,1448
SciBERT (SciVocab),20,7,9,0.08768427518427518,0.05084368460887761,0.31837189852244213,0.31837189852244213,0.9926096890412008,109,1431
SciBERT (SciVocab),20,7,10,0.1148792521423007,0.07058973704365586,0.3083356565374965,0.3083356565374965,0.9949520283229967,104,1620
SciBERT (SciVocab),20,7,11,0.08213900446910155,0.04765523715856766,0.2971842765542236,0.2971842765542236,0.9926152355009475,96,1625
SciBERT (SciVocab),20,8,2,0.1474286997529755,0.09230228471001757,0.3660440479509339,0.3660440479509339,0.9955240069843795,182,1008
SciBERT (SciVocab),20,8,3,0.1460525559197286,0.09200231816864676,0.3540563144689155,0.3540563144689155,0.9956550420958962,176,1132
SciBERT (SciVocab),20,8,4,0.12842361533779673,0.07849215698431397,0.35294117647058826,0.35294117647058826,0.9948476855490112,156,1148
SciBERT (SciVocab),20,8,5,0.13036234902124114,0.08014851802061328,0.3490381934764427,0.3490381934764427,0.9950189324936918,145,1249
SciBERT (SciVocab),20,8,6,0.10791335677388549,0.06390745501285347,0.3465291329802063,0.3465291329802063,0.9936884754619421,135,1231
SciBERT (SciVocab),20,8,7,0.10702979313933822,0.06337304847986854,0.3440200724839699,0.3440200724839699,0.9936777291961828,123,1333
SciBERT (SciVocab),20,8,8,0.11338254779481355,0.0682815616984896,0.33398383049902425,0.33398383049902425,0.9943332514075008,114,1426
SciBERT (SciVocab),20,8,9,0.08743085433312846,0.05070171530407663,0.31725676052411483,0.31725676052411483,0.9926138488860109,107,1445
SciBERT (SciVocab),20,8,10,0.1148792521423007,0.07058973704365586,0.3083356565374965,0.3083356565374965,0.9949520283229967,104,1620
SciBERT (SciVocab),20,8,11,0.08092748351898159,0.046827728329021795,0.29774184555338723,0.29774184555338723,0.9924640944728489,95,1606
SciBERT (SciVocab),20,9,2,0.14433678583361176,0.09018161575394892,0.36130471145804294,0.36130471145804294,0.9954675024257095,164,1097
SciBERT (SciVocab),20,9,3,0.13947722985718136,0.0864510956707643,0.3607471424588793,0.3607471424588793,0.9952598568389409,152,1150
SciBERT (SciVocab),20,9,4,0.12441120769193416,0.07532635540397507,0.3571229439643156,0.3571229439643156,0.9945488700301555,137,1160
SciBERT (SciVocab),20,9,5,0.11832719474101357,0.0710446758481693,0.3537775299693337,0.3537775299693337,0.9942479745888947,128,1234
SciBERT (SciVocab),20,9,6,0.10196362465797522,0.05958147190218669,0.35321996097017005,0.35321996097017005,0.9930676186240412,120,1202
SciBERT (SciVocab),20,9,7,0.10171855133095443,0.059632586322977785,0.3456927794814608,0.3456927794814608,0.9932215328820133,112,1309
SciBERT (SciVocab),20,9,8,0.10872873149813252,0.06513812154696133,0.3286869250069696,0.3286869250069696,0.9941342721640865,107,1454
SciBERT (SciVocab),20,9,9,0.08846773574771734,0.05129231727390009,0.32143852801784223,0.32143852801784223,0.9926072624650616,106,1440
SciBERT (SciVocab),20,9,10,0.11405001288992009,0.06996457489878542,0.3083356565374965,0.3083356565374965,0.9949034968002127,102,1624
SciBERT (SciVocab),20,9,11,0.08095815645845968,0.04684826950914594,0.29774184555338723,0.29774184555338723,0.9924675610101906,94,1614
SciBERT (SciVocab),20,10,2,0.14163441094695525,0.08803198698834372,0.3621410649567884,0.3621410649567884,0.995335080699256,151,1134
SciBERT (SciVocab),20,10,3,0.12786805723987388,0.07740192623913554,0.367437970448843,0.367437970448843,0.994554069836168,135,1148
SciBERT (SciVocab),20,10,4,0.12208325555348143,0.07331427610559946,0.36465012545302483,0.36465012545302483,0.994268773812945,122,1197
SciBERT (SciVocab),20,10,5,0.11634750328217665,0.06945195114041726,0.3582380819626429,0.3582380819626429,0.9940316626587717,115,1271
SciBERT (SciVocab),20,10,6,0.09712108063238124,0.05616163379298307,0.35879565096180654,0.35879565096180654,0.9925022263836077,102,1219
SciBERT (SciVocab),20,10,7,0.09915645392328505,0.0578324437224414,0.34736548647895177,0.34736548647895177,0.9929632758500556,101,1317
SciBERT (SciVocab),20,10,8,0.10889627168696936,0.06524744263201548,0.32896570950655146,0.32896570950655146,0.9941398186238332,103,1478
SciBERT (SciVocab),20,10,9,0.08842962507682851,0.05128090888839385,0.3208809590186786,0.3208809590186786,0.9926183553845551,103,1467
SciBERT (SciVocab),20,10,10,0.07601883532639994,0.04326700601573346,0.3127962085308057,0.3127962085308057,0.9913995208552087,97,1523
SciBERT (SciVocab),20,10,11,0.0806892363746774,0.04670269320328632,0.29634792305547814,0.29634792305547814,0.9924783072759499,91,1641
SciBERT (SciVocab),20,11,2,0.12255673923112552,0.07348775204132645,0.36883189294675217,0.36883189294675217,0.9942178157140218,126,1113
SciBERT (SciVocab),20,11,3,0.12027784001792516,0.07165741136266553,0.3741287984388068,0.3741287984388068,0.9939730781776968,117,1159
SciBERT (SciVocab),20,11,4,0.1145110957004161,0.06779574031306133,0.3682743239475885,0.3682743239475885,0.9937033815725115,109,1181
SciBERT (SciVocab),20,11,5,0.11102944355570929,0.06570463616825299,0.35795929746306104,0.35795929746306104,0.9936707961214993,103,1295
SciBERT (SciVocab),20,11,6,0.09632369593115422,0.05570349674771904,0.35572902146640645,0.35572902146640645,0.9925015330761394,99,1239
SciBERT (SciVocab),20,11,7,0.096866319784046,0.05633931009374715,0.3451352104822972,0.3451352104822972,0.9928117881682227,96,1328
SciBERT (SciVocab),20,11,8,0.10720344811774955,0.06415322138074854,0.32589908001115137,0.32589908001115137,0.9940885138711758,99,1496
SciBERT (SciVocab),20,11,9,0.08618351664908844,0.049823613954096076,0.3189294675216058,0.3189294675216058,0.9924370554815835,95,1500
SciBERT (SciVocab),20,11,10,0.07402494030246749,0.042010163749294185,0.31112350153331475,0.31112350153331475,0.9911780091190732,92,1519
SciBERT (SciVocab),20,11,11,0.07880708831580464,0.045249617404971666,0.3049902425425146,0.3049902425425146,0.9919981918541225,87,1602
SciBERT (SciVocab),50,2,2,0.23834019204389575,0.30957683741648107,0.19375522720936716,0.19375522720936716,0.9994626867120344,1091,851
SciBERT (SciVocab),50,2,3,0.2619699934768428,0.24619911721432075,0.2798996375801505,0.2798996375801505,0.9989343864211573,577,1145
SciBERT (SciVocab),50,2,4,0.20592981040742234,0.16132090377626798,0.28463897407304156,0.28463897407304156,0.9981599619790185,390,1335
SciBERT (SciVocab),50,2,5,0.1924166285975331,0.1431095406360424,0.2935600780596599,0.2935600780596599,0.9978143482060496,312,1464
SciBERT (SciVocab),50,2,6,0.1739505959578511,0.1260167688649731,0.280735991078896,0.280735991078896,0.9975789703205472,264,1603
SciBERT (SciVocab),50,2,7,0.13138686131386862,0.08402707539095931,0.3010872595483691,0.3010872595483691,0.9959188455876006,218,1506
SciBERT (SciVocab),50,2,8,0.14702014259015714,0.09779005524861878,0.2960691385558963,0.2960691385558963,0.996603486712589,195,1627
SciBERT (SciVocab),50,2,9,0.12362796071634893,0.0779712890767325,0.2982994145525509,0.2982994145525509,0.9956137903015299,174,1676
SciBERT (SciVocab),50,2,10,0.12080008989774133,0.07564562662726057,0.29969333705046,0.29969333705046,0.995446356547925,160,1727
SciBERT (SciVocab),50,2,11,0.10979273819829913,0.06716510903426791,0.3005296905492055,0.3005296905492055,0.9948099002919865,132,1696
SciBERT (SciVocab),50,3,2,0.2508673605551108,0.24059380598925006,0.26205742960691386,0.26205742960691386,0.9989714783707135,613,946
SciBERT (SciVocab),50,3,3,0.25289034927589144,0.2244060475161987,0.28965709506551435,0.28965709506551435,0.9987551664405907,505,1129
SciBERT (SciVocab),50,3,4,0.20862833946946097,0.15772195261204683,0.3080568720379147,0.3080568720379147,0.9979543963146548,326,1324
SciBERT (SciVocab),50,3,5,0.182151487376052,0.1299025433800808,0.3047114580429328,0.3047114580429328,0.9974621480121315,262,1423
SciBERT (SciVocab),50,3,6,0.16884912566083773,0.11920073495636196,0.28937831056593255,0.28937831056593255,0.9973411658589056,215,1585
SciBERT (SciVocab),50,3,7,0.14987431211359467,0.09908372260150916,0.30749930303875106,0.30749930303875106,0.9965234096999954,183,1540
SciBERT (SciVocab),50,3,8,0.1236025197207877,0.07759726378794357,0.3035963200446055,0.3035963200446055,0.9955125674111518,157,1561
SciBERT (SciVocab),50,3,9,0.13109559298163254,0.08302363609335514,0.31140228603289655,0.31140228603289655,0.9957233328815279,140,1655
SciBERT (SciVocab),50,3,10,0.12383831597805398,0.07747810858143608,0.3083356565374965,0.3083356565374965,0.9954349169746974,124,1698
SciBERT (SciVocab),50,3,11,0.10048370904444648,0.060075298739564575,0.3069417340395874,0.3069417340395874,0.9940285427751642,106,1648
SciBERT (SciVocab),50,4,2,0.2452892561983471,0.20280612244897958,0.3102871480345693,0.3102871480345693,0.9984833899130003,424,997
SciBERT (SciVocab),50,4,3,0.21675067855758046,0.1661465299450141,0.3116810705324784,0.3116810705324784,0.9980549258975645,363,1118
SciBERT (SciVocab),50,4,4,0.2056369367698869,0.15404917349631894,0.309172010036242,0.309172010036242,0.9978888787588964,302,1341
SciBERT (SciVocab),50,4,5,0.18124392614188534,0.12772514553133205,0.3119598550320602,0.3119598550320602,0.9973508721634625,241,1376
SciBERT (SciVocab),50,4,6,0.16664053926947797,0.11590884309235634,0.29634792305547814,0.29634792305547814,0.9971893315233387,202,1552
SciBERT (SciVocab),50,4,7,0.14473514628173734,0.09412454949291761,0.3130749930303875,0.3130749930303875,0.996253366441076,175,1503
SciBERT (SciVocab),50,4,8,0.14299082912221597,0.09210737823501045,0.31948703652076943,0.31948703652076943,0.9960841994188003,148,1560
SciBERT (SciVocab),50,4,9,0.13160633745807795,0.08302327278033121,0.31725676052411483,0.31725676052411483,0.9956429092152003,127,1653
SciBERT (SciVocab),50,4,10,0.12340710932260228,0.07717581265291856,0.30777808753833286,0.30777808753833286,0.9954238240552039,116,1714
SciBERT (SciVocab),50,4,11,0.10727667126799448,0.06516140624064203,0.3033175355450237,0.3033175355450237,0.9945890818633193,105,1679
SciBERT (SciVocab),50,5,2,0.2254160363086233,0.17055372728573473,0.3323111235015333,0.3323111235015333,0.9979904483030086,327,1024
SciBERT (SciVocab),50,5,3,0.19733686212885618,0.14028692380056443,0.33258990800111515,0.33258990800111515,0.9974656145494732,287,1122
SciBERT (SciVocab),50,5,4,0.18939825747088998,0.13377041637911202,0.3242263730136604,0.3242263730136604,0.9973893507279555,252,1298
SciBERT (SciVocab),50,5,5,0.17602761217445873,0.12247571225848707,0.3127962085308057,0.3127962085308057,0.9972132506309964,231,1354
SciBERT (SciVocab),50,5,6,0.1632410773911108,0.11122345803842265,0.30666294954000556,0.30666294954000556,0.9969529136766337,191,1514
SciBERT (SciVocab),50,5,7,0.14398397395768123,0.0928392669734399,0.3206021745190967,0.3206021745190967,0.9961046519891165,163,1475
SciBERT (SciVocab),50,5,8,0.13063138502763355,0.08166969147005444,0.3261778645107332,0.3261778645107332,0.9954394234732417,137,1506
SciBERT (SciVocab),50,5,9,0.13113620649919336,0.08264942987871306,0.31725676052411483,0.31725676052411483,0.9956214166836815,123,1651
SciBERT (SciVocab),50,5,10,0.11903637222484648,0.0733221259537049,0.3161416225257876,0.3161416225257876,0.9950317586818561,110,1651
SciBERT (SciVocab),50,5,11,0.10688075653844259,0.06490787269681741,0.3024811820462782,0.3024811820462782,0.9945814554811675,101,1691
SciBERT (SciVocab),50,6,2,0.19148611534940493,0.13181388509610334,0.34987454697518816,0.34987454697518816,0.9971345602333396,255,1039
SciBERT (SciVocab),50,6,3,0.17617473774967668,0.11867195818410609,0.3417897964873153,0.3417897964873153,0.9968437177503698,226,1166
SciBERT (SciVocab),50,6,4,0.1748041871019691,0.11852293031566409,0.33286869250069695,0.33286869250069695,0.9969217148405584,210,1317
SciBERT (SciVocab),50,6,5,0.16945486010960484,0.114288493337224,0.3275717870086423,0.3275717870086423,0.9968433710966356,198,1333
SciBERT (SciVocab),50,6,6,0.14003193710846334,0.08979913351713273,0.3178143295232785,0.3178143295232785,0.99599441610165,171,1372
SciBERT (SciVocab),50,6,7,0.1436199594918063,0.09208248071777113,0.3261778645107332,0.3261778645107332,0.9960010025225993,152,1474
SciBERT (SciVocab),50,6,8,0.1198147402335884,0.07310929532469128,0.33175355450236965,0.33175355450236965,0.9947700351125567,130,1475
SciBERT (SciVocab),50,6,9,0.13113620649919336,0.08264942987871306,0.31725676052411483,0.31725676052411483,0.9956214166836815,123,1651
SciBERT (SciVocab),50,6,10,0.119028892035027,0.07330147248772927,0.3164204070253694,0.3164204070253694,0.9950258655683752,109,1642
SciBERT (SciVocab),50,6,11,0.08187655420702966,0.04722555232060284,0.30749930303875106,0.30749930303875106,0.9922859144534848,98,1611
SciBERT (SciVocab),50,7,2,0.16418300653594772,0.10723128148211389,0.35015333147477,0.35015333147477,0.9963750419017701,217,1052
SciBERT (SciVocab),50,7,3,0.17009155645981688,0.11238573221007349,0.34959576247560636,0.34959576247560636,0.9965667414167669,204,1146
SciBERT (SciVocab),50,7,4,0.1574392261677485,0.10200379318875237,0.3448564259827154,0.3448564259827154,0.9962249408348739,183,1227
SciBERT (SciVocab),50,7,5,0.14370010413051024,0.09066355208409373,0.34625034848062447,0.34625034848062447,0.9956817344334274,172,1217
SciBERT (SciVocab),50,7,6,0.13563874433439652,0.08485018202184262,0.3378868134931698,0.3378868134931698,0.9954685423869121,153,1312
SciBERT (SciVocab),50,7,7,0.1426820299092915,0.09144473250058921,0.32450515751324227,0.32450515751324227,0.9959909495643082,144,1508
SciBERT (SciVocab),50,7,8,0.1195515559800915,0.07292688910696761,0.33147477000278786,0.33147477000278786,0.9947603288079999,126,1486
SciBERT (SciVocab),50,7,9,0.1283392385130195,0.08038607862477103,0.31809311402286033,0.31809311402286033,0.9954751288078613,118,1637
SciBERT (SciVocab),50,7,10,0.10976779888696987,0.06629193950281045,0.3189294675216058,0.3189294675216058,0.9944143683812969,105,1612
SciBERT (SciVocab),50,7,11,0.08113055575895145,0.046697854764614154,0.30889322553666015,0.30889322553666015,0.9921590391867781,95,1602
SciBERT (SciVocab),50,8,2,0.15263505798930352,0.09728818752872682,0.3540563144689155,0.3540563144689155,0.9959150323965247,186,1077
SciBERT (SciVocab),50,8,3,0.15020995800839831,0.09569670564855155,0.3490381934764427,0.3490381934764427,0.9958987396710187,175,1177
SciBERT (SciVocab),50,8,4,0.13872832369942195,0.08663658451926415,0.3479230554781154,0.3479230554781154,0.9954390768195075,158,1199
SciBERT (SciVocab),50,8,5,0.13871275461534144,0.08683434031192919,0.3445776414831335,0.3445776414831335,0.9954941947632407,148,1272
SciBERT (SciVocab),50,8,6,0.13115823817292008,0.08146997230291157,0.33621410649567884,0.33621410649567884,0.9952865491764721,136,1361
SciBERT (SciVocab),50,8,7,0.13389840215337037,0.08425832492431887,0.32589908001115137,0.32589908001115137,0.9955957643073529,131,1513
SciBERT (SciVocab),50,8,8,0.08267297862852047,0.04713659834141762,0.335935321996097,0.335935321996097,0.9915558616893199,119,1415
SciBERT (SciVocab),50,8,9,0.12504798990840782,0.07783695206882425,0.3178143295232785,0.3178143295232785,0.9953180946662816,114,1634
SciBERT (SciVocab),50,8,10,0.08045258919894488,0.04594648166501487,0.3231112350153331,0.3231112350153331,0.9916574312334321,101,1531
SciBERT (SciVocab),50,8,11,0.08090223423936246,0.04636841890624363,0.31697797602453304,0.31697797602453304,0.991893849080137,93,1576
SciBERT (SciVocab),50,9,2,0.13968253968253969,0.08690322141251788,0.35572902146640645,0.35572902146640645,0.9953524133859646,163,1050
SciBERT (SciVocab),50,9,3,0.13587629976833146,0.08421263523440631,0.3515472539726791,0.3515472539726791,0.9952463373433081,156,1111
SciBERT (SciVocab),50,9,4,0.12549019607843137,0.07655032816046127,0.3479230554781154,0.3479230554781154,0.9947811280320502,140,1174
SciBERT (SciVocab),50,9,5,0.08302501612301008,0.04726752724742985,0.34095344298856983,0.34095344298856983,0.9914546387989419,130,1174
SciBERT (SciVocab),50,9,6,0.12470302518346445,0.07691806695323694,0.32924449400613326,0.32924449400613326,0.9950868766255894,125,1376
SciBERT (SciVocab),50,9,7,0.08451411557915127,0.04849732400164677,0.3284081405073878,0.3284081405073878,0.9919881388958316,116,1415
SciBERT (SciVocab),50,9,8,0.0805066190588473,0.04578544061302682,0.3331474770002788,0.3331474770002788,0.9913665887504624,111,1411
SciBERT (SciVocab),50,9,9,0.10699172033118676,0.0640665454745772,0.3242263730136604,0.3242263730136604,0.9941103530564286,107,1531
SciBERT (SciVocab),50,9,10,0.07924129271032979,0.044948453608247424,0.3342626149986061,0.3342626149986061,0.9911686494682505,97,1479
SciBERT (SciVocab),50,9,11,0.07810008481764207,0.044460754017305315,0.3208809590186786,0.3208809590186786,0.9914248265778032,88,1516
SciBERT (SciVocab),50,10,2,0.13614228244759688,0.08402482848742242,0.3585168664622247,0.3585168664622247,0.9951402613006517,149,1086
SciBERT (SciVocab),50,10,3,0.12623409794194212,0.07661578821845934,0.3582380819626429,0.3582380819626429,0.9946313736188882,134,1113
SciBERT (SciVocab),50,10,4,0.11309904153354633,0.06761993123396824,0.345413994981879,0.345413994981879,0.9940777676054166,123,1209
SciBERT (SciVocab),50,10,5,0.12323871758219318,0.07543278545090931,0.33649289099526064,0.33649289099526064,0.9948716046566689,121,1318
SciBERT (SciVocab),50,10,6,0.11806281419541088,0.07186136694134755,0.33063841650404235,0.33063841650404235,0.9946899580999632,114,1376
SciBERT (SciVocab),50,10,7,0.08130636786007106,0.046330543118551684,0.33175355450236965,0.33175355450236965,0.9915087167814726,107,1405
SciBERT (SciVocab),50,10,8,0.07985725347607986,0.04541277377852657,0.33063841650404235,0.33063841650404235,0.9913579224071081,107,1437
SciBERT (SciVocab),50,10,9,0.076853700959866,0.04344659310244364,0.33258990800111515,0.33258990800111515,0.9908947930182551,99,1435
SciBERT (SciVocab),50,10,10,0.07562164343587992,0.042548731922028925,0.33955952049066074,0.33955952049066074,0.9904989144538314,93,1422
SciBERT (SciVocab),50,10,11,0.07783429259804578,0.044225577062022285,0.3242263730136604,0.3242263730136604,0.9912872050453371,86,1502
SciBERT (SciVocab),50,11,2,0.12003926518019913,0.07211052454228911,0.35795929746306104,0.35795929746306104,0.9942725870040209,125,1082
SciBERT (SciVocab),50,11,3,0.11931119311193111,0.07184775796250926,0.3515472539726791,0.3515472539726791,0.9943530106703485,121,1150
SciBERT (SciVocab),50,11,4,0.10909090909090909,0.06501498287671233,0.33872316699191524,0.33872316699191524,0.9939429193028239,112,1255
SciBERT (SciVocab),50,11,5,0.0784910055649023,0.04439808206141796,0.3381655979927516,0.3381655979927516,0.9909495643082542,105,1249
SciBERT (SciVocab),50,11,6,0.1105121293800539,0.06630974290335173,0.33147477000278786,0.33147477000278786,0.9941963231825032,102,1382
SciBERT (SciVocab),50,11,7,0.07700265080493955,0.04355139503419022,0.3320323390019515,0.3320323390019515,0.990932924929014,96,1389
SciBERT (SciVocab),50,11,8,0.07388692035125559,0.04153387834280172,0.3342626149986061,0.3342626149986061,0.9904084378292127,95,1413
SciBERT (SciVocab),50,11,9,0.07498647315318756,0.04232538085656798,0.3284081405073878,0.3284081405073878,0.9907602913693967,93,1446
SciBERT (SciVocab),50,11,10,0.07325254600948898,0.04107917570498915,0.3378868134931698,0.3378868134931698,0.9901924725528239,85,1428
SciBERT (SciVocab),50,11,11,0.07801915440317683,0.04431387414708112,0.32589908001115137,0.32589908001115137,0.9912605127078059,85,1498
BERT Base,768,2,2,0.2987292277614858,0.5,0.21299135768051297,0.21299135768051297,0.9997351565470931,889,1833
BERT Base,768,2,3,0.12911522633744857,0.11983767008832658,0.13994981879007526,0.13994981879007526,0.9987218876821102,321,2894
BERT Base,768,2,4,0.0023497712889278778,0.0011764980454828406,0.8572623362141065,0.8572623362141065,0.09502090841997654,3,290
BERT Base,768,2,5,0.002311255918138777,0.0011572535404860307,0.8226930582659604,0.8226930582659604,0.11705491307137635,4,354
BERT Base,768,2,6,0.0022736218601509288,0.001138704625964323,0.6835795929746306,0.6835795929746306,0.2543921894753846,2,726
BERT Base,768,2,7,0.0023993299346348135,0.0012011825617633896,0.94954000557569,0.94954000557569,0.018230519880071676,2,82
BERT Base,768,2,8,0.002383307688002564,0.00119320929633402,0.9141343741287984,0.9141343741287984,0.04851453675101561,3,160
BERT Base,768,2,9,0.002209946941453253,0.001106940916656284,0.6216894340674658,0.6216894340674658,0.3024179444612186,6,868
BERT Base,768,2,10,0.010501355013550135,0.0075416615983457,0.017284638974073042,0.017284638974073042,0.9971716521828959,57,3885
BERT Base,768,2,11,0.0023433421249411343,0.0011732540266341848,0.8684137161973794,0.8684137161973794,0.08071104227338292,2,260
BERT Base,768,3,2,0.13007855393191992,0.09331071255453223,0.2146640646780039,0.2146640646780039,0.9974063367609299,369,2372
BERT Base,768,3,3,0.07112573561981902,0.046005239030779306,0.15667688876498467,0.15667688876498467,0.995960097381967,207,2958
BERT Base,768,3,4,0.002294040383676032,0.0011486848994263453,0.7914691943127962,0.7914691943127962,0.14422181956465144,2,428
BERT Base,768,3,5,0.002308688373006903,0.0011562305244858465,0.7075550599386674,0.7075550599386674,0.23995267483221092,2,676
BERT Base,768,3,6,0.0022736218601509288,0.001138704625964323,0.6835795929746306,0.6835795929746306,0.2543921894753846,2,726
BERT Base,768,3,7,0.002321018828981738,0.0011644567591120164,0.3423473654864789,0.3423473654864789,0.6348554089942084,3,1853
BERT Base,768,3,8,0.002289951962931067,0.0011486644866888736,0.35656537496515195,0.35656537496515195,0.6144558766994266,3,1798
BERT Base,768,3,9,0.002213495793842426,0.0011101696887473786,0.35907443546138834,0.35907443546138834,0.598264720737485,2,1762
BERT Base,768,3,10,0.0021807339957795493,0.001093659887771468,0.3621410649567884,0.3621410649567884,0.5887105971699882,3,1727
BERT Base,768,3,11,0.002301678638041192,0.0011586934352121037,0.16977976024533037,0.16977976024533037,0.8180126826735183,4,2633
BERT Base,768,4,2,0.06868002634302381,0.04131062192292457,0.20351268469473097,0.20351268469473097,0.994127339089403,210,2620
BERT Base,768,4,3,0.0023385127463331932,0.0011708895138997863,0.8383049902425426,0.8383049902425426,0.11078949347996324,2,329
BERT Base,768,4,4,0.002294040383676032,0.0011486848994263453,0.7914691943127962,0.7914691943127962,0.14422181956465144,2,428
BERT Base,768,4,5,0.0025620395238467094,0.0012850642092014119,0.40702536938946193,0.40702536938946193,0.6066624074477861,11,1704
BERT Base,768,4,6,0.0022736218601509288,0.001138704625964323,0.6835795929746306,0.6835795929746306,0.2543921894753846,2,726
BERT Base,768,4,7,0.002321018828981738,0.0011644567591120164,0.3423473654864789,0.3423473654864789,0.6348554089942084,3,1853
BERT Base,768,4,8,0.002289951962931067,0.0011486644866888736,0.35656537496515195,0.35656537496515195,0.6144558766994266,3,1798
BERT Base,768,4,9,0.002213495793842426,0.0011101696887473786,0.35907443546138834,0.35907443546138834,0.598264720737485,2,1762
BERT Base,768,4,10,0.0021807339957795493,0.001093659887771468,0.3621410649567884,0.3621410649567884,0.5887105971699882,3,1727
BERT Base,768,4,11,0.0023199262095759845,0.0011658072934589783,0.2313911346529133,0.2313911346529133,0.753486556594862,3,2333
BERT Base,768,5,2,0.06054400569825936,0.03602458147912693,0.1895734597156398,0.1895734597156398,0.993692288653018,134,2773
BERT Base,768,5,3,0.058936658601650226,0.03790296840089371,0.13242263730136605,0.13242263730136605,0.9958203959270959,93,3249
BERT Base,768,5,4,0.0025943961732656446,0.0013012237905929479,0.41929188737106216,0.41929188737106216,0.599846848380243,13,1661
BERT Base,768,5,5,0.0025620395238467094,0.0012850642092014119,0.40702536938946193,0.40702536938946193,0.6066624074477861,10,1708
BERT Base,768,5,6,0.0022736218601509288,0.001138704625964323,0.6835795929746306,0.6835795929746306,0.2543921894753846,2,726
BERT Base,768,5,7,0.002321018828981738,0.0011644567591120164,0.3423473654864789,0.3423473654864789,0.6348554089942084,3,1853
BERT Base,768,5,8,0.0022899540129250806,0.001148665518300514,0.35656537496515195,0.35656537496515195,0.6144562233531607,2,1802
BERT Base,768,5,9,0.002213495793842426,0.0011101696887473786,0.35907443546138834,0.35907443546138834,0.598264720737485,2,1762
BERT Base,768,5,10,0.0021783657919844145,0.0010924509630883738,0.3640925564538612,0.3640925564538612,0.5860361636108562,2,1718
BERT Base,768,5,11,0.0023199262095759845,0.0011658072934589783,0.2313911346529133,0.2313911346529133,0.753486556594862,3,2333
BERT Base,768,6,2,0.05704683146862424,0.03390097760958688,0.179816002230276,0.179816002230276,0.9936281577121963,100,2901
BERT Base,768,6,3,0.002506243522875928,0.0012561838442768018,0.514078617228882,0.514078617228882,0.49177304025377827,9,1336
BERT Base,768,6,4,0.002320205269505396,0.001161960918458209,0.7253972679119041,0.7253972679119041,0.22463404631917866,2,630
BERT Base,768,6,5,0.0024900664751795584,0.0012485556427537631,0.4413158628380262,0.4413158628380262,0.5610386161860255,7,1568
BERT Base,768,6,6,0.0022736218601509288,0.001138704625964323,0.6835795929746306,0.6835795929746306,0.2543921894753846,2,726
BERT Base,768,6,7,0.002321018828981738,0.0011644567591120164,0.3423473654864789,0.3423473654864789,0.6348554089942084,2,1858
BERT Base,768,6,8,0.0022899540129250806,0.001148665518300514,0.35656537496515195,0.35656537496515195,0.6144562233531607,2,1802
BERT Base,768,6,9,0.002213495793842426,0.0011101696887473786,0.35907443546138834,0.35907443546138834,0.598264720737485,2,1762
BERT Base,768,6,10,0.0021783657919844145,0.0010924509630883738,0.3640925564538612,0.3640925564538612,0.5860361636108562,2,1718
BERT Base,768,6,11,0.0021676040603524154,0.0010872244524262273,0.3442988569835517,0.3442988569835517,0.6066572076417736,2,1792
BERT Base,768,7,2,0.0023633315506095716,0.0011835531530247842,0.7410091998884862,0.7410091998884862,0.22241338249807693,5,608
BERT Base,768,7,3,0.002347068336886317,0.001175592662032758,0.6701979369947031,0.6701979369947031,0.29195212157285116,4,794
BERT Base,768,7,4,0.002320205269505396,0.001161960918458209,0.7253972679119041,0.7253972679119041,0.22463404631917866,2,630
BERT Base,768,7,5,0.002308688373006903,0.0011562305244858465,0.7075550599386674,0.7075550599386674,0.23995267483221092,2,676
BERT Base,768,7,6,0.0023080109020949123,0.0011574723550877276,0.38528017842207973,0.38528017842207973,0.5865811032809736,2,1717
BERT Base,768,7,7,0.002321018828981738,0.0011644567591120164,0.3423473654864789,0.3423473654864789,0.6348554089942084,2,1858
BERT Base,768,7,8,0.0022899540129250806,0.001148665518300514,0.35656537496515195,0.35656537496515195,0.6144562233531607,2,1802
BERT Base,768,7,9,0.002213495793842426,0.0011101696887473786,0.35907443546138834,0.35907443546138834,0.598264720737485,2,1762
BERT Base,768,7,10,0.0021783657919844145,0.0010924509630883738,0.3640925564538612,0.3640925564538612,0.5860361636108562,2,1718
BERT Base,768,7,11,0.0021676040603524154,0.0010872244524262273,0.3442988569835517,0.3442988569835517,0.6066572076417736,2,1792
BERT Base,768,8,2,0.0023597854853631504,0.0011817772968736782,0.7398940618901589,0.7398940618901589,0.22241546242048196,4,615
BERT Base,768,8,3,0.002334398994773231,0.0011692468993684795,0.6665737385001393,0.6665737385001393,0.2919545481489904,2,808
BERT Base,768,8,4,0.0023864136302338243,0.0011960071158497768,0.5096180652355728,0.5096180652355728,0.47080152929761365,3,1324
BERT Base,768,8,5,0.0024508068943494585,0.001228870409384216,0.4343462503484806,0.4343462503484806,0.561041736069633,3,1594
BERT Base,768,8,6,0.0028271620619435304,0.001424045734570258,0.19236130471145804,0.19236130471145804,0.8322733239898596,4,2644
BERT Base,768,8,7,0.002321018828981738,0.0011644567591120164,0.3423473654864789,0.3423473654864789,0.6348554089942084,2,1858
BERT Base,768,8,8,0.0022899540129250806,0.001148665518300514,0.35656537496515195,0.35656537496515195,0.6144562233531607,2,1802
BERT Base,768,8,9,0.002213495793842426,0.0011101696887473786,0.35907443546138834,0.35907443546138834,0.598264720737485,2,1762
BERT Base,768,8,10,0.0021783657919844145,0.0010924509630883738,0.3640925564538612,0.3640925564538612,0.5860361636108562,2,1718
BERT Base,768,8,11,0.0021676040603524154,0.0010872244524262273,0.3442988569835517,0.3442988569835517,0.6066572076417736,2,1792
BERT Base,768,9,2,0.002346465031313616,0.001175106445318588,0.7357122943964316,0.7357122943964316,0.22241580907421613,2,631
BERT Base,768,9,3,0.002334398994773231,0.0011692468993684795,0.6665737385001393,0.6665737385001393,0.2919545481489904,2,808
BERT Base,768,9,4,0.0023864136302338243,0.0011960071158497768,0.5096180652355728,0.5096180652355728,0.47080152929761365,3,1324
BERT Base,768,9,5,0.0024508068943494585,0.001228870409384216,0.4343462503484806,0.4343462503484806,0.561041736069633,3,1594
BERT Base,768,9,6,0.0028271620619435304,0.001424045734570258,0.19236130471145804,0.19236130471145804,0.8322733239898596,4,2644
BERT Base,768,9,7,0.002321018828981738,0.0011644567591120164,0.3423473654864789,0.3423473654864789,0.6348554089942084,2,1858
BERT Base,768,9,8,0.0022899540129250806,0.001148665518300514,0.35656537496515195,0.35656537496515195,0.6144562233531607,2,1802
BERT Base,768,9,9,0.002213495793842426,0.0011101696887473786,0.35907443546138834,0.35907443546138834,0.598264720737485,2,1762
BERT Base,768,9,10,0.0021783657919844145,0.0010924509630883738,0.3640925564538612,0.3640925564538612,0.5860361636108562,2,1718
BERT Base,768,9,11,0.0041697808898155065,0.0024274067967390307,0.014775578477836632,0.014775578477836632,0.9924495350160136,6,3857
BERT Base,768,10,2,0.002346465031313616,0.001175106445318588,0.7357122943964316,0.7357122943964316,0.22241580907421613,2,631
BERT Base,768,10,3,0.002334398994773231,0.0011692468993684795,0.6665737385001393,0.6665737385001393,0.2919545481489904,2,808
BERT Base,768,10,4,0.002323855615611817,0.0011642047732942024,0.5940897686088653,0.5940897686088653,0.36621193785330514,2,1025
BERT Base,768,10,5,0.0024508068943494585,0.001228870409384216,0.4343462503484806,0.4343462503484806,0.561041736069633,3,1594
BERT Base,768,10,6,0.0028271620619435304,0.001424045734570258,0.19236130471145804,0.19236130471145804,0.8322733239898596,4,2644
BERT Base,768,10,7,0.002321018828981738,0.0011644567591120164,0.3423473654864789,0.3423473654864789,0.6348554089942084,2,1858
BERT Base,768,10,8,0.0022899540129250806,0.001148665518300514,0.35656537496515195,0.35656537496515195,0.6144562233531607,2,1802
BERT Base,768,10,9,0.002213495793842426,0.0011101696887473786,0.35907443546138834,0.35907443546138834,0.598264720737485,2,1762
BERT Base,768,10,10,0.004037054392098908,0.0023182646133465806,0.015611931976582102,0.015611931976582102,0.9916456450064703,4,3852
BERT Base,768,10,11,0.00415996232486951,0.0024207545446240978,0.014775578477836632,0.014775578477836632,0.9924287357919633,5,3857
BERT Base,768,11,2,0.002346465031313616,0.001175106445318588,0.7357122943964316,0.7357122943964316,0.22241580907421613,2,631
BERT Base,768,11,3,0.002334398994773231,0.0011692468993684795,0.6665737385001393,0.6665737385001393,0.2919545481489904,2,808
BERT Base,768,11,4,0.002323855615611817,0.0011642047732942024,0.5940897686088653,0.5940897686088653,0.36621193785330514,2,1025
BERT Base,768,11,5,0.0024225320651220664,0.0012146930533755058,0.4293281293560078,0.4293281293560078,0.5610427760308355,2,1604
BERT Base,768,11,6,0.0028271620619435304,0.001424045734570258,0.19236130471145804,0.19236130471145804,0.8322733239898596,4,2644
BERT Base,768,11,7,0.0025130387866434865,0.0012674209917811134,0.14608307778087537,0.14608307778087537,0.8568618200083682,2,2831
BERT Base,768,11,8,0.00577958754761592,0.003780393504596615,0.012266517981600222,0.012266517981600222,0.9959805499522831,5,3925
BERT Base,768,11,9,0.00530351069349167,0.0033430232558139534,0.01282408698076387,0.01282408698076387,0.995245990689574,5,3915
BERT Base,768,11,10,0.004037054392098908,0.0023182646133465806,0.015611931976582102,0.015611931976582102,0.9916456450064703,4,3852
BERT Base,768,11,11,0.00415996232486951,0.0024207545446240978,0.014775578477836632,0.014775578477836632,0.9924287357919633,5,3857
BERT Base,2,2,2,0.02579876959714229,0.044765840220385676,0.018120992472818512,0.018120992472818512,0.9995191912707043,1410,292
BERT Base,2,2,3,0.038301947015639964,0.04479283314669653,0.03345413994981879,0.03345413994981879,0.9991129130942555,830,487
BERT Base,2,2,4,0.046636085626911315,0.04294766486740202,0.051017563423473654,0.051017563423473654,0.9985863460720492,583,698
BERT Base,2,2,5,0.05496392992098935,0.046638165565487756,0.06690827989963757,0.06690827989963757,0.9982993167801554,458,876
BERT Base,2,2,6,0.058460604834631336,0.04587301587301587,0.08056872037914692,0.08056872037914692,0.997916264403896,376,996
BERT Base,2,2,7,0.05313376987839102,0.03998310572997325,0.07917479788123781,0.07917479788123781,0.9976361681866855,335,1059
BERT Base,2,2,8,0.05894493519359366,0.04187192118226601,0.0995260663507109,0.0995260663507109,0.9971681856455542,280,1153
BERT Base,2,2,9,0.06377094517650887,0.045021247272309634,0.10928352383607472,0.10928352383607472,0.9971175742003652,259,1173
BERT Base,2,2,10,0.06481103583380948,0.04582179132040628,0.11067744633398383,0.11067744633398383,0.9971342135796054,240,1280
BERT Base,2,2,11,0.06486567838061555,0.04442383013811585,0.12015611931976582,0.12015611931976582,0.9967861732304973,214,1270
BERT Base,2,3,2,0.03781773093614383,0.04258289703315881,0.034011708948982436,0.034011708948982436,0.999049128807168,856,291
BERT Base,2,3,3,0.04005461993627674,0.043941411451398134,0.03679955394480067,0.03679955394480067,0.9990044104754598,765,467
BERT Base,2,3,4,0.04859900011626555,0.04168328679696849,0.058265960412601056,0.058265960412601056,0.9983343288073067,497,615
BERT Base,2,3,5,0.0581383146185329,0.046617300572197914,0.07722330638416504,0.07722330638416504,0.9980362065959193,376,803
BERT Base,2,3,6,0.06163736055965211,0.046631383206980404,0.09088374686367438,0.09088374686367438,0.9976895528617479,311,938
BERT Base,2,3,7,0.06208538867154278,0.0446701750091788,0.10175634234736548,0.10175634234736548,0.9972940209510583,267,997
BERT Base,2,3,8,0.06130077248940942,0.04365830572645528,0.10287148034569278,0.10287148034569278,0.9971979978666929,230,1119
BERT Base,2,3,9,0.06643053915781189,0.04628207940337793,0.11764705882352941,0.11764705882352941,0.9969854991276459,204,1162
BERT Base,2,3,10,0.06431302001349225,0.04398195612056592,0.11959855032060217,0.11959855032060217,0.9967674539288521,186,1215
BERT Base,2,3,11,0.062143480303335344,0.040922750574509455,0.12907722330638416,0.12907722330638416,0.9962384603305066,170,1255
BERT Base,2,4,2,0.043837029396596186,0.04077716478771888,0.04739336492890995,0.04739336492890995,0.9986137317170487,598,351
BERT Base,2,4,3,0.04338235294117647,0.038705445003280124,0.049344856425982714,0.049344856425982714,0.9984761101845827,547,463
BERT Base,2,4,4,0.04790156009668205,0.039528558476881234,0.06077502090883747,0.06077502090883747,0.9981637751700944,464,576
BERT Base,2,4,5,0.05897798424560695,0.046239113222486146,0.08140507387789239,0.08140507387789239,0.997912104559086,357,767
BERT Base,2,4,6,0.06252831898504757,0.046321160042964556,0.09618065235572902,0.09618065235572902,0.9975377185261809,297,882
BERT Base,2,4,7,0.06073513172424673,0.04234957650423496,0.10733203233900195,0.10733203233900195,0.9969820325903042,247,946
BERT Base,2,4,8,0.05843293492695883,0.039731112671817,0.110398661834402,0.110398661834402,0.996682177110246,215,1052
BERT Base,2,4,9,0.06313544258798436,0.04237449895018133,0.12378031781432952,0.12378031781432952,0.9965216764313246,189,1108
BERT Base,2,4,10,0.06387114690363788,0.0425256540630489,0.12824086980763869,0.12824086980763869,0.9964097072751873,178,1179
BERT Base,2,4,11,0.060472787245739415,0.038720275344180224,0.13799832729300252,0.13799832729300252,0.9957399722607682,158,1169
BERT Base,2,5,2,0.05553191489361702,0.04489936349561328,0.07276275439085587,0.07276275439085587,0.9980753784678806,460,359
BERT Base,2,5,3,0.05343667142565776,0.042128959639813474,0.07304153889043768,0.07304153889043768,0.9979349837055412,426,409
BERT Base,2,5,4,0.05577918343875791,0.04250036512341172,0.08112628937831057,0.08112628937831057,0.9977273381187726,376,534
BERT Base,2,5,5,0.059378954541029885,0.04561770864492971,0.0850292723724561,0.0850292723724561,0.9977880025222525,338,722
BERT Base,2,5,6,0.063653947599789,0.04648773597020676,0.10091998884862002,0.10091998884862002,0.9974260960237776,282,867
BERT Base,2,5,7,0.06130385055280214,0.04219143576826197,0.11207136883189295,0.11207136883189295,0.9968364380219522,233,893
BERT Base,2,5,8,0.06546208530805687,0.04456993042250681,0.12322274881516587,0.12322274881516587,0.9967154558687263,204,994
BERT Base,2,5,9,0.06271435570798628,0.041869158878504675,0.12489545581265682,0.12489545581265682,0.9964461059172752,182,1101
BERT Base,2,5,10,0.06351411073931434,0.0410545217107411,0.14022860328965708,0.14022860328965708,0.9959271652772207,166,1095
BERT Base,2,5,11,0.059587653438207606,0.037893141341417205,0.13939224979091164,0.13939224979091164,0.9955992308446946,153,1134
BERT Base,2,6,2,0.055936386070743076,0.04161000815882513,0.08530805687203792,0.08530805687203792,0.9975567844815603,370,353
BERT Base,2,6,3,0.05806451612903226,0.042242800964099964,0.09283523836074714,0.09283523836074714,0.9973827643070062,338,391
BERT Base,2,6,4,0.06033106461641879,0.043180178012990136,0.10008363534987455,0.10008363534987455,0.9972423695446668,312,471
BERT Base,2,6,5,0.06188639551192146,0.04513489323615906,0.0984109283523836,0.0984109283523836,0.9974111899132083,296,660
BERT Base,2,6,6,0.06606987245504238,0.04614873837981408,0.1162531363256203,0.1162531363256203,0.9970121914651771,258,787
BERT Base,2,6,7,0.06233343204027243,0.0424352383832275,0.11736827432394759,0.11736827432394759,0.9967067895253721,222,862
BERT Base,2,6,8,0.06622325043377675,0.04470473401659346,0.12768330080847504,0.12768330080847504,0.9966072999036649,194,986
BERT Base,2,6,9,0.0634983498349835,0.04159820115886881,0.13409534429885697,0.13409534429885697,0.9961583833179131,173,1040
BERT Base,2,6,10,0.06239990509520137,0.03963230861965039,0.14664064678003902,0.14664064678003902,0.9955815515042519,158,1063
BERT Base,2,6,11,0.05731441048034935,0.035634290368560376,0.1463618622804572,0.1463618622804572,0.9950747437448934,148,1082
BERT Base,2,7,2,0.06022310632654653,0.04181109185441941,0.10761081683858377,0.10761081683858377,0.9969335010675202,305,319
BERT Base,2,7,3,0.06047852856363495,0.04197317178710515,0.10816838583774742,0.10816838583774742,0.9969300345301785,297,365
BERT Base,2,7,4,0.062422934648582,0.04313558419426989,0.11290772233063842,0.11290772233063842,0.9968856628522045,278,467
BERT Base,2,7,5,0.061364493026762154,0.04205414341806158,0.11346529132980206,0.11346529132980206,0.9967861732304973,249,626
BERT Base,2,7,6,0.06187194946884869,0.0416626389560174,0.12015611931976582,0.12015611931976582,0.9965632748794252,227,747
BERT Base,2,7,7,0.06470379567222419,0.04339550818424058,0.12712573180931142,0.12712573180931142,0.9965154366641095,209,843
BERT Base,2,7,8,0.06801112656467316,0.04530714351894746,0.13632562029551157,0.13632562029551157,0.9964280799230983,184,953
BERT Base,2,7,9,0.06261950286806883,0.039850939234922805,0.14608307778087537,0.14608307778087537,0.9956234966060866,167,976
BERT Base,2,7,10,0.06227002547410133,0.03906804943884074,0.15333147477000278,0.15333147477000278,0.9953104682841298,155,1014
BERT Base,2,7,11,0.05727188750898081,0.03509654695263853,0.15556175076665738,0.15556175076665738,0.9946819850640772,141,1037
BERT Base,2,8,2,0.06118052563550194,0.04120321114227682,0.11876219682185671,0.11876219682185671,0.9965636215331594,265,364
BERT Base,2,8,3,0.05994907238995999,0.04055916518999803,0.11485921382771118,0.11485921382771118,0.9966215127067659,262,407
BERT Base,2,8,4,0.06114453616902197,0.04081442047258803,0.12182882631725676,0.12182882631725676,0.9964398661500602,246,446
BERT Base,2,8,5,0.06282867423194022,0.04178554993097101,0.12656816281014777,0.12656816281014777,0.996390987973542,223,609
BERT Base,2,8,6,0.06213211249182472,0.04058788344868837,0.13242263730136605,0.13242263730136605,0.996107771872724,205,672
BERT Base,2,8,7,0.06471555409404801,0.04234808056464107,0.13716197379425704,0.13716197379425704,0.9961431305536095,187,816
BERT Base,2,8,8,0.06410489892551448,0.040974701226136896,0.14719821577920267,0.14719821577920267,0.9957160531531104,175,873
BERT Base,2,8,9,0.06524281405797994,0.04186413902053712,0.14775578477836632,0.14775578477836632,0.9957950902045014,162,1002
BERT Base,2,8,10,0.06220683493410766,0.03889393198798967,0.15528296626707555,0.15528296626707555,0.9952286580028654,151,1000
BERT Base,2,8,11,0.05668706732216314,0.0345629167431333,0.15751324226373015,0.15751324226373015,0.9945291107673077,138,1014
BERT Base,2,9,2,0.06412445456270158,0.0414690004907574,0.14134374128798438,0.14134374128798438,0.9959375648892459,232,339
BERT Base,2,9,3,0.06240210513125744,0.040245676418296426,0.138834680791748,0.138834680791748,0.995883140252981,226,372
BERT Base,2,9,4,0.06466137202176224,0.041680103192518546,0.14413158628380263,0.14413158628380263,0.9958793270619051,216,455
BERT Base,2,9,5,0.06240674667531625,0.04066621575921542,0.13409534429885697,0.13409534429885697,0.9960665200783576,204,596
BERT Base,2,9,6,0.06271647699158832,0.040298863365392255,0.14134374128798438,0.14134374128798438,0.995814502813615,186,670
BERT Base,2,9,7,0.06189942816718741,0.039249401913875596,0.1463618622804572,0.1463618622804572,0.9955451528621639,176,762
BERT Base,2,9,8,0.06463717242631484,0.041280148423005564,0.14887092277669361,0.14887092277669361,0.9957008003888068,169,901
BERT Base,2,9,9,0.06254869226488592,0.039073906695404295,0.15667688876498467,0.15667688876498467,0.9952088987400177,151,946
BERT Base,2,9,10,0.061248912097476065,0.03804825302426167,0.1569556732645665,0.1569556732645665,0.9950657307478049,142,1025
BERT Base,2,9,11,0.057849220696731325,0.035071090047393366,0.16504042375243935,0.16504042375243935,0.994353703977817,130,1019
BERT Base,2,10,2,0.06176538372896981,0.038928026726704916,0.14942849177585726,0.14942849177585726,0.9954127311357104,208,363
BERT Base,2,10,3,0.061726981218506644,0.03884124810838077,0.15026484527460274,0.15026484527460274,0.9953763324936225,202,378
BERT Base,2,10,4,0.06491177321376916,0.04095488392466053,0.15639810426540285,0.15639810426540285,0.9954460098941909,194,455
BERT Base,2,10,5,0.057788539144471344,0.03580477396986265,0.1497072762754391,0.1497072762754391,0.994987040350148,182,528
BERT Base,2,10,6,0.06119580495188669,0.037958554087586346,0.15779202676331197,0.15779202676331197,0.9950272521833119,171,599
BERT Base,2,10,7,0.056606526285075134,0.03428369462770971,0.16225257875662114,0.16225257875662114,0.9943169586819948,159,672
BERT Base,2,10,8,0.0604217146981492,0.0370651486401012,0.16336771675494843,0.16336771675494843,0.9947225435509752,153,842
BERT Base,2,10,9,0.059352261378227994,0.03577981651376147,0.1739615277390577,0.1739615277390577,0.9941706708061745,140,844
BERT Base,2,10,10,0.06005094043887147,0.036425218373046526,0.17089489824365764,0.17089489824365764,0.9943786630466773,133,978
BERT Base,2,10,11,0.05530656149157404,0.03295060080106809,0.17201003624198494,0.17201003624198494,0.993722794181625,126,970
BERT Base,2,11,2,0.062399139322216246,0.03865893487969073,0.1616950097574575,0.1616950097574575,0.9950002131920466,186,384
BERT Base,2,11,3,0.06099001395898207,0.0377684686481814,0.15834959576247562,0.15834959576247562,0.9949835738128063,184,402
BERT Base,2,11,4,0.060653188180404355,0.03725402789275935,0.1630889322553666,0.1630889322553666,0.9947592888467974,176,426
BERT Base,2,11,5,0.05851244481102324,0.035420582706766915,0.16810705324783942,0.16810705324783942,0.9943075990311722,164,490
BERT Base,2,11,6,0.06112647358463106,0.037002231880653116,0.17563423473654866,0.17563423473654866,0.9943162653745264,155,528
BERT Base,2,11,7,0.05572139303482587,0.033565475510903074,0.16392528575411208,0.16392528575411208,0.9941311522804789,150,705
BERT Base,2,11,8,0.05776444111027757,0.03472183078744152,0.1717312517424031,0.1717312517424031,0.9940635548023156,139,849
BERT Base,2,11,9,0.05761500669941939,0.034303036749454875,0.179816002230276,0.179816002230276,0.9937054614949165,133,837
BERT Base,2,11,10,0.06015110422316931,0.03639880429048708,0.17312517424031224,0.17312517424031224,0.9943010126102229,128,998
BERT Base,2,11,11,0.054460796541115825,0.03200273611178971,0.18260384722609424,0.18260384722609424,0.9931320962185971,116,948
BERT Base,5,2,2,0.21311185721858986,0.291023166023166,0.16810705324783942,0.16810705324783942,0.9994907656645022,1129,848
BERT Base,5,2,3,0.27391132745691354,0.2593423019431988,0.290214664064678,0.290214664064678,0.9989693984483086,588,1140
BERT Base,5,2,4,0.24340143567090006,0.20153621068032188,0.3072205185391692,0.3072205185391692,0.9984865097966078,432,1327
BERT Base,5,2,5,0.21694981448935755,0.1669421487603306,0.30972957903540566,0.30972957903540566,0.998078151697754,340,1467
BERT Base,5,2,6,0.2115888576142871,0.16229898749255509,0.30387510454418737,0.30387510454418737,0.998049726091552,283,1655
BERT Base,5,2,7,0.19867172675521821,0.15058248238170574,0.29188737106216894,0.29188737106216894,0.997952663045984,257,1790
BERT Base,5,2,8,0.1769593147751606,0.12772007912957467,0.2879843880680234,0.2879843880680234,0.9975543579054211,219,1863
BERT Base,5,2,9,0.16851106639839034,0.12048914998201654,0.28017842207973237,0.28017842207973237,0.997456948206119,193,1964
BERT Base,5,2,10,0.16309904153354632,0.11429530952647488,0.28463897407304156,0.28463897407304156,0.9972572756552363,174,2021
BERT Base,5,2,11,0.15647620514400123,0.10809660602191723,0.2832450515751324,0.2832450515751324,0.9970940017464415,161,2037
BERT Base,5,3,2,0.26156726397432467,0.25134926754047804,0.27265124059102314,0.27265124059102314,0.9989901976723589,624,913
BERT Base,5,3,3,0.2630695443645084,0.23080159899011152,0.3058265960412601,0.3058265960412601,0.9987326339478695,507,1120
BERT Base,5,3,4,0.22831140567810862,0.17693958908310334,0.321717312517424,0.321717312517424,0.9981391627549682,351,1269
BERT Base,5,3,5,0.20608982944905796,0.15160273252758802,0.321717312517424,0.321717312517424,0.9977613101847214,270,1472
BERT Base,5,3,6,0.20616868346829223,0.15302539168017287,0.31586283802620574,0.31586283802620574,0.9978261344330114,223,1636
BERT Base,5,3,7,0.17575477510782503,0.12142173033947004,0.31809311402286033,0.31809311402286033,0.9971380267706813,187,1711
BERT Base,5,3,8,0.17615042058386937,0.1250731935823867,0.29774184555338723,0.29774184555338723,0.9974101499520058,168,1888
BERT Base,5,3,9,0.1688301217447392,0.11876134301270418,0.29188737106216894,0.29188737106216894,0.9973068471392227,147,1973
BERT Base,5,3,10,0.15877159309021113,0.10955710955710955,0.28826317256760525,0.28826317256760525,0.997086722018024,134,2020
BERT Base,5,3,11,0.15565031982942432,0.1070717653221582,0.28491775857262336,0.28491775857262336,0.9970454702236575,124,2086
BERT Base,5,4,2,0.25944208472046837,0.22053083528493364,0.3150264845274603,0.3150264845274603,0.9986154649857196,456,1005
BERT Base,5,4,3,0.227726502166133,0.1719527805433082,0.3370504599944243,0.3370504599944243,0.9979817819596544,373,1060
BERT Base,5,4,4,0.21700934579439252,0.16322226908477436,0.32366880401449677,0.32366880401449677,0.997936716974212,323,1266
BERT Base,5,4,5,0.20413865362787043,0.1486142893465548,0.32589908001115137,0.32589908001115137,0.9976784599422545,253,1465
BERT Base,5,4,6,0.19841066393232504,0.14305076392311483,0.32366880401449677,0.32366880401449677,0.9975890232788382,211,1589
BERT Base,5,4,7,0.17748222884659481,0.1222620050547599,0.32366880401449677,0.32366880401449677,0.9971106411256817,174,1689
BERT Base,5,4,8,0.16774586729641197,0.11540880503144654,0.3069417340395874,0.3069417340395874,0.9970745891373279,153,1835
BERT Base,5,4,9,0.160486674391657,0.10840426572742393,0.30889322553666015,0.30889322553666015,0.9968409445204964,135,1906
BERT Base,5,4,10,0.15949554896142434,0.10866269079146872,0.29969333705046,0.29969333705046,0.996943207372077,126,1987
BERT Base,5,4,11,0.15437805336339722,0.10568018110722371,0.28631168107053245,0.28631168107053245,0.9969872323963167,116,2094
BERT Base,5,5,2,0.21183370708987406,0.1533658049206944,0.3423473654864789,0.3423473654864789,0.9976500343360524,339,931
BERT Base,5,5,3,0.20006464124111184,0.14085789054499942,0.3451352104822972,0.3451352104822972,0.9973824176532721,299,1064
BERT Base,5,5,4,0.20198254681013303,0.1450827653359299,0.3323111235015333,0.3323111235015333,0.9975651041711804,269,1291
BERT Base,5,5,5,0.20299612859787913,0.14538878842676312,0.33621410649567884,0.33621410649567884,0.9975425716784593,239,1438
BERT Base,5,5,6,0.19512984386376506,0.13745156143150217,0.33621410649567884,0.33621410649567884,0.9973765245397912,197,1545
BERT Base,5,5,7,0.16822562358276644,0.1127790973871734,0.3309172010036242,0.3309172010036242,0.9967629474303079,166,1648
BERT Base,5,5,8,0.16335003579098067,0.10989116825580275,0.31809311402286033,0.31809311402286033,0.9967962261887883,146,1785
BERT Base,5,5,9,0.16288795949812898,0.11053574985062736,0.3094507945358238,0.3094507945358238,0.9969036888463815,128,1914
BERT Base,5,5,10,0.16170337308846125,0.10962301587301587,0.3080568720379147,0.3080568720379147,0.996888782735812,121,1979
BERT Base,5,5,11,0.15390242118352718,0.10432368107893693,0.29328129356007804,0.29328129356007804,0.9968690234729644,108,2074
BERT Base,5,6,2,0.19975786924939468,0.137085886384879,0.36799553944800667,0.36799553944800667,0.9971196541227701,269,930
BERT Base,5,6,3,0.1992773122164988,0.1375796178343949,0.36130471145804294,0.36130471145804294,0.9971837850635918,247,1104
BERT Base,5,6,4,0.1983086352703856,0.13738980864330252,0.3562865904655701,0.3562865904655701,0.9972184504370091,231,1251
BERT Base,5,6,5,0.18888224745965332,0.12901908747575788,0.3523836074714246,0.3523836074714246,0.9970420036863158,207,1383
BERT Base,5,6,6,0.1781651647215246,0.12119384986433525,0.33621410649567884,0.33621410649567884,0.9969685130946715,184,1517
BERT Base,5,6,7,0.17211390096787768,0.11498453753162778,0.34206858098689713,0.34206858098689713,0.9967262021344857,152,1666
BERT Base,5,6,8,0.16335003579098067,0.10989116825580275,0.31809311402286033,0.31809311402286033,0.9967962261887883,138,1815
BERT Base,5,6,9,0.16262153402952828,0.1096329384346475,0.31474770002787844,0.31474770002787844,0.9968215319113828,121,1920
BERT Base,5,6,10,0.16236786469344608,0.10864849570876167,0.3211597435182604,0.3211597435182604,0.9967237755583465,114,1952
BERT Base,5,6,11,0.14968527356989694,0.09954001839926403,0.3016448285475328,0.3016448285475328,0.9966069532499308,105,2038
BERT Base,5,7,2,0.18761188686000715,0.12622856041626518,0.3652076944521885,0.3652076944521885,0.9968565439385342,229,1046
BERT Base,5,7,3,0.19147855120853596,0.1294406280667321,0.3677167549484249,0.3677167549484249,0.9969248347241659,208,1177
BERT Base,5,7,4,0.18693052391799544,0.1255138132109741,0.3660440479509339,0.3660440479509339,0.9968288116398004,187,1300
BERT Base,5,7,5,0.16910462446703836,0.11056785040315663,0.3593532199609702,0.3593532199609702,0.9964055474303772,173,1399
BERT Base,5,7,6,0.16806164474558258,0.11031656056509985,0.3526623919710064,0.3526623919710064,0.9964634386039838,163,1493
BERT Base,5,7,7,0.17213630956546078,0.11491031390134529,0.3429049344856426,0.3429049344856426,0.9967158025224606,149,1675
BERT Base,5,7,8,0.1582952815829528,0.10378340853870184,0.3334262614998606,0.3334262614998606,0.9964197602334782,131,1758
BERT Base,5,7,9,0.1623515949077385,0.1091871091871092,0.3164204070253694,0.3164204070253694,0.9967899864215732,119,1920
BERT Base,5,7,10,0.15540005281225244,0.10180780209324453,0.32812935600780596,0.32812935600780596,0.9964003476243646,108,1921
BERT Base,5,7,11,0.1513418981637183,0.09973404255319149,0.31363256202955114,0.31363256202955114,0.9964797313294899,100,2008
BERT Base,5,8,2,0.1719059405940594,0.11047482701026008,0.3872316699191525,0.3872316699191525,0.9961230246370275,196,1014
BERT Base,5,8,3,0.171984583307007,0.11119281045751633,0.37942570393086145,0.37942570393086145,0.9962287540259498,184,1168
BERT Base,5,8,4,0.17112231225674726,0.1109548237630316,0.37385001393922496,0.37385001393922496,0.9962752056263288,168,1282
BERT Base,5,8,5,0.1675241561049065,0.10808841389361186,0.37217730694173407,0.37217730694173407,0.9961812624643683,155,1394
BERT Base,5,8,6,0.16971125515615793,0.11090193393804552,0.36130471145804294,0.36130471145804294,0.9963982677019596,147,1531
BERT Base,5,8,7,0.16684280052840159,0.10932225396001038,0.35210482297184276,0.35210482297184276,0.9964329330753767,140,1647
BERT Base,5,8,8,0.03499857342771354,0.018395795246800732,0.35907443546138834,0.35907443546138834,0.9761751821578709,115,1444
BERT Base,5,8,9,0.16272965879265092,0.10913415794481446,0.3197658210203513,0.3197658210203513,0.9967542810869536,115,1916
BERT Base,5,8,10,0.03720005264158393,0.01962962962962963,0.35461388346807915,0.35461388346807915,0.977977781575562,95,1569
BERT Base,5,8,11,0.1513418981637183,0.09973404255319149,0.31363256202955114,0.31363256202955114,0.9964797313294899,100,2008
BERT Base,5,9,2,0.16690997566909976,0.10674550688555201,0.3824923334262615,0.3824923334262615,0.9960200684779786,176,1109
BERT Base,5,9,3,0.1661807580174927,0.10623592451657995,0.3813771954279342,0.3813771954279342,0.9960103621734219,164,1217
BERT Base,5,9,4,0.16486799585391135,0.10550959887622913,0.37691664343462505,0.37691664343462505,0.9960266548989279,150,1310
BERT Base,5,9,5,0.1627302929628511,0.10387106724244294,0.3755227209367159,0.3755227209367159,0.9959715369551947,138,1435
BERT Base,5,9,6,0.1631736526946108,0.10510245078344717,0.36465012545302483,0.36465012545302483,0.9961393173625336,134,1537
BERT Base,5,9,7,0.1593666198442089,0.10335403726708074,0.3479230554781154,0.3479230554781154,0.9962467800201267,129,1667
BERT Base,5,9,8,0.035283518670413745,0.018535785934277075,0.36576526345135213,0.36576526345135213,0.9759179650871158,105,1427
BERT Base,5,9,9,0.03548816832159093,0.018663507930546327,0.36018957345971564,0.36018957345971564,0.976450425222803,96,1484
BERT Base,5,9,10,0.03727279258567426,0.019649133438371106,0.36158349595762473,0.36158349595762473,0.9775676902080374,91,1515
BERT Base,5,9,11,0.14764575453241163,0.09636502936920065,0.31558405352662394,0.31558405352662394,0.9963202706117711,98,1991
BERT Base,5,10,2,0.15974549792648982,0.10031392694063927,0.39197100641204347,0.39197100641204347,0.9956286964120992,159,1111
BERT Base,5,10,3,0.159465737514518,0.10071150883884691,0.38277111792584334,0.38277111792584334,0.9957500252190592,149,1237
BERT Base,5,10,4,0.16373705754875995,0.10441458733205375,0.3791469194312796,0.3791469194312796,0.9959562841908911,142,1333
BERT Base,5,10,5,0.16297662976629768,0.10455298666456246,0.3693894619459158,0.3693894619459158,0.9960661734246234,136,1473
BERT Base,5,10,6,0.16291009266215878,0.10504642712959225,0.36269863395595203,0.36269863395595203,0.9961576900104446,129,1580
BERT Base,5,10,7,0.15188983299150308,0.09615669980709304,0.36130471145804294,0.36130471145804294,0.9957770642103245,115,1632
BERT Base,5,10,8,0.034912651488803875,0.01833612004889632,0.36381377195427933,0.36381377195427933,0.975780690208384,98,1439
BERT Base,5,10,9,0.03584551318690291,0.018842549538593604,0.3671591859492612,0.3671591859492612,0.9762271802179967,90,1464
BERT Base,5,10,10,0.14313574847822233,0.09082045897705114,0.33760802899358794,0.33760802899358794,0.9957975167806407,96,1861
BERT Base,5,10,11,0.025929662295114717,0.013446596912876826,0.3618622804572066,0.3618622804572066,0.9669874715873933,86,1501
BERT Base,5,11,2,0.14689027916513328,0.09051444861993002,0.3894619459158071,0.3894619459158071,0.9951340215334367,143,1137
BERT Base,5,11,3,0.1509829909432295,0.09413952207148268,0.3810984109283524,0.3810984109283524,0.99544011678071,134,1278
BERT Base,5,11,4,0.15555432801193173,0.09699641774593552,0.3925285754112071,0.3925285754112071,0.9954560628524819,131,1294
BERT Base,5,11,5,0.1500777604976672,0.09370881598113338,0.3766378589350432,0.3766378589350432,0.995470622309317,122,1434
BERT Base,5,11,6,0.1498243795704497,0.0944121915820029,0.36269863395595203,0.36269863395595203,0.9956741080512757,116,1586
BERT Base,5,11,7,0.14966139954853272,0.09382296752281893,0.3696682464454976,0.3696682464454976,0.9955604056264674,107,1626
BERT Base,5,11,8,0.03391906283280085,0.017809961835796067,0.3551714524672428,0.3551714524672428,0.9756444552908546,90,1469
BERT Base,5,11,9,0.03558428858586407,0.01870333090618352,0.3652076944521885,0.3652076944521885,0.9761741421966684,86,1493
BERT Base,5,11,10,0.14200484375922973,0.09009144056363363,0.33509896849735155,0.33509896849735155,0.9957916236671597,93,1880
BERT Base,5,11,11,0.02596299186927614,0.013458426367863653,0.3663228324505158,0.3663228324505158,0.9666103123246149,81,1472
BERT Base,10,2,2,0.2425360617242536,0.3044210526315789,0.20156119319765822,0.20156119319765822,0.9994273280311489,1128,785
BERT Base,10,2,3,0.258579807812305,0.23407139629462267,0.2888207415667689,0.2888207415667689,0.9988248438411591,557,1135
BERT Base,10,2,4,0.24556499301150414,0.19985999299965,0.31837189852244213,0.31837189852244213,0.9984150991273686,410,1336
BERT Base,10,2,5,0.2005700958797616,0.14530663329161453,0.32366880401449677,0.32366880401449677,0.9976327016493438,315,1428
BERT Base,10,2,6,0.21179194869967938,0.1556079047245125,0.33147477000278786,0.33147477000278786,0.9977633901071264,277,1549
BERT Base,10,2,7,0.189424753050552,0.13486997635933806,0.31809311402286033,0.31809311402286033,0.9974628413195998,241,1647
BERT Base,10,2,8,0.17563460116651605,0.12450500815280689,0.2980206300529691,0.2980206300529691,0.9973942038802339,198,1791
BERT Base,10,2,9,0.1720266734194311,0.12336561743341404,0.2840814050738779,0.2840814050738779,0.9974898803108652,191,1936
BERT Base,10,2,10,0.1588410104011887,0.10827509368986124,0.2980206300529691,0.2980206300529691,0.9969480605243554,161,1933
BERT Base,10,2,11,0.1536688436419516,0.10606703436571914,0.2787844995818233,0.2787844995818233,0.9970784023284038,161,2028
BERT Base,10,3,2,0.25644935824119963,0.23563755254553947,0.28129356007805967,0.28129356007805967,0.9988654023280571,596,924
BERT Base,10,3,3,0.2613785688687134,0.22867892976588627,0.3049902425425146,0.3049902425425146,0.9987208477209077,498,1118
BERT Base,10,3,4,0.23992802159352195,0.18703241895261846,0.3345413994981879,0.3345413994981879,0.9981918541225622,349,1315
BERT Base,10,3,5,0.20212853724940186,0.1435434731661589,0.3415110119877335,0.3415110119877335,0.9974663078569416,263,1405
BERT Base,10,3,6,0.20018034265103696,0.1417789131444496,0.3403958739894062,0.3403958739894062,0.9974378822507395,218,1519
BERT Base,10,3,7,0.1859127934834691,0.13027420257414662,0.32450515751324227,0.32450515751324227,0.9973061538317544,191,1664
BERT Base,10,3,8,0.1742621015348288,0.12140820355341084,0.30861444103707836,0.30861444103707836,0.9972229569355533,169,1765
BERT Base,10,3,9,0.16118373796868266,0.10856313497822932,0.3127962085308057,0.3127962085308057,0.9968062791470793,140,1836
BERT Base,10,3,10,0.1553949057496115,0.10255038344925986,0.3206021745190967,0.3206021745190967,0.9965112768192994,129,1862
BERT Base,10,3,11,0.1518624641833811,0.10218837366239275,0.29551156955673263,0.29551156955673263,0.9967716137736622,121,2006
BERT Base,10,4,2,0.24512132163138875,0.19465398491308625,0.3309172010036242,0.3309172010036242,0.9982975835114845,424,926
BERT Base,10,4,3,0.24247718889536013,0.18600148920327625,0.3482018399776972,0.3482018399776972,0.9981051906890194,373,1077
BERT Base,10,4,4,0.23056503602578687,0.17468754489297514,0.3390019514914971,0.3390019514914971,0.9980084742971855,330,1287
BERT Base,10,4,5,0.20199012771292016,0.14047515257192678,0.3593532199609702,0.3593532199609702,0.9972659419985905,238,1348
BERT Base,10,4,6,0.19365895458440446,0.13437837837837838,0.3465291329802063,0.3465291329802063,0.9972243435504899,207,1476
BERT Base,10,4,7,0.18370720188902007,0.12798859398991005,0.3253415110119877,0.3253415110119877,0.9972437561596036,182,1668
BERT Base,10,4,8,0.1669793621013133,0.11264725927368319,0.3225536660161695,0.3225536660161695,0.9968405978667623,157,1707
BERT Base,10,4,9,0.15384615384615385,0.10120566751738097,0.3206021745190967,0.3206021745190967,0.9964596254129079,132,1785
BERT Base,10,4,10,0.15559265442404008,0.10230066736916052,0.32478394201282407,0.32478394201282407,0.9964561588755663,125,1851
BERT Base,10,4,11,0.15034328149082246,0.10040235800505287,0.2991357680512963,0.2991357680512963,0.9966672709996766,115,1994
BERT Base,10,5,2,0.23338678068768928,0.1714884147139678,0.3652076944521885,0.3652076944521885,0.9978060285164295,329,951
BERT Base,10,5,3,0.21278330344040436,0.15036294503975112,0.36381377195427933,0.36381377195427933,0.9974437753642205,301,1083
BERT Base,10,5,4,0.20511579117243606,0.1443334090392914,0.35433509896849735,0.35433509896849735,0.9973879641130188,262,1260
BERT Base,10,5,5,0.1956571082696527,0.13426791277258568,0.36046835795929744,0.36046835795929744,0.9971099478182134,226,1329
BERT Base,10,5,6,0.191188951469794,0.13217409857051418,0.345413994981879,0.345413994981879,0.9971799718725161,200,1481
BERT Base,10,5,7,0.1734179986862273,0.11746094522444137,0.331195985503206,0.331195985503206,0.9969057687687864,171,1643
BERT Base,10,5,8,0.16556380823767725,0.10923995366657756,0.3417897964873153,0.3417897964873153,0.996534502619489,146,1650
BERT Base,10,5,9,0.15582350602888564,0.10219866168419223,0.32785057150822416,0.32785057150822416,0.9964187202722757,128,1777
BERT Base,10,5,10,0.154465443132974,0.1022583559168925,0.31558405352662394,0.31558405352662394,0.9965549551898051,123,1880
BERT Base,10,5,11,0.14950027762354248,0.09952869420571112,0.3002509060496236,0.3002509060496236,0.9966222060142343,112,1989
BERT Base,10,6,2,0.21014659605495434,0.14499046812116076,0.38165597992751604,0.38165597992751604,0.9972014644040347,273,988
BERT Base,10,6,3,0.19597738171927565,0.13183744221879815,0.38165597992751604,0.38165597992751604,0.9968749165864452,245,1059
BERT Base,10,6,4,0.19646592138478183,0.13251605370694688,0.37970448843044324,0.37970448843044324,0.9969092353061282,221,1208
BERT Base,10,6,5,0.19516809780235775,0.13205317577548006,0.37385001393922496,0.37385001393922496,0.9969445939870136,203,1324
BERT Base,10,6,6,0.18103879402729156,0.12170989433237271,0.35321996097017005,0.35321996097017005,0.9968305449084712,190,1468
BERT Base,10,6,7,0.17179098304150006,0.11411301401227218,0.34736548647895177,0.34736548647895177,0.9966468184293604,157,1587
BERT Base,10,6,8,0.16446422458062307,0.10900344890179706,0.33482018399776975,0.33482018399776975,0.9965969002916398,139,1685
BERT Base,10,6,9,0.15500406834825062,0.10241017829943554,0.318650683022024,0.318650683022024,0.9965272228910713,126,1815
BERT Base,10,6,10,0.15439122436465216,0.10216411181244364,0.31586283802620574,0.31586283802620574,0.9965483687688558,120,1887
BERT Base,10,6,11,0.14661604922110225,0.09580018817894106,0.31223863953164205,0.31223863953164205,0.9963355233760746,105,1919
BERT Base,10,7,2,0.19983089064261556,0.13371051390853372,0.39531642040702536,0.39531642040702536,0.9968152921441678,232,996
BERT Base,10,7,3,0.19069392146315223,0.12565352237483385,0.39531642040702536,0.39531642040702536,0.9965795676049313,213,1070
BERT Base,10,7,4,0.17601801463689248,0.11346774193548387,0.3922497909116253,0.3922497909116253,0.9961892355002543,189,1189
BERT Base,10,7,5,0.18158324265505985,0.1200863542322569,0.37217730694173407,0.37217730694173407,0.9966090331723357,182,1383
BERT Base,10,7,6,0.17546273997110026,0.11648090626712955,0.35545023696682465,0.35545023696682465,0.9966475117368288,169,1495
BERT Base,10,7,7,0.17027632561613143,0.11254711900915455,0.34959576247560636,0.34959576247560636,0.9965722878765136,152,1574
BERT Base,10,7,8,0.16438168357554153,0.10899009180983547,0.3342626149986061,0.3342626149986061,0.9966021000976524,137,1697
BERT Base,10,7,9,0.15357766143106458,0.10114048271594024,0.3189294675216058,0.3189294675216058,0.9964755714846798,122,1818
BERT Base,10,7,10,0.15361226782999537,0.10067579275688789,0.3239475885140786,0.3239475885140786,0.9964017342393013,112,1852
BERT Base,10,7,11,0.14362543498892755,0.09289572761499428,0.3164204070253694,0.3164204070253694,0.9961580366641789,98,1909
BERT Base,10,8,2,0.1791158054519006,0.11583769633507854,0.3947588514078617,0.3947588514078617,0.996253366441076,202,999
BERT Base,10,8,3,0.16899942163100057,0.10661898854265489,0.4073041538890438,0.4073041538890438,0.9957562649862742,182,1040
BERT Base,10,8,4,0.17015392015392014,0.1084706784208509,0.3944800669082799,0.3944800669082799,0.9959684170715871,170,1198
BERT Base,10,8,5,0.1687109187109187,0.10755078574166348,0.391134652913298,0.391134652913298,0.9959642572267771,158,1322
BERT Base,10,8,6,0.16749502982107356,0.10776241106403389,0.37580150543629776,0.37580150543629776,0.9961309976729135,146,1445
BERT Base,10,8,7,0.16633637204386312,0.10899489221712406,0.35098968497351546,0.35098968497351546,0.9964322397679084,141,1585
BERT Base,10,8,8,0.16034247908153337,0.10448013524936602,0.3445776414831335,0.3445776414831335,0.9963275503401886,134,1635
BERT Base,10,8,9,0.15767747174663327,0.10411081322609472,0.32478394201282407,0.32478394201282407,0.9965247963149322,120,1806
BERT Base,10,8,10,0.1498358756516702,0.09740585774058577,0.32450515751324227,0.32450515751324227,0.9962609928232278,107,1846
BERT Base,10,8,11,0.14571150097465888,0.09322628419985969,0.3334262614998606,0.3334262614998606,0.9959673771103846,94,1871
BERT Base,10,9,2,0.16600521601088558,0.10419187246459327,0.40814050738778923,0.40814050738778923,0.9956366694479851,167,1002
BERT Base,10,9,3,0.16203909373611727,0.1011719020872339,0.40674658488988014,0.40674658488988014,0.9955066742976708,156,1107
BERT Base,10,9,4,0.15644913205888816,0.09742081138400492,0.3969891274045163,0.3969891274045163,0.9954265972850773,144,1248
BERT Base,10,9,5,0.16605188365483461,0.10602316602316603,0.38277111792584334,0.38277111792584334,0.9959867897194982,141,1410
BERT Base,10,9,6,0.16424272818455365,0.10594419733117671,0.3652076944521885,0.3652076944521885,0.9961677429687357,135,1520
BERT Base,10,9,7,0.1579990094105993,0.10155192996418623,0.35572902146640645,0.35572902146640645,0.9960866259949396,128,1577
BERT Base,10,9,8,0.15649731937707428,0.10148166542504759,0.3417897964873153,0.3417897964873153,0.9962370737155699,124,1662
BERT Base,10,9,9,0.14978584026203073,0.09675319391325576,0.33147477000278786,0.33147477000278786,0.9961521435506979,114,1759
BERT Base,10,9,10,0.1490125673249551,0.09676076276126239,0.3239475885140786,0.3239475885140786,0.9962398469454433,103,1866
BERT Base,10,9,11,0.14737889434736645,0.09484552585240916,0.33035963200446056,0.33035963200446056,0.9960796929202561,94,1896
BERT Base,10,10,2,0.1511274827019762,0.09198884983638347,0.4231948703652077,0.4231948703652077,0.9948057404471764,149,950
BERT Base,10,10,3,0.15532873944355216,0.09539264350260913,0.41789796487315306,0.41789796487315306,0.9950723171687541,144,1070
BERT Base,10,10,4,0.1536027007068256,0.09472383059007221,0.40591023139113463,0.40591023139113463,0.9951763132890056,137,1237
BERT Base,10,10,5,0.16449132844627212,0.10460885385081868,0.3847226094229161,0.3847226094229161,0.9959053260919679,135,1408
BERT Base,10,10,6,0.16171577946768062,0.10275575688939223,0.37942570393086145,0.37942570393086145,0.9958803670231076,126,1500
BERT Base,10,10,7,0.15516210072975237,0.09877389383900693,0.36158349595762473,0.36158349595762473,0.9958976997098161,119,1578
BERT Base,10,10,8,0.14789494673275225,0.09293999713590148,0.3618622804572066,0.3618622804572066,0.9956085904955172,113,1598
BERT Base,10,10,9,0.1462082071381911,0.0928916389978871,0.34318371898522443,0.34318371898522443,0.9958328754615261,107,1717
BERT Base,10,10,10,0.14915677701436603,0.09611205022941319,0.33286869250069695,0.33286869250069695,0.9961074252189899,101,1843
BERT Base,10,10,11,0.14737889434736645,0.09484552585240916,0.33035963200446056,0.33035963200446056,0.9960796929202561,94,1896
BERT Base,10,11,2,0.14431379753812235,0.08638988177069012,0.4379704488430443,0.4379704488430443,0.9942406948604771,139,905
BERT Base,10,11,3,0.14963292117465224,0.09049482970146638,0.43183718985224423,0.43183718985224423,0.9946032946664203,133,1039
BERT Base,10,11,4,0.14865808640127706,0.09052797861352452,0.41538890437691667,0.41538890437691667,0.994810940253189,127,1202
BERT Base,10,11,5,0.16001343709758692,0.1001120919153706,0.3983830499024254,0.3983830499024254,0.9955472327845689,123,1380
BERT Base,10,11,6,0.14754528747702808,0.09089144779402251,0.39169222191246167,0.39169222191246167,0.99512847507369,111,1447
BERT Base,10,11,7,0.14366093495293686,0.08852883992222943,0.38081962642877054,0.38081962642877054,0.9951246618826141,106,1500
BERT Base,10,11,8,0.14537396121883656,0.0907142363271797,0.36576526345135213,0.36576526345135213,0.9954411567419125,104,1604
BERT Base,10,11,9,0.14634435359639766,0.09292002106688736,0.3442988569835517,0.3442988569835517,0.9958207425808301,100,1755
BERT Base,10,11,10,0.1471189702875015,0.09379553646752052,0.34095344298856983,0.34095344298856983,0.9959039394770313,96,1820
BERT Base,10,11,11,0.145565749235474,0.0932382668651571,0.33175355450236965,0.33175355450236965,0.9959881763344349,90,1909
BERT Base,20,2,2,0.24547627176510756,0.31660061646851606,0.20044605519933092,0.20044605519933092,0.9994619934045661,1107,814
BERT Base,20,2,3,0.24344660194174758,0.2155598538577262,0.2796208530805687,0.2796208530805687,0.9987347138702746,567,1104
BERT Base,20,2,4,0.22856515534087166,0.18851865266207896,0.290214664064678,0.290214664064678,0.9984466446171781,414,1327
BERT Base,20,2,5,0.21992721550113112,0.16990881458966564,0.3116810705324784,0.3116810705324784,0.998106577303956,330,1486
BERT Base,20,2,6,0.1982076963626779,0.14470814624759462,0.31446891552829664,0.31446891552829664,0.9976888595542796,275,1531
BERT Base,20,2,7,0.1948726831803222,0.14134941575574822,0.31363256202955114,0.31363256202955114,0.997630968380673,238,1698
BERT Base,20,2,8,0.17411243773226853,0.12152317880794702,0.3069417340395874,0.3069417340395874,0.9972409829297302,219,1737
BERT Base,20,2,9,0.17610654132393264,0.12246676835911964,0.31335377752996935,0.31335377752996935,0.9972080508249839,191,1846
BERT Base,20,2,10,0.1666915385763319,0.11380539989811513,0.31140228603289655,0.31140228603289655,0.9969848058201776,176,1902
BERT Base,20,2,11,0.17104545100179308,0.11872294372294372,0.3058265960412601,0.3058265960412601,0.9971771986426426,164,2023
BERT Base,20,3,2,0.2518975942364595,0.23387482083134256,0.272930025090605,0.272930025090605,0.9988882814745125,614,924
BERT Base,20,3,3,0.23973880597014927,0.20605331729805573,0.2865904655701143,0.2865904655701143,0.9986269045589472,509,1135
BERT Base,20,3,4,0.2292980875137679,0.17890625,0.31920825202118763,0.31920825202118763,0.9981783346269295,348,1283
BERT Base,20,3,5,0.2112638580931264,0.15491675338189387,0.3320323390019515,0.3320323390019515,0.9977477906890887,269,1423
BERT Base,20,3,6,0.20487472302710072,0.14753897140051553,0.33509896849735155,0.33509896849735155,0.9975924898161799,225,1538
BERT Base,20,3,7,0.18599562363238512,0.12922141383429253,0.33175355450236965,0.33175355450236965,0.9972201837056799,191,1667
BERT Base,20,3,8,0.17433962264150943,0.11952809686432785,0.3219960970170059,0.3219960970170059,0.9970506700296701,172,1774
BERT Base,20,3,9,0.16838073622242714,0.1129185692541857,0.3309172010036242,0.3309172010036242,0.9967674539288521,143,1808
BERT Base,20,3,10,0.024014772936121052,0.012396544869709784,0.3824923334262615,0.3824923334262615,0.9621093602401339,113,1329
BERT Base,20,3,11,0.024970696765791188,0.012886690325124565,0.40089211039866185,0.40089211039866185,0.961816091181025,106,1355
BERT Base,20,4,2,0.22740056247488952,0.1777359083058565,0.31558405352662394,0.31558405352662394,0.9981845743941447,419,977
BERT Base,20,4,3,0.2296546248511314,0.17830174140853752,0.3225536660161695,0.3225536660161695,0.9981516422893983,376,1114
BERT Base,20,4,4,0.23168720287183467,0.17767857142857144,0.33286869250069695,0.33286869250069695,0.9980843914649691,328,1254
BERT Base,20,4,5,0.20541741433820387,0.14810251355347462,0.33509896849735155,0.33509896849735155,0.9976032360819392,252,1406
BERT Base,20,4,6,0.2003560446674219,0.14114696157792725,0.3451352104822972,0.3451352104822972,0.9973886574204872,209,1505
BERT Base,20,4,7,0.19004315659679408,0.13132388965811057,0.3437412879843881,0.3437412879843881,0.9971726921440984,178,1664
BERT Base,20,4,8,0.16899202733485194,0.11346907561418602,0.3309172010036242,0.3309172010036242,0.9967851332692949,158,1701
BERT Base,20,4,9,0.170090443805651,0.11361933308355189,0.3381655979927516,0.3381655979927516,0.9967196157135364,135,1794
BERT Base,20,4,10,0.025803795079435886,0.013311501526751339,0.41929188737106216,0.41929188737106216,0.9613546950608429,105,1248
BERT Base,20,4,11,0.02518289009381186,0.012992549043986395,0.40786172288820743,0.40786172288820743,0.9614729039841954,98,1304
BERT Base,20,5,2,0.22195143180433458,0.16135155656795747,0.35545023696682465,0.35545023696682465,0.9977027257036464,331,971
BERT Base,20,5,3,0.22370033257482932,0.16303099885189437,0.3562865904655701,0.3562865904655701,0.9977256048501018,302,1136
BERT Base,20,5,4,0.2130257801899593,0.1530773918342474,0.35015333147477,0.35015333147477,0.9975911032012432,264,1257
BERT Base,20,5,5,0.2025694156651471,0.14413776834159,0.34067465848898804,0.34067465848898804,0.9974846805048526,237,1403
BERT Base,20,5,6,0.1986095749723495,0.13857347591224783,0.3504321159743518,0.3504321159743518,0.997291247721185,201,1488
BERT Base,20,5,7,0.18530636525877453,0.1263563533110232,0.34736548647895177,0.34736548647895177,0.9970135780801137,171,1645
BERT Base,20,5,8,0.1683105981112277,0.11234590960029885,0.3353777529969334,0.3353777529969334,0.9967050562567012,144,1711
BERT Base,20,5,9,0.16900454021820152,0.11163831692032229,0.3476442709785336,0.3476442709785336,0.9965601549958176,130,1757
BERT Base,20,5,10,0.025804349876121974,0.013311516009198656,0.419570671870644,0.419570671870644,0.9613290426845142,103,1248
BERT Base,20,5,11,0.025631548637195828,0.01322347765932916,0.41566768887649846,0.41566768887649846,0.9614302655748923,94,1289
BERT Base,20,6,2,0.2081114938928907,0.1446924333151878,0.3705045999442431,0.3705045999442431,0.9972766882643498,270,997
BERT Base,20,6,3,0.2119424120840217,0.14763261727312582,0.3755227209367159,0.3755227209367159,0.9973040739093494,248,1134
BERT Base,20,6,4,0.2024745156018987,0.14043609671848015,0.36269863395595203,0.36269863395595203,0.9972395963147935,230,1250
BERT Base,20,6,5,0.19974775342897683,0.13924607099681283,0.35321996097017005,0.35321996097017005,0.9972850079539699,214,1386
BERT Base,20,6,6,0.19534883720930232,0.13444584382871536,0.3571229439643156,0.3571229439643156,0.9971411466542888,191,1473
BERT Base,20,6,7,0.18136934582153488,0.12261928136658158,0.3482018399776972,0.3482018399776972,0.9969019555777106,167,1626
BERT Base,20,6,8,0.16063308332841197,0.10190319196763076,0.3791469194312796,0.3791469194312796,0.9958450083422221,138,1608
BERT Base,20,6,9,0.1681528662420382,0.11069915254237288,0.34959576247560636,0.34959576247560636,0.9965078102819578,124,1756
BERT Base,20,6,10,0.025771383990192128,0.013294531816653988,0.41901310287148036,0.41901310287148036,0.9613304292994509,101,1258
BERT Base,20,6,11,0.025599147268163532,0.013206794092864429,0.4151101198773348,0.4151101198773348,0.9614326921510314,91,1304
BERT Base,20,7,2,0.1954332718763296,0.13105087969567286,0.38416504042375244,0.38416504042375244,0.9968326248308763,227,1025
BERT Base,20,7,3,0.19801406102775965,0.1337904015670911,0.38081962642877054,0.38081962642877054,0.9969341943749885,214,1169
BERT Base,20,7,4,0.18696923291103995,0.12459411819278227,0.3744075829383886,0.3744075829383886,0.9967289753643591,200,1230
BERT Base,20,7,5,0.16666666666666666,0.1057526438160954,0.39308614441037076,0.39308614441037076,0.9958668475274749,184,1298
BERT Base,20,7,6,0.18475718805888017,0.12263720208200164,0.3744075829383886,0.3744075829383886,0.9966693509220816,170,1450
BERT Base,20,7,7,0.17785714285714285,0.11956208585422068,0.34708670197936997,0.34708670197936997,0.996821878565117,159,1629
BERT Base,20,7,8,0.16048248133256748,0.10106344498299935,0.3894619459158071,0.3894619459158071,0.9956924806991867,129,1600
BERT Base,20,7,9,0.15895596966668626,0.10071513706793803,0.37691664343462505,0.37691664343462505,0.9958151961210834,120,1696
BERT Base,20,7,10,0.02577920806409045,0.013295630181256146,0.4220797323668804,0.4220797323668804,0.9610506797359747,96,1239
BERT Base,20,7,11,0.025623689503187982,0.013217609352098748,0.4173403958739894,0.4173403958739894,0.9612576320152749,90,1278
BERT Base,20,8,2,0.18982007892448666,0.12486800422386483,0.3955952049066072,0.3955952049066072,0.9965525286136658,204,1052
BERT Base,20,8,3,0.18446728242487317,0.12030202765758886,0.39531642040702536,0.39531642040702536,0.9964055474303772,190,1137
BERT Base,20,8,4,0.1795275590551181,0.11739466231871622,0.3813771954279342,0.3813771954279342,0.9964346663440475,173,1286
BERT Base,20,8,5,0.1592250306201982,0.09947826086956522,0.39866183440200725,0.39866183440200725,0.9955125674111518,161,1333
BERT Base,20,8,6,0.17253902516725073,0.11182689131152956,0.3774742124337887,0.3774742124337887,0.9962720857427212,153,1456
BERT Base,20,8,7,0.16689307199689501,0.10865902964959569,0.359632004460552,0.359632004460552,0.9963317101849987,143,1579
BERT Base,20,8,8,0.1643495531281033,0.10570858283433134,0.36911067744633397,0.36911067744633397,0.9961171315235466,129,1611
BERT Base,20,8,9,0.027256909176021693,0.014074357851722124,0.4301644828547533,0.4301644828547533,0.9625305445271521,101,1180
BERT Base,20,8,10,0.025763058192499255,0.013287315136825096,0.4218009478672986,0.4218009478672986,0.9610517196971772,95,1246
BERT Base,20,8,11,0.025603311156339258,0.01320676482783566,0.4173403958739894,0.4173403958739894,0.961225393217997,89,1275
BERT Base,20,9,2,0.17274100936838924,0.11027936409939805,0.3983830499024254,0.3983830499024254,0.9960034290987384,178,1062
BERT Base,20,9,3,0.17600792716913358,0.11313694267515924,0.39615277390577086,0.39615277390577086,0.9961386240550653,167,1204
BERT Base,20,9,4,0.16999443654571306,0.10921366163621922,0.383328686925007,0.383328686925007,0.9961122783712683,153,1309
BERT Base,20,9,5,0.1509773798802776,0.09319816873773708,0.39726791190409816,0.39726791190409816,0.9951936459757141,136,1384
BERT Base,20,9,6,0.16086379121196373,0.10144188756189922,0.3883468079174798,0.3883468079174798,0.9957226395740596,134,1442
BERT Base,20,9,7,0.1478086809945217,0.09112164707410535,0.391134652913298,0.391134652913298,0.995148927644006,125,1521
BERT Base,20,9,8,0.15939687668282176,0.10147798262989487,0.37134095344298856,0.37134095344298856,0.9959115658591831,119,1607
BERT Base,20,9,9,0.0273289078134229,0.014110664020537844,0.432115974351826,0.432115974351826,0.9624587872041787,99,1169
BERT Base,20,9,10,0.025882753339572875,0.013348779652984387,0.42403122386395314,0.42403122386395314,0.9610284938969876,94,1241
BERT Base,20,9,11,0.025575709914006803,0.013192356193617227,0.41706161137440756,0.41706161137440756,0.9612084071850227,87,1283
BERT Base,20,10,2,0.16435198524750763,0.10358855150370477,0.39754669640367996,0.39754669640367996,0.9957222929203254,160,1104
BERT Base,20,10,3,0.1612286293827876,0.1017705589698566,0.3877892389183161,0.3877892389183161,0.9957441321055782,148,1238
BERT Base,20,10,4,0.16350913125106672,0.10271622587562544,0.40061332589908,0.40061332589908,0.995648455674947,134,1290
BERT Base,20,10,5,0.14422849576772118,0.08684510250569476,0.42514636186228044,0.42514636186228044,0.9944414073725623,122,1284
BERT Base,20,10,6,0.14448225571220225,0.0874992639698522,0.41427376637858937,0.41427376637858937,0.9946279070815465,118,1384
BERT Base,20,10,7,0.029806869348416625,0.01541792983975747,0.44661276833008084,0.44661276833008084,0.9645362830330676,101,1014
BERT Base,20,10,8,0.14639905548996457,0.08971939096514409,0.39754669640367996,0.39754669640367996,0.9949846137740088,112,1531
BERT Base,20,10,9,0.02735428380069443,0.01412359969787145,0.4326735433509897,0.4326735433509897,0.962445267708546,96,1183
BERT Base,20,10,10,0.025853795259005087,0.013333099726680215,0.424310008363535,0.424310008363535,0.96095638992028,88,1262
BERT Base,20,10,11,0.02559327535835711,0.013201145626790043,0.4176191803735712,0.4176191803735712,0.961182754808694,85,1290
BERT Base,20,11,2,0.1551798406202886,0.09616282949616282,0.4017284638974073,0.4017284638974073,0.9953049218243831,144,1109
BERT Base,20,11,3,0.1597116014856893,0.0993139053053461,0.4075829383886256,0.4075829383886256,0.9954037181386219,133,1211
BERT Base,20,11,4,0.1495602567149988,0.09015359926639156,0.43852801784220796,0.43852801784220796,0.9944968719700297,119,1213
BERT Base,20,11,5,0.14079109448423743,0.08416975780056732,0.4301644828547533,0.4301644828547533,0.9941800304569971,113,1281
BERT Base,20,11,6,0.14000844554966452,0.08417014554891121,0.4159464733760803,0.4159464733760803,0.9943724232794622,113,1373
BERT Base,20,11,7,0.029956078038090462,0.015494121263352032,0.4496793978254809,0.4496793978254809,0.9644711121310434,97,1011
BERT Base,20,11,8,0.02643222151475078,0.013614766850271203,0.45135210482297183,0.45135210482297183,0.9593389035966365,94,1017
BERT Base,20,11,9,0.027543765834158827,0.014218996071900513,0.4379704488430443,0.4379704488430443,0.9622442085427266,91,1171
BERT Base,20,11,10,0.025854561749114366,0.013331589502136193,0.42626149986060774,0.42626149986060774,0.960772316787435,85,1246
BERT Base,20,11,11,0.025430898199499244,0.013117528826827462,0.414831335377753,0.414831335377753,0.9611928077669849,83,1310
BERT Base,50,2,2,0.2440581766583895,0.33544612384202827,0.1918037357122944,0.1918037357122944,0.9995275109603244,1134,872
BERT Base,50,2,3,0.243907967811402,0.2055003819709702,0.2999721215500418,0.2999721215500418,0.9985579204658471,540,1069
BERT Base,50,2,4,0.22668696093353627,0.17820676451818762,0.31140228603289655,0.31140228603289655,0.9982143866152834,400,1274
BERT Base,50,2,5,0.21849207085226746,0.16370205669816565,0.3284081405073878,0.3284081405073878,0.9979138378277568,325,1401
BERT Base,50,2,6,0.20438588887925804,0.14830188679245282,0.3286869250069696,0.3286869250069696,0.9976528075659258,271,1516
BERT Base,50,2,7,0.1867813714947473,0.13279228416843095,0.31474770002787844,0.31474770002787844,0.9974441220179546,253,1630
BERT Base,50,2,8,0.18452935694315004,0.13254625121713728,0.3035963200446055,0.3035963200446055,0.9975293988365608,207,1833
BERT Base,50,2,9,0.16917111003393118,0.11909907860311682,0.29188737106216894,0.29188737106216894,0.997315513482577,193,1906
BERT Base,50,2,10,0.1738163330155704,0.12154205088323519,0.3049902425425146,0.3049902425425146,0.9972590089239071,176,1945
BERT Base,50,2,11,0.0225037203731262,0.011630415412176295,0.3456927794814608,0.3456927794814608,0.9634706694542249,138,1482
BERT Base,50,3,2,0.2722059385752517,0.2507042253521127,0.29774184555338723,0.29774184555338723,0.998893481280525,604,926
BERT Base,50,3,3,0.24040317392236757,0.19533019689841435,0.31251742403122384,0.31251742403122384,0.9983991530555967,469,1079
BERT Base,50,3,4,0.23056351480420248,0.17535958157780038,0.33649289099526064,0.33649289099526064,0.9980323934048434,337,1254
BERT Base,50,3,5,0.2096293140178952,0.15095729013254786,0.3429049344856426,0.3429049344856426,0.9976018494670026,268,1368
BERT Base,50,3,6,0.20219594594594595,0.1450381679389313,0.33370504599944245,0.33370504599944245,0.9975540112516869,230,1520
BERT Base,50,3,7,0.19188857025809095,0.1358783940589464,0.326456649010315,0.326456649010315,0.997418469641626,201,1673
BERT Base,50,3,8,0.17291906405830457,0.11928450465707027,0.3141901310287148,0.3141901310287148,0.9971154942779601,170,1764
BERT Base,50,3,9,0.17594926416781853,0.12419651056014692,0.3016448285475328,0.3016448285475328,0.9973550320082726,147,1937
BERT Base,50,3,10,0.025851136474490295,0.013394256138612861,0.3693894619459158,0.3693894619459158,0.9661672888523439,118,1403
BERT Base,50,3,11,0.023953486295069083,0.01237313157409116,0.37385001393922496,0.37385001393922496,0.9628945309480321,108,1372
BERT Base,50,4,2,0.2394691866894541,0.1872641509433962,0.3320323390019515,0.3320323390019515,0.9982081468480682,415,941
BERT Base,50,4,3,0.23151940706065927,0.17804109794510276,0.3309172010036242,0.3309172010036242,0.998100337536741,365,1127
BERT Base,50,4,4,0.2263091139699221,0.16762850624077305,0.3482018399776972,0.3482018399776972,0.9978500535406692,315,1214
BERT Base,50,4,5,0.21024989411266412,0.15100997809686054,0.3459715639810427,0.3459715639810427,0.9975813968966865,256,1380
BERT Base,50,4,6,0.19570980959267292,0.13747178329571105,0.33955952049066074,0.33955952049066074,0.9973508721634625,214,1494
BERT Base,50,4,7,0.19016235331940204,0.13359683794466404,0.3298020630052969,0.3298020630052969,0.9973404725514373,188,1667
BERT Base,50,4,8,0.16869266910284136,0.11514966401954796,0.3153052690270421,0.3153052690270421,0.9969872323963167,157,1773
BERT Base,50,4,9,0.1782782078348581,0.1238861117148446,0.3178143295232785,0.3178143295232785,0.9972052775951106,136,1900
BERT Base,50,4,10,0.026058315439697638,0.013499637593621648,0.37385001393922496,0.37385001393922496,0.9660296673198778,115,1379
BERT Base,50,4,11,0.023937024740280605,0.01236434716062587,0.37385001393922496,0.37385001393922496,0.962867838610501,104,1376
BERT Base,50,5,2,0.20293320580264626,0.14209175131153032,0.354892667967661,0.354892667967661,0.9973356193991589,326,890
BERT Base,50,5,3,0.20729551663184959,0.14561462919065357,0.359632004460552,0.359632004460552,0.997376177886057,289,1054
BERT Base,50,5,4,0.20751083293211361,0.14569014084507043,0.36046835795929744,0.36046835795929744,0.9973716713875128,261,1202
BERT Base,50,5,5,0.20425325462925528,0.1438496583143508,0.35210482297184276,0.35210482297184276,0.9973942038802339,237,1372
BERT Base,50,5,6,0.19638736373040502,0.1374164810690423,0.3440200724839699,0.3440200724839699,0.9973148201751086,205,1491
BERT Base,50,5,7,0.17812269031781228,0.1211907874886855,0.335935321996097,0.335935321996097,0.9969709396708106,174,1621
BERT Base,50,5,8,0.1698180520870496,0.11411584196394323,0.33175355450236965,0.33175355450236965,0.996797612803725,144,1730
BERT Base,50,5,9,0.1762732540408661,0.12131388393325637,0.3222748815165877,0.3222748815165877,0.9970974682837832,133,1885
BERT Base,50,5,10,0.02606830556013859,0.013504273504273504,0.3744075829383886,0.3744075829383886,0.9659908421016506,111,1378
BERT Base,50,5,11,0.023937024740280605,0.01236434716062587,0.37385001393922496,0.37385001393922496,0.962867838610501,104,1376
BERT Base,50,6,2,0.191597118196733,0.12873849693251535,0.3744075829383886,0.3744075829383886,0.9968492642101165,267,892
BERT Base,50,6,3,0.1939799331103679,0.13120881282580898,0.3718985224421522,0.3718985224421522,0.9969380075660644,250,1020
BERT Base,50,6,4,0.1987213238059421,0.13607334157395962,0.3682743239475885,0.3682743239475885,0.9970926151315048,226,1231
BERT Base,50,6,5,0.1943265579629216,0.13256806176351077,0.36381377195427933,0.36381377195427933,0.9970399237639108,213,1345
BERT Base,50,6,6,0.18983512327938284,0.1302542812662169,0.34987454697518816,0.34987454697518816,0.9970950417076441,190,1495
BERT Base,50,6,7,0.16950310983528125,0.11227816008692502,0.3456927794814608,0.3456927794814608,0.996601406790184,162,1570
BERT Base,50,6,8,0.16267563823471204,0.10655029381265123,0.3437412879843881,0.3437412879843881,0.9964159470424023,139,1671
BERT Base,50,6,9,0.17308366645627324,0.1156296851574213,0.3440200724839699,0.3440200724839699,0.9967282820568907,127,1792
BERT Base,50,6,10,0.02603655131241936,0.01348399772607139,0.37691664343462505,0.37691664343462505,0.9657107458844402,108,1345
BERT Base,50,6,11,0.02404206023881661,0.01241795771082452,0.37608028993587955,0.37608028993587955,0.9628096007831601,100,1377
BERT Base,50,7,2,0.18400265516096914,0.1207527443805541,0.38639531642040703,0.38639531642040703,0.9965015705147426,231,927
BERT Base,50,7,3,0.18623094277705612,0.1233695652173913,0.37970448843044324,0.37970448843044324,0.9966450851606896,216,1084
BERT Base,50,7,4,0.18730225690782534,0.12523505077096653,0.37134095344298856,0.37134095344298856,0.9967747336572697,197,1269
BERT Base,50,7,5,0.18422151106163906,0.12274033558913507,0.36911067744633397,0.36911067744633397,0.9967196157135364,181,1384
BERT Base,50,7,6,0.17158759247946787,0.11340391171720797,0.3523836074714246,0.3523836074714246,0.9965743677989186,168,1498
BERT Base,50,7,7,0.15415598681801537,0.09867958434252676,0.35210482297184276,0.35210482297184276,0.9960010025225993,148,1536
BERT Base,50,7,8,0.15704967385850477,0.10131909039410861,0.3490381934764427,0.3490381934764427,0.9961504102820271,134,1653
BERT Base,50,7,9,0.16330831028578954,0.10690576773859815,0.3456927794814608,0.3456927794814608,0.9964090139677189,123,1777
BERT Base,50,7,10,0.0999550488333129,0.05856157824171614,0.34095344298856983,0.34095344298856983,0.993184440932457,113,1683
BERT Base,50,7,11,0.024101536406145624,0.01244847637273664,0.37719542793420685,0.37719542793420685,0.9627919214427174,98,1375
BERT Base,50,8,2,0.18205887915274538,0.1176278918214402,0.4025648173961528,0.4025648173961528,0.9962450467514559,199,1001
BERT Base,50,8,3,0.177084612550657,0.11355224820852036,0.40200724839698915,0.40200724839698915,0.996097718914433,178,1105
BERT Base,50,8,4,0.18439524838012958,0.12164930091726779,0.38081962642877054,0.38081962642877054,0.9965809542198679,174,1316
BERT Base,50,8,5,0.1808041504539559,0.11780613538409533,0.3886255924170616,0.3886255924170616,0.9963812816689852,161,1362
BERT Base,50,8,6,0.17573057266413314,0.11486081370449679,0.37385001393922496,0.37385001393922496,0.9964176803110731,152,1499
BERT Base,50,8,7,0.1530231999038346,0.09754041835874645,0.354892667967661,0.354892667967661,0.9959171123189298,136,1559
BERT Base,50,8,8,0.157025819265144,0.10099800399201597,0.3526623919710064,0.3526623919710064,0.9960966789532305,131,1637
BERT Base,50,8,9,0.10056039850560398,0.05843774028676105,0.36018957345971564,0.36018957345971564,0.9927837092157549,117,1580
BERT Base,50,8,10,0.10042438424622219,0.05854064551928235,0.35294117647058826,0.35294117647058826,0.9929421299722712,109,1634
BERT Base,50,8,11,0.024351471123702277,0.01257636633826848,0.3822135489266797,0.3822135489266797,0.9626851520925926,96,1357
BERT Base,50,9,2,0.16960926193921852,0.10702805376972531,0.4084192918873711,0.4084192918873711,0.9957628514072235,169,1016
BERT Base,50,9,3,0.17213555675094136,0.10955569080949483,0.4014496793978255,0.4014496793978255,0.9959427646952584,160,1136
BERT Base,50,9,4,0.17093602039577516,0.10925739116939552,0.3925285754112071,0.3925285754112071,0.996020761785447,151,1294
BERT Base,50,9,5,0.16342949086311917,0.10293159609120521,0.39643155840535266,0.39643155840535266,0.9957039202724144,140,1336
BERT Base,50,9,6,0.1663459747998262,0.10699457042478441,0.37357122943964316,0.37357122943964316,0.9961230246370275,132,1521
BERT Base,50,9,7,0.15086378926962768,0.09482511467889908,0.36883189294675217,0.36883189294675217,0.99562210999115,125,1525
BERT Base,50,9,8,0.15476826301109725,0.09831121833534379,0.36353498745469753,0.36353498745469753,0.9958540213393106,119,1618
BERT Base,50,9,9,0.09786963195926467,0.05652625205432056,0.364371340953443,0.364371340953443,0.9924377487890519,113,1530
BERT Base,50,9,10,0.10031347962382445,0.058480614416581846,0.3523836074714246,0.3523836074714246,0.9929455965096129,108,1642
BERT Base,50,9,11,0.024318539111280853,0.012559402579769178,0.38165597992751604,0.38165597992751604,0.9626886186299343,94,1373
BERT Base,50,10,2,0.1634181257570752,0.10181818181818182,0.4137161973794257,0.4137161973794257,0.9954619559659628,157,997
BERT Base,50,10,3,0.1649848925374836,0.10369786441163824,0.40340117089489824,0.40340117089489824,0.9956644017467189,151,1149
BERT Base,50,10,4,0.1527792371545655,0.09412830970414968,0.405352662391971,0.405352662391971,0.9951492742977402,134,1208
BERT Base,50,10,5,0.15894114973869575,0.09980737675679532,0.3900195149149707,0.3900195149149707,0.9956259231822259,129,1384
BERT Base,50,10,6,0.16570374923171483,0.10628400220767957,0.37580150543629776,0.37580150543629776,0.9960706799231677,124,1536
BERT Base,50,10,7,0.029442072721919624,0.015258168206046304,0.41817674937273486,0.41817674937273486,0.9664411453023393,106,1058
BERT Base,50,10,8,0.15563147973609803,0.09866308163417731,0.3682743239475885,0.3682743239475885,0.99581658273602,115,1614
BERT Base,50,10,9,0.08533040501259609,0.048255707762557075,0.3682743239475885,0.3682743239475885,0.9909682836098994,107,1494
BERT Base,50,10,10,0.08934397778549115,0.0510248582642826,0.35879565096180654,0.35879565096180654,0.9917024962188744,105,1599
BERT Base,50,10,11,0.024334141511025854,0.0125674237698602,0.38193476442709784,0.38193476442709784,0.9626854987463268,90,1397
BERT Base,50,11,2,0.15613807422787437,0.09593060339328996,0.41929188737106216,0.41929188737106216,0.9950865299718552,148,1004
BERT Base,50,11,3,0.15856146001073537,0.09818520241973011,0.4117647058823529,0.4117647058823529,0.9952972954422313,139,1142
BERT Base,50,11,4,0.15207060420909707,0.09356123891530652,0.40591023139113463,0.40591023139113463,0.9951101024257788,126,1233
BERT Base,50,11,5,0.15416666666666667,0.09535452322738386,0.40228603289657094,0.40228603289657094,0.9952543103791941,118,1356
BERT Base,50,11,6,0.14934019954940458,0.09246097641979409,0.388068023417898,0.388068023417898,0.9952636700300167,113,1457
BERT Base,50,11,7,0.08522761714251076,0.04781174550277145,0.39197100641204347,0.39197100641204347,0.9902933487894678,106,1310
BERT Base,50,11,8,0.029288623662025195,0.015159389309983036,0.43100083635349873,0.43100083635349873,0.9651831389010314,96,1057
BERT Base,50,11,9,0.08493958340082283,0.0480536617550033,0.3654864789517703,0.3654864789517703,0.9909970558698357,103,1534
BERT Base,50,11,10,0.07881745284364923,0.04390259409969481,0.38500139392249794,0.38500139392249794,0.9895743889447964,89,1524
BERT Base,50,11,11,0.02445950817221885,0.012628004938630257,0.3877892389183161,0.3877892389183161,0.9622975932177891,82,1374
