model,threshold,trial,precision,recall,f1,pos_acc,neg_acc,num_initial_seeds,model_name
SentenceTransformer,0.1,1,0.006944591252140456,0.7326456649010316,0.013758766108829326,0.7326456649010316,0.8697289133133407,10,all-mpnet-base-v2
SentenceTransformer,0.1,2,0.005035532022711765,0.7036520769445219,0.009999504778883771,0.7036520769445219,0.8271189296164658,10,all-mpnet-base-v2
SentenceTransformer,0.1,3,0.006968073021770217,0.7267911904098132,0.013803802796765876,0.7267911904098132,0.871208431450784,10,all-mpnet-base-v2
SentenceTransformer,0.1,4,0.006610199181839727,0.7153610259269585,0.013099355497415609,0.7153610259269585,0.8663226937213729,10,all-mpnet-base-v2
SentenceTransformer,0.1,5,0.0062506056788448495,0.719264008921104,0.012393508299567427,0.719264008921104,0.8578095713175927,10,all-mpnet-base-v2
SentenceTransformer,0.1,6,0.005633705532039812,0.7276275439085587,0.011180842632852829,0.7276275439085587,0.8403059843180783,10,all-mpnet-base-v2
SentenceTransformer,0.1,7,0.0064699477032906395,0.7387789238918316,0.012827556495705189,0.7387789238918316,0.8589341160312446,10,all-mpnet-base-v2
SentenceTransformer,0.1,8,0.005157291332481856,0.7125731809311402,0.010240466670406012,0.7125731809311402,0.8290813364056099,10,all-mpnet-base-v2
SentenceTransformer,0.1,9,0.005893735000717914,0.7209367159185949,0.01169188756617943,0.7209367159185949,0.8487948409604665,10,all-mpnet-base-v2
SentenceTransformer,0.1,10,0.004731878555786647,0.719264008921104,0.009401904067781169,0.719264008921104,0.8118855779220396,10,all-mpnet-base-v2
SentenceTransformer,0.15,1,0.007013965548572932,0.7209367159185949,0.013892768883635973,0.7209367159185949,0.873087641343727,10,all-mpnet-base-v2
SentenceTransformer,0.15,2,0.005033547004710347,0.7033732924449401,0.009995562810009033,0.7033732924449401,0.8271189296164658,10,all-mpnet-base-v2
SentenceTransformer,0.15,3,0.006930912726096637,0.7228882074156677,0.013730183104408697,0.7228882074156677,0.871208431450784,10,all-mpnet-base-v2
SentenceTransformer,0.15,4,0.00660315332155887,0.7139671034290493,0.013085286844202824,0.7139671034290493,0.8664398626835228,10,all-mpnet-base-v2
SentenceTransformer,0.15,5,0.0062361600372134495,0.7175913019236131,0.012364864377997843,0.7175913019236131,0.8578095713175927,10,all-mpnet-base-v2
SentenceTransformer,0.15,6,0.005633705532039812,0.7276275439085587,0.011180842632852829,0.7276275439085587,0.8403059843180783,10,all-mpnet-base-v2
SentenceTransformer,0.15,7,0.006467522003979638,0.7385001393922498,0.012822746943161685,0.7385001393922498,0.8589341160312446,10,all-mpnet-base-v2
SentenceTransformer,0.15,8,0.0064343291793240364,0.6749372734875941,0.012747137027774122,0.6749372734875941,0.8704062747099115,10,all-mpnet-base-v2
SentenceTransformer,0.15,9,0.005856355103101953,0.7159185949261221,0.011617675333928995,0.7159185949261221,0.8488832376626803,10,all-mpnet-base-v2
SentenceTransformer,0.15,10,0.004720926137864249,0.7175913019236131,0.009380141722498674,0.7175913019236131,0.8118855779220396,10,all-mpnet-base-v2
SentenceTransformer,0.2,1,0.008568861861654344,0.6568162810147756,0.01691702329321883,0.6568162810147756,0.9055046186410273,10,all-mpnet-base-v2
SentenceTransformer,0.2,2,0.00714292202739079,0.6576526345135211,0.014132349240962844,0.6576526345135211,0.8863329338726803,10,all-mpnet-base-v2
SentenceTransformer,0.2,3,0.007041890661765969,0.6858098689712852,0.01394063894595169,0.6858098689712852,0.879753445998108,10,all-mpnet-base-v2
SentenceTransformer,0.2,4,0.00722119553523796,0.683022023975467,0.014291297474815234,0.683022023975467,0.8832369693727959,10,all-mpnet-base-v2
SentenceTransformer,0.2,5,0.0075684536801213466,0.671870643992194,0.014968293304017838,0.671870643992194,0.8904515268883703,10,all-mpnet-base-v2
SentenceTransformer,0.2,6,0.007994120413190454,0.7156398104265402,0.01581161571675834,0.7156398104265402,0.8895755329021192,10,all-mpnet-base-v2
SentenceTransformer,0.2,7,0.008154703459532522,0.7131307499303039,0.01612501615338307,0.7131307499303039,0.8921470103022023,10,all-mpnet-base-v2
SentenceTransformer,0.2,8,0.007588980097814892,0.686088653470867,0.015011910099337243,0.686088653470867,0.888438162000303,10,all-mpnet-base-v2
SentenceTransformer,0.2,9,0.006253482912610098,0.6913855589629216,0.012394856134704098,0.6913855589629216,0.8633841100168023,10,all-mpnet-base-v2
SentenceTransformer,0.2,10,0.007573733334561838,0.6874825759687762,0.014982411159648344,0.6874825759687762,0.8879847389160068,10,all-mpnet-base-v2
SentenceTransformer,0.25,1,0.011074380165289256,0.6724282129913577,0.021789897329111466,0.6724282129913577,0.9253349455042997,10,all-mpnet-base-v2
SentenceTransformer,0.25,2,0.00801418085584461,0.6264287705603568,0.01582589403623686,0.6264287705603568,0.9035848502611863,10,all-mpnet-base-v2
SentenceTransformer,0.25,3,0.00977463689216673,0.6632283245051576,0.01926534182012536,0.6632283245051576,0.9164543701422979,10,all-mpnet-base-v2
SentenceTransformer,0.25,4,0.0095098286947349,0.660998048508503,0.01874990114982523,0.660998048508503,0.9143938603463834,10,all-mpnet-base-v2
SentenceTransformer,0.25,5,0.009519635271805249,0.6478951770281572,0.01876357412176946,0.6478951770281572,0.9161780871161633,10,all-mpnet-base-v2
SentenceTransformer,0.25,6,0.009308637569047016,0.6253136325620295,0.018344197001791074,0.6253136325620295,0.9172482071935503,10,all-mpnet-base-v2
SentenceTransformer,0.25,7,0.009100241378353633,0.6400892110398662,0.017945351091102357,0.6400892110398662,0.9133348331884898,10,all-mpnet-base-v2
SentenceTransformer,0.25,8,0.011685012701100762,0.6347923055478115,0.022947614536512607,0.6347923055478115,0.9332386506434066,10,all-mpnet-base-v2
SentenceTransformer,0.25,9,0.008960735890522691,0.6615556175076666,0.01768197042573088,0.6615556175076666,0.9090210741204615,10,all-mpnet-base-v2
SentenceTransformer,0.25,10,0.007930824651114316,0.6576526345135211,0.01567264827228818,0.6576526345135211,0.8977066428908426,10,all-mpnet-base-v2
SentenceTransformer,0.3,1,0.01390617548185974,0.6665737385001393,0.02724398233869819,0.6665737385001393,0.9412258993324489,10,all-mpnet-base-v2
SentenceTransformer,0.3,2,0.013294753851628448,0.6353498745469752,0.026044523678917537,0.6353498745469752,0.9413662940947883,10,all-mpnet-base-v2
SentenceTransformer,0.3,3,0.011364760907722517,0.6083077780875383,0.022312663612565446,0.6083077780875383,0.9341999214482638,10,all-mpnet-base-v2
SentenceTransformer,0.3,4,0.013412296478606589,0.6320044605519933,0.026267155627393388,0.6320044605519933,0.942193063250787,10,all-mpnet-base-v2
SentenceTransformer,0.3,5,0.013888973905378688,0.6325620295511569,0.027181139715131114,0.6325620295511569,0.9441547767324627,10,all-mpnet-base-v2
SentenceTransformer,0.3,6,0.012539018819127569,0.6596041260105938,0.024610199814851415,0.6596041260105938,0.9354097429805218,10,all-mpnet-base-v2
SentenceTransformer,0.3,7,0.012351582665398724,0.6336771675494842,0.02423085943329851,0.6336771675494842,0.9369949905068875,10,all-mpnet-base-v2
SentenceTransformer,0.3,8,0.013973976001215128,0.6155561750766657,0.027327578204771188,0.6155561750766657,0.9459913482161025,10,all-mpnet-base-v2
SentenceTransformer,0.3,9,0.01279093069193553,0.6228045720657931,0.025067043682184896,0.6228045720657931,0.9402296165004405,10,all-mpnet-base-v2
SentenceTransformer,0.3,10,0.010766778474266324,0.6138834680791748,0.021162393983806253,0.6138834680791748,0.9298664031173877,10,all-mpnet-base-v2
SentenceTransformer,0.35,1,0.02047444615654324,0.6186228045720658,0.03963703267063216,0.6186228045720658,0.9631992395803687,10,all-mpnet-base-v2
SentenceTransformer,0.35,2,0.01747849219807402,0.6264287705603568,0.0340080971659919,0.6264287705603568,0.9562138201830817,10,all-mpnet-base-v2
SentenceTransformer,0.35,3,0.021054207846660677,0.5879565096180652,0.040652678855402524,0.5879565096180652,0.9660067881734226,10,all-mpnet-base-v2
SentenceTransformer,0.35,4,0.017113385949831993,0.6105380540841929,0.03329355336470123,0.6105380540841929,0.9563978933159267,10,all-mpnet-base-v2
SentenceTransformer,0.35,5,0.021020416381427938,0.582102035126847,0.04057559828603076,0.582102035126847,0.9662900042742405,10,all-mpnet-base-v2
SentenceTransformer,0.35,6,0.02033243580107133,0.5957624756063563,0.039322844787928975,0.5957624756063563,0.964306451607312,10,all-mpnet-base-v2
SentenceTransformer,0.35,7,0.020269458032420036,0.6110956230833565,0.0392374474178824,0.6110956230833565,0.9632716902108105,10,all-mpnet-base-v2
SentenceTransformer,0.35,8,0.02008024668425159,0.6027320880959018,0.03886566895869849,0.6027320880959018,0.9634259511225168,10,all-mpnet-base-v2
SentenceTransformer,0.35,9,0.017252520534080735,0.6177864510733203,0.03356761997091614,0.6177864510733203,0.9562422457892837,10,all-mpnet-base-v2
SentenceTransformer,0.35,10,0.01618176118467211,0.6044047950933928,0.031519645258605025,0.6044047950933928,0.9543075712988734,10,all-mpnet-base-v2
SentenceTransformer,0.4,1,0.03694899137404062,0.6066350710900474,0.06965540421581651,0.6066350710900474,0.9803391868127374,10,all-mpnet-base-v2
SentenceTransformer,0.4,2,0.03719341275402943,0.5918594926122107,0.06998862643611849,0.5918594926122107,0.9809489507311447,10,all-mpnet-base-v2
SentenceTransformer,0.4,3,0.03537818932112123,0.5879565096180652,0.06674050632911392,0.5879565096180652,0.9800660236702102,10,all-mpnet-base-v2
SentenceTransformer,0.4,4,0.03620581927487039,0.5977139671034291,0.06827590599324884,0.5977139671034291,0.9802154314296382,10,all-mpnet-base-v2
SentenceTransformer,0.4,5,0.036275395433692896,0.570950655143574,0.06821664112983812,0.570950655143574,0.9811389169774706,10,all-mpnet-base-v2
SentenceTransformer,0.4,6,0.03831465486472982,0.5985503206021745,0.07201918722640592,0.5985503206021745,0.9813191769192398,10,all-mpnet-base-v2
SentenceTransformer,0.4,7,0.034475441145263706,0.5887928631168107,0.06513693560325684,0.5887928631168107,0.9794957782774983,10,all-mpnet-base-v2
SentenceTransformer,0.4,8,0.03264049968921029,0.6002230275996655,0.06191407373324898,0.6002230275996655,0.977880718529994,10,all-mpnet-base-v2
SentenceTransformer,0.4,9,0.034778341239980366,0.5926958461109563,0.06570143857100916,0.5926958461109563,0.9795460430689532,10,all-mpnet-base-v2
SentenceTransformer,0.4,10,0.033883927882909975,0.6124895455812657,0.06421535673574372,0.6124895455812657,0.9782849167840378,10,all-mpnet-base-v2
SentenceTransformer,0.45,1,0.06318201000783746,0.5843323111235015,0.11403389461657736,0.5843323111235015,0.9892266952494225,10,all-mpnet-base-v2
SentenceTransformer,0.45,2,0.050505050505050504,0.5812656816281014,0.09293514597726767,0.5812656816281014,0.9864118669279511,10,all-mpnet-base-v2
SentenceTransformer,0.45,3,0.057688602647730715,0.5843323111235015,0.10501002004008016,0.5843323111235015,0.9881316161031752,10,all-mpnet-base-v2
SentenceTransformer,0.45,4,0.05792374311101114,0.5742960691385559,0.10523358279482005,0.5742960691385559,0.9883857132903229,10,all-mpnet-base-v2
SentenceTransformer,0.45,5,0.05949482207293103,0.5653749651519375,0.10766045548654245,0.5653749651519375,0.9888866279362004,10,all-mpnet-base-v2
SentenceTransformer,0.45,6,0.055662738554593805,0.5952049066071926,0.1018048303650192,0.5952049066071926,0.9874438550945793,10,all-mpnet-base-v2
SentenceTransformer,0.45,7,0.0584243721139768,0.5784778366322832,0.10612996445285527,0.5784778366322832,0.9884075524755757,10,all-mpnet-base-v2
SentenceTransformer,0.45,8,0.05967025089605735,0.5801505436297741,0.10821070147158234,0.5801505436297741,0.9886318374415846,10,all-mpnet-base-v2
SentenceTransformer,0.45,9,0.053442906121594386,0.5692779481460831,0.09771269977988324,0.5692779481460831,0.9874625743962245,10,all-mpnet-base-v2
SentenceTransformer,0.45,10,0.05159064966003275,0.5795929746306105,0.09474763586646918,0.5795929746306105,0.9867512409337049,10,all-mpnet-base-v2
SentenceTransformer,0.5,1,0.08765359367109914,0.5807081126289378,0.15231618587985815,0.5807081126289378,0.9924842003894309,10,all-mpnet-base-v2
SentenceTransformer,0.5,2,0.08668730650154799,0.5776414831335378,0.15075120957473898,0.5776414831335378,0.9924325489830392,10,all-mpnet-base-v2
SentenceTransformer,0.5,3,0.08612022765983963,0.5779202676331195,0.14990237905850026,0.5779202676331195,0.9923743111556985,10,all-mpnet-base-v2
SentenceTransformer,0.5,4,0.08612870100975527,0.5611931976582102,0.1493378834526503,0.5611931976582102,0.992595822891834,10,all-mpnet-base-v2
SentenceTransformer,0.5,5,0.0886086662153013,0.5837747421243379,0.15386311032734487,0.5837747421243379,0.9925337718734173,10,all-mpnet-base-v2
SentenceTransformer,0.5,6,0.08744526776692489,0.5790354056314468,0.15194410914810344,0.5790354056314468,0.9924862803118358,10,all-mpnet-base-v2
SentenceTransformer,0.5,7,0.0851370274054811,0.5932534151101199,0.1489049051850815,0.5932534151101199,0.9920730690607036,10,all-mpnet-base-v2
SentenceTransformer,0.5,8,0.08494653575545574,0.5957624756063563,0.14869190091845255,0.5957624756063563,0.9920200310393753,10,all-mpnet-base-v2
SentenceTransformer,0.5,9,0.08872434398545076,0.5712294396431559,0.15359244406131703,0.5712294396431559,0.9927046721643638,10,all-mpnet-base-v2
SentenceTransformer,0.5,10,0.08651722163135073,0.5896292166155562,0.1508935896978561,0.5896292166155562,0.9922588754622195,10,all-mpnet-base-v2
SentenceTransformer,0.55,1,0.1279615004935834,0.5781990521327014,0.20954786562263197,0.5781990521327014,0.995100396121222,10,all-mpnet-base-v2
SentenceTransformer,0.55,2,0.12901628180523741,0.5809868971285197,0.21114488348530902,0.5809868971285197,0.9951229286139431,10,all-mpnet-base-v2
SentenceTransformer,0.55,3,0.13030341180914012,0.5770839141343741,0.2126020643968572,0.5770839141343741,0.9952106320086885,10,all-mpnet-base-v2
SentenceTransformer,0.55,4,0.1286993285252425,0.5770839141343741,0.21046210157084033,0.5770839141343741,0.9951419945693226,10,all-mpnet-base-v2
SentenceTransformer,0.55,5,0.14429599177800617,0.5871201561193198,0.23165768342316576,0.5871201561193198,0.9956706415139339,10,all-mpnet-base-v2
SentenceTransformer,0.55,6,0.12989964021965536,0.5737385001393922,0.21183736489963972,0.5737385001393922,0.9952213782744478,10,all-mpnet-base-v2
SentenceTransformer,0.55,7,0.12805817464719296,0.5793141901310287,0.2097506813364288,0.5793141901310287,0.9950951963152095,10,all-mpnet-base-v2
SentenceTransformer,0.55,8,0.12638796189551604,0.5807081126289378,0.20759417978871836,0.5807081126289378,0.9950088795354008,10,all-mpnet-base-v2
SentenceTransformer,0.55,9,0.12806995782684197,0.5756899916364651,0.20952767490233878,0.5756899916364651,0.9951263951512849,10,all-mpnet-base-v2
SentenceTransformer,0.55,10,0.12917054986020504,0.5795929746306105,0.2112590183924398,0.5795929746306105,0.9951413012618543,10,all-mpnet-base-v2
SentenceTransformer,0.6,1,0.22155202412713143,0.5324783942012824,0.31290956749672344,0.5324783942012824,0.9976736067899761,10,all-mpnet-base-v2
SentenceTransformer,0.6,2,0.2224773275169326,0.5402843601895735,0.31517319889412915,0.5402843601895735,0.9976521142584573,10,all-mpnet-base-v2
SentenceTransformer,0.6,3,0.22487759384471906,0.537775299693337,0.3171393341553638,0.537775299693337,0.9976950993214947,10,all-mpnet-base-v2
SentenceTransformer,0.6,4,0.22115045288789553,0.5241148592138277,0.3110522832561218,0.5241148592138277,0.9977048056260515,10,all-mpnet-base-v2
SentenceTransformer,0.6,5,0.22675974403723095,0.5433509896849735,0.3199802988015104,0.5433509896849735,0.9976961392826972,10,all-mpnet-base-v2
SentenceTransformer,0.6,6,0.2146980461811723,0.5391692221912462,0.30710599444223896,0.5391692221912462,0.9975477714844718,10,all-mpnet-base-v2
SentenceTransformer,0.6,7,0.22544153295625072,0.5444661276833008,0.31885714285714284,0.5444661276833008,0.9976739534437102,10,all-mpnet-base-v2
SentenceTransformer,0.6,8,0.22069839806384695,0.5338723166991916,0.31229615133724725,0.5338723166991916,0.9976559274495332,10,all-mpnet-base-v2
SentenceTransformer,0.6,9,0.2223756906077348,0.5386116531920825,0.31478615071283095,0.5386116531920825,0.9976580073719383,10,all-mpnet-base-v2
SentenceTransformer,0.6,10,0.21618261950502882,0.5333147477000278,0.3076551945963332,0.5333147477000278,0.9975956096997874,10,all-mpnet-base-v2
SentenceTransformer,0.65,1,0.35712845331720106,0.493727348759409,0.4144629066229815,0.493727348759409,0.9988948678954617,10,all-mpnet-base-v2
SentenceTransformer,0.65,2,0.35320266720549603,0.48731530526902705,0.4095595126522962,0.48731530526902705,0.9988903613969174,10,all-mpnet-base-v2
SentenceTransformer,0.65,3,0.3628518594616807,0.49233342626149984,0.4177903950792524,0.49233342626149984,0.9989250267703346,10,all-mpnet-base-v2
SentenceTransformer,0.65,4,0.359036632260676,0.49456370225815444,0.4160412757973734,0.49456370225815444,0.9989021476238793,10,all-mpnet-base-v2
SentenceTransformer,0.65,5,0.35757211538461536,0.4976303317535545,0.41613241636554377,0.4976303317535545,0.9988882814745125,10,all-mpnet-base-v2
SentenceTransformer,0.65,6,0.359463850528026,0.49344856425982714,0.41593232287627774,0.49344856425982714,0.9989066541224235,10,all-mpnet-base-v2
SentenceTransformer,0.65,7,0.36199919061108865,0.4987454697518818,0.4195099073748388,0.4987454697518818,0.9989070007761577,10,all-mpnet-base-v2
SentenceTransformer,0.65,8,0.37463188893563315,0.49651519375522724,0.4270471166526795,0.49651519375522724,0.9989693984483086,10,all-mpnet-base-v2
SentenceTransformer,0.65,9,0.3567263221395536,0.49456370225815444,0.4144859813084112,0.49456370225815444,0.9988910547043859,10,all-mpnet-base-v2
SentenceTransformer,0.65,10,0.358601172427734,0.49456370225815444,0.41574876962737284,0.49456370225815444,0.9989000677014743,10,all-mpnet-base-v2
SentenceTransformer,0.7,1,0.5655021834061136,0.4332311123501533,0.49060773480662984,0.4332311123501533,0.9995860954413994,10,all-mpnet-base-v2
SentenceTransformer,0.7,2,0.558675305975522,0.4326735433509897,0.4876669285153181,0.4326735433509897,0.9995750025219059,10,all-mpnet-base-v2
SentenceTransformer,0.7,3,0.5620253164556962,0.4332311123501533,0.4892947103274559,0.4332311123501533,0.9995802023279184,10,all-mpnet-base-v2
SentenceTransformer,0.7,4,0.5598553345388788,0.4315584053526624,0.48740554156171284,0.4315584053526624,0.9995781224055135,10,all-mpnet-base-v2
SentenceTransformer,0.7,5,0.5616438356164384,0.4343462503484806,0.48986008489231253,0.4343462503484806,0.9995784690592476,10,all-mpnet-base-v2
SentenceTransformer,0.7,6,0.5581395348837209,0.42821299135768054,0.4846190250828206,0.42821299135768054,0.9995784690592476,10,all-mpnet-base-v2
SentenceTransformer,0.7,7,0.5613908004346251,0.432115974351826,0.48834278512917456,0.432115974351826,0.9995802023279184,10,all-mpnet-base-v2
SentenceTransformer,0.7,8,0.5631808278867102,0.4323947588514079,0.4891972874940861,0.4323947588514079,0.9995829755577919,10,all-mpnet-base-v2
SentenceTransformer,0.7,9,0.5578795528308691,0.4312796208530806,0.48647798742138365,0.4312796208530806,0.9995750025219059,10,all-mpnet-base-v2
SentenceTransformer,0.7,10,0.5602169981916817,0.43183718985224423,0.48772040302267,0.43183718985224423,0.9995784690592476,10,all-mpnet-base-v2
SentenceTransformer,0.75,1,0.7060439560439561,0.3582380819626429,0.4753097836138339,0.3582380819626429,0.9998145402522183,10,all-mpnet-base-v2
SentenceTransformer,0.75,2,0.7067254685777288,0.3574017284638974,0.47472690242547677,0.3574017284638974,0.9998155802134209,10,all-mpnet-base-v2
SentenceTransformer,0.75,3,0.706953642384106,0.3571229439643156,0.4745323208001482,0.3571229439643156,0.999815926867155,10,all-mpnet-base-v2
SentenceTransformer,0.75,4,0.706953642384106,0.3571229439643156,0.4745323208001482,0.3571229439643156,0.999815926867155,10,all-mpnet-base-v2
SentenceTransformer,0.75,5,0.706953642384106,0.3571229439643156,0.4745323208001482,0.3571229439643156,0.999815926867155,10,all-mpnet-base-v2
SentenceTransformer,0.75,6,0.706953642384106,0.3571229439643156,0.4745323208001482,0.3571229439643156,0.999815926867155,10,all-mpnet-base-v2
SentenceTransformer,0.75,7,0.7083563918096292,0.35684415946473375,0.4746014089729329,0.35684415946473375,0.9998173134820917,10,all-mpnet-base-v2
SentenceTransformer,0.75,8,0.7079646017699115,0.35684415946473375,0.47451343836886006,0.35684415946473375,0.9998169668283575,10,all-mpnet-base-v2
SentenceTransformer,0.75,9,0.706953642384106,0.3571229439643156,0.4745323208001482,0.3571229439643156,0.999815926867155,10,all-mpnet-base-v2
SentenceTransformer,0.75,10,0.706953642384106,0.3571229439643156,0.4745323208001482,0.3571229439643156,0.999815926867155,10,all-mpnet-base-v2
SentenceTransformer,0.8,1,0.8516873889875666,0.2673543350989685,0.4069594737958837,0.2673543350989685,0.9999421088263933,10,all-mpnet-base-v2
SentenceTransformer,0.8,2,0.8481349911190054,0.2662391971006412,0.40526204116274134,0.2662391971006412,0.9999407222114567,10,all-mpnet-base-v2
SentenceTransformer,0.8,3,0.8506666666666667,0.26679676609980485,0.4061969439728353,0.26679676609980485,0.9999417621726592,10,all-mpnet-base-v2
SentenceTransformer,0.8,4,0.8506666666666667,0.26679676609980485,0.4061969439728353,0.26679676609980485,0.9999417621726592,10,all-mpnet-base-v2
SentenceTransformer,0.8,5,0.8506666666666667,0.26679676609980485,0.4061969439728353,0.26679676609980485,0.9999417621726592,10,all-mpnet-base-v2
SentenceTransformer,0.8,6,0.8506666666666667,0.26679676609980485,0.4061969439728353,0.26679676609980485,0.9999417621726592,10,all-mpnet-base-v2
SentenceTransformer,0.8,7,0.8506666666666667,0.26679676609980485,0.4061969439728353,0.26679676609980485,0.9999417621726592,10,all-mpnet-base-v2
SentenceTransformer,0.8,8,0.8506666666666667,0.26679676609980485,0.4061969439728353,0.26679676609980485,0.9999417621726592,10,all-mpnet-base-v2
SentenceTransformer,0.8,9,0.8506666666666667,0.26679676609980485,0.4061969439728353,0.26679676609980485,0.9999417621726592,10,all-mpnet-base-v2
SentenceTransformer,0.8,10,0.8506666666666667,0.26679676609980485,0.4061969439728353,0.26679676609980485,0.9999417621726592,10,all-mpnet-base-v2
SentenceTransformer,0.85,1,0.9179331306990881,0.16838583774742125,0.2845700824499411,0.16838583774742125,0.9999812806983548,10,all-mpnet-base-v2
SentenceTransformer,0.85,2,0.9179331306990881,0.16838583774742125,0.2845700824499411,0.16838583774742125,0.9999812806983548,10,all-mpnet-base-v2
SentenceTransformer,0.85,3,0.9179331306990881,0.16838583774742125,0.2845700824499411,0.16838583774742125,0.9999812806983548,10,all-mpnet-base-v2
SentenceTransformer,0.85,4,0.9179331306990881,0.16838583774742125,0.2845700824499411,0.16838583774742125,0.9999812806983548,10,all-mpnet-base-v2
SentenceTransformer,0.85,5,0.9179331306990881,0.16838583774742125,0.2845700824499411,0.16838583774742125,0.9999812806983548,10,all-mpnet-base-v2
SentenceTransformer,0.85,6,0.9179331306990881,0.16838583774742125,0.2845700824499411,0.16838583774742125,0.9999812806983548,10,all-mpnet-base-v2
SentenceTransformer,0.85,7,0.9179331306990881,0.16838583774742125,0.2845700824499411,0.16838583774742125,0.9999812806983548,10,all-mpnet-base-v2
SentenceTransformer,0.85,8,0.9179331306990881,0.16838583774742125,0.2845700824499411,0.16838583774742125,0.9999812806983548,10,all-mpnet-base-v2
SentenceTransformer,0.85,9,0.9179331306990881,0.16838583774742125,0.2845700824499411,0.16838583774742125,0.9999812806983548,10,all-mpnet-base-v2
SentenceTransformer,0.85,10,0.9179331306990881,0.16838583774742125,0.2845700824499411,0.16838583774742125,0.9999812806983548,10,all-mpnet-base-v2
SentenceTransformer,0.9,1,0.9636363636363636,0.07387789238918316,0.13723459347488348,0.07387789238918316,0.9999965334626583,10,all-mpnet-base-v2
SentenceTransformer,0.9,2,0.9636363636363636,0.07387789238918316,0.13723459347488348,0.07387789238918316,0.9999965334626583,10,all-mpnet-base-v2
SentenceTransformer,0.9,3,0.9636363636363636,0.07387789238918316,0.13723459347488348,0.07387789238918316,0.9999965334626583,10,all-mpnet-base-v2
SentenceTransformer,0.9,4,0.9636363636363636,0.07387789238918316,0.13723459347488348,0.07387789238918316,0.9999965334626583,10,all-mpnet-base-v2
SentenceTransformer,0.9,5,0.9636363636363636,0.07387789238918316,0.13723459347488348,0.07387789238918316,0.9999965334626583,10,all-mpnet-base-v2
SentenceTransformer,0.9,6,0.9636363636363636,0.07387789238918316,0.13723459347488348,0.07387789238918316,0.9999965334626583,10,all-mpnet-base-v2
SentenceTransformer,0.9,7,0.9636363636363636,0.07387789238918316,0.13723459347488348,0.07387789238918316,0.9999965334626583,10,all-mpnet-base-v2
SentenceTransformer,0.9,8,0.9636363636363636,0.07387789238918316,0.13723459347488348,0.07387789238918316,0.9999965334626583,10,all-mpnet-base-v2
SentenceTransformer,0.9,9,0.9636363636363636,0.07387789238918316,0.13723459347488348,0.07387789238918316,0.9999965334626583,10,all-mpnet-base-v2
SentenceTransformer,0.9,10,0.9636363636363636,0.07387789238918316,0.13723459347488348,0.07387789238918316,0.9999965334626583,10,all-mpnet-base-v2
SentenceTransformer,0.95,1,0.9565217391304348,0.018399776972400333,0.036105032822757115,0.018399776972400333,0.9999989600387975,10,all-mpnet-base-v2
SentenceTransformer,0.95,2,0.9565217391304348,0.018399776972400333,0.036105032822757115,0.018399776972400333,0.9999989600387975,10,all-mpnet-base-v2
SentenceTransformer,0.95,3,0.9565217391304348,0.018399776972400333,0.036105032822757115,0.018399776972400333,0.9999989600387975,10,all-mpnet-base-v2
SentenceTransformer,0.95,4,0.9565217391304348,0.018399776972400333,0.036105032822757115,0.018399776972400333,0.9999989600387975,10,all-mpnet-base-v2
SentenceTransformer,0.95,5,0.9565217391304348,0.018399776972400333,0.036105032822757115,0.018399776972400333,0.9999989600387975,10,all-mpnet-base-v2
SentenceTransformer,0.95,6,0.9565217391304348,0.018399776972400333,0.036105032822757115,0.018399776972400333,0.9999989600387975,10,all-mpnet-base-v2
SentenceTransformer,0.95,7,0.9565217391304348,0.018399776972400333,0.036105032822757115,0.018399776972400333,0.9999989600387975,10,all-mpnet-base-v2
SentenceTransformer,0.95,8,0.9565217391304348,0.018399776972400333,0.036105032822757115,0.018399776972400333,0.9999989600387975,10,all-mpnet-base-v2
SentenceTransformer,0.95,9,0.9565217391304348,0.018399776972400333,0.036105032822757115,0.018399776972400333,0.9999989600387975,10,all-mpnet-base-v2
SentenceTransformer,0.95,10,0.9565217391304348,0.018399776972400333,0.036105032822757115,0.018399776972400333,0.9999989600387975,10,all-mpnet-base-v2
SentenceTransformer,0.1,1,0.014421782032761196,0.6568162810147756,0.028223850111709425,0.6568162810147756,0.9441859755685381,25,all-mpnet-base-v2
SentenceTransformer,0.1,2,0.013615639248016988,0.6685252299972122,0.026687737885903798,0.6685252299972122,0.9397782733385494,25,all-mpnet-base-v2
SentenceTransformer,0.1,3,0.013855659566560591,0.6651798160022303,0.027145872086739367,0.6651798160022303,0.9411319561704885,25,all-mpnet-base-v2
SentenceTransformer,0.1,4,0.013269141706247913,0.6869250069696125,0.026035365409100755,0.6869250069696125,0.9364826362877823,25,all-mpnet-base-v2
SentenceTransformer,0.1,5,0.014096776282100331,0.6676888764984666,0.027610615388162597,0.6676888764984666,0.9419348062188293,25,all-mpnet-base-v2
SentenceTransformer,0.1,6,0.013132452026515461,0.6721494284917758,0.025761574544016924,0.6721494284917758,0.9371932764428335,25,all-mpnet-base-v2
SentenceTransformer,0.1,7,0.012833886342703051,0.6448285475327572,0.025166881558975698,0.6448285475327572,0.9383257941923713,25,all-mpnet-base-v2
SentenceTransformer,0.1,8,0.012326697100346605,0.6504042375243937,0.024194844724683823,0.6504042375243937,0.935199670817614,25,all-mpnet-base-v2
SentenceTransformer,0.1,9,0.012561647957648426,0.6866462224700307,0.024671942301913254,0.6866462224700307,0.9328843705270835,25,all-mpnet-base-v2
SentenceTransformer,0.1,10,0.012469289363583096,0.6763311959855032,0.024487118019632086,0.6763311959855032,0.9333967247461888,25,all-mpnet-base-v2
SentenceTransformer,0.15,1,0.014421782032761196,0.6568162810147756,0.028223850111709425,0.6568162810147756,0.9441859755685381,25,all-mpnet-base-v2
SentenceTransformer,0.15,2,0.013615639248016988,0.6685252299972122,0.026687737885903798,0.6685252299972122,0.9397782733385494,25,all-mpnet-base-v2
SentenceTransformer,0.15,3,0.013855659566560591,0.6651798160022303,0.027145872086739367,0.6651798160022303,0.9411319561704885,25,all-mpnet-base-v2
SentenceTransformer,0.15,4,0.013269141706247913,0.6869250069696125,0.026035365409100755,0.6869250069696125,0.9364826362877823,25,all-mpnet-base-v2
SentenceTransformer,0.15,5,0.014096776282100331,0.6676888764984666,0.027610615388162597,0.6676888764984666,0.9419348062188293,25,all-mpnet-base-v2
SentenceTransformer,0.15,6,0.013132452026515461,0.6721494284917758,0.025761574544016924,0.6721494284917758,0.9371932764428335,25,all-mpnet-base-v2
SentenceTransformer,0.15,7,0.012833886342703051,0.6448285475327572,0.025166881558975698,0.6448285475327572,0.9383257941923713,25,all-mpnet-base-v2
SentenceTransformer,0.15,8,0.012311041366155732,0.6495678840256481,0.02416410852070024,0.6495678840256481,0.935199670817614,25,all-mpnet-base-v2
SentenceTransformer,0.15,9,0.01253646694004121,0.6852522999721216,0.024622473767248503,0.6852522999721216,0.9328843705270835,25,all-mpnet-base-v2
SentenceTransformer,0.15,10,0.012469289363583096,0.6763311959855032,0.024487118019632086,0.6763311959855032,0.9333967247461888,25,all-mpnet-base-v2
SentenceTransformer,0.2,1,0.014859986462433252,0.660998048508503,0.0290665244601362,0.660998048508503,0.9455112327942752,25,all-mpnet-base-v2
SentenceTransformer,0.2,2,0.013615269120524137,0.6674100919988849,0.02668613691972422,0.6674100919988849,0.9398770696527882,25,all-mpnet-base-v2
SentenceTransformer,0.2,3,0.013815571699855398,0.6632283245051576,0.02706730988030765,0.6632283245051576,0.9411319561704885,25,all-mpnet-base-v2
SentenceTransformer,0.2,4,0.013650893900864816,0.6869250069696125,0.02676980574507844,0.6869250069696125,0.938282809129334,25,all-mpnet-base-v2
SentenceTransformer,0.2,5,0.012249338858463653,0.6559799275160301,0.024049591422687155,0.6559799275160301,0.9342262671320608,25,all-mpnet-base-v2
SentenceTransformer,0.2,6,0.012943038823750369,0.6724282129913577,0.025397226521780333,0.6724282129913577,0.936235472175318,25,all-mpnet-base-v2
SentenceTransformer,0.2,7,0.013936610124537355,0.6445497630331753,0.027283294292575568,0.6445497630331753,0.943293688856781,25,all-mpnet-base-v2
SentenceTransformer,0.2,8,0.01426816479400749,0.6637858935043212,0.027935844939048,0.6637858935043212,0.9429775406512168,25,all-mpnet-base-v2
SentenceTransformer,0.2,9,0.012503258719310531,0.6819068859771397,0.024556260541321984,0.6819068859771397,0.9330323916715747,25,all-mpnet-base-v2
SentenceTransformer,0.2,10,0.013077940654542326,0.6780039029829942,0.025660910899028746,0.6780039029829942,0.9363786401675308,25,all-mpnet-base-v2
SentenceTransformer,0.25,1,0.015925565003804515,0.6651798160022303,0.031106388803785957,0.6651798160022303,0.9488907600487118,25,all-mpnet-base-v2
SentenceTransformer,0.25,2,0.014457189244793119,0.6504042375243937,0.02828564500484966,0.6504042375243937,0.9448681901173873,25,all-mpnet-base-v2
SentenceTransformer,0.25,3,0.01581881012675416,0.6495678840256481,0.030885471898197243,0.6495678840256481,0.9497480347333176,25,all-mpnet-base-v2
SentenceTransformer,0.25,4,0.015090623058313393,0.6364650125453025,0.029482220916492868,0.6364650125453025,0.9483475536472653,25,all-mpnet-base-v2
SentenceTransformer,0.25,5,0.013219588814733068,0.6311681070532479,0.025896778916544655,0.6311681070532479,0.9414165588862432,25,all-mpnet-base-v2
SentenceTransformer,0.25,6,0.0136458058370537,0.6629495400055757,0.026741185136039312,0.6629495400055757,0.9404143829407537,25,all-mpnet-base-v2
SentenceTransformer,0.25,7,0.015193487201882402,0.64984666852523,0.029692754509324366,0.64984666852523,0.9476240873040497,25,all-mpnet-base-v2
SentenceTransformer,0.25,8,0.01547744307184703,0.6643434625034849,0.030250138048783584,0.6643434625034849,0.9474531870131032,25,all-mpnet-base-v2
SentenceTransformer,0.25,9,0.012666854163511671,0.65291329802063,0.024851574976522583,0.65291329802063,0.9367183608270188,25,all-mpnet-base-v2
SentenceTransformer,0.25,10,0.013895470053070508,0.6540284360189573,0.02721277817409914,0.6540284360189573,0.9422870064127474,25,all-mpnet-base-v2
SentenceTransformer,0.3,1,0.019160847738284022,0.6097017005854475,0.03715406961928546,0.6097017005854475,0.9611914211520483,25,all-mpnet-base-v2
SentenceTransformer,0.3,2,0.018831163401316176,0.627822693058266,0.036565564720400075,0.627822693058266,0.9593246907935354,25,all-mpnet-base-v2
SentenceTransformer,0.3,3,0.01727870334393263,0.6074714245887929,0.03360165309647175,0.6074714245887929,0.9570392027241437,25,all-mpnet-base-v2
SentenceTransformer,0.3,4,0.017358911136726236,0.6339559520490661,0.0337925192813517,0.6339559520490661,0.9553769980687921,25,all-mpnet-base-v2
SentenceTransformer,0.3,5,0.019806905700703835,0.59938667410092,0.03834663575154947,0.59938667410092,0.9631167359916359,25,all-mpnet-base-v2
SentenceTransformer,0.3,6,0.017537924916933532,0.6504042375243937,0.03415487545109177,0.6504042375243937,0.9546947835199429,25,all-mpnet-base-v2
SentenceTransformer,0.3,7,0.017816748676570043,0.6389740730415389,0.03466686833547607,0.6389740730415389,0.9561999540337148,25,all-mpnet-base-v2
SentenceTransformer,0.3,8,0.019962706075075807,0.6386952885419571,0.038715346722883626,0.6386952885419571,0.9610108145565449,25,all-mpnet-base-v2
SentenceTransformer,0.3,9,0.017200857839537002,0.65291329802063,0.033518673565044406,0.65291329802063,0.953612877215594,25,all-mpnet-base-v2
SentenceTransformer,0.3,10,0.012340395177972752,0.6269863395595205,0.02420439747301355,0.6269863395595205,0.9376030211566241,25,all-mpnet-base-v2
SentenceTransformer,0.35,1,0.025570201508105777,0.6116531920825202,0.0490882649065891,0.6116531920825202,0.971016627939667,25,all-mpnet-base-v2
SentenceTransformer,0.35,2,0.023590110017127786,0.6258712015611932,0.045466512748850677,0.6258712015611932,0.9677882417133291,25,all-mpnet-base-v2
SentenceTransformer,0.35,3,0.022100046308612415,0.6253136325620295,0.042691282832127905,0.6253136325620295,0.9655946168834928,25,all-mpnet-base-v2
SentenceTransformer,0.35,4,0.023611082458275742,0.6381377195427934,0.04553728626421175,0.6381377195427934,0.9671867974845418,25,all-mpnet-base-v2
SentenceTransformer,0.35,5,0.026161064605139072,0.6264287705603568,0.05022463622342922,0.6264287705603568,0.971004495058971,25,all-mpnet-base-v2
SentenceTransformer,0.35,6,0.020942358195794274,0.6091441315862838,0.040492582537226304,0.6091441315862838,0.96458966770813,25,all-mpnet-base-v2
SentenceTransformer,0.35,7,0.023557432066688318,0.6066350710900474,0.04535364798816136,0.6066350710900474,0.9687339131001486,25,all-mpnet-base-v2
SentenceTransformer,0.35,8,0.022810082355877215,0.6370225815444661,0.0440430986295561,0.6370225815444661,0.9660660659619659,25,all-mpnet-base-v2
SentenceTransformer,0.35,9,0.02188381718263058,0.6205742960691386,0.04227679334510854,0.6205742960691386,0.9655103800260891,25,all-mpnet-base-v2
SentenceTransformer,0.35,10,0.018555589775177087,0.6046835795929746,0.03600627495248135,0.6046835795929746,0.9602308436546594,25,all-mpnet-base-v2
SentenceTransformer,0.4,1,0.040697458037143176,0.6097017005854475,0.07630178805058875,0.6097017005854475,0.9821296533497323,25,all-mpnet-base-v2
SentenceTransformer,0.4,2,0.03267380933760851,0.5823808196264287,0.06187612926157401,0.5823808196264287,0.9785608531564383,25,all-mpnet-base-v2
SentenceTransformer,0.4,3,0.03550265890098759,0.5862838026205743,0.06695106809716342,0.5862838026205743,0.980194978859322,25,all-mpnet-base-v2
SentenceTransformer,0.4,4,0.03761669412410763,0.6110956230833565,0.0708708514524968,0.6110956230833565,0.9805596585876702,25,all-mpnet-base-v2
SentenceTransformer,0.4,5,0.0361959673612516,0.5985503206021745,0.0682638347932531,0.5985503206021745,0.9801821526711577,25,all-mpnet-base-v2
SentenceTransformer,0.4,6,0.03673760551658543,0.6030108725954837,0.06925589139344263,0.6030108725954837,0.9803398801202057,25,all-mpnet-base-v2
SentenceTransformer,0.4,7,0.03505600568126795,0.6055199330917201,0.0662750781905561,0.6055199330917201,0.9792749598488313,25,all-mpnet-base-v2
SentenceTransformer,0.4,8,0.03180923474524063,0.5901867856147198,0.06036498431708012,0.5901867856147198,0.9776630199849344,25,all-mpnet-base-v2
SentenceTransformer,0.4,9,0.03595634493065934,0.5768051296347924,0.06769291171129906,0.5768051296347924,0.9807700774043123,25,all-mpnet-base-v2
SentenceTransformer,0.4,10,0.03701089669656229,0.59938667410092,0.06971691689094978,0.59938667410092,0.9806078434567201,25,all-mpnet-base-v2
SentenceTransformer,0.45,1,0.05654959134084383,0.570950655143574,0.10290681606914051,0.570950655143574,0.9881555352108331,25,all-mpnet-base-v2
SentenceTransformer,0.45,2,0.056074270557029175,0.5893504321159744,0.10240511541163078,0.5893504321159744,0.9876639802157781,25,all-mpnet-base-v2
SentenceTransformer,0.45,3,0.05401261718651821,0.5991078896013382,0.09909162170885784,0.5991078896013382,0.9869526467532584,25,all-mpnet-base-v2
SentenceTransformer,0.45,4,0.06213668263004126,0.5751324226373014,0.1121561378710449,0.5751324226373014,0.9892058960253722,25,all-mpnet-base-v2
SentenceTransformer,0.45,5,0.06420144498978753,0.5871201561193198,0.11574608408903544,0.5871201561193198,0.9893587703221418,25,all-mpnet-base-v2
SentenceTransformer,0.45,6,0.05445379871542261,0.5932534151101199,0.0997515586181034,0.5932534151101199,0.9871907978686342,25,all-mpnet-base-v2
SentenceTransformer,0.45,7,0.05659099528634123,0.5823808196264287,0.103157946717365,0.5823808196264287,0.9879277837074825,25,all-mpnet-base-v2
SentenceTransformer,0.45,8,0.05197293128327611,0.5823808196264287,0.09542952422283639,0.5823808196264287,0.9867907594594004,25,all-mpnet-base-v2
SentenceTransformer,0.45,9,0.05937590291823173,0.5729021466406468,0.1076000733041862,0.5729021466406468,0.9887146876840515,25,all-mpnet-base-v2
SentenceTransformer,0.45,10,0.06019533585808252,0.5893504321159744,0.10923371053583424,0.5893504321159744,0.9885586935036743,25,all-mpnet-base-v2
SentenceTransformer,0.5,1,0.08196911196911197,0.5918594926122107,0.14399565910401194,0.5918594926122107,0.9917576141626077,25,all-mpnet-base-v2
SentenceTransformer,0.5,2,0.07788209943050639,0.5642598271536102,0.13687235841081996,0.5642598271536102,0.9916927899143176,25,all-mpnet-base-v2
SentenceTransformer,0.5,3,0.0896484457826216,0.5893504321159744,0.15562426383981154,0.5893504321159744,0.9925583842885435,25,all-mpnet-base-v2
SentenceTransformer,0.5,4,0.08601395532540483,0.5464176191803736,0.1486312277242739,0.5464176191803736,0.9927802426784131,25,all-mpnet-base-v2
SentenceTransformer,0.5,5,0.08949501111062699,0.5726233621410649,0.15479689501846408,0.5726233621410649,0.9927559769170211,25,all-mpnet-base-v2
SentenceTransformer,0.5,6,0.08234349919743178,0.5720657931419013,0.14396464026379485,0.5720657931419013,0.9920727224069694,25,all-mpnet-base-v2
SentenceTransformer,0.5,7,0.0867872965922736,0.5843323111235015,0.1511284158915567,0.5843323111235015,0.9923545518928507,25,all-mpnet-base-v2
SentenceTransformer,0.5,8,0.07913427033492823,0.5901867856147198,0.13955634661656613,0.5901867856147198,0.9914601852586886,25,all-mpnet-base-v2
SentenceTransformer,0.5,9,0.08681022880215343,0.5754112071368832,0.1508606512443811,0.5754112071368832,0.9924734541236715,25,all-mpnet-base-v2
SentenceTransformer,0.5,10,0.08719945817812394,0.5742960691385559,0.15140935651023482,0.5742960691385559,0.9925247588763288,25,all-mpnet-base-v2
SentenceTransformer,0.55,1,0.13597033374536466,0.5826596041260106,0.22048739318493513,0.5826596041260106,0.9953960917564703,25,all-mpnet-base-v2
SentenceTransformer,0.55,2,0.14464842396951852,0.582102035126847,0.23171679058927977,0.582102035126847,0.9957198663441863,25,all-mpnet-base-v2
SentenceTransformer,0.55,3,0.13637571409592136,0.5723445776414832,0.2202671530497291,0.5723445776414832,0.9954931548020381,25,all-mpnet-base-v2
SentenceTransformer,0.55,4,0.13211678832116788,0.5550599386674101,0.21343195583427133,0.5550599386674101,0.9954661158107728,25,all-mpnet-base-v2
SentenceTransformer,0.55,5,0.1511627906976744,0.5762475606356287,0.23949944962632524,0.5762475606356287,0.9959763901074731,25,all-mpnet-base-v2
SentenceTransformer,0.55,6,0.13799496755396637,0.5809868971285197,0.22301888811600407,0.5809868971285197,0.9954872616885573,25,all-mpnet-base-v2
SentenceTransformer,0.55,7,0.12994280029843322,0.5826596041260106,0.2124955518275634,0.5826596041260106,0.995148927644006,25,all-mpnet-base-v2
SentenceTransformer,0.55,8,0.1350749688993649,0.5751324226373014,0.21876988335100742,0.5751324226373014,0.9954207041715963,25,all-mpnet-base-v2
SentenceTransformer,0.55,9,0.13345901319638562,0.5723445776414832,0.21644702161307328,0.5723445776414832,0.9953791057234959,25,all-mpnet-base-v2
SentenceTransformer,0.55,10,0.13457239573353771,0.5873989406189016,0.21897734358761173,0.5873989406189016,0.9953028419019782,25,all-mpnet-base-v2
SentenceTransformer,0.6,1,0.22507022471910113,0.5361025926958461,0.3170389910147556,0.5361025926958461,0.9977048056260515,25,all-mpnet-base-v2
SentenceTransformer,0.6,2,0.2281253640918094,0.54586005018121,0.32177485620377977,0.54586005018121,0.9977034190111148,25,all-mpnet-base-v2
SentenceTransformer,0.6,3,0.22721437740693196,0.5427934206858098,0.3203356367226061,0.5427934206858098,0.9977044589723173,25,all-mpnet-base-v2
SentenceTransformer,0.6,4,0.22786347625409936,0.5229997212155004,0.3174280879864636,0.5229997212155004,0.9977963222118726,25,all-mpnet-base-v2
SentenceTransformer,0.6,5,0.2317273795534665,0.5497630331753555,0.3260312474167149,0.5497630331753555,0.9977335778859877,25,all-mpnet-base-v2
SentenceTransformer,0.6,6,0.21570367084396141,0.5422358516866462,0.30863218026023487,0.5422358516866462,0.9975484647919401,25,all-mpnet-base-v2
SentenceTransformer,0.6,7,0.2297704613957802,0.5525508781711737,0.32457217718824205,0.5525508781711737,0.9976968325901655,25,all-mpnet-base-v2
SentenceTransformer,0.6,8,0.22181060430655244,0.5341511011987734,0.3134560327198364,0.5341511011987734,0.9976697935989002,25,all-mpnet-base-v2
SentenceTransformer,0.6,9,0.22307604083037044,0.5422358516866462,0.3161059645701284,0.5422358516866462,0.9976517676047232,25,all-mpnet-base-v2
SentenceTransformer,0.6,10,0.216948393596776,0.5402843601895735,0.3095846645367412,0.5402843601895735,0.9975751571294713,25,all-mpnet-base-v2
SentenceTransformer,0.65,1,0.36703431372549017,0.5009757457485364,0.42367087115407287,0.5009757457485364,0.998925720077803,25,all-mpnet-base-v2
SentenceTransformer,0.65,2,0.3581696699736789,0.49316977976024534,0.41496598639455784,0.49316977976024534,0.9989011076626768,25,all-mpnet-base-v2
SentenceTransformer,0.65,3,0.3614630159378831,0.49316977976024534,0.41716778681759226,0.49316977976024534,0.9989167070807146,25,all-mpnet-base-v2
SentenceTransformer,0.65,4,0.3558172021552584,0.49707276275439083,0.4147476157245871,0.49707276275439083,0.9988810017460948,25,all-mpnet-base-v2
SentenceTransformer,0.65,5,0.3695961031053379,0.5076665737385001,0.4277660324171952,0.5076665737385001,0.9989232935016638,25,all-mpnet-base-v2
SentenceTransformer,0.65,6,0.3606757581925504,0.4940061332589908,0.41694117647058826,0.4940061332589908,0.9989111606209677,25,all-mpnet-base-v2
SentenceTransformer,0.65,7,0.36406091370558374,0.4998606077502091,0.4212875939849624,0.4998606077502091,0.9989142805045753,25,all-mpnet-base-v2
SentenceTransformer,0.65,8,0.37631912199240186,0.49707276275439083,0.42834834834834834,0.49707276275439083,0.9989756382155236,25,all-mpnet-base-v2
SentenceTransformer,0.65,9,0.3591182364729459,0.4995818232506273,0.4178617232132447,0.4995818232506273,0.99889140135812,25,all-mpnet-base-v2
SentenceTransformer,0.65,10,0.35838033843674455,0.4959576247560636,0.41609168518301953,0.4959576247560636,0.9988959078566643,25,all-mpnet-base-v2
SentenceTransformer,0.7,1,0.5659620991253644,0.43295232785057153,0.4906018006634023,0.43295232785057153,0.9995871354026019,25,all-mpnet-base-v2
SentenceTransformer,0.7,2,0.5605511240029006,0.43100083635349873,0.48731284475965325,0.43100083635349873,0.9995798556741843,25,all-mpnet-base-v2
SentenceTransformer,0.7,3,0.5606225117625769,0.43183718985224423,0.4878740157480315,0.43183718985224423,0.999579162366716,25,all-mpnet-base-v2
SentenceTransformer,0.7,4,0.5628851032982964,0.43295232785057153,0.489442168294989,0.43295232785057153,0.9995819355965894,25,all-mpnet-base-v2
SentenceTransformer,0.7,5,0.5628828828828829,0.4354613883468079,0.49104055328513047,0.4354613883468079,0.9995795090204501,25,all-mpnet-base-v2
SentenceTransformer,0.7,6,0.555635838150289,0.42877056035684413,0.48402832415420927,0.42877056035684413,0.9995736159069692,25,all-mpnet-base-v2
SentenceTransformer,0.7,7,0.5646332607116921,0.4335098968497352,0.4904589181517111,0.4335098968497352,0.9995843621727285,25,all-mpnet-base-v2
SentenceTransformer,0.7,8,0.5669916937522571,0.4376916643434625,0.49402139710509757,0.4376916643434625,0.9995843621727285,25,all-mpnet-base-v2
SentenceTransformer,0.7,9,0.5593897566291318,0.4293281293560078,0.48580441640378547,0.4293281293560078,0.9995795090204501,25,all-mpnet-base-v2
SentenceTransformer,0.7,10,0.5616388687454678,0.43183718985224423,0.4882584712371946,0.43183718985224423,0.9995808956353869,25,all-mpnet-base-v2
SentenceTransformer,0.75,1,0.7057205720572057,0.35768051296347925,0.474745605920444,0.35768051296347925,0.9998145402522183,25,all-mpnet-base-v2
SentenceTransformer,0.75,2,0.7065637065637066,0.3571229439643156,0.47444444444444445,0.3571229439643156,0.9998155802134209,25,all-mpnet-base-v2
SentenceTransformer,0.75,3,0.7065337763012182,0.35572902146640645,0.4732060077878732,0.35572902146640645,0.9998162735208892,25,all-mpnet-base-v2
SentenceTransformer,0.75,4,0.7063053097345132,0.3560078059659883,0.47340129749768306,0.3560078059659883,0.999815926867155,25,all-mpnet-base-v2
SentenceTransformer,0.75,5,0.7075991189427313,0.3582380819626429,0.4756616694429021,0.3582380819626429,0.999815926867155,25,all-mpnet-base-v2
SentenceTransformer,0.75,6,0.7064676616915423,0.3562865904655701,0.47368421052631576,0.3562865904655701,0.999815926867155,25,all-mpnet-base-v2
SentenceTransformer,0.75,7,0.7066298342541436,0.35656537496515195,0.4739670187141004,0.35656537496515195,0.999815926867155,25,all-mpnet-base-v2
SentenceTransformer,0.75,8,0.712171052631579,0.3621410649567884,0.48013306228053965,0.3621410649567884,0.99981800678956,25,all-mpnet-base-v2
SentenceTransformer,0.75,9,0.7065637065637066,0.3571229439643156,0.47444444444444445,0.3571229439643156,0.9998155802134209,25,all-mpnet-base-v2
SentenceTransformer,0.75,10,0.706953642384106,0.3571229439643156,0.4745323208001482,0.3571229439643156,0.999815926867155,25,all-mpnet-base-v2
SentenceTransformer,0.8,1,0.8511586452762924,0.2662391971006412,0.4056062858356339,0.2662391971006412,0.9999421088263933,25,all-mpnet-base-v2
SentenceTransformer,0.8,2,0.8481349911190054,0.2662391971006412,0.40526204116274134,0.2662391971006412,0.9999407222114567,25,all-mpnet-base-v2
SentenceTransformer,0.8,3,0.8506666666666667,0.26679676609980485,0.4061969439728353,0.26679676609980485,0.9999417621726592,25,all-mpnet-base-v2
SentenceTransformer,0.8,4,0.849644128113879,0.2662391971006412,0.405434090426661,0.2662391971006412,0.999941415518925,25,all-mpnet-base-v2
SentenceTransformer,0.8,5,0.8506666666666667,0.26679676609980485,0.4061969439728353,0.26679676609980485,0.9999417621726592,25,all-mpnet-base-v2
SentenceTransformer,0.8,6,0.8506666666666667,0.26679676609980485,0.4061969439728353,0.26679676609980485,0.9999417621726592,25,all-mpnet-base-v2
SentenceTransformer,0.8,7,0.8506666666666667,0.26679676609980485,0.4061969439728353,0.26679676609980485,0.9999417621726592,25,all-mpnet-base-v2
SentenceTransformer,0.8,8,0.8514234875444839,0.26679676609980485,0.4062831670558268,0.26679676609980485,0.9999421088263933,25,all-mpnet-base-v2
SentenceTransformer,0.8,9,0.8498659517426274,0.2651240591023139,0.40416489587760307,0.2651240591023139,0.9999417621726592,25,all-mpnet-base-v2
SentenceTransformer,0.8,10,0.8506666666666667,0.26679676609980485,0.4061969439728353,0.26679676609980485,0.9999417621726592,25,all-mpnet-base-v2
SentenceTransformer,0.85,1,0.9179331306990881,0.16838583774742125,0.2845700824499411,0.16838583774742125,0.9999812806983548,25,all-mpnet-base-v2
SentenceTransformer,0.85,2,0.9179331306990881,0.16838583774742125,0.2845700824499411,0.16838583774742125,0.9999812806983548,25,all-mpnet-base-v2
SentenceTransformer,0.85,3,0.9179331306990881,0.16838583774742125,0.2845700824499411,0.16838583774742125,0.9999812806983548,25,all-mpnet-base-v2
SentenceTransformer,0.85,4,0.9179331306990881,0.16838583774742125,0.2845700824499411,0.16838583774742125,0.9999812806983548,25,all-mpnet-base-v2
SentenceTransformer,0.85,5,0.9179331306990881,0.16838583774742125,0.2845700824499411,0.16838583774742125,0.9999812806983548,25,all-mpnet-base-v2
SentenceTransformer,0.85,6,0.9179331306990881,0.16838583774742125,0.2845700824499411,0.16838583774742125,0.9999812806983548,25,all-mpnet-base-v2
SentenceTransformer,0.85,7,0.9179331306990881,0.16838583774742125,0.2845700824499411,0.16838583774742125,0.9999812806983548,25,all-mpnet-base-v2
SentenceTransformer,0.85,8,0.9179331306990881,0.16838583774742125,0.2845700824499411,0.16838583774742125,0.9999812806983548,25,all-mpnet-base-v2
SentenceTransformer,0.85,9,0.9179331306990881,0.16838583774742125,0.2845700824499411,0.16838583774742125,0.9999812806983548,25,all-mpnet-base-v2
SentenceTransformer,0.85,10,0.9179331306990881,0.16838583774742125,0.2845700824499411,0.16838583774742125,0.9999812806983548,25,all-mpnet-base-v2
SentenceTransformer,0.9,1,0.9636363636363636,0.07387789238918316,0.13723459347488348,0.07387789238918316,0.9999965334626583,25,all-mpnet-base-v2
SentenceTransformer,0.9,2,0.9636363636363636,0.07387789238918316,0.13723459347488348,0.07387789238918316,0.9999965334626583,25,all-mpnet-base-v2
SentenceTransformer,0.9,3,0.9636363636363636,0.07387789238918316,0.13723459347488348,0.07387789238918316,0.9999965334626583,25,all-mpnet-base-v2
SentenceTransformer,0.9,4,0.9636363636363636,0.07387789238918316,0.13723459347488348,0.07387789238918316,0.9999965334626583,25,all-mpnet-base-v2
SentenceTransformer,0.9,5,0.9636363636363636,0.07387789238918316,0.13723459347488348,0.07387789238918316,0.9999965334626583,25,all-mpnet-base-v2
SentenceTransformer,0.9,6,0.9636363636363636,0.07387789238918316,0.13723459347488348,0.07387789238918316,0.9999965334626583,25,all-mpnet-base-v2
SentenceTransformer,0.9,7,0.9636363636363636,0.07387789238918316,0.13723459347488348,0.07387789238918316,0.9999965334626583,25,all-mpnet-base-v2
SentenceTransformer,0.9,8,0.9636363636363636,0.07387789238918316,0.13723459347488348,0.07387789238918316,0.9999965334626583,25,all-mpnet-base-v2
SentenceTransformer,0.9,9,0.9636363636363636,0.07387789238918316,0.13723459347488348,0.07387789238918316,0.9999965334626583,25,all-mpnet-base-v2
SentenceTransformer,0.9,10,0.9636363636363636,0.07387789238918316,0.13723459347488348,0.07387789238918316,0.9999965334626583,25,all-mpnet-base-v2
SentenceTransformer,0.95,1,0.9565217391304348,0.018399776972400333,0.036105032822757115,0.018399776972400333,0.9999989600387975,25,all-mpnet-base-v2
SentenceTransformer,0.95,2,0.9565217391304348,0.018399776972400333,0.036105032822757115,0.018399776972400333,0.9999989600387975,25,all-mpnet-base-v2
SentenceTransformer,0.95,3,0.9565217391304348,0.018399776972400333,0.036105032822757115,0.018399776972400333,0.9999989600387975,25,all-mpnet-base-v2
SentenceTransformer,0.95,4,0.9565217391304348,0.018399776972400333,0.036105032822757115,0.018399776972400333,0.9999989600387975,25,all-mpnet-base-v2
SentenceTransformer,0.95,5,0.9565217391304348,0.018399776972400333,0.036105032822757115,0.018399776972400333,0.9999989600387975,25,all-mpnet-base-v2
SentenceTransformer,0.95,6,0.9565217391304348,0.018399776972400333,0.036105032822757115,0.018399776972400333,0.9999989600387975,25,all-mpnet-base-v2
SentenceTransformer,0.95,7,0.9565217391304348,0.018399776972400333,0.036105032822757115,0.018399776972400333,0.9999989600387975,25,all-mpnet-base-v2
SentenceTransformer,0.95,8,0.9565217391304348,0.018399776972400333,0.036105032822757115,0.018399776972400333,0.9999989600387975,25,all-mpnet-base-v2
SentenceTransformer,0.95,9,0.9565217391304348,0.018399776972400333,0.036105032822757115,0.018399776972400333,0.9999989600387975,25,all-mpnet-base-v2
SentenceTransformer,0.95,10,0.9565217391304348,0.018399776972400333,0.036105032822757115,0.018399776972400333,0.9999989600387975,25,all-mpnet-base-v2
SentenceTransformer,0.1,1,0.022746241737578787,0.660998048508503,0.043979077014393825,0.660998048508503,0.9646877707149005,50,all-mpnet-base-v2
SentenceTransformer,0.1,2,0.027092190320889872,0.6484527460273208,0.052011359316652135,0.6484527460273208,0.9710443602384007,50,all-mpnet-base-v2
SentenceTransformer,0.1,3,0.02341564038151257,0.6392528575411207,0.0451764798597224,0.6392528575411207,0.9668484634399906,50,all-mpnet-base-v2
SentenceTransformer,0.1,4,0.025065755692713954,0.6668525229997212,0.048315423769895775,0.6668525229997212,0.9677483765338994,50,all-mpnet-base-v2
SentenceTransformer,0.1,5,0.022615477498342192,0.6370225815444661,0.04368022633430188,0.6370225815444661,0.9657672504431102,50,all-mpnet-base-v2
SentenceTransformer,0.1,6,0.02479683502214808,0.6133258990800111,0.04766650777830741,0.6133258990800111,0.97000717226576,50,all-mpnet-base-v2
SentenceTransformer,0.1,7,0.021262584346696495,0.6570950655143574,0.04119225089348911,0.6570950655143574,0.9623898031110786,50,all-mpnet-base-v2
SentenceTransformer,0.1,8,0.022388059701492536,0.6506830220239754,0.04328675154628659,0.6506830220239754,0.9646697447207236,50,all-mpnet-base-v2
SentenceTransformer,0.1,9,0.02303221859706362,0.6297741845553387,0.04443919856000472,0.6297741845553387,0.9667832925379664,50,all-mpnet-base-v2
SentenceTransformer,0.1,10,0.021146612198120095,0.6378589350432116,0.040936091032705936,0.6378589350432116,0.9632862496676458,50,all-mpnet-base-v2
SentenceTransformer,0.15,1,0.022746241737578787,0.660998048508503,0.043979077014393825,0.660998048508503,0.9646877707149005,50,all-mpnet-base-v2
SentenceTransformer,0.15,2,0.027092190320889872,0.6484527460273208,0.052011359316652135,0.6484527460273208,0.9710443602384007,50,all-mpnet-base-v2
SentenceTransformer,0.15,3,0.02341564038151257,0.6392528575411207,0.0451764798597224,0.6392528575411207,0.9668484634399906,50,all-mpnet-base-v2
SentenceTransformer,0.15,4,0.025065755692713954,0.6668525229997212,0.048315423769895775,0.6668525229997212,0.9677483765338994,50,all-mpnet-base-v2
SentenceTransformer,0.15,5,0.022615477498342192,0.6370225815444661,0.04368022633430188,0.6370225815444661,0.9657672504431102,50,all-mpnet-base-v2
SentenceTransformer,0.15,6,0.02479683502214808,0.6133258990800111,0.04766650777830741,0.6133258990800111,0.97000717226576,50,all-mpnet-base-v2
SentenceTransformer,0.15,7,0.021262584346696495,0.6570950655143574,0.04119225089348911,0.6570950655143574,0.9623898031110786,50,all-mpnet-base-v2
SentenceTransformer,0.15,8,0.022388059701492536,0.6506830220239754,0.04328675154628659,0.6506830220239754,0.9646697447207236,50,all-mpnet-base-v2
SentenceTransformer,0.15,9,0.02303221859706362,0.6297741845553387,0.04443919856000472,0.6297741845553387,0.9667832925379664,50,all-mpnet-base-v2
SentenceTransformer,0.15,10,0.021146612198120095,0.6378589350432116,0.040936091032705936,0.6378589350432116,0.9632862496676458,50,all-mpnet-base-v2
SentenceTransformer,0.2,1,0.022962589373127243,0.6473376080289935,0.044351911983802575,0.6473376080289935,0.9657509577176041,50,all-mpnet-base-v2
SentenceTransformer,0.2,2,0.027046860257888668,0.6473376080289935,0.051924238019633716,0.6473376080289935,0.9710443602384007,50,all-mpnet-base-v2
SentenceTransformer,0.2,3,0.02341564038151257,0.6392528575411207,0.0451764798597224,0.6392528575411207,0.9668484634399906,50,all-mpnet-base-v2
SentenceTransformer,0.2,4,0.024521009101866092,0.6579314190131029,0.04727990303613106,0.6579314190131029,0.9674547608210563,50,all-mpnet-base-v2
SentenceTransformer,0.2,5,0.021334508999597462,0.6205742960691386,0.041250868658790824,0.6205742960691386,0.9646024938962944,50,all-mpnet-base-v2
SentenceTransformer,0.2,6,0.02479683502214808,0.6133258990800111,0.04766650777830741,0.6133258990800111,0.97000717226576,50,all-mpnet-base-v2
SentenceTransformer,0.2,7,0.021218436222901836,0.6557011430164483,0.04110666410332593,0.6557011430164483,0.9623898031110786,50,all-mpnet-base-v2
SentenceTransformer,0.2,8,0.02233179210713121,0.6490103150264845,0.043177876902246996,0.6490103150264845,0.9646697447207236,50,all-mpnet-base-v2
SentenceTransformer,0.2,9,0.02303221859706362,0.6297741845553387,0.04443919856000472,0.6297741845553387,0.9667832925379664,50,all-mpnet-base-v2
SentenceTransformer,0.2,10,0.021146612198120095,0.6378589350432116,0.040936091032705936,0.6378589350432116,0.9632862496676458,50,all-mpnet-base-v2
SentenceTransformer,0.25,1,0.02458548346163607,0.6481739615277391,0.04737405124547909,0.6481739615277391,0.9680236195988315,50,all-mpnet-base-v2
SentenceTransformer,0.25,2,0.02726328234156128,0.6364650125453025,0.052286833245539704,0.6364650125453025,0.9717629734293379,50,all-mpnet-base-v2
SentenceTransformer,0.25,3,0.024921461319005807,0.6258712015611932,0.047934237215757444,0.6258712015611932,0.9695506292978563,50,all-mpnet-base-v2
SentenceTransformer,0.25,4,0.025613428568322407,0.6568162810147756,0.04930417495029821,0.6568162810147756,0.9689304657674238,50,all-mpnet-base-v2
SentenceTransformer,0.25,5,0.021382463690156,0.6205742960691386,0.0413405019918099,0.6205742960691386,0.9646836108700905,50,all-mpnet-base-v2
SentenceTransformer,0.25,6,0.024738419772637295,0.6097017005854475,0.04754761283589878,0.6097017005854475,0.9701122083472139,50,all-mpnet-base-v2
SentenceTransformer,0.25,7,0.021331568545682012,0.6559799275160301,0.04131948407716014,0.6559799275160301,0.9625776894349994,50,all-mpnet-base-v2
SentenceTransformer,0.25,8,0.023567477298820583,0.6294954000557569,0.04543396681992414,0.6294954000557569,0.9675698498608012,50,all-mpnet-base-v2
SentenceTransformer,0.25,9,0.023340847001630846,0.6264287705603568,0.045004806921967636,0.6264287705603568,0.9674069226057407,50,all-mpnet-base-v2
SentenceTransformer,0.25,10,0.02117226100095479,0.6367437970448843,0.04098184167085337,0.6367437970448843,0.9633957922476439,50,all-mpnet-base-v2
SentenceTransformer,0.3,1,0.027149269190931063,0.6576526345135211,0.05214584922134907,0.6576526345135211,0.970697013196761,50,all-mpnet-base-v2
SentenceTransformer,0.3,2,0.027831484058470746,0.6300529690549206,0.05330817313362425,0.6300529690549206,0.9726341142633106,50,all-mpnet-base-v2
SentenceTransformer,0.3,3,0.02649170295398376,0.6275439085586841,0.05083731382047721,0.6275439085586841,0.9713251497630795,50,all-mpnet-base-v2
SentenceTransformer,0.3,4,0.029302407932011332,0.6459436855310845,0.056061650878912156,0.6459436855310845,0.9733925926336775,50,all-mpnet-base-v2
SentenceTransformer,0.3,5,0.02424683736903882,0.6219682185670476,0.04667412839046434,0.6219682185670476,0.9688770810923614,50,all-mpnet-base-v2
SentenceTransformer,0.3,6,0.027928802997237396,0.6172288820741567,0.05343953656770456,0.6172288820741567,0.9732872098984894,50,all-mpnet-base-v2
SentenceTransformer,0.3,7,0.02346824058459809,0.6517981600223027,0.045305248471577644,0.6517981600223027,0.9662754448174053,50,all-mpnet-base-v2
SentenceTransformer,0.3,8,0.027302461262580978,0.6027320880959018,0.05223862565539904,0.6027320880959018,0.9732989961254512,50,all-mpnet-base-v2
SentenceTransformer,0.3,9,0.024697445572361157,0.6423194870365208,0.04756596060943887,0.6423194870365208,0.9684597099964191,50,all-mpnet-base-v2
SentenceTransformer,0.3,10,0.02468229878923318,0.6189015890716476,0.047471399550946224,0.6189015890716476,0.9695904944772861,50,all-mpnet-base-v2
SentenceTransformer,0.35,1,0.029736732584209325,0.6175076665737385,0.05674104055127187,0.6175076665737385,0.9749466413239677,50,all-mpnet-base-v2
SentenceTransformer,0.35,2,0.031265879961605784,0.6175076665737385,0.059518211497897384,0.6175076665737385,0.976209500877554,50,all-mpnet-base-v2
SentenceTransformer,0.35,3,0.03077421901432277,0.6085865625871202,0.058585939911168367,0.6085865625871202,0.9761665158145166,50,all-mpnet-base-v2
SentenceTransformer,0.35,4,0.033702068253895996,0.6191803735712295,0.06392470642413078,0.6191803735712295,0.977925090207968,50,all-mpnet-base-v2
SentenceTransformer,0.35,5,0.029429853832162158,0.6269863395595205,0.05622078344124191,0.6269863395595205,0.9742886925365104,50,all-mpnet-base-v2
SentenceTransformer,0.35,6,0.032216929278123856,0.6127683300808475,0.061215395755584025,0.6127683300808475,0.9771114938938678,50,all-mpnet-base-v2
SentenceTransformer,0.35,7,0.025759992810119755,0.6392528575411207,0.04952430319327005,0.6392528575411207,0.9699378415189257,50,all-mpnet-base-v2
SentenceTransformer,0.35,8,0.030922835544144916,0.6044047950933928,0.05883550212355998,0.6044047950933928,0.9764476519929296,50,all-mpnet-base-v2
SentenceTransformer,0.35,9,0.029513587210778874,0.6155561750766657,0.0563265306122449,0.6155561750766657,0.9748312056304886,50,all-mpnet-base-v2
SentenceTransformer,0.35,10,0.029821996967254547,0.6085865625871202,0.05685784237120384,0.6085865625871202,0.9753813451066186,50,all-mpnet-base-v2
SentenceTransformer,0.4,1,0.03847436505011145,0.6110956230833565,0.07239101717305152,0.6110956230833565,0.9810099617883589,50,all-mpnet-base-v2
SentenceTransformer,0.4,2,0.04439995289129667,0.6306105380540842,0.0829589422918233,0.6306105380540842,0.9831235096056017,50,all-mpnet-base-v2
SentenceTransformer,0.4,3,0.04257934508816121,0.5890716476163925,0.07941817635119898,0.5890716476163925,0.9835297877820505,50,all-mpnet-base-v2
SentenceTransformer,0.4,4,0.049434029006013444,0.6233621410649568,0.09160367889551199,0.6233621410649568,0.9850952760455683,50,all-mpnet-base-v2
SentenceTransformer,0.4,5,0.0385030198446937,0.5971563981042654,0.07234164710650298,0.5971563981042654,0.9814574917591741,50,all-mpnet-base-v2
SentenceTransformer,0.4,6,0.04574145591960467,0.6141622525787567,0.08514174186940811,0.6141622525787567,0.9840681410312186,50,all-mpnet-base-v2
SentenceTransformer,0.4,7,0.04156338614685994,0.5843323111235015,0.07760663507109004,0.5843323111235015,0.9832451850662958,50,all-mpnet-base-v2
SentenceTransformer,0.4,8,0.038569997402693776,0.5795929746306105,0.07232687992485519,0.5795929746306105,0.9820353635340378,50,all-mpnet-base-v2
SentenceTransformer,0.4,9,0.04282332687755541,0.6102592695846111,0.08003071073413279,0.6102592695846111,0.9830389260944639,50,all-mpnet-base-v2
SentenceTransformer,0.4,10,0.043952644171272995,0.5940897686088653,0.08184978202838432,0.5940897686088653,0.983931559459955,50,all-mpnet-base-v2
SentenceTransformer,0.45,1,0.05654786402173018,0.5745748536381378,0.10296248189039317,0.5745748536381378,0.9880799646967837,50,all-mpnet-base-v2
SentenceTransformer,0.45,2,0.056037863421230565,0.5776414831335378,0.10216458754499284,0.5776414831335378,0.9879007447162171,50,all-mpnet-base-v2
SentenceTransformer,0.45,3,0.0639921605891436,0.6007805965988291,0.11566433191101093,0.6007805965988291,0.9890731276451846,50,all-mpnet-base-v2
SentenceTransformer,0.45,4,0.06257299696332633,0.5974351826038472,0.11328135324435047,0.5974351826038472,0.9888706818644286,50,all-mpnet-base-v2
SentenceTransformer,0.45,5,0.06483625537545484,0.601059381098411,0.11704668838219327,0.601059381098411,0.9892201088284733,50,all-mpnet-base-v2
SentenceTransformer,0.45,6,0.059477769936485535,0.5873989406189016,0.10801804572951912,0.5873989406189016,0.9884501908848787,50,all-mpnet-base-v2
SentenceTransformer,0.45,7,0.054316096747289405,0.5809868971285197,0.09934453581217971,0.5809868971285197,0.9874220159093264,50,all-mpnet-base-v2
SentenceTransformer,0.45,8,0.06165508892283746,0.5963200446055199,0.11175548589341693,0.5963200446055199,0.9887150343377856,50,all-mpnet-base-v2
SentenceTransformer,0.45,9,0.06214588179161448,0.5809868971285197,0.11228145793486168,0.5809868971285197,0.9890977400603108,50,all-mpnet-base-v2
SentenceTransformer,0.45,10,0.05629366927800127,0.592974630610538,0.102825650818206,0.592974630610538,0.9876393678006519,50,all-mpnet-base-v2
SentenceTransformer,0.5,1,0.09612696695071915,0.5943685531084472,0.16548940464177597,0.5943685531084472,0.9930506325910669,50,all-mpnet-base-v2
SentenceTransformer,0.5,2,0.0885037297060114,0.5623083356565375,0.15293627023543238,0.5623083356565375,0.9927989619800583,50,all-mpnet-base-v2
SentenceTransformer,0.5,3,0.09039843239712606,0.5787566211318651,0.15637240132570052,0.5787566211318651,0.9927587501468945,50,all-mpnet-base-v2
SentenceTransformer,0.5,4,0.08130533169240542,0.570950655143574,0.14234083958854601,0.570950655143574,0.9919780859375407,50,all-mpnet-base-v2
SentenceTransformer,0.5,5,0.0964819009754519,0.5818232506272651,0.16551669442461733,0.5818232506272651,0.993224999419355,50,all-mpnet-base-v2
SentenceTransformer,0.5,6,0.09629831990165277,0.5896292166155562,0.1655577299412916,0.5896292166155562,0.9931196166841669,50,all-mpnet-base-v2
SentenceTransformer,0.5,7,0.09008131458580383,0.592974630610538,0.15640280892679878,0.592974630610538,0.9925521445213283,50,all-mpnet-base-v2
SentenceTransformer,0.5,8,0.08402948402948403,0.5720657931419013,0.1465347948727104,0.5720657931419013,0.9922460492740551,50,all-mpnet-base-v2
SentenceTransformer,0.5,9,0.08621331898514134,0.5807081126289378,0.1501369468069771,0.5807081126289378,0.9923465788569648,50,all-mpnet-base-v2
SentenceTransformer,0.5,10,0.09604132382519656,0.5857262336214106,0.16502375996544005,0.5857262336214106,0.9931449224067614,50,all-mpnet-base-v2
SentenceTransformer,0.55,1,0.1341533363074374,0.5868413716197379,0.21838364975619878,0.5868413716197379,0.995290362367548,50,all-mpnet-base-v2
SentenceTransformer,0.55,2,0.13749668522938213,0.5781990521327014,0.2221627122275186,0.5781990521327014,0.9954900349184307,50,all-mpnet-base-v2
SentenceTransformer,0.55,3,0.14366334564202607,0.5748536381377195,0.22987736900780378,0.5748536381377195,0.9957392789532998,50,all-mpnet-base-v2
SentenceTransformer,0.55,4,0.14173504453327723,0.5634234736548648,0.22649333183906759,0.5634234736548648,0.9957576516012109,50,all-mpnet-base-v2
SentenceTransformer,0.55,5,0.1541322621438667,0.5776414831335378,0.24333529066353493,0.5776414831335378,0.9960582003887375,50,all-mpnet-base-v2
SentenceTransformer,0.55,6,0.13915771207368352,0.5812656816281014,0.2245557350565428,0.5812656816281014,0.9955288601366579,50,all-mpnet-base-v2
SentenceTransformer,0.55,7,0.14026560788608983,0.5712294396431559,0.22522671063478977,0.5712294396431559,0.9956463757525419,50,all-mpnet-base-v2
SentenceTransformer,0.55,8,0.14132513661202187,0.5768051296347924,0.22702584078564766,0.5768051296347924,0.9956422159077318,50,all-mpnet-base-v2
SentenceTransformer,0.55,9,0.1342373321222345,0.5768051296347924,0.21778947368421053,0.5768051296347924,0.9953742525712174,50,all-mpnet-base-v2
SentenceTransformer,0.55,10,0.13877933016912894,0.5787566211318651,0.22387576835975412,0.5787566211318651,0.9955340599426704,50,all-mpnet-base-v2
SentenceTransformer,0.6,1,0.22457082798084782,0.5361025926958461,0.3165432098765432,0.5361025926958461,0.9976982192051022,50,all-mpnet-base-v2
SentenceTransformer,0.6,2,0.22272317403065825,0.5508781711736828,0.3172004173689702,0.5508781711736828,0.9976094758491543,50,all-mpnet-base-v2
SentenceTransformer,0.6,3,0.2324582338902148,0.5430722051853917,0.3255619620623381,0.5430722051853917,0.9977703231818098,50,all-mpnet-base-v2
SentenceTransformer,0.6,4,0.24408037885575323,0.531642040702537,0.33456140350877195,0.531642040702537,0.997952663045984,50,all-mpnet-base-v2
SentenceTransformer,0.6,5,0.23634190077704723,0.5511569556732646,0.33082329317269077,0.5511569556732646,0.9977855759461134,50,all-mpnet-base-v2
SentenceTransformer,0.6,6,0.22194170300665594,0.5391692221912462,0.3144459800016259,0.5391692221912462,0.9976496876823182,50,all-mpnet-base-v2
SentenceTransformer,0.6,7,0.2300452704312604,0.5383328686925007,0.32234371087555297,0.5383328686925007,0.9977595769160506,50,all-mpnet-base-v2
SentenceTransformer,0.6,8,0.22692486085343228,0.5455812656816281,0.32053066906887234,0.5455812656816281,0.9976888595542796,50,all-mpnet-base-v2
SentenceTransformer,0.6,9,0.22447344322344323,0.5466964036799554,0.31826665584679054,0.5466964036799554,0.997651420950989,50,all-mpnet-base-v2
SentenceTransformer,0.6,10,0.2236349188330117,0.5492054641761918,0.31784446595676025,0.5492054641761918,0.9976292351120021,50,all-mpnet-base-v2
SentenceTransformer,0.65,1,0.38107202680067004,0.5073877892389184,0.4352505081908406,0.5073877892389184,0.9989752915617894,50,all-mpnet-base-v2
SentenceTransformer,0.65,2,0.34919702311006656,0.49707276275439083,0.41021511561026114,0.49707276275439083,0.9988480696413485,50,all-mpnet-base-v2
SentenceTransformer,0.65,3,0.3607157381049207,0.49456370225815444,0.4171663727219283,0.49456370225815444,0.9989101206597653,50,all-mpnet-base-v2
SentenceTransformer,0.65,4,0.3601447818218379,0.4993030387510454,0.41845794392523367,0.4993030387510454,0.9988969478178668,50,all-mpnet-base-v2
SentenceTransformer,0.65,5,0.3674969375255206,0.5018120992472819,0.4242781378903948,0.5018120992472819,0.9989260667315372,50,all-mpnet-base-v2
SentenceTransformer,0.65,6,0.36343115124153497,0.493727348759409,0.4186761229314421,0.493727348759409,0.9989246801166004,50,all-mpnet-base-v2
SentenceTransformer,0.65,7,0.3642088157627463,0.4998606077502091,0.42138660399529965,0.4998606077502091,0.9989149738120436,50,all-mpnet-base-v2
SentenceTransformer,0.65,8,0.38551900897052543,0.5032060217451909,0.4365703228927319,0.5032060217451909,0.999002677206789,50,all-mpnet-base-v2
SentenceTransformer,0.65,9,0.3642075395216863,0.5009757457485364,0.4217814810468255,0.5009757457485364,0.9989125472359045,50,all-mpnet-base-v2
SentenceTransformer,0.65,10,0.3607684529828109,0.4973515472539727,0.4181903422409752,0.4973515472539727,0.9989042275462844,50,all-mpnet-base-v2
SentenceTransformer,0.7,1,0.5675090252707581,0.43824923334262617,0.49457291175082585,0.43824923334262617,0.9995847088264627,50,all-mpnet-base-v2
SentenceTransformer,0.7,2,0.5627266134880348,0.4326735433509897,0.489204097714736,0.4326735433509897,0.9995819355965894,50,all-mpnet-base-v2
SentenceTransformer,0.7,3,0.5616636528028933,0.43295232785057153,0.48897984886649876,0.43295232785057153,0.9995798556741843,50,all-mpnet-base-v2
SentenceTransformer,0.7,4,0.5688905003625816,0.43741287984388066,0.4945626477541371,0.43741287984388066,0.9995878287100702,50,all-mpnet-base-v2
SentenceTransformer,0.7,5,0.5579446064139941,0.4268190688597714,0.4836518717422208,0.4268190688597714,0.9995795090204501,50,all-mpnet-base-v2
SentenceTransformer,0.7,6,0.5559163059163059,0.42960691385558963,0.4846674005346753,0.42960691385558963,0.9995732692532351,50,all-mpnet-base-v2
SentenceTransformer,0.7,7,0.5646929824561403,0.43072205185391693,0.4886920765459434,0.43072205185391693,0.9995871354026019,50,all-mpnet-base-v2
SentenceTransformer,0.7,8,0.5663430420711975,0.4390855868413716,0.4946608040201005,0.4390855868413716,0.9995819355965894,50,all-mpnet-base-v2
SentenceTransformer,0.7,9,0.5659824046920822,0.4304432673543351,0.4889944576405384,0.4304432673543351,0.9995895619787412,50,all-mpnet-base-v2
SentenceTransformer,0.7,10,0.5607272727272727,0.42988569835517143,0.48666561464415337,0.42988569835517143,0.999581242289121,50,all-mpnet-base-v2
SentenceTransformer,0.75,1,0.7082872928176795,0.3574017284638974,0.4750787474522883,0.3574017284638974,0.9998169668283575,50,all-mpnet-base-v2
SentenceTransformer,0.75,2,0.7077348066298342,0.3571229439643156,0.47470817120622566,0.3571229439643156,0.9998166201746234,50,all-mpnet-base-v2
SentenceTransformer,0.75,3,0.7065337763012182,0.35572902146640645,0.4732060077878732,0.35572902146640645,0.9998162735208892,50,all-mpnet-base-v2
SentenceTransformer,0.75,4,0.7082405345211581,0.35461388346807915,0.472598922533903,0.35461388346807915,0.9998183534432942,50,all-mpnet-base-v2
SentenceTransformer,0.75,5,0.7054908485856906,0.35461388346807915,0.47198515769944344,0.35461388346807915,0.999815926867155,50,all-mpnet-base-v2
SentenceTransformer,0.75,6,0.704381586245147,0.3540563144689155,0.4712430426716141,0.3540563144689155,0.9998152335596867,50,all-mpnet-base-v2
SentenceTransformer,0.75,7,0.706953642384106,0.3571229439643156,0.4745323208001482,0.3571229439643156,0.999815926867155,50,all-mpnet-base-v2
SentenceTransformer,0.75,8,0.7071973827699018,0.36158349595762473,0.4785095000922339,0.36158349595762473,0.99981384694475,50,all-mpnet-base-v2
SentenceTransformer,0.75,9,0.7064017660044151,0.35684415946473375,0.4741618818299685,0.35684415946473375,0.9998155802134209,50,all-mpnet-base-v2
SentenceTransformer,0.75,10,0.7077600440286186,0.3585168664622247,0.4759437453737972,0.3585168664622247,0.999815926867155,50,all-mpnet-base-v2
SentenceTransformer,0.8,1,0.8512911843276937,0.26651798160022305,0.4059447983014862,0.26651798160022305,0.9999421088263933,50,all-mpnet-base-v2
SentenceTransformer,0.8,2,0.8481349911190054,0.2662391971006412,0.40526204116274134,0.2662391971006412,0.9999407222114567,50,all-mpnet-base-v2
SentenceTransformer,0.8,3,0.8513274336283185,0.26819068859771394,0.4078863684545262,0.26819068859771394,0.9999417621726592,50,all-mpnet-base-v2
SentenceTransformer,0.8,4,0.849644128113879,0.2662391971006412,0.405434090426661,0.2662391971006412,0.999941415518925,50,all-mpnet-base-v2
SentenceTransformer,0.8,5,0.8504007123775601,0.2662391971006412,0.40552016985138006,0.2662391971006412,0.9999417621726592,50,all-mpnet-base-v2
SentenceTransformer,0.8,6,0.8509316770186336,0.2673543350989685,0.4068731438268986,0.2673543350989685,0.9999417621726592,50,all-mpnet-base-v2
SentenceTransformer,0.8,7,0.8509316770186336,0.2673543350989685,0.4068731438268986,0.2673543350989685,0.9999417621726592,50,all-mpnet-base-v2
SentenceTransformer,0.8,8,0.8533333333333334,0.2676331195985503,0.4074702886247878,0.2676331195985503,0.9999428021338618,50,all-mpnet-base-v2
SentenceTransformer,0.8,9,0.8498659517426274,0.2651240591023139,0.40416489587760307,0.2651240591023139,0.9999417621726592,50,all-mpnet-base-v2
SentenceTransformer,0.8,10,0.8502673796791443,0.2659604126010594,0.4051815672117222,0.2659604126010594,0.9999417621726592,50,all-mpnet-base-v2
SentenceTransformer,0.85,1,0.9179331306990881,0.16838583774742125,0.2845700824499411,0.16838583774742125,0.9999812806983548,50,all-mpnet-base-v2
SentenceTransformer,0.85,2,0.9179331306990881,0.16838583774742125,0.2845700824499411,0.16838583774742125,0.9999812806983548,50,all-mpnet-base-v2
SentenceTransformer,0.85,3,0.9179331306990881,0.16838583774742125,0.2845700824499411,0.16838583774742125,0.9999812806983548,50,all-mpnet-base-v2
SentenceTransformer,0.85,4,0.9179331306990881,0.16838583774742125,0.2845700824499411,0.16838583774742125,0.9999812806983548,50,all-mpnet-base-v2
SentenceTransformer,0.85,5,0.9179331306990881,0.16838583774742125,0.2845700824499411,0.16838583774742125,0.9999812806983548,50,all-mpnet-base-v2
SentenceTransformer,0.85,6,0.9179331306990881,0.16838583774742125,0.2845700824499411,0.16838583774742125,0.9999812806983548,50,all-mpnet-base-v2
SentenceTransformer,0.85,7,0.9179331306990881,0.16838583774742125,0.2845700824499411,0.16838583774742125,0.9999812806983548,50,all-mpnet-base-v2
SentenceTransformer,0.85,8,0.9179331306990881,0.16838583774742125,0.2845700824499411,0.16838583774742125,0.9999812806983548,50,all-mpnet-base-v2
SentenceTransformer,0.85,9,0.918429003021148,0.16950097574574854,0.2861849847022829,0.16950097574574854,0.9999812806983548,50,all-mpnet-base-v2
SentenceTransformer,0.85,10,0.9179331306990881,0.16838583774742125,0.2845700824499411,0.16838583774742125,0.9999812806983548,50,all-mpnet-base-v2
SentenceTransformer,0.9,1,0.9636363636363636,0.07387789238918316,0.13723459347488348,0.07387789238918316,0.9999965334626583,50,all-mpnet-base-v2
SentenceTransformer,0.9,2,0.9636363636363636,0.07387789238918316,0.13723459347488348,0.07387789238918316,0.9999965334626583,50,all-mpnet-base-v2
SentenceTransformer,0.9,3,0.9636363636363636,0.07387789238918316,0.13723459347488348,0.07387789238918316,0.9999965334626583,50,all-mpnet-base-v2
SentenceTransformer,0.9,4,0.9636363636363636,0.07387789238918316,0.13723459347488348,0.07387789238918316,0.9999965334626583,50,all-mpnet-base-v2
SentenceTransformer,0.9,5,0.9636363636363636,0.07387789238918316,0.13723459347488348,0.07387789238918316,0.9999965334626583,50,all-mpnet-base-v2
SentenceTransformer,0.9,6,0.9636363636363636,0.07387789238918316,0.13723459347488348,0.07387789238918316,0.9999965334626583,50,all-mpnet-base-v2
SentenceTransformer,0.9,7,0.9637681159420289,0.07415667688876498,0.13771680041418585,0.07415667688876498,0.9999965334626583,50,all-mpnet-base-v2
SentenceTransformer,0.9,8,0.9636363636363636,0.07387789238918316,0.13723459347488348,0.07387789238918316,0.9999965334626583,50,all-mpnet-base-v2
SentenceTransformer,0.9,9,0.9636363636363636,0.07387789238918316,0.13723459347488348,0.07387789238918316,0.9999965334626583,50,all-mpnet-base-v2
SentenceTransformer,0.9,10,0.9636363636363636,0.07387789238918316,0.13723459347488348,0.07387789238918316,0.9999965334626583,50,all-mpnet-base-v2
SentenceTransformer,0.95,1,0.9565217391304348,0.018399776972400333,0.036105032822757115,0.018399776972400333,0.9999989600387975,50,all-mpnet-base-v2
SentenceTransformer,0.95,2,0.9565217391304348,0.018399776972400333,0.036105032822757115,0.018399776972400333,0.9999989600387975,50,all-mpnet-base-v2
SentenceTransformer,0.95,3,0.9565217391304348,0.018399776972400333,0.036105032822757115,0.018399776972400333,0.9999989600387975,50,all-mpnet-base-v2
SentenceTransformer,0.95,4,0.9565217391304348,0.018399776972400333,0.036105032822757115,0.018399776972400333,0.9999989600387975,50,all-mpnet-base-v2
SentenceTransformer,0.95,5,0.9565217391304348,0.018399776972400333,0.036105032822757115,0.018399776972400333,0.9999989600387975,50,all-mpnet-base-v2
SentenceTransformer,0.95,6,0.9565217391304348,0.018399776972400333,0.036105032822757115,0.018399776972400333,0.9999989600387975,50,all-mpnet-base-v2
SentenceTransformer,0.95,7,0.9565217391304348,0.018399776972400333,0.036105032822757115,0.018399776972400333,0.9999989600387975,50,all-mpnet-base-v2
SentenceTransformer,0.95,8,0.9565217391304348,0.018399776972400333,0.036105032822757115,0.018399776972400333,0.9999989600387975,50,all-mpnet-base-v2
SentenceTransformer,0.95,9,0.9565217391304348,0.018399776972400333,0.036105032822757115,0.018399776972400333,0.9999989600387975,50,all-mpnet-base-v2
SentenceTransformer,0.95,10,0.9565217391304348,0.018399776972400333,0.036105032822757115,0.018399776972400333,0.9999989600387975,50,all-mpnet-base-v2
SentenceTransformer,0.1,1,0.04291254109171079,0.6077502090883747,0.08016474222254909,0.6077502090883747,0.9831453487908545,100,all-mpnet-base-v2
SentenceTransformer,0.1,2,0.0446128635804998,0.607192640089211,0.0831186673535978,0.607192640089211,0.9838313765307796,100,all-mpnet-base-v2
SentenceTransformer,0.1,3,0.0416574504165745,0.6300529690549206,0.07814796244748354,0.6300529690549206,0.9819767790529628,100,all-mpnet-base-v2
SentenceTransformer,0.1,4,0.04845084266786804,0.6596041260105938,0.09027088897367418,0.6596041260105938,0.9838920409342595,100,all-mpnet-base-v2
SentenceTransformer,0.1,5,0.043973069125129105,0.6409255645386116,0.08229966528844261,0.6409255645386116,0.9826732064049131,100,all-mpnet-base-v2
SentenceTransformer,0.1,6,0.04073821922093216,0.6172288820741567,0.0764318017053889,0.6172288820741567,0.9819279008764447,100,all-mpnet-base-v2
SentenceTransformer,0.1,7,0.03970214245201895,0.6049623640925564,0.0745141130416867,0.6049623640925564,0.981805185454548,100,all-mpnet-base-v2
SentenceTransformer,0.1,8,0.040474274987549325,0.5890716476163925,0.07574426899431828,0.5890716476163925,0.9826350744941542,100,all-mpnet-base-v2
SentenceTransformer,0.1,9,0.0407559880239521,0.607192640089211,0.07638487032458309,0.607192640089211,0.9822298362789079,100,all-mpnet-base-v2
SentenceTransformer,0.1,10,0.045271650537523474,0.6116531920825202,0.08430355427473583,0.6116531920825202,0.9839606783736254,100,all-mpnet-base-v2
SentenceTransformer,0.15,1,0.04291254109171079,0.6077502090883747,0.08016474222254909,0.6077502090883747,0.9831453487908545,100,all-mpnet-base-v2
SentenceTransformer,0.15,2,0.0446128635804998,0.607192640089211,0.0831186673535978,0.607192640089211,0.9838313765307796,100,all-mpnet-base-v2
SentenceTransformer,0.15,3,0.0416574504165745,0.6300529690549206,0.07814796244748354,0.6300529690549206,0.9819767790529628,100,all-mpnet-base-v2
SentenceTransformer,0.15,4,0.04845084266786804,0.6596041260105938,0.09027088897367418,0.6596041260105938,0.9838920409342595,100,all-mpnet-base-v2
SentenceTransformer,0.15,5,0.043973069125129105,0.6409255645386116,0.08229966528844261,0.6409255645386116,0.9826732064049131,100,all-mpnet-base-v2
SentenceTransformer,0.15,6,0.04073821922093216,0.6172288820741567,0.0764318017053889,0.6172288820741567,0.9819279008764447,100,all-mpnet-base-v2
SentenceTransformer,0.15,7,0.03970214245201895,0.6049623640925564,0.0745141130416867,0.6049623640925564,0.981805185454548,100,all-mpnet-base-v2
SentenceTransformer,0.15,8,0.040474274987549325,0.5890716476163925,0.07574426899431828,0.5890716476163925,0.9826350744941542,100,all-mpnet-base-v2
SentenceTransformer,0.15,9,0.0407559880239521,0.607192640089211,0.07638487032458309,0.607192640089211,0.9822298362789079,100,all-mpnet-base-v2
SentenceTransformer,0.15,10,0.045271650537523474,0.6116531920825202,0.08430355427473583,0.6116531920825202,0.9839606783736254,100,all-mpnet-base-v2
SentenceTransformer,0.2,1,0.04291254109171079,0.6077502090883747,0.08016474222254909,0.6077502090883747,0.9831453487908545,100,all-mpnet-base-v2
SentenceTransformer,0.2,2,0.0446128635804998,0.607192640089211,0.0831186673535978,0.607192640089211,0.9838313765307796,100,all-mpnet-base-v2
SentenceTransformer,0.2,3,0.0416574504165745,0.6300529690549206,0.07814796244748354,0.6300529690549206,0.9819767790529628,100,all-mpnet-base-v2
SentenceTransformer,0.2,4,0.04845084266786804,0.6596041260105938,0.09027088897367418,0.6596041260105938,0.9838920409342595,100,all-mpnet-base-v2
SentenceTransformer,0.2,5,0.043973069125129105,0.6409255645386116,0.08229966528844261,0.6409255645386116,0.9826732064049131,100,all-mpnet-base-v2
SentenceTransformer,0.2,6,0.04073821922093216,0.6172288820741567,0.0764318017053889,0.6172288820741567,0.9819279008764447,100,all-mpnet-base-v2
SentenceTransformer,0.2,7,0.03970214245201895,0.6049623640925564,0.0745141130416867,0.6049623640925564,0.981805185454548,100,all-mpnet-base-v2
SentenceTransformer,0.2,8,0.040455895029211764,0.5887928631168107,0.07570977917981073,0.5887928631168107,0.9826350744941542,100,all-mpnet-base-v2
SentenceTransformer,0.2,9,0.0407559880239521,0.607192640089211,0.07638487032458309,0.607192640089211,0.9822298362789079,100,all-mpnet-base-v2
SentenceTransformer,0.2,10,0.045271650537523474,0.6116531920825202,0.08430355427473583,0.6116531920825202,0.9839606783736254,100,all-mpnet-base-v2
SentenceTransformer,0.25,1,0.04293108898372056,0.6057987175913019,0.08018006383410513,0.6057987175913019,0.9832070531555369,100,all-mpnet-base-v2
SentenceTransformer,0.25,2,0.044669592682226505,0.607192640089211,0.08321711720317126,0.607192640089211,0.9838528690622982,100,all-mpnet-base-v2
SentenceTransformer,0.25,3,0.04163978544174301,0.6297741845553387,0.07811473425775442,0.6297741845553387,0.9819767790529628,100,all-mpnet-base-v2
SentenceTransformer,0.25,4,0.04839238173254147,0.6587677725118484,0.09016158879752752,0.6587677725118484,0.9838920409342595,100,all-mpnet-base-v2
SentenceTransformer,0.25,5,0.04394301558466392,0.6406467800390299,0.08224472996671559,0.6406467800390299,0.9826683532526347,100,all-mpnet-base-v2
SentenceTransformer,0.25,6,0.040865561694290974,0.6186228045720658,0.07666660908321385,0.6186228045720658,0.9819459268706215,100,all-mpnet-base-v2
SentenceTransformer,0.25,7,0.03970214245201895,0.6049623640925564,0.0745141130416867,0.6049623640925564,0.981805185454548,100,all-mpnet-base-v2
SentenceTransformer,0.25,8,0.04145247309343653,0.6002230275996655,0.07754925620430068,0.6002230275996655,0.9827414971905448,100,all-mpnet-base-v2
SentenceTransformer,0.25,9,0.0433203734038564,0.6119319765821021,0.08091271011501032,0.6119319765821021,0.9831963068897777,100,all-mpnet-base-v2
SentenceTransformer,0.25,10,0.045271650537523474,0.6116531920825202,0.08430355427473583,0.6116531920825202,0.9839606783736254,100,all-mpnet-base-v2
SentenceTransformer,0.3,1,0.04252127050555698,0.6005018120992472,0.07941892190841383,0.6005018120992472,0.9831862539314866,100,all-mpnet-base-v2
SentenceTransformer,0.3,2,0.043515637792696904,0.5926958461109563,0.08107850428083824,0.5926958461109563,0.9838008710021725,100,all-mpnet-base-v2
SentenceTransformer,0.3,3,0.041397373330067266,0.6124895455812657,0.07755303752338592,0.6124895455812657,0.9823643379277663,100,all-mpnet-base-v2
SentenceTransformer,0.3,4,0.0502184341271201,0.6537496515193755,0.09327208002704691,0.6537496515193755,0.9846255602357661,100,all-mpnet-base-v2
SentenceTransformer,0.3,5,0.04491265344664778,0.6364650125453025,0.08390451864238593,0.6364650125453025,0.9831703078597148,100,all-mpnet-base-v2
SentenceTransformer,0.3,6,0.044225014961101136,0.6180652355729022,0.08254370124913901,0.6180652355729022,0.9833907796346477,100,all-mpnet-base-v2
SentenceTransformer,0.3,7,0.04046465536225501,0.6147198215779203,0.07593105941906714,0.6147198215779203,0.9818745162013822,100,all-mpnet-base-v2
SentenceTransformer,0.3,8,0.04430494721756858,0.6119319765821021,0.08262751741012611,0.6119319765821021,0.9835866389944545,100,all-mpnet-base-v2
SentenceTransformer,0.3,9,0.04357471082237363,0.6133258990800111,0.08136846971798428,0.6133258990800111,0.9832607844843335,100,all-mpnet-base-v2
SentenceTransformer,0.3,10,0.045462815096322946,0.6269863395595205,0.08477834740651387,0.6269863395595205,0.9836310106724285,100,all-mpnet-base-v2
SentenceTransformer,0.35,1,0.04921304485871093,0.6049623640925564,0.0910215809232189,0.6049623640925564,0.9854668888486,100,all-mpnet-base-v2
SentenceTransformer,0.35,2,0.04642954113494434,0.5720657931419013,0.08588828662913589,0.5720657931419013,0.9853906250270823,100,all-mpnet-base-v2
SentenceTransformer,0.35,3,0.045509506337558375,0.6085865625871202,0.08468625739501504,0.6085865625871202,0.9841284587809644,100,all-mpnet-base-v2
SentenceTransformer,0.35,4,0.05606841906678405,0.621410649567884,0.10285635180656176,0.621410649567884,0.9869914719714856,100,all-mpnet-base-v2
SentenceTransformer,0.35,5,0.04979344291113651,0.6317256760524115,0.09231082594968938,0.6317256760524115,0.9850099992269622,100,all-mpnet-base-v2
SentenceTransformer,0.35,6,0.05037582315247999,0.6333983830499025,0.0933289516924088,0.6333983830499025,0.9851531672191749,100,all-mpnet-base-v2
SentenceTransformer,0.35,7,0.04555957712205795,0.6211318650683022,0.08489236044960945,0.6211318650683022,0.9838199369575519,100,all-mpnet-base-v2
SentenceTransformer,0.35,8,0.046408672742193235,0.5991078896013382,0.08614434890666026,0.5991078896013382,0.9846928110601953,100,all-mpnet-base-v2
SentenceTransformer,0.35,9,0.04535793232443462,0.5949261221076109,0.0842895230571739,0.5949261221076109,0.9844303941834277,100,all-mpnet-base-v2
SentenceTransformer,0.35,10,0.05037503472543754,0.6066350710900474,0.09302524421264134,0.6066350710900474,0.985780263824291,100,all-mpnet-base-v2
SentenceTransformer,0.4,1,0.0524537607891492,0.592974630610538,0.09638172055191789,0.592974630610538,0.9866805235719339,100,all-mpnet-base-v2
SentenceTransformer,0.4,2,0.0556905788579642,0.5940897686088653,0.10183503775207875,0.5940897686088653,0.9874740139694522,100,all-mpnet-base-v2
SentenceTransformer,0.4,3,0.053474767580163604,0.6141622525787567,0.09838335119685603,0.6141622525787567,0.9864825842897221,100,all-mpnet-base-v2
SentenceTransformer,0.4,4,0.06287714903791415,0.6158349595762476,0.1141041865750665,0.6158349595762476,0.9885871191098764,100,all-mpnet-base-v2
SentenceTransformer,0.4,5,0.052927434661994455,0.6063562865904656,0.09735681833441508,0.6063562865904656,0.986508583319785,100,all-mpnet-base-v2
SentenceTransformer,0.4,6,0.05657492354740061,0.6085865625871202,0.1035259526237166,0.6085865625871202,0.9873807641149601,100,all-mpnet-base-v2
SentenceTransformer,0.4,7,0.052930056710775046,0.6088653470867019,0.09739347588574997,0.6088653470867019,0.9864534653760517,100,all-mpnet-base-v2
SentenceTransformer,0.4,8,0.053594604911566354,0.5871201561193198,0.09822303064222751,0.5871201561193198,0.9871082942799014,100,all-mpnet-base-v2
SentenceTransformer,0.4,9,0.05347662161122368,0.5812656816281014,0.09794250281848929,0.5812656816281014,0.9872070905941402,100,all-mpnet-base-v2
SentenceTransformer,0.4,10,0.056759464304544975,0.6002230275996655,0.10371155374647752,0.6002230275996655,0.9875970760450831,100,all-mpnet-base-v2
SentenceTransformer,0.45,1,0.07190412782956059,0.5871201561193198,0.12811777588514417,0.5871201561193198,0.99057691154402,100,all-mpnet-base-v2
SentenceTransformer,0.45,2,0.06564429265729672,0.5572902146640647,0.1174535092100238,0.5572902146640647,0.9901366613016224,100,all-mpnet-base-v2
SentenceTransformer,0.45,3,0.06682056017236072,0.6052411485921383,0.12035368794522826,0.6052411485921383,0.9894898054336586,100,all-mpnet-base-v2
SentenceTransformer,0.45,4,0.07423443555990084,0.5926958461109563,0.13194315149258362,0.5926958461109563,0.9908091695459148,100,all-mpnet-base-v2
SentenceTransformer,0.45,5,0.07202179693398549,0.6116531920825202,0.12886930983847283,0.6116531920825202,0.9902004455887099,100,all-mpnet-base-v2
SentenceTransformer,0.45,6,0.06691192654780996,0.5932534151101199,0.12025996044080249,0.5932534151101199,0.989713050438465,100,all-mpnet-base-v2
SentenceTransformer,0.45,7,0.06726325105713443,0.5720657931419013,0.12037308617352027,0.5720657931419013,0.990135967994154,100,all-mpnet-base-v2
SentenceTransformer,0.45,8,0.0683939544926092,0.5740172846389741,0.12222486050100914,0.5740172846389741,0.9902777493714301,100,all-mpnet-base-v2
SentenceTransformer,0.45,9,0.0675985258474717,0.5676052411485921,0.12080935145078027,0.5676052411485921,0.9902649231832658,100,all-mpnet-base-v2
SentenceTransformer,0.45,10,0.07177546304049302,0.5974351826038472,0.12815452697045807,0.5974351826038472,0.990392838411175,100,all-mpnet-base-v2
SentenceTransformer,0.5,1,0.10107705053852527,0.5781990521327014,0.17207334273624825,0.5781990521327014,0.9936059718732093,100,all-mpnet-base-v2
SentenceTransformer,0.5,2,0.09711906901934812,0.5723445776414832,0.16606001779503357,0.5723445776414832,0.9933837668296055,100,all-mpnet-base-v2
SentenceTransformer,0.5,3,0.09597365247240004,0.5768051296347924,0.16456551998409227,0.5768051296347924,0.9932440653747344,100,all-mpnet-base-v2
SentenceTransformer,0.5,4,0.09964515200920687,0.5793141901310287,0.17004214230186981,0.5793141901310287,0.9934912294871986,100,all-mpnet-base-v2
SentenceTransformer,0.5,5,0.09794227685729556,0.6130471145804294,0.16890049541073004,0.6130471145804294,0.9929792219218275,100,all-mpnet-base-v2
SentenceTransformer,0.5,6,0.10073103579227191,0.591580708112629,0.17214943414594572,0.591580708112629,0.9934329916598578,100,all-mpnet-base-v2
SentenceTransformer,0.5,7,0.09441045606229144,0.567884025648174,0.16190438342010094,0.567884025648174,0.9932267326880259,100,all-mpnet-base-v2
SentenceTransformer,0.5,8,0.0975356434708715,0.5759687761360468,0.1668214300133231,0.5759687761360468,0.9933733672175803,100,all-mpnet-base-v2
SentenceTransformer,0.5,9,0.09636189564384873,0.5611931976582102,0.16448094129182497,0.5611931976582102,0.9934562174600473,100,all-mpnet-base-v2
SentenceTransformer,0.5,10,0.10344327304381468,0.5963200446055199,0.176303317535545,0.5963200446055199,0.9935733864221972,100,all-mpnet-base-v2
SentenceTransformer,0.55,1,0.13808297180043383,0.567884025648174,0.2221495174218878,0.567884025648174,0.9955922977700112,100,all-mpnet-base-v2
SentenceTransformer,0.55,2,0.15296581644102028,0.5701143016448286,0.24121255012974757,0.5701143016448286,0.9960744931142436,100,all-mpnet-base-v2
SentenceTransformer,0.55,3,0.15078130785751315,0.5676052411485921,0.2382679929783499,0.5676052411485921,0.996024921630257,100,all-mpnet-base-v2
SentenceTransformer,0.55,4,0.1405450269746853,0.5664901031502648,0.22521474092546412,0.5664901031502648,0.9956924806991867,100,all-mpnet-base-v2
SentenceTransformer,0.55,5,0.15046006624953992,0.5698355171452467,0.2380619613324016,0.5698355171452467,0.9959992692539283,100,all-mpnet-base-v2
SentenceTransformer,0.55,6,0.15715791058256812,0.582102035126847,0.24749599952586973,0.582102035126847,0.9961181714847491,100,all-mpnet-base-v2
SentenceTransformer,0.55,7,0.14793412308581336,0.570950655143574,0.2349836498192875,0.570950655143574,0.9959108725517146,100,all-mpnet-base-v2
SentenceTransformer,0.55,8,0.16225011622501162,0.5837747421243379,0.25392590796095316,0.5837747421243379,0.9962519798261393,100,all-mpnet-base-v2
SentenceTransformer,0.55,9,0.14269567674484318,0.5631446891552829,0.2276954291833399,0.5631446891552829,0.9957930102820964,100,all-mpnet-base-v2
SentenceTransformer,0.55,10,0.1511535401750199,0.5826596041260106,0.24003675203858965,0.5826596041260106,0.9959313251220308,100,all-mpnet-base-v2
SentenceTransformer,0.6,1,0.23514338010982305,0.5372177306941734,0.32710914955016124,0.5372177306941734,0.997827174394214,100,all-mpnet-base-v2
SentenceTransformer,0.6,2,0.23023727196852273,0.5383328686925007,0.3225321529981627,0.5383328686925007,0.9977620034921897,100,all-mpnet-base-v2
SentenceTransformer,0.6,3,0.24254572788774742,0.5397267911904098,0.334687527011842,0.5397267911904098,0.9979041315232,100,all-mpnet-base-v2
SentenceTransformer,0.6,4,0.24478901881037113,0.5369389461945916,0.3362723701440419,0.5369389461945916,0.9979401835115538,100,all-mpnet-base-v2
SentenceTransformer,0.6,5,0.23945198836081474,0.5505993866741009,0.3337558090409801,0.5505993866741009,0.9978254411255431,100,all-mpnet-base-v2
SentenceTransformer,0.6,6,0.23422044276966555,0.5545023696682464,0.32933189833595494,0.5545023696682464,0.9977457107666836,100,all-mpnet-base-v2
SentenceTransformer,0.6,7,0.2422264875239923,0.5277390577083915,0.3320470092966146,0.5277390577083915,0.9979471165862372,100,all-mpnet-base-v2
SentenceTransformer,0.6,8,0.23520192887281494,0.5439085586841371,0.32839589294731525,0.5439085586841371,0.9978008287104169,100,all-mpnet-base-v2
SentenceTransformer,0.6,9,0.2203626220362622,0.5285754112071369,0.31104913460749734,0.5285754112071369,0.9976746467511786,100,all-mpnet-base-v2
SentenceTransformer,0.6,10,0.2349519173691084,0.5517145246724282,0.3295587010824313,0.5517145246724282,0.9977661633369997,100,all-mpnet-base-v2
SentenceTransformer,0.65,1,0.38878225634463637,0.5082241427376638,0.4405509908168197,0.5082241427376638,0.9990064903978649,100,all-mpnet-base-v2
SentenceTransformer,0.65,2,0.3586193056391732,0.4981879007527181,0.41703617269544924,0.4981879007527181,0.9988920946655884,100,all-mpnet-base-v2
SentenceTransformer,0.65,3,0.365285508142651,0.4940061332589908,0.4200047404598246,0.4940061332589908,0.9989326531524864,100,all-mpnet-base-v2
SentenceTransformer,0.65,4,0.3743460975099393,0.4987454697518818,0.42768348075543866,0.4987454697518818,0.9989635053348277,100,all-mpnet-base-v2
SentenceTransformer,0.65,5,0.35764800969892907,0.49344856425982714,0.4147141518275539,0.49344856425982714,0.9988979877790692,100,all-mpnet-base-v2
SentenceTransformer,0.65,6,0.37364275069193104,0.4892667967660998,0.42370835345243846,0.4892667967660998,0.9989801447140678,100,all-mpnet-base-v2
SentenceTransformer,0.65,7,0.35657528804131905,0.5004181767493727,0.4164250086996868,0.5004181767493727,0.998877188555019,100,all-mpnet-base-v2
SentenceTransformer,0.65,8,0.3849978383052313,0.49651519375522724,0.43370266650432243,0.49651519375522724,0.9990137701262825,100,all-mpnet-base-v2
SentenceTransformer,0.65,9,0.3683886838868389,0.5009757457485364,0.42457176609568814,0.5009757457485364,0.998931959845018,100,all-mpnet-base-v2
SentenceTransformer,0.65,10,0.3761487050960735,0.5020908837468637,0.43008955223880596,0.5020908837468637,0.9989645452960302,100,all-mpnet-base-v2
SentenceTransformer,0.7,1,0.556350626118068,0.4335098968497352,0.48730805390159826,0.4335098968497352,0.9995701493696275,100,all-mpnet-base-v2
SentenceTransformer,0.7,2,0.5657225853304285,0.4343462503484806,0.49140514114492984,0.4343462503484806,0.9995854021339311,100,all-mpnet-base-v2
SentenceTransformer,0.7,3,0.5630191404839292,0.4346250348480625,0.4905601006922593,0.4346250348480625,0.9995805489816526,100,all-mpnet-base-v2
SentenceTransformer,0.7,4,0.5692422545726017,0.42514636186228044,0.4867539099904245,0.42514636186228044,0.9995999615907663,100,all-mpnet-base-v2
SentenceTransformer,0.7,5,0.560966678872208,0.42709785335935324,0.4849635960747072,0.42709785335935324,0.9995843621727285,100,all-mpnet-base-v2
SentenceTransformer,0.7,6,0.5588554871423397,0.4301644828547533,0.48613736609955893,0.4301644828547533,0.9995777757517793,100,all-mpnet-base-v2
SentenceTransformer,0.7,7,0.56759695541863,0.4365765263451352,0.493539237314844,0.4365765263451352,0.9995864420951336,100,all-mpnet-base-v2
SentenceTransformer,0.7,8,0.565623876303488,0.43852801784220796,0.4940326633165829,0.43852801784220796,0.999581242289121,100,all-mpnet-base-v2
SentenceTransformer,0.7,9,0.5688710266715382,0.4340674658488988,0.49240986717267554,0.4340674658488988,0.9995909485936778,100,all-mpnet-base-v2
SentenceTransformer,0.7,10,0.5542607428987618,0.424310008363535,0.4806568766777199,0.424310008363535,0.9995756958293742,100,all-mpnet-base-v2
SentenceTransformer,0.75,1,0.7147632311977716,0.35768051296347925,0.4767744332961724,0.35768051296347925,0.9998225132881042,100,all-mpnet-base-v2
SentenceTransformer,0.75,2,0.7059471365638766,0.3574017284638974,0.4745511752729965,0.3574017284638974,0.9998148869059525,100,all-mpnet-base-v2
SentenceTransformer,0.75,3,0.7131868131868132,0.3618622804572066,0.4801183650823007,0.3618622804572066,0.9998190467507625,100,all-mpnet-base-v2
SentenceTransformer,0.75,4,0.7090505274847307,0.3560078059659883,0.47401633259094283,0.3560078059659883,0.9998183534432942,100,all-mpnet-base-v2
SentenceTransformer,0.75,5,0.7044444444444444,0.3534987454697519,0.4707629478373863,0.3534987454697519,0.9998155802134209,100,all-mpnet-base-v2
SentenceTransformer,0.75,6,0.7046460176991151,0.3551714524672428,0.472289156626506,0.3551714524672428,0.9998148869059525,100,all-mpnet-base-v2
SentenceTransformer,0.75,7,0.7100723427935448,0.35572902146640645,0.4739970282317979,0.35572902146640645,0.9998193934044968,100,all-mpnet-base-v2
SentenceTransformer,0.75,8,0.7058501913613997,0.35991078896013384,0.47673559822747413,0.35991078896013384,0.9998135002910158,100,all-mpnet-base-v2
SentenceTransformer,0.75,9,0.7027472527472527,0.35656537496515195,0.4730904383206954,0.35656537496515195,0.9998124603298133,100,all-mpnet-base-v2
SentenceTransformer,0.75,10,0.7057851239669422,0.3571229439643156,0.4742687893372825,0.3571229439643156,0.9998148869059525,100,all-mpnet-base-v2
SentenceTransformer,0.8,1,0.849644128113879,0.2662391971006412,0.405434090426661,0.2662391971006412,0.999941415518925,100,all-mpnet-base-v2
SentenceTransformer,0.8,2,0.8471111111111111,0.26568162810147755,0.4044991511035654,0.26568162810147755,0.9999403755577225,100,all-mpnet-base-v2
SentenceTransformer,0.8,3,0.8542402826855123,0.2695846110956231,0.40983259165077346,0.2695846110956231,0.9999428021338618,100,all-mpnet-base-v2
SentenceTransformer,0.8,4,0.8453333333333334,0.2651240591023139,0.4036502546689304,0.2651240591023139,0.9999396822502542,100,all-mpnet-base-v2
SentenceTransformer,0.8,5,0.8486197684772929,0.26568162810147755,0.40467091295116775,0.26568162810147755,0.9999410688651909,100,all-mpnet-base-v2
SentenceTransformer,0.8,6,0.8525754884547069,0.2676331195985503,0.40738383195416933,0.2676331195985503,0.9999424554801275,100,all-mpnet-base-v2
SentenceTransformer,0.8,7,0.849911190053286,0.26679676609980485,0.4061107574793125,0.26679676609980485,0.999941415518925,100,all-mpnet-base-v2
SentenceTransformer,0.8,8,0.850177304964539,0.2673543350989685,0.4067868504772004,0.2673543350989685,0.999941415518925,100,all-mpnet-base-v2
SentenceTransformer,0.8,9,0.8508928571428571,0.26568162810147755,0.4049288294030168,0.26568162810147755,0.9999421088263933,100,all-mpnet-base-v2
SentenceTransformer,0.8,10,0.8464951197870453,0.2659604126010594,0.4047518031395842,0.2659604126010594,0.9999400289039884,100,all-mpnet-base-v2
SentenceTransformer,0.85,1,0.9179331306990881,0.16838583774742125,0.2845700824499411,0.16838583774742125,0.9999812806983548,100,all-mpnet-base-v2
SentenceTransformer,0.85,2,0.916923076923077,0.16615556175076665,0.28133113051687514,0.16615556175076665,0.9999812806983548,100,all-mpnet-base-v2
SentenceTransformer,0.85,3,0.9198184568835098,0.16950097574574854,0.2862523540489642,0.16950097574574854,0.999981627352089,100,all-mpnet-base-v2
SentenceTransformer,0.85,4,0.9174311926605505,0.16727069974909395,0.28295213393067675,0.16727069974909395,0.9999812806983548,100,all-mpnet-base-v2
SentenceTransformer,0.85,5,0.9179331306990881,0.16838583774742125,0.2845700824499411,0.16838583774742125,0.9999812806983548,100,all-mpnet-base-v2
SentenceTransformer,0.85,6,0.9181818181818182,0.1689434067465849,0.28537791382152106,0.1689434067465849,0.9999812806983548,100,all-mpnet-base-v2
SentenceTransformer,0.85,7,0.9187969924812031,0.17033732924449402,0.28739416745061147,0.17033732924449402,0.9999812806983548,100,all-mpnet-base-v2
SentenceTransformer,0.85,8,0.9165402124430956,0.16838583774742125,0.28450306170513423,0.16838583774742125,0.9999809340446206,100,all-mpnet-base-v2
SentenceTransformer,0.85,9,0.918429003021148,0.16950097574574854,0.2861849847022829,0.16950097574574854,0.9999812806983548,100,all-mpnet-base-v2
SentenceTransformer,0.85,10,0.9179331306990881,0.16838583774742125,0.2845700824499411,0.16838583774742125,0.9999812806983548,100,all-mpnet-base-v2
SentenceTransformer,0.9,1,0.9636363636363636,0.07387789238918316,0.13723459347488348,0.07387789238918316,0.9999965334626583,100,all-mpnet-base-v2
SentenceTransformer,0.9,2,0.9636363636363636,0.07387789238918316,0.13723459347488348,0.07387789238918316,0.9999965334626583,100,all-mpnet-base-v2
SentenceTransformer,0.9,3,0.9671532846715328,0.07387789238918316,0.13727013727013726,0.07387789238918316,0.9999968801163924,100,all-mpnet-base-v2
SentenceTransformer,0.9,4,0.9636363636363636,0.07387789238918316,0.13723459347488348,0.07387789238918316,0.9999965334626583,100,all-mpnet-base-v2
SentenceTransformer,0.9,5,0.9636363636363636,0.07387789238918316,0.13723459347488348,0.07387789238918316,0.9999965334626583,100,all-mpnet-base-v2
SentenceTransformer,0.9,6,0.9636363636363636,0.07387789238918316,0.13723459347488348,0.07387789238918316,0.9999965334626583,100,all-mpnet-base-v2
SentenceTransformer,0.9,7,0.9624060150375939,0.07136883189294675,0.13288346742797819,0.07136883189294675,0.9999965334626583,100,all-mpnet-base-v2
SentenceTransformer,0.9,8,0.9636363636363636,0.07387789238918316,0.13723459347488348,0.07387789238918316,0.9999965334626583,100,all-mpnet-base-v2
SentenceTransformer,0.9,9,0.9636363636363636,0.07387789238918316,0.13723459347488348,0.07387789238918316,0.9999965334626583,100,all-mpnet-base-v2
SentenceTransformer,0.9,10,0.9636363636363636,0.07387789238918316,0.13723459347488348,0.07387789238918316,0.9999965334626583,100,all-mpnet-base-v2
SentenceTransformer,0.95,1,0.9565217391304348,0.018399776972400333,0.036105032822757115,0.018399776972400333,0.9999989600387975,100,all-mpnet-base-v2
SentenceTransformer,0.95,2,0.9565217391304348,0.018399776972400333,0.036105032822757115,0.018399776972400333,0.9999989600387975,100,all-mpnet-base-v2
SentenceTransformer,0.95,3,0.9705882352941176,0.018399776972400333,0.036114911080711354,0.018399776972400333,0.9999993066925317,100,all-mpnet-base-v2
SentenceTransformer,0.95,4,0.9565217391304348,0.018399776972400333,0.036105032822757115,0.018399776972400333,0.9999989600387975,100,all-mpnet-base-v2
SentenceTransformer,0.95,5,0.9565217391304348,0.018399776972400333,0.036105032822757115,0.018399776972400333,0.9999989600387975,100,all-mpnet-base-v2
SentenceTransformer,0.95,6,0.9565217391304348,0.018399776972400333,0.036105032822757115,0.018399776972400333,0.9999989600387975,100,all-mpnet-base-v2
SentenceTransformer,0.95,7,0.9565217391304348,0.018399776972400333,0.036105032822757115,0.018399776972400333,0.9999989600387975,100,all-mpnet-base-v2
SentenceTransformer,0.95,8,0.9565217391304348,0.018399776972400333,0.036105032822757115,0.018399776972400333,0.9999989600387975,100,all-mpnet-base-v2
SentenceTransformer,0.95,9,0.9565217391304348,0.018399776972400333,0.036105032822757115,0.018399776972400333,0.9999989600387975,100,all-mpnet-base-v2
SentenceTransformer,0.95,10,0.9565217391304348,0.018399776972400333,0.036105032822757115,0.018399776972400333,0.9999989600387975,100,all-mpnet-base-v2
SentenceTransformer,0.1,1,0.0878838174273859,0.5904655701143017,0.1529959908982555,0.5904655701143017,0.9923798576154452,250,all-mpnet-base-v2
SentenceTransformer,0.1,2,0.09620602232798114,0.6030108725954837,0.16593785960874569,0.6030108725954837,0.992955996121638,250,all-mpnet-base-v2
SentenceTransformer,0.1,3,0.09545759302715387,0.6350710900473934,0.16596845287967651,0.6350710900473934,0.9925171324941771,250,all-mpnet-base-v2
SentenceTransformer,0.1,4,0.10119560019129603,0.589908001115138,0.1727558476548149,0.589908001115138,0.9934849897199836,250,all-mpnet-base-v2
SentenceTransformer,0.1,5,0.09396232906166681,0.6091441315862838,0.16281062553556128,0.6091441315862838,0.9926963524747436,250,all-mpnet-base-v2
SentenceTransformer,0.1,6,0.09956226133929404,0.5960412601059382,0.1706236782251307,0.5960412601059382,0.9932971033960626,250,all-mpnet-base-v2
SentenceTransformer,0.1,7,0.09235361250109736,0.5865625871201561,0.15958132655770033,0.5865625871201561,0.9928318940848047,250,all-mpnet-base-v2
SentenceTransformer,0.1,8,0.09181912323092854,0.5932534151101199,0.15902552030788775,0.5932534151101199,0.9927036322031613,250,all-mpnet-base-v2
SentenceTransformer,0.1,9,0.10376509590338621,0.6108168385837748,0.1773945429519877,0.6108168385837748,0.9934399247345412,250,all-mpnet-base-v2
SentenceTransformer,0.1,10,0.09948372615039282,0.6177864510733203,0.17137112365632975,0.6177864510733203,0.9930464727462568,250,all-mpnet-base-v2
SentenceTransformer,0.15,1,0.0878838174273859,0.5904655701143017,0.1529959908982555,0.5904655701143017,0.9923798576154452,250,all-mpnet-base-v2
SentenceTransformer,0.15,2,0.09620602232798114,0.6030108725954837,0.16593785960874569,0.6030108725954837,0.992955996121638,250,all-mpnet-base-v2
SentenceTransformer,0.15,3,0.09545759302715387,0.6350710900473934,0.16596845287967651,0.6350710900473934,0.9925171324941771,250,all-mpnet-base-v2
SentenceTransformer,0.15,4,0.10119560019129603,0.589908001115138,0.1727558476548149,0.589908001115138,0.9934849897199836,250,all-mpnet-base-v2
SentenceTransformer,0.15,5,0.09396232906166681,0.6091441315862838,0.16281062553556128,0.6091441315862838,0.9926963524747436,250,all-mpnet-base-v2
SentenceTransformer,0.15,6,0.09956226133929404,0.5960412601059382,0.1706236782251307,0.5960412601059382,0.9932971033960626,250,all-mpnet-base-v2
SentenceTransformer,0.15,7,0.09235361250109736,0.5865625871201561,0.15958132655770033,0.5865625871201561,0.9928318940848047,250,all-mpnet-base-v2
SentenceTransformer,0.15,8,0.09181912323092854,0.5932534151101199,0.15902552030788775,0.5932534151101199,0.9927036322031613,250,all-mpnet-base-v2
SentenceTransformer,0.15,9,0.10376509590338621,0.6108168385837748,0.1773945429519877,0.6108168385837748,0.9934399247345412,250,all-mpnet-base-v2
SentenceTransformer,0.15,10,0.09948372615039282,0.6177864510733203,0.17137112365632975,0.6177864510733203,0.9930464727462568,250,all-mpnet-base-v2
SentenceTransformer,0.2,1,0.0878838174273859,0.5904655701143017,0.1529959908982555,0.5904655701143017,0.9923798576154452,250,all-mpnet-base-v2
SentenceTransformer,0.2,2,0.09620602232798114,0.6030108725954837,0.16593785960874569,0.6030108725954837,0.992955996121638,250,all-mpnet-base-v2
SentenceTransformer,0.2,3,0.09545759302715387,0.6350710900473934,0.16596845287967651,0.6350710900473934,0.9925171324941771,250,all-mpnet-base-v2
SentenceTransformer,0.2,4,0.10119560019129603,0.589908001115138,0.1727558476548149,0.589908001115138,0.9934849897199836,250,all-mpnet-base-v2
SentenceTransformer,0.2,5,0.09396232906166681,0.6091441315862838,0.16281062553556128,0.6091441315862838,0.9926963524747436,250,all-mpnet-base-v2
SentenceTransformer,0.2,6,0.09956226133929404,0.5960412601059382,0.1706236782251307,0.5960412601059382,0.9932971033960626,250,all-mpnet-base-v2
SentenceTransformer,0.2,7,0.09235361250109736,0.5865625871201561,0.15958132655770033,0.5865625871201561,0.9928318940848047,250,all-mpnet-base-v2
SentenceTransformer,0.2,8,0.09181912323092854,0.5932534151101199,0.15902552030788775,0.5932534151101199,0.9927036322031613,250,all-mpnet-base-v2
SentenceTransformer,0.2,9,0.10376509590338621,0.6108168385837748,0.1773945429519877,0.6108168385837748,0.9934399247345412,250,all-mpnet-base-v2
SentenceTransformer,0.2,10,0.09948372615039282,0.6177864510733203,0.17137112365632975,0.6177864510733203,0.9930464727462568,250,all-mpnet-base-v2
SentenceTransformer,0.25,1,0.0878838174273859,0.5904655701143017,0.1529959908982555,0.5904655701143017,0.9923798576154452,250,all-mpnet-base-v2
SentenceTransformer,0.25,2,0.09620602232798114,0.6030108725954837,0.16593785960874569,0.6030108725954837,0.992955996121638,250,all-mpnet-base-v2
SentenceTransformer,0.25,3,0.09541968738213971,0.6347923055478115,0.1659016393442623,0.6347923055478115,0.9925171324941771,250,all-mpnet-base-v2
SentenceTransformer,0.25,4,0.10119560019129603,0.589908001115138,0.1727558476548149,0.589908001115138,0.9934849897199836,250,all-mpnet-base-v2
SentenceTransformer,0.25,5,0.09396232906166681,0.6091441315862838,0.16281062553556128,0.6091441315862838,0.9926963524747436,250,all-mpnet-base-v2
SentenceTransformer,0.25,6,0.09956226133929404,0.5960412601059382,0.1706236782251307,0.5960412601059382,0.9932971033960626,250,all-mpnet-base-v2
SentenceTransformer,0.25,7,0.09235361250109736,0.5865625871201561,0.15958132655770033,0.5865625871201561,0.9928318940848047,250,all-mpnet-base-v2
SentenceTransformer,0.25,8,0.09181912323092854,0.5932534151101199,0.15902552030788775,0.5932534151101199,0.9927036322031613,250,all-mpnet-base-v2
SentenceTransformer,0.25,9,0.10376509590338621,0.6108168385837748,0.1773945429519877,0.6108168385837748,0.9934399247345412,250,all-mpnet-base-v2
SentenceTransformer,0.25,10,0.09948372615039282,0.6177864510733203,0.17137112365632975,0.6177864510733203,0.9930464727462568,250,all-mpnet-base-v2
SentenceTransformer,0.3,1,0.0886453346770807,0.5885140786172289,0.15408196781139374,0.5885140786172289,0.9924765740072791,250,all-mpnet-base-v2
SentenceTransformer,0.3,2,0.09612485590139222,0.6044047950933928,0.1658697065911786,0.6044047950933928,0.9929331169751827,250,all-mpnet-base-v2
SentenceTransformer,0.3,3,0.09539597935115625,0.6336771675494842,0.16582767928795505,0.6336771675494842,0.9925282254136706,250,all-mpnet-base-v2
SentenceTransformer,0.3,4,0.10118705724679303,0.5893504321159744,0.17271947383471548,0.5893504321159744,0.9934905361797303,250,all-mpnet-base-v2
SentenceTransformer,0.3,5,0.09582522171749946,0.6175076665737385,0.165905175642274,0.6175076665737385,0.9927549369558186,250,all-mpnet-base-v2
SentenceTransformer,0.3,6,0.09960882928192233,0.5963200446055199,0.17070348350025938,0.5963200446055199,0.9932974500497969,250,all-mpnet-base-v2
SentenceTransformer,0.3,7,0.09219017516133281,0.5854474491218288,0.1592960631115831,0.5854474491218288,0.9928315474310705,250,all-mpnet-base-v2
SentenceTransformer,0.3,8,0.09192176503605198,0.5935321996097017,0.15918947211006432,0.5935321996097017,0.992709178662908,250,all-mpnet-base-v2
SentenceTransformer,0.3,9,0.10390843899890773,0.6099804850850292,0.17756857652978414,0.6099804850850292,0.9934589906899206,250,all-mpnet-base-v2
SentenceTransformer,0.3,10,0.09969910630080388,0.6189015890716476,0.1717335808772337,0.6189015890716476,0.9930506325910669,250,all-mpnet-base-v2
SentenceTransformer,0.35,1,0.0918741638976395,0.5935321996097017,0.15911808669656202,0.5935321996097017,0.9927050188180979,250,all-mpnet-base-v2
SentenceTransformer,0.35,2,0.09710467706013363,0.6077502090883747,0.16745400775819028,0.6077502090883747,0.9929733288083465,250,all-mpnet-base-v2
SentenceTransformer,0.35,3,0.09640404385104295,0.6300529690549206,0.16722160562338143,0.6300529690549206,0.9926568339490481,250,all-mpnet-base-v2
SentenceTransformer,0.35,4,0.10063076176613295,0.5781990521327014,0.17142620986072654,0.5781990521327014,0.9935744263833998,250,all-mpnet-base-v2
SentenceTransformer,0.35,5,0.09684576897976942,0.6205742960691386,0.16754478398314016,0.6205742960691386,0.9928038151323368,250,all-mpnet-base-v2
SentenceTransformer,0.35,6,0.10142742733311348,0.6002230275996655,0.1735310711695011,0.6002230275996655,0.9933879266744156,250,all-mpnet-base-v2
SentenceTransformer,0.35,7,0.0951765335235378,0.5952049066071926,0.16411084207694376,0.5952049066071926,0.9929639691575239,250,all-mpnet-base-v2
SentenceTransformer,0.35,8,0.09562160719053128,0.5991078896013382,0.16492076282567822,0.5991078896013382,0.9929542628529672,250,all-mpnet-base-v2
SentenceTransformer,0.35,9,0.10586421240302607,0.6124895455812657,0.18052588331963845,0.6124895455812657,0.9935674933087163,250,all-mpnet-base-v2
SentenceTransformer,0.35,10,0.10238971444542787,0.6127683300808475,0.17546100423086133,0.6127683300808475,0.9933203291962521,250,all-mpnet-base-v2
SentenceTransformer,0.4,1,0.09589408712765006,0.5977139671034291,0.16527269223357102,0.5977139671034291,0.9929927414174602,250,all-mpnet-base-v2
SentenceTransformer,0.4,2,0.09974531141467932,0.6005018120992472,0.17107457707886586,0.6005018120992472,0.9932607047539747,250,all-mpnet-base-v2
SentenceTransformer,0.4,3,0.09537946895254025,0.6359074435461388,0.16587884517489637,0.6359074435461388,0.9925004931149368,250,all-mpnet-base-v2
SentenceTransformer,0.4,4,0.10730688935281837,0.5731809311402286,0.18077109069327824,0.5731809311402286,0.9940708345307331,250,all-mpnet-base-v2
SentenceTransformer,0.4,5,0.09733221253815866,0.6133258990800111,0.16800305460099274,0.6133258990800111,0.9929272238617018,250,all-mpnet-base-v2
SentenceTransformer,0.4,6,0.10557690412848557,0.5974351826038472,0.17944316516642245,0.5974351826038472,0.993706501456119,250,all-mpnet-base-v2
SentenceTransformer,0.4,7,0.10340413426891712,0.6080289935879565,0.1767494631062847,0.6080289935879565,0.9934444312330855,250,all-mpnet-base-v2
SentenceTransformer,0.4,8,0.09988781901467701,0.5957624756063563,0.17109002842160043,0.5957624756063563,0.9933244890410622,250,all-mpnet-base-v2
SentenceTransformer,0.4,9,0.10741803897869769,0.594647337608029,0.1819655348916567,0.594647337608029,0.9938559092155469,250,all-mpnet-base-v2
SentenceTransformer,0.4,10,0.10621088107847858,0.6149986060775021,0.18113889231021882,0.6149986060775021,0.9935647200788429,250,all-mpnet-base-v2
SentenceTransformer,0.45,1,0.10521627239433831,0.5926958461109563,0.17870802336821753,0.5926958461109563,0.9937325004861819,250,all-mpnet-base-v2
SentenceTransformer,0.45,2,0.11390707157420324,0.5918594926122107,0.19104611923509562,0.5918594926122107,0.99427501358016,250,all-mpnet-base-v2
SentenceTransformer,0.45,3,0.11318675815094907,0.6300529690549206,0.19189946505901334,0.6300529690549206,0.9938618023290278,250,all-mpnet-base-v2
SentenceTransformer,0.45,4,0.1201659846694715,0.5812656816281014,0.19915942305855383,0.5812656816281014,0.9947079840941401,250,all-mpnet-base-v2
SentenceTransformer,0.45,5,0.11062753036437246,0.6094229160858656,0.18726174669122372,0.6094229160858656,0.9939079072756726,250,all-mpnet-base-v2
SentenceTransformer,0.45,6,0.11619641294838146,0.5924170616113744,0.19428571428571428,0.5924170616113744,0.9943970356945884,250,all-mpnet-base-v2
SentenceTransformer,0.45,7,0.1082995951417004,0.5965988291051018,0.18332119758427207,0.5965988291051018,0.9938919612039007,250,all-mpnet-base-v2
SentenceTransformer,0.45,8,0.10723737785016287,0.5873989406189016,0.18136432106735528,0.5873989406189016,0.9939193468489003,250,all-mpnet-base-v2
SentenceTransformer,0.45,9,0.1183842452724628,0.589908001115138,0.19719491170029355,0.589908001115138,0.9945374304569278,250,all-mpnet-base-v2
SentenceTransformer,0.45,10,0.11427080615705713,0.6105380540841929,0.19251054852320676,0.6105380540841929,0.9941155528624412,250,all-mpnet-base-v2
SentenceTransformer,0.5,1,0.136954563006822,0.5932534151101199,0.2225359477124183,0.5932534151101199,0.9953513734247621,250,all-mpnet-base-v2
SentenceTransformer,0.5,2,0.1486834573554665,0.5793141901310287,0.23663383248875478,0.5793141901310287,0.9958755138708292,250,all-mpnet-base-v2
SentenceTransformer,0.5,3,0.14445031014913554,0.6102592695846111,0.23360546395603224,0.6102592695846111,0.9955056343364683,250,all-mpnet-base-v2
SentenceTransformer,0.5,4,0.14646149580647397,0.5890716476163925,0.2345953147551904,0.5890716476163925,0.9957313059174139,250,all-mpnet-base-v2
SentenceTransformer,0.5,5,0.1445221445221445,0.6049623640925564,0.23330824642511558,0.6049623640925564,0.9955472327845689,250,all-mpnet-base-v2
SentenceTransformer,0.5,6,0.14599599253782905,0.5890716476163925,0.23399778516057587,0.5890716476163925,0.9957153598456421,250,all-mpnet-base-v2
SentenceTransformer,0.5,7,0.13014993070429634,0.5759687761360468,0.212322080057551,0.5759687761360468,0.9952134052385619,250,all-mpnet-base-v2
SentenceTransformer,0.5,8,0.13012123096052222,0.583495957624756,0.21278975193167954,0.583495957624756,0.9951496209514744,250,all-mpnet-base-v2
SentenceTransformer,0.5,9,0.13854269699967028,0.5857262336214106,0.22408276450511946,0.5857262336214106,0.9954713156167854,250,all-mpnet-base-v2
SentenceTransformer,0.5,10,0.14593415581759936,0.5968776136046836,0.23452733048526672,0.5968776136046836,0.9956564287108329,250,all-mpnet-base-v2
SentenceTransformer,0.55,1,0.18919888759307438,0.5879565096180652,0.2862766390661056,0.5879565096180652,0.9968669435505593,250,all-mpnet-base-v2
SentenceTransformer,0.55,2,0.18311746315319338,0.5715082241427376,0.27736436206196724,0.5715082241427376,0.9968298516010029,250,all-mpnet-base-v2
SentenceTransformer,0.55,3,0.1890494025325486,0.5910231391134653,0.28646713059928386,0.5910231391134653,0.9968475309414456,250,all-mpnet-base-v2
SentenceTransformer,0.55,4,0.19206719552029863,0.5737385001393922,0.28779191721437564,0.5737385001393922,0.9969990186232786,250,all-mpnet-base-v2
SentenceTransformer,0.55,5,0.18062308661984514,0.5592417061611374,0.27305519635200437,0.5592417061611374,0.9968454510190407,250,all-mpnet-base-v2
SentenceTransformer,0.55,6,0.2020528416650827,0.5926958461109563,0.3013679211850592,0.5926958461109563,0.9970894952478973,250,all-mpnet-base-v2
SentenceTransformer,0.55,7,0.18811526758546626,0.5860050181209925,0.28480455253709097,0.5860050181209925,0.9968551573235974,250,all-mpnet-base-v2
SentenceTransformer,0.55,8,0.183658581068758,0.561471982157792,0.2767814196385625,0.561471982157792,0.996896755771698,250,all-mpnet-base-v2
SentenceTransformer,0.55,9,0.18695652173913044,0.5754112071368832,0.28221781636699256,0.5754112071368832,0.9968884360820779,250,all-mpnet-base-v2
SentenceTransformer,0.55,10,0.19703703703703704,0.5932534151101199,0.2958226176409258,0.5932534151101199,0.996993818817266,250,all-mpnet-base-v2
SentenceTransformer,0.6,1,0.2785845199492457,0.5508781711736828,0.3700374531835206,0.5508781711736828,0.9982261728422451,250,all-mpnet-base-v2
SentenceTransformer,0.6,2,0.2632642068408295,0.5450236966824644,0.35503495868519025,0.5450236966824644,0.9981034574203484,250,all-mpnet-base-v2
SentenceTransformer,0.6,3,0.27160662922887274,0.5528296626707555,0.3642542248346804,0.5528296626707555,0.9981564954416767,250,all-mpnet-base-v2
SentenceTransformer,0.6,4,0.2750034392626221,0.5572902146640647,0.3682756079587325,0.5572902146640647,0.998173134820917,250,all-mpnet-base-v2
SentenceTransformer,0.6,5,0.27681179579913756,0.5547811541678282,0.3693392724573126,0.5547811541678282,0.9981977472360432,250,all-mpnet-base-v2
SentenceTransformer,0.6,6,0.28854034195280487,0.5692779481460831,0.38297074268567144,0.5692779481460831,0.9982545984484472,250,all-mpnet-base-v2
SentenceTransformer,0.6,7,0.2620837808807734,0.544187343183719,0.35378341640235617,0.544187343183719,0.9980947910769942,250,all-mpnet-base-v2
SentenceTransformer,0.6,8,0.2621231979030144,0.5575689991636466,0.3566015868770616,0.5575689991636466,0.9980483394766153,250,all-mpnet-base-v2
SentenceTransformer,0.6,9,0.26450465243568694,0.5388904376916643,0.3548416704910509,0.5388904376916643,0.9981367361788289,250,all-mpnet-base-v2
SentenceTransformer,0.6,10,0.28404778636683065,0.5634234736548648,0.3776864137544384,0.5634234736548648,0.9982341458781311,250,all-mpnet-base-v2
SentenceTransformer,0.65,1,0.40752565564424176,0.4981879007527181,0.44831911690918214,0.4981879007527181,0.9990993935986228,250,all-mpnet-base-v2
SentenceTransformer,0.65,2,0.3929437706725469,0.49679397825480903,0.4388081753262743,0.49679397825480903,0.9990456622698263,250,all-mpnet-base-v2
SentenceTransformer,0.65,3,0.3951935914552737,0.4951212712573181,0.43954956069793344,0.4951212712573181,0.9990577951505223,250,all-mpnet-base-v2
SentenceTransformer,0.65,4,0.409255079006772,0.5054362977418455,0.45228888611700135,0.5054362977418455,0.9990928071776736,250,all-mpnet-base-v2
SentenceTransformer,0.65,5,0.39064856711915535,0.5054362977418455,0.4406903257170637,0.5054362977418455,0.9990196632397634,250,all-mpnet-base-v2
SentenceTransformer,0.65,6,0.4037280701754386,0.5132422637301366,0.45194550141156253,0.5132422637301366,0.9990574484967881,250,all-mpnet-base-v2
SentenceTransformer,0.65,7,0.3751028806584362,0.5082241427376638,0.43163253225997394,0.5082241427376638,0.9989472126093216,250,all-mpnet-base-v2
SentenceTransformer,0.65,8,0.40262338817252113,0.5048787287426819,0.4479901051329623,0.5048787287426819,0.9990685414162815,250,all-mpnet-base-v2
SentenceTransformer,0.65,9,0.40306681270536693,0.5129634792305547,0.45142296368989204,0.5129634792305547,0.999055368574383,250,all-mpnet-base-v2
SentenceTransformer,0.65,10,0.4038800705467372,0.5107332032339001,0.45106487750830976,0.5107332032339001,0.9990626483028007,250,all-mpnet-base-v2
SentenceTransformer,0.7,1,0.5715336520779698,0.4332311123501533,0.4928639391056137,0.4332311123501533,0.9995961483996904,250,all-mpnet-base-v2
SentenceTransformer,0.7,2,0.5735294117647058,0.43490381934764427,0.49468844141430157,0.43490381934764427,0.9995978816683613,250,all-mpnet-base-v2
SentenceTransformer,0.7,3,0.5723201174743024,0.4346250348480625,0.4940579939787672,0.4346250348480625,0.9995961483996904,250,all-mpnet-base-v2
SentenceTransformer,0.7,4,0.5825169555388093,0.43100083635349873,0.49543342413074826,0.43100083635349873,0.9996159076625382,250,all-mpnet-base-v2
SentenceTransformer,0.7,5,0.5815789473684211,0.4312796208530806,0.49527773331198977,0.4312796208530806,0.9996141743938672,250,all-mpnet-base-v2
SentenceTransformer,0.7,6,0.5671532846715328,0.4332311123501533,0.49122807017543857,0.4332311123501533,0.9995888686712727,250,all-mpnet-base-v2
SentenceTransformer,0.7,7,0.5696064139941691,0.4357401728463897,0.49376085926393937,0.4357401728463897,0.9995906019399436,250,all-mpnet-base-v2
SentenceTransformer,0.7,8,0.5684857246114926,0.43852801784220796,0.4951211835064526,0.43852801784220796,0.9995860954413994,250,all-mpnet-base-v2
SentenceTransformer,0.7,9,0.5575868372943327,0.42514636186228044,0.4824422651059791,0.42514636186228044,0.9995805489816526,250,all-mpnet-base-v2
SentenceTransformer,0.7,10,0.5655737704918032,0.4231948703652077,0.48413331207143995,0.4231948703652077,0.9995958017459562,250,all-mpnet-base-v2
SentenceTransformer,0.75,1,0.7257882882882883,0.3593532199609702,0.480701100130524,0.3593532199609702,0.9998311796314585,250,all-mpnet-base-v2
SentenceTransformer,0.75,2,0.7094668117519043,0.36353498745469753,0.4807373271889401,0.36353498745469753,0.9998148869059525,250,all-mpnet-base-v2
SentenceTransformer,0.75,3,0.718785151856018,0.3562865904655701,0.47642124883504194,0.3562865904655701,0.9998266731329143,250,all-mpnet-base-v2
SentenceTransformer,0.75,4,0.7132394366197183,0.35294117647058826,0.47221186124580383,0.35294117647058826,0.9998235532493068,250,all-mpnet-base-v2
SentenceTransformer,0.75,5,0.7078142695356738,0.34848062447727907,0.4670278348589576,0.34848062447727907,0.9998211266731676,250,all-mpnet-base-v2
SentenceTransformer,0.75,6,0.7072096862960925,0.3582380819626429,0.4755736491487787,0.3582380819626429,0.9998155802134209,250,all-mpnet-base-v2
SentenceTransformer,0.75,7,0.7081021087680355,0.35572902146640645,0.4735572462423455,0.35572902146640645,0.9998176601358258,250,all-mpnet-base-v2
SentenceTransformer,0.75,8,0.7083560895685418,0.36158349595762473,0.47877445551864156,0.36158349595762473,0.9998148869059525,250,all-mpnet-base-v2
SentenceTransformer,0.75,9,0.7198879551820728,0.3582380819626429,0.4784065524944155,0.3582380819626429,0.9998266731329143,250,all-mpnet-base-v2
SentenceTransformer,0.75,10,0.7127777777777777,0.35768051296347925,0.4763319101540746,0.35768051296347925,0.9998207800194334,250,all-mpnet-base-v2
SentenceTransformer,0.8,1,0.8546099290780141,0.2687482575968776,0.40890774125132556,0.2687482575968776,0.9999431487875959,250,all-mpnet-base-v2
SentenceTransformer,0.8,2,0.8490230905861457,0.26651798160022305,0.40568639932102696,0.26651798160022305,0.9999410688651909,250,all-mpnet-base-v2
SentenceTransformer,0.8,3,0.8520814880425155,0.26819068859771394,0.4079728583545377,0.26819068859771394,0.9999421088263933,250,all-mpnet-base-v2
SentenceTransformer,0.8,4,0.8512173128944995,0.26317256760524116,0.4020442930153322,0.26317256760524116,0.9999428021338618,250,all-mpnet-base-v2
SentenceTransformer,0.8,5,0.8441098317094774,0.26568162810147755,0.40415606446140795,0.26568162810147755,0.9999389889427859,250,all-mpnet-base-v2
SentenceTransformer,0.8,6,0.8480565371024735,0.2676331195985503,0.406865861411316,0.2676331195985503,0.9999403755577225,250,all-mpnet-base-v2
SentenceTransformer,0.8,7,0.8502242152466367,0.26428770560356846,0.40323266695023396,0.26428770560356846,0.9999421088263933,250,all-mpnet-base-v2
SentenceTransformer,0.8,8,0.8497316636851521,0.2648452746027321,0.4038257173219979,0.2648452746027321,0.9999417621726592,250,all-mpnet-base-v2
SentenceTransformer,0.8,9,0.8467741935483871,0.26345135210482296,0.40187114607697216,0.26345135210482296,0.9999407222114567,250,all-mpnet-base-v2
SentenceTransformer,0.8,10,0.8431718061674008,0.26679676609980485,0.40533672172808133,0.26679676609980485,0.9999382956353176,250,all-mpnet-base-v2
SentenceTransformer,0.85,1,0.9194528875379939,0.16866462224700307,0.2850412249705536,0.16866462224700307,0.999981627352089,250,all-mpnet-base-v2
SentenceTransformer,0.85,2,0.9214175654853621,0.1667131307499303,0.28234183191690276,0.1667131307499303,0.9999823206595573,250,all-mpnet-base-v2
SentenceTransformer,0.85,3,0.9187116564417178,0.16699191524951212,0.2826138240150979,0.16699191524951212,0.999981627352089,250,all-mpnet-base-v2
SentenceTransformer,0.85,4,0.9198767334360555,0.16643434625034847,0.2818696883852691,0.16643434625034847,0.9999819740058231,250,all-mpnet-base-v2
SentenceTransformer,0.85,5,0.9176829268292683,0.1678282687482576,0.28376148951213764,0.1678282687482576,0.9999812806983548,250,all-mpnet-base-v2
SentenceTransformer,0.85,6,0.9193302891933028,0.16838583774742125,0.2846371347785108,0.16838583774742125,0.999981627352089,250,all-mpnet-base-v2
SentenceTransformer,0.85,7,0.9187969924812031,0.17033732924449402,0.28739416745061147,0.17033732924449402,0.9999812806983548,250,all-mpnet-base-v2
SentenceTransformer,0.85,8,0.9153846153846154,0.16587677725118483,0.2808590984186925,0.16587677725118483,0.9999809340446206,250,all-mpnet-base-v2
SentenceTransformer,0.85,9,0.9213313161875946,0.16977976024533037,0.2867231638418079,0.16977976024533037,0.9999819740058231,250,all-mpnet-base-v2
SentenceTransformer,0.85,10,0.9179331306990881,0.16838583774742125,0.2845700824499411,0.16838583774742125,0.9999812806983548,250,all-mpnet-base-v2
SentenceTransformer,0.9,1,0.9633699633699634,0.07332032339001951,0.13626943005181347,0.07332032339001951,0.9999965334626583,250,all-mpnet-base-v2
SentenceTransformer,0.9,2,0.9636363636363636,0.07387789238918316,0.13723459347488348,0.07387789238918316,0.9999965334626583,250,all-mpnet-base-v2
SentenceTransformer,0.9,3,0.966789667896679,0.07304153889043768,0.13582166925868325,0.07304153889043768,0.9999968801163924,250,all-mpnet-base-v2
SentenceTransformer,0.9,4,0.9669117647058824,0.07332032339001951,0.13630474216118166,0.07332032339001951,0.9999968801163924,250,all-mpnet-base-v2
SentenceTransformer,0.9,5,0.9636363636363636,0.07387789238918316,0.13723459347488348,0.07387789238918316,0.9999965334626583,250,all-mpnet-base-v2
SentenceTransformer,0.9,6,0.9632352941176471,0.07304153889043768,0.1357864731795802,0.07304153889043768,0.9999965334626583,250,all-mpnet-base-v2
SentenceTransformer,0.9,7,0.9624060150375939,0.07136883189294675,0.13288346742797819,0.07136883189294675,0.9999965334626583,250,all-mpnet-base-v2
SentenceTransformer,0.9,8,0.9636363636363636,0.07387789238918316,0.13723459347488348,0.07387789238918316,0.9999965334626583,250,all-mpnet-base-v2
SentenceTransformer,0.9,9,0.9636363636363636,0.07387789238918316,0.13723459347488348,0.07387789238918316,0.9999965334626583,250,all-mpnet-base-v2
SentenceTransformer,0.9,10,0.9636363636363636,0.07387789238918316,0.13723459347488348,0.07387789238918316,0.9999965334626583,250,all-mpnet-base-v2
SentenceTransformer,0.95,1,0.9565217391304348,0.018399776972400333,0.036105032822757115,0.018399776972400333,0.9999989600387975,250,all-mpnet-base-v2
SentenceTransformer,0.95,2,0.9565217391304348,0.018399776972400333,0.036105032822757115,0.018399776972400333,0.9999989600387975,250,all-mpnet-base-v2
SentenceTransformer,0.95,3,0.9705882352941176,0.018399776972400333,0.036114911080711354,0.018399776972400333,0.9999993066925317,250,all-mpnet-base-v2
SentenceTransformer,0.95,4,0.9565217391304348,0.018399776972400333,0.036105032822757115,0.018399776972400333,0.9999989600387975,250,all-mpnet-base-v2
SentenceTransformer,0.95,5,0.9565217391304348,0.018399776972400333,0.036105032822757115,0.018399776972400333,0.9999989600387975,250,all-mpnet-base-v2
SentenceTransformer,0.95,6,0.9565217391304348,0.018399776972400333,0.036105032822757115,0.018399776972400333,0.9999989600387975,250,all-mpnet-base-v2
SentenceTransformer,0.95,7,0.9565217391304348,0.018399776972400333,0.036105032822757115,0.018399776972400333,0.9999989600387975,250,all-mpnet-base-v2
SentenceTransformer,0.95,8,0.9565217391304348,0.018399776972400333,0.036105032822757115,0.018399776972400333,0.9999989600387975,250,all-mpnet-base-v2
SentenceTransformer,0.95,9,0.9565217391304348,0.018399776972400333,0.036105032822757115,0.018399776972400333,0.9999989600387975,250,all-mpnet-base-v2
SentenceTransformer,0.95,10,0.9565217391304348,0.018399776972400333,0.036105032822757115,0.018399776972400333,0.9999989600387975,250,all-mpnet-base-v2
SentenceTransformer,0.1,1,0.1928066565267961,0.6007805965988291,0.29192630723381197,0.6007805965988291,0.996872490010306,500,all-mpnet-base-v2
SentenceTransformer,0.1,2,0.19161402545088346,0.583495957624756,0.2884906960716747,0.583495957624756,0.9969390475272669,500,all-mpnet-base-v2
SentenceTransformer,0.1,3,0.1953152518492427,0.618344020072484,0.2968614066787124,0.618344020072484,0.9968322781771422,500,all-mpnet-base-v2
SentenceTransformer,0.1,4,0.19905660377358492,0.5882352941176471,0.29745541693099314,0.5882352941176471,0.9970569097968852,500,all-mpnet-base-v2
SentenceTransformer,0.1,5,0.17745249101181304,0.5779202676331195,0.27153055209902416,0.5779202676331195,0.9966690042683475,500,all-mpnet-base-v2
SentenceTransformer,0.1,6,0.19745222929936307,0.613604683579593,0.2987647617754853,0.613604683579593,0.9968988356941031,500,all-mpnet-base-v2
SentenceTransformer,0.1,7,0.19109246697607998,0.5968776136046836,0.28950037184774524,0.5968776136046836,0.996858277207205,500,all-mpnet-base-v2
SentenceTransformer,0.1,8,0.1821277302549622,0.6113744075829384,0.28065011517788585,0.6113744075829384,0.9965861540258805,500,all-mpnet-base-v2
SentenceTransformer,0.1,9,0.1972489198483379,0.6236409255645387,0.2997052518756699,0.6236409255645387,0.996844064404104,500,all-mpnet-base-v2
SentenceTransformer,0.1,10,0.1890302764370338,0.6005018120992472,0.28754505406487785,0.6005018120992472,0.9967965728425225,500,all-mpnet-base-v2
SentenceTransformer,0.15,1,0.1928066565267961,0.6007805965988291,0.29192630723381197,0.6007805965988291,0.996872490010306,500,all-mpnet-base-v2
SentenceTransformer,0.15,2,0.19161402545088346,0.583495957624756,0.2884906960716747,0.583495957624756,0.9969390475272669,500,all-mpnet-base-v2
SentenceTransformer,0.15,3,0.1953152518492427,0.618344020072484,0.2968614066787124,0.618344020072484,0.9968322781771422,500,all-mpnet-base-v2
SentenceTransformer,0.15,4,0.19905660377358492,0.5882352941176471,0.29745541693099314,0.5882352941176471,0.9970569097968852,500,all-mpnet-base-v2
SentenceTransformer,0.15,5,0.17745249101181304,0.5779202676331195,0.27153055209902416,0.5779202676331195,0.9966690042683475,500,all-mpnet-base-v2
SentenceTransformer,0.15,6,0.19745222929936307,0.613604683579593,0.2987647617754853,0.613604683579593,0.9968988356941031,500,all-mpnet-base-v2
SentenceTransformer,0.15,7,0.19109246697607998,0.5968776136046836,0.28950037184774524,0.5968776136046836,0.996858277207205,500,all-mpnet-base-v2
SentenceTransformer,0.15,8,0.1821277302549622,0.6113744075829384,0.28065011517788585,0.6113744075829384,0.9965861540258805,500,all-mpnet-base-v2
SentenceTransformer,0.15,9,0.1972489198483379,0.6236409255645387,0.2997052518756699,0.6236409255645387,0.996844064404104,500,all-mpnet-base-v2
SentenceTransformer,0.15,10,0.1890302764370338,0.6005018120992472,0.28754505406487785,0.6005018120992472,0.9967965728425225,500,all-mpnet-base-v2
SentenceTransformer,0.2,1,0.1928066565267961,0.6007805965988291,0.29192630723381197,0.6007805965988291,0.996872490010306,500,all-mpnet-base-v2
SentenceTransformer,0.2,2,0.19161402545088346,0.583495957624756,0.2884906960716747,0.583495957624756,0.9969390475272669,500,all-mpnet-base-v2
SentenceTransformer,0.2,3,0.1953152518492427,0.618344020072484,0.2968614066787124,0.618344020072484,0.9968322781771422,500,all-mpnet-base-v2
SentenceTransformer,0.2,4,0.19905660377358492,0.5882352941176471,0.29745541693099314,0.5882352941176471,0.9970569097968852,500,all-mpnet-base-v2
SentenceTransformer,0.2,5,0.17745249101181304,0.5779202676331195,0.27153055209902416,0.5779202676331195,0.9966690042683475,500,all-mpnet-base-v2
SentenceTransformer,0.2,6,0.19745222929936307,0.613604683579593,0.2987647617754853,0.613604683579593,0.9968988356941031,500,all-mpnet-base-v2
SentenceTransformer,0.2,7,0.19109246697607998,0.5968776136046836,0.28950037184774524,0.5968776136046836,0.996858277207205,500,all-mpnet-base-v2
SentenceTransformer,0.2,8,0.1821277302549622,0.6113744075829384,0.28065011517788585,0.6113744075829384,0.9965861540258805,500,all-mpnet-base-v2
SentenceTransformer,0.2,9,0.1972489198483379,0.6236409255645387,0.2997052518756699,0.6236409255645387,0.996844064404104,500,all-mpnet-base-v2
SentenceTransformer,0.2,10,0.1890302764370338,0.6005018120992472,0.28754505406487785,0.6005018120992472,0.9967965728425225,500,all-mpnet-base-v2
SentenceTransformer,0.25,1,0.1928066565267961,0.6007805965988291,0.29192630723381197,0.6007805965988291,0.996872490010306,500,all-mpnet-base-v2
SentenceTransformer,0.25,2,0.19161402545088346,0.583495957624756,0.2884906960716747,0.583495957624756,0.9969390475272669,500,all-mpnet-base-v2
SentenceTransformer,0.25,3,0.1953152518492427,0.618344020072484,0.2968614066787124,0.618344020072484,0.9968322781771422,500,all-mpnet-base-v2
SentenceTransformer,0.25,4,0.19905660377358492,0.5882352941176471,0.29745541693099314,0.5882352941176471,0.9970569097968852,500,all-mpnet-base-v2
SentenceTransformer,0.25,5,0.17745249101181304,0.5779202676331195,0.27153055209902416,0.5779202676331195,0.9966690042683475,500,all-mpnet-base-v2
SentenceTransformer,0.25,6,0.19745222929936307,0.613604683579593,0.2987647617754853,0.613604683579593,0.9968988356941031,500,all-mpnet-base-v2
SentenceTransformer,0.25,7,0.19109246697607998,0.5968776136046836,0.28950037184774524,0.5968776136046836,0.996858277207205,500,all-mpnet-base-v2
SentenceTransformer,0.25,8,0.1821277302549622,0.6113744075829384,0.28065011517788585,0.6113744075829384,0.9965861540258805,500,all-mpnet-base-v2
SentenceTransformer,0.25,9,0.1972489198483379,0.6236409255645387,0.2997052518756699,0.6236409255645387,0.996844064404104,500,all-mpnet-base-v2
SentenceTransformer,0.25,10,0.1890302764370338,0.6005018120992472,0.28754505406487785,0.6005018120992472,0.9967965728425225,500,all-mpnet-base-v2
SentenceTransformer,0.3,1,0.19157706093189963,0.5960412601059382,0.2899572794466671,0.5960412601059382,0.996872490010306,500,all-mpnet-base-v2
SentenceTransformer,0.3,2,0.19164911638128376,0.583495957624756,0.2885304659498208,0.583495957624756,0.9969397408347352,500,all-mpnet-base-v2
SentenceTransformer,0.3,3,0.1953152518492427,0.618344020072484,0.2968614066787124,0.618344020072484,0.9968322781771422,500,all-mpnet-base-v2
SentenceTransformer,0.3,4,0.19882985750684157,0.5873989406189016,0.29709531866892275,0.5873989406189016,0.9970569097968852,500,all-mpnet-base-v2
SentenceTransformer,0.3,5,0.17745249101181304,0.5779202676331195,0.27153055209902416,0.5779202676331195,0.9966690042683475,500,all-mpnet-base-v2
SentenceTransformer,0.3,6,0.19745222929936307,0.613604683579593,0.2987647617754853,0.613604683579593,0.9968988356941031,500,all-mpnet-base-v2
SentenceTransformer,0.3,7,0.19102026242970632,0.5965988291051018,0.2893847194050034,0.5965988291051018,0.996858277207205,500,all-mpnet-base-v2
SentenceTransformer,0.3,8,0.18076699109891023,0.6057987175913019,0.2784469502819067,0.6057987175913019,0.9965861540258805,500,all-mpnet-base-v2
SentenceTransformer,0.3,9,0.19739046107731642,0.6241984945637022,0.2999330207635633,0.6241984945637022,0.996844064404104,500,all-mpnet-base-v2
SentenceTransformer,0.3,10,0.1890302764370338,0.6005018120992472,0.28754505406487785,0.6005018120992472,0.9967965728425225,500,all-mpnet-base-v2
SentenceTransformer,0.35,1,0.1945426525247031,0.5982715361025926,0.2936106170474757,0.5982715361025926,0.9969199815718874,500,all-mpnet-base-v2
SentenceTransformer,0.35,2,0.19158146817721286,0.5798717591301924,0.28800886181113267,0.5798717591301924,0.996957420175178,500,all-mpnet-base-v2
SentenceTransformer,0.35,3,0.1948898678414097,0.616671313074993,0.2961772779005155,0.616671313074993,0.9968322781771422,500,all-mpnet-base-v2
SentenceTransformer,0.35,4,0.19799735499716606,0.5843323111235015,0.29577365413109435,0.5843323111235015,0.9970569097968852,500,all-mpnet-base-v2
SentenceTransformer,0.35,5,0.1766923736075407,0.5748536381377195,0.2703021563872321,0.5748536381377195,0.9966693509220816,500,all-mpnet-base-v2
SentenceTransformer,0.35,6,0.19705539096866864,0.6119319765821021,0.2981121825342931,0.6119319765821021,0.9968995290015714,500,all-mpnet-base-v2
SentenceTransformer,0.35,7,0.19212485424701767,0.5971563981042654,0.2907166123778502,0.5971563981042654,0.9968776898163186,500,all-mpnet-base-v2
SentenceTransformer,0.35,8,0.18121196965908143,0.6060775020908837,0.2790041067761807,0.6060775020908837,0.9965948203692347,500,all-mpnet-base-v2
SentenceTransformer,0.35,9,0.1992180558023814,0.6250348480624477,0.30213597466478,0.6250348480624477,0.9968759565476477,500,all-mpnet-base-v2
SentenceTransformer,0.35,10,0.18757602085143354,0.6018957345971564,0.28601708948797777,0.6018957345971564,0.9967584409317637,500,all-mpnet-base-v2
SentenceTransformer,0.4,1,0.1985718209283164,0.6046835795929746,0.29896623018607854,0.6046835795929746,0.9969653932110639,500,all-mpnet-base-v2
SentenceTransformer,0.4,2,0.19459359377892982,0.5860050181209925,0.29216762804920426,0.5860050181209925,0.9969841125127092,500,all-mpnet-base-v2
SentenceTransformer,0.4,3,0.2018740902474527,0.6186228045720658,0.304410453391865,0.6186228045720658,0.9969588067901147,500,all-mpnet-base-v2
SentenceTransformer,0.4,4,0.20331222601071602,0.5818232506272651,0.3013283280392723,0.5818232506272651,0.9971650657619466,500,all-mpnet-base-v2
SentenceTransformer,0.4,5,0.17619413825514826,0.5748536381377195,0.2697187704381949,0.5748536381377195,0.996657911348854,500,all-mpnet-base-v2
SentenceTransformer,0.4,6,0.19806156331329086,0.6152773905770839,0.2996605566870333,0.6152773905770839,0.9969023022314447,500,all-mpnet-base-v2
SentenceTransformer,0.4,7,0.19722324383964693,0.5979927516030109,0.2966189587222568,0.5979927516030109,0.9969733662469499,500,all-mpnet-base-v2
SentenceTransformer,0.4,8,0.17878062866100156,0.604126010593811,0.2759103641456583,0.604126010593811,0.9965494087300583,500,all-mpnet-base-v2
SentenceTransformer,0.4,9,0.20524776010239532,0.6258712015611932,0.30912220309810673,0.6258712015611932,0.9969865390888484,500,all-mpnet-base-v2
SentenceTransformer,0.4,10,0.1875660443818246,0.5938109841092836,0.2850833166030918,0.5938109841092836,0.9968017726485351,500,all-mpnet-base-v2
SentenceTransformer,0.45,1,0.2078613612159938,0.5985503206021745,0.308565679793044,0.5985503206021745,0.99716367914701,500,all-mpnet-base-v2
SentenceTransformer,0.45,2,0.20173472371113926,0.5770839141343741,0.2989601386481802,0.5770839141343741,0.9971605592634024,500,all-mpnet-base-v2
SentenceTransformer,0.45,3,0.20790864477161192,0.6141622525787567,0.3106535993795389,0.6141622525787567,0.9970905352090998,500,all-mpnet-base-v2
SentenceTransformer,0.45,4,0.21360114192495921,0.5840535266239197,0.3128032848077641,0.5840535266239197,0.9973262597483363,500,all-mpnet-base-v2
SentenceTransformer,0.45,5,0.18822988505747126,0.5706718706439922,0.28308670999861707,0.5706718706439922,0.9969397408347352,500,all-mpnet-base-v2
SentenceTransformer,0.45,6,0.2106069308826345,0.6133258990800111,0.3135466400627093,0.6133258990800111,0.997141493308023,500,all-mpnet-base-v2
SentenceTransformer,0.45,7,0.20692330068845147,0.5949261221076109,0.3070503597122302,0.5949261221076109,0.9971647191082125,500,all-mpnet-base-v2
SentenceTransformer,0.45,8,0.1899057517836695,0.601059381098411,0.2886211512717537,0.601059381098411,0.996811825606826,500,all-mpnet-base-v2
SentenceTransformer,0.45,9,0.21137752703338034,0.6267075550599387,0.31612993953030516,0.6267075550599387,0.9970926151315048,500,all-mpnet-base-v2
SentenceTransformer,0.45,10,0.1954620010934937,0.5979927516030109,0.2946226220726598,0.5979927516030109,0.9969393941810011,500,all-mpnet-base-v2
SentenceTransformer,0.5,1,0.23726749335695305,0.5974351826038472,0.3396465647040178,0.5974351826038472,0.9976119024252935,500,all-mpnet-base-v2
SentenceTransformer,0.5,2,0.21642583935401616,0.567884025648174,0.3134087237479806,0.567884025648174,0.9974434287104862,500,all-mpnet-base-v2
SentenceTransformer,0.5,3,0.22744181103199065,0.5965988291051018,0.3293321021852878,0.5965988291051018,0.9974801740063084,500,all-mpnet-base-v2
SentenceTransformer,0.5,4,0.2335014005602241,0.5809868971285197,0.33312020460358055,0.5809868971285197,0.9976285418045338,500,all-mpnet-base-v2
SentenceTransformer,0.5,5,0.20860960930327452,0.5701143016448286,0.3054518297236744,0.5701143016448286,0.9973106603302986,500,all-mpnet-base-v2
SentenceTransformer,0.5,6,0.22807017543859648,0.6016169500975745,0.33075331443022454,0.6016169500975745,0.9974680411256124,500,all-mpnet-base-v2
SentenceTransformer,0.5,7,0.2284940411700975,0.5879565096180652,0.32909417180307404,0.5879565096180652,0.9975314787589658,500,all-mpnet-base-v2
SentenceTransformer,0.5,8,0.20632750707938677,0.5890716476163925,0.3056118021405843,0.5890716476163925,0.9971823984486552,500,all-mpnet-base-v2
SentenceTransformer,0.5,9,0.22737868192413646,0.5982715361025926,0.3295201535508637,0.5982715361025926,0.9974722009704224,500,all-mpnet-base-v2
SentenceTransformer,0.5,10,0.21763563911310924,0.5938109841092836,0.31852848811126067,0.5938109841092836,0.9973456723574499,500,all-mpnet-base-v2
SentenceTransformer,0.55,1,0.2620957633492103,0.5829383886255924,0.3616083009079118,0.5829383886255924,0.9979592494669333,500,all-mpnet-base-v2
SentenceTransformer,0.55,2,0.2658194680990436,0.5656537496515194,0.36167557932263816,0.5656537496515194,0.9980573524737038,500,all-mpnet-base-v2
SentenceTransformer,0.55,3,0.2762128325508607,0.5904655701143017,0.3763660595290982,0.5904655701143017,0.998076071775349,500,all-mpnet-base-v2
SentenceTransformer,0.55,4,0.2581707626045098,0.5681628101477558,0.35502133960456406,0.5681628101477558,0.9979699957326925,500,all-mpnet-base-v2
SentenceTransformer,0.55,5,0.2488479262672811,0.5570114301644828,0.3440082644628099,0.5570114301644828,0.9979093313292126,500,all-mpnet-base-v2
SentenceTransformer,0.55,6,0.2627235213204952,0.5857262336214106,0.3627417127071823,0.5857262336214106,0.9979561295833257,500,all-mpnet-base-v2
SentenceTransformer,0.55,7,0.25544213503874064,0.5790354056314468,0.3544973544973545,0.5790354056314468,0.9979013582933266,500,all-mpnet-base-v2
SentenceTransformer,0.55,8,0.25162013958125623,0.5628659046557012,0.34777366290586514,0.5628659046557012,0.997918344326301,500,all-mpnet-base-v2
SentenceTransformer,0.55,9,0.2621057859448721,0.5885140786172289,0.36268361824585515,0.5885140786172289,0.9979398368578196,500,all-mpnet-base-v2
SentenceTransformer,0.55,10,0.2560856864654333,0.5865625871201561,0.35651952893332206,0.5865625871201561,0.9978812523767446,500,all-mpnet-base-v2
SentenceTransformer,0.6,1,0.3318233295583239,0.5717870086423195,0.41994266994266993,0.5717870086423195,0.9985683200778723,500,all-mpnet-base-v2
SentenceTransformer,0.6,2,0.34086206896551724,0.5511569556732646,0.42122083732821985,0.5511569556732646,0.9986747427742629,500,all-mpnet-base-v2
SentenceTransformer,0.6,3,0.34822039698836416,0.5673264566490103,0.4315555084296469,0.5673264566490103,0.9986795959265413,500,all-mpnet-base-v2
SentenceTransformer,0.6,4,0.3327736736064473,0.5525508781711737,0.41538300324845434,0.5525508781711737,0.998622398060403,500,all-mpnet-base-v2
SentenceTransformer,0.6,5,0.3189923114673646,0.5436297741845554,0.4020618556701031,0.5436297741845554,0.9985568805046446,500,all-mpnet-base-v2
SentenceTransformer,0.6,6,0.32259615384615387,0.5611931976582102,0.4096875954004274,0.5611931976582102,0.9985346946656577,500,all-mpnet-base-v2
SentenceTransformer,0.6,7,0.3426597582037997,0.5531084471703374,0.42316305854750985,0.5531084471703374,0.9986806358877438,500,all-mpnet-base-v2
SentenceTransformer,0.6,8,0.33272242585804734,0.556732645664901,0.4165189279382626,0.556732645664901,0.9986116517946437,500,all-mpnet-base-v2
SentenceTransformer,0.6,9,0.3342837973834284,0.5556175076665737,0.4174259084720913,0.5556175076665737,0.9986241313290739,500,all-mpnet-base-v2
SentenceTransformer,0.6,10,0.3319043693322341,0.5611931976582102,0.4171156237049316,0.5611931976582102,0.9985953590691377,500,all-mpnet-base-v2
SentenceTransformer,0.65,1,0.43951032165146425,0.5104544187343184,0.4723332903392235,0.5104544187343184,0.9991905635307099,500,all-mpnet-base-v2
SentenceTransformer,0.65,2,0.4477828931427187,0.5151937552272093,0.4791288566243194,0.5151937552272093,0.9992099761398234,500,all-mpnet-base-v2
SentenceTransformer,0.65,3,0.433389544688027,0.5015333147477,0.4649780304988369,0.5015333147477,0.9991846704172289,500,all-mpnet-base-v2
SentenceTransformer,0.65,4,0.45189431704885347,0.5054362977418455,0.47716804842742466,0.5054362977418455,0.9992377084385572,500,all-mpnet-base-v2
SentenceTransformer,0.65,5,0.4426510149180729,0.5045999442431001,0.47159979155810317,0.5045999442431001,0.9992099761398234,500,all-mpnet-base-v2
SentenceTransformer,0.65,6,0.4428194677535363,0.5149149707276276,0.47615364784738334,0.5149149707276276,0.9991943767217858,500,all-mpnet-base-v2
SentenceTransformer,0.65,7,0.445821185617104,0.5115695567326457,0.4764377515253797,0.5115695567326457,0.9992092828323551,500,all-mpnet-base-v2
SentenceTransformer,0.65,8,0.4327527818093856,0.4987454697518818,0.4634114751975133,0.4987454697518818,0.9991870969933682,500,all-mpnet-base-v2
SentenceTransformer,0.65,9,0.43529411764705883,0.515751324226373,0.47211943345667984,0.515751324226373,0.9991680310379888,500,all-mpnet-base-v2
SentenceTransformer,0.65,10,0.4541604384653712,0.5082241427376638,0.47967372714116563,0.5082241427376638,0.9992404816684306,500,all-mpnet-base-v2
SentenceTransformer,0.7,1,0.5944822373393802,0.43852801784220796,0.5047328734156907,0.43852801784220796,0.9996280405432342,500,all-mpnet-base-v2
SentenceTransformer,0.7,2,0.6059907834101382,0.4399219403401171,0.5097722500403812,0.4399219403401171,0.9996443332687401,500,all-mpnet-base-v2
SentenceTransformer,0.7,3,0.5885203130823705,0.4402007248396989,0.5036682615629984,0.4402007248396989,0.9996172942774748,500,all-mpnet-base-v2
SentenceTransformer,0.7,4,0.5991412958626073,0.4279342068580987,0.49926817368677834,0.4279342068580987,0.999643986615006,500,all-mpnet-base-v2
SentenceTransformer,0.7,5,0.5907305577376276,0.41929188737106216,0.49046143812163706,0.41929188737106216,0.9996387868089934,500,all-mpnet-base-v2
SentenceTransformer,0.7,6,0.6118650639782861,0.4399219403401171,0.5118391177424586,0.4399219403401171,0.9996529996120944,500,all-mpnet-base-v2
SentenceTransformer,0.7,7,0.5987213238059421,0.4438249233342626,0.5097662504002561,0.4438249233342626,0.9996301204656391,500,all-mpnet-base-v2
SentenceTransformer,0.7,8,0.6056393963463066,0.42514636186228044,0.4995904995904996,0.42514636186228044,0.9996557728419678,500,all-mpnet-base-v2
SentenceTransformer,0.7,9,0.6038240917782027,0.4402007248396989,0.509190583682683,0.4402007248396989,0.9996408667313985,500,all-mpnet-base-v2
SentenceTransformer,0.7,10,0.5958268933539412,0.42988569835517143,0.4994331983805668,0.42988569835517143,0.9996374001940568,500,all-mpnet-base-v2
SentenceTransformer,0.75,1,0.7349742415569548,0.35795929746306104,0.4814398200224972,0.35795929746306104,0.9998394993210786,500,all-mpnet-base-v2
SentenceTransformer,0.75,2,0.7225950782997763,0.36018957345971564,0.48074418604651165,0.36018957345971564,0.999828059747851,500,all-mpnet-base-v2
SentenceTransformer,0.75,3,0.7280501710376283,0.3560078059659883,0.4781876053173563,0.3560078059659883,0.9998346461688002,500,all-mpnet-base-v2
SentenceTransformer,0.75,4,0.7389534883720931,0.35433509896849735,0.47899001319012624,0.35433509896849735,0.999844352473357,500,all-mpnet-base-v2
SentenceTransformer,0.75,5,0.7296037296037297,0.3490381934764427,0.47218555534603057,0.3490381934764427,0.9998391526673445,500,all-mpnet-base-v2
SentenceTransformer,0.75,6,0.7338663620788121,0.3582380819626429,0.4814537279880105,0.3582380819626429,0.9998384593598761,500,all-mpnet-base-v2
SentenceTransformer,0.75,7,0.7281935846933033,0.3607471424588793,0.482475764354959,0.3607471424588793,0.9998325662463953,500,all-mpnet-base-v2
SentenceTransformer,0.75,8,0.7291784702549575,0.35879565096180654,0.48094170403587444,0.35879565096180654,0.9998342995150661,500,all-mpnet-base-v2
SentenceTransformer,0.75,9,0.7300056721497448,0.35879565096180654,0.4811214953271028,0.35879565096180654,0.9998349928225344,500,all-mpnet-base-v2
SentenceTransformer,0.75,10,0.735527809307605,0.36130471145804294,0.4845765563656758,0.36130471145804294,0.9998384593598761,500,all-mpnet-base-v2
SentenceTransformer,0.8,1,0.858281665190434,0.27014218009478674,0.410941475826972,0.27014218009478674,0.9999445354025326,500,all-mpnet-base-v2
SentenceTransformer,0.8,2,0.8528368794326241,0.26819068859771394,0.4080593849416755,0.26819068859771394,0.9999424554801275,500,all-mpnet-base-v2
SentenceTransformer,0.8,3,0.8565101860053145,0.2695846110956231,0.4100932994062765,0.2695846110956231,0.9999438420950643,500,all-mpnet-base-v2
SentenceTransformer,0.8,4,0.852994555353902,0.26205742960691386,0.40093836638942204,0.26205742960691386,0.9999438420950643,500,all-mpnet-base-v2
SentenceTransformer,0.8,5,0.8488372093023255,0.26456649010315025,0.4034006376195537,0.26456649010315025,0.999941415518925,500,all-mpnet-base-v2
SentenceTransformer,0.8,6,0.8570143884892086,0.26568162810147755,0.40561821664183867,0.26568162810147755,0.9999448820562667,500,all-mpnet-base-v2
SentenceTransformer,0.8,7,0.8502242152466367,0.26428770560356846,0.40323266695023396,0.26428770560356846,0.9999421088263933,500,all-mpnet-base-v2
SentenceTransformer,0.8,8,0.8553571428571428,0.2670755505993867,0.4070533248353516,0.2670755505993867,0.9999438420950643,500,all-mpnet-base-v2
SentenceTransformer,0.8,9,0.8541666666666666,0.2628937831056593,0.4020464719675975,0.2628937831056593,0.9999441887487984,500,all-mpnet-base-v2
SentenceTransformer,0.8,10,0.8524150268336315,0.26568162810147755,0.40510095642933047,0.26568162810147755,0.9999428021338618,500,all-mpnet-base-v2
SentenceTransformer,0.85,1,0.9193302891933028,0.16838583774742125,0.2846371347785108,0.16838583774742125,0.999981627352089,500,all-mpnet-base-v2
SentenceTransformer,0.85,2,0.9228395061728395,0.1667131307499303,0.28240850059031875,0.1667131307499303,0.9999826673132914,500,all-mpnet-base-v2
SentenceTransformer,0.85,3,0.918960244648318,0.16754948424867577,0.28342372082056116,0.16754948424867577,0.999981627352089,500,all-mpnet-base-v2
SentenceTransformer,0.85,4,0.9228395061728395,0.1667131307499303,0.28240850059031875,0.1667131307499303,0.9999826673132914,500,all-mpnet-base-v2
SentenceTransformer,0.85,5,0.9204892966360856,0.1678282687482576,0.28389530771044563,0.1678282687482576,0.9999819740058231,500,all-mpnet-base-v2
SentenceTransformer,0.85,6,0.9250764525993884,0.16866462224700307,0.28531006838009904,0.16866462224700307,0.9999830139670256,500,all-mpnet-base-v2
SentenceTransformer,0.85,7,0.9187969924812031,0.17033732924449402,0.28739416745061147,0.17033732924449402,0.9999812806983548,500,all-mpnet-base-v2
SentenceTransformer,0.85,8,0.9198767334360555,0.16643434625034847,0.2818696883852691,0.16643434625034847,0.9999819740058231,500,all-mpnet-base-v2
SentenceTransformer,0.85,9,0.9242424242424242,0.1700585447449122,0.2872615964210031,0.1700585447449122,0.9999826673132914,500,all-mpnet-base-v2
SentenceTransformer,0.85,10,0.9235474006116208,0.16838583774742125,0.28483848149021457,0.16838583774742125,0.9999826673132914,500,all-mpnet-base-v2
SentenceTransformer,0.9,1,0.9633699633699634,0.07332032339001951,0.13626943005181347,0.07332032339001951,0.9999965334626583,500,all-mpnet-base-v2
SentenceTransformer,0.9,2,0.9636363636363636,0.07387789238918316,0.13723459347488348,0.07387789238918316,0.9999965334626583,500,all-mpnet-base-v2
SentenceTransformer,0.9,3,0.966789667896679,0.07304153889043768,0.13582166925868325,0.07304153889043768,0.9999968801163924,500,all-mpnet-base-v2
SentenceTransformer,0.9,4,0.9740740740740741,0.07332032339001951,0.13637542131190045,0.07332032339001951,0.9999975734238608,500,all-mpnet-base-v2
SentenceTransformer,0.9,5,0.9636363636363636,0.07387789238918316,0.13723459347488348,0.07387789238918316,0.9999965334626583,500,all-mpnet-base-v2
SentenceTransformer,0.9,6,0.9703703703703703,0.07304153889043768,0.13585688358828105,0.07304153889043768,0.9999972267701266,500,all-mpnet-base-v2
SentenceTransformer,0.9,7,0.9624060150375939,0.07136883189294675,0.13288346742797819,0.07136883189294675,0.9999965334626583,500,all-mpnet-base-v2
SentenceTransformer,0.9,8,0.9636363636363636,0.07387789238918316,0.13723459347488348,0.07387789238918316,0.9999965334626583,500,all-mpnet-base-v2
SentenceTransformer,0.9,9,0.9636363636363636,0.07387789238918316,0.13723459347488348,0.07387789238918316,0.9999965334626583,500,all-mpnet-base-v2
SentenceTransformer,0.9,10,0.9671532846715328,0.07387789238918316,0.13727013727013726,0.07387789238918316,0.9999968801163924,500,all-mpnet-base-v2
SentenceTransformer,0.95,1,0.9565217391304348,0.018399776972400333,0.036105032822757115,0.018399776972400333,0.9999989600387975,500,all-mpnet-base-v2
SentenceTransformer,0.95,2,0.9565217391304348,0.018399776972400333,0.036105032822757115,0.018399776972400333,0.9999989600387975,500,all-mpnet-base-v2
SentenceTransformer,0.95,3,0.9705882352941176,0.018399776972400333,0.036114911080711354,0.018399776972400333,0.9999993066925317,500,all-mpnet-base-v2
SentenceTransformer,0.95,4,0.9850746268656716,0.018399776972400333,0.0361247947454844,0.018399776972400333,0.9999996533462658,500,all-mpnet-base-v2
SentenceTransformer,0.95,5,0.9565217391304348,0.018399776972400333,0.036105032822757115,0.018399776972400333,0.9999989600387975,500,all-mpnet-base-v2
SentenceTransformer,0.95,6,0.9850746268656716,0.018399776972400333,0.0361247947454844,0.018399776972400333,0.9999996533462658,500,all-mpnet-base-v2
SentenceTransformer,0.95,7,0.9565217391304348,0.018399776972400333,0.036105032822757115,0.018399776972400333,0.9999989600387975,500,all-mpnet-base-v2
SentenceTransformer,0.95,8,0.9565217391304348,0.018399776972400333,0.036105032822757115,0.018399776972400333,0.9999989600387975,500,all-mpnet-base-v2
SentenceTransformer,0.95,9,0.9565217391304348,0.018399776972400333,0.036105032822757115,0.018399776972400333,0.9999989600387975,500,all-mpnet-base-v2
SentenceTransformer,0.95,10,0.9705882352941176,0.018399776972400333,0.036114911080711354,0.018399776972400333,0.9999993066925317,500,all-mpnet-base-v2
SentenceTransformer,0.1,1,0.006825229994679954,0.7332032339001952,0.013524562765798798,0.7332032339001952,0.8673338826639507,10,dwulff/mpnet-personality
SentenceTransformer,0.1,2,0.0038339420138630096,0.7170337329244494,0.007627102309037019,0.7170337329244494,0.7683389358354338,10,dwulff/mpnet-personality
SentenceTransformer,0.1,3,0.00586284416943041,0.7343183718985224,0.01163281124063446,0.7343183718985224,0.8451719627846417,10,dwulff/mpnet-personality
SentenceTransformer,0.1,4,0.005430212415277754,0.7201003624198494,0.010779140297834782,0.7201003624198494,0.8360019315546068,10,dwulff/mpnet-personality
SentenceTransformer,0.1,5,0.004775129806689572,0.7276275439085587,0.00948799368921186,0.7276275439085587,0.8114300749153385,10,dwulff/mpnet-personality
SentenceTransformer,0.1,6,0.003447427404358764,0.7148034569277948,0.0068617612032167855,0.7148034569277948,0.7430675319606077,10,dwulff/mpnet-personality
SentenceTransformer,0.1,7,0.004106555403995828,0.7134095344298857,0.008166104761646432,0.7134095344298857,0.7848698124568633,10,dwulff/mpnet-personality
SentenceTransformer,0.1,8,0.005082159133670611,0.6777251184834123,0.010088664880780699,0.6777251184834123,0.8350243680242436,10,dwulff/mpnet-personality
SentenceTransformer,0.1,9,0.004036622014846505,0.708112628937831,0.008027483068015536,0.708112628937831,0.7827524514485447,10,dwulff/mpnet-personality
SentenceTransformer,0.1,10,0.005079793815619599,0.7382213548926679,0.010090156001127903,0.7382213548926679,0.8202139338855066,10,dwulff/mpnet-personality
SentenceTransformer,0.15,1,0.00724856621767123,0.7357122943964316,0.014355693727067746,0.7357122943964316,0.8747079008972438,10,dwulff/mpnet-personality
SentenceTransformer,0.15,2,0.0038339420138630096,0.7170337329244494,0.007627102309037019,0.7170337329244494,0.7683389358354338,10,dwulff/mpnet-personality
SentenceTransformer,0.15,3,0.00586284416943041,0.7343183718985224,0.01163281124063446,0.7343183718985224,0.8451719627846417,10,dwulff/mpnet-personality
SentenceTransformer,0.15,4,0.005430212415277754,0.7201003624198494,0.010779140297834782,0.7201003624198494,0.8360019315546068,10,dwulff/mpnet-personality
SentenceTransformer,0.15,5,0.004775129806689572,0.7276275439085587,0.00948799368921186,0.7276275439085587,0.8114300749153385,10,dwulff/mpnet-personality
SentenceTransformer,0.15,6,0.004242026853411262,0.7106216894340674,0.008433709028766922,0.7106216894340674,0.7925821647347077,10,dwulff/mpnet-personality
SentenceTransformer,0.15,7,0.004364790454715741,0.6885977139671035,0.008674595551372394,0.6885977139671035,0.8046876597857056,10,dwulff/mpnet-personality
SentenceTransformer,0.15,8,0.005082159133670611,0.6777251184834123,0.010088664880780699,0.6777251184834123,0.8350243680242436,10,dwulff/mpnet-personality
SentenceTransformer,0.15,9,0.004036622014846505,0.708112628937831,0.008027483068015536,0.708112628937831,0.7827524514485447,10,dwulff/mpnet-personality
SentenceTransformer,0.15,10,0.00492854285890099,0.7145246724282129,0.009789560730225603,0.7145246724282129,0.8206174388320819,10,dwulff/mpnet-personality
SentenceTransformer,0.2,1,0.007904327011134901,0.6977976024533036,0.015631586671621144,0.6977976024533036,0.8910956095264606,10,dwulff/mpnet-personality
SentenceTransformer,0.2,2,0.007556307880872129,0.708112628937831,0.014953050952226769,0.708112628937831,0.8843552743192328,10,dwulff/mpnet-personality
SentenceTransformer,0.2,3,0.008857880545562477,0.6905492054641762,0.01749139376820549,0.6905492054641762,0.9039211043833325,10,dwulff/mpnet-personality
SentenceTransformer,0.2,4,0.007656367653775413,0.6916643434625035,0.015145087003366592,0.6916643434625035,0.8885289852786559,10,dwulff/mpnet-personality
SentenceTransformer,0.2,5,0.005574654533198517,0.6916643434625035,0.011060166682640976,0.6916643434625035,0.8465818035215166,10,dwulff/mpnet-personality
SentenceTransformer,0.2,6,0.010286039895589363,0.6844159464733761,0.020267481218525552,0.6844159464733761,0.9181141482215104,10,dwulff/mpnet-personality
SentenceTransformer,0.2,7,0.007386321650372208,0.6409255645386116,0.014604336198298807,0.6409255645386116,0.8929006355202909,10,dwulff/mpnet-personality
SentenceTransformer,0.2,8,0.00794363003158662,0.6835795929746306,0.01570476074578399,0.6835795929746306,0.8938466535608445,10,dwulff/mpnet-personality
SentenceTransformer,0.2,9,0.005223242337499127,0.6674100919988849,0.010365363924290412,0.6674100919988849,0.841946003134443,10,dwulff/mpnet-personality
SentenceTransformer,0.2,10,0.00673461958500182,0.6807917479788124,0.013337302118293459,0.6807917479788124,0.8751484977933757,10,dwulff/mpnet-personality
SentenceTransformer,0.25,1,0.016133292554078853,0.6470588235294118,0.03148164474978128,0.6470588235294118,0.9509335905041836,10,dwulff/mpnet-personality
SentenceTransformer,0.25,2,0.016746652831221988,0.6478951770281572,0.03264939133611031,0.6478951770281572,0.9526990979723183,10,dwulff/mpnet-personality
SentenceTransformer,0.25,3,0.011289605628551901,0.6584889880122665,0.022198622219298327,0.6584889880122665,0.9282922485105156,10,dwulff/mpnet-personality
SentenceTransformer,0.25,4,0.01384761642819987,0.6456649010315026,0.027113723102858884,0.6456649010315026,0.9428253596619155,10,dwulff/mpnet-personality
SentenceTransformer,0.25,5,0.01092006436487435,0.6375801505436298,0.021472363837797746,0.6375801505436298,0.9281927588888084,10,dwulff/mpnet-personality
SentenceTransformer,0.25,6,0.01598936292276645,0.6604404795093393,0.031222816775179903,0.6604404795093393,0.9494606587876895,10,dwulff/mpnet-personality
SentenceTransformer,0.25,7,0.012514975876695917,0.6465012545302481,0.024554623183418483,0.6465012545302481,0.9365696463750592,10,dwulff/mpnet-personality
SentenceTransformer,0.25,8,0.017682498613934578,0.6668525229997212,0.034451469804554165,0.6668525229997212,0.9539356118421075,10,dwulff/mpnet-personality
SentenceTransformer,0.25,9,0.016700386242413094,0.6328408140507388,0.03254200355524973,0.6328408140507388,0.9536679951593272,10,dwulff/mpnet-personality
SentenceTransformer,0.25,10,0.015535721454282694,0.6473376080289935,0.03034322341210985,0.6473376080289935,0.9489933695540265,10,dwulff/mpnet-personality
SentenceTransformer,0.3,1,0.03280687409447577,0.6375801505436298,0.06240279407350814,0.6375801505436298,0.9766272186272305,10,dwulff/mpnet-personality
SentenceTransformer,0.3,2,0.028849116680361546,0.6264287705603568,0.055158023933722,0.6264287705603568,0.9737787648935444,10,dwulff/mpnet-personality
SentenceTransformer,0.3,3,0.031936589079834675,0.6548647895177028,0.06090304515225761,0.6548647895177028,0.9753172141657969,10,dwulff/mpnet-personality
SentenceTransformer,0.3,4,0.03510375309011911,0.6531920825202119,0.06662685548541204,0.6531920825202119,0.9776748062118963,10,dwulff/mpnet-personality
SentenceTransformer,0.3,5,0.03550152344282921,0.65291329802063,0.06734142273851285,0.65291329802063,0.9779434628558791,10,dwulff/mpnet-personality
SentenceTransformer,0.3,6,0.03408741038309851,0.6481739615277391,0.06476864361924395,0.6481739615277391,0.9771617586853226,10,dwulff/mpnet-personality
SentenceTransformer,0.3,7,0.03370932005869997,0.6531920825202119,0.06411010630292914,0.6531920825202119,0.9767176952518491,10,dwulff/mpnet-personality
SentenceTransformer,0.3,8,0.038441909089412425,0.6509618065235573,0.0725966919537371,0.6509618065235573,0.9797533420019877,10,dwulff/mpnet-personality
SentenceTransformer,0.3,9,0.03617004740809823,0.6487315305269027,0.06851977268042755,0.6487315305269027,0.9785046952515025,10,dwulff/mpnet-personality
SentenceTransformer,0.3,10,0.037365379563961125,0.6345135210482297,0.0705747375928309,0.6345135210482297,0.9796736116431283,10,dwulff/mpnet-personality
SentenceTransformer,0.35,1,0.051564714616751786,0.6389740730415389,0.09542842867849113,0.6389740730415389,0.9853861185285381,10,dwulff/mpnet-personality
SentenceTransformer,0.35,2,0.048775153105861765,0.6216894340674658,0.09045368811730586,0.6216894340674658,0.9849240291008877,10,dwulff/mpnet-personality
SentenceTransformer,0.35,3,0.047568530934397016,0.6250348480624477,0.08840868313649718,0.6250348480624477,0.9844387138730478,10,dwulff/mpnet-personality
SentenceTransformer,0.35,4,0.049414911400869274,0.6180652355729022,0.09151325022702882,0.6180652355729022,0.9852159115450599,10,dwulff/mpnet-personality
SentenceTransformer,0.35,5,0.04910095296784559,0.6219682185670476,0.09101664490861619,0.6219682185670476,0.9850224787613924,10,dwulff/mpnet-personality
SentenceTransformer,0.35,6,0.05042983821837135,0.623083356565375,0.09330772763328184,0.623083356565375,0.9854114242511326,10,dwulff/mpnet-personality
SentenceTransformer,0.35,7,0.04371277896974193,0.6077502090883747,0.08155935500766957,0.6077502090883747,0.9834677367636339,10,dwulff/mpnet-personality
SentenceTransformer,0.35,8,0.05078741057347261,0.6194591580708113,0.09387806835945751,0.6194591580708113,0.9856038170735977,10,dwulff/mpnet-personality
SentenceTransformer,0.35,9,0.051339440227047235,0.6202955115695568,0.09483015812129736,0.6202955115695568,0.9857476783732788,10,dwulff/mpnet-personality
SentenceTransformer,0.35,10,0.04821170673689576,0.6328408140507388,0.0895976002052456,0.6328408140507388,0.9844650595568448,10,dwulff/mpnet-personality
SentenceTransformer,0.4,1,0.07081453180066533,0.59938667410092,0.1266643101213621,0.59938667410092,0.9902205515052919,10,dwulff/mpnet-personality
SentenceTransformer,0.4,2,0.07202017792017451,0.5890716476163925,0.12834841766385227,0.5890716476163925,0.9905620054334506,10,dwulff/mpnet-personality
SentenceTransformer,0.4,3,0.07540529010238908,0.5913019236130471,0.1337537442850386,0.5913019236130471,0.9909845763354055,10,dwulff/mpnet-personality
SentenceTransformer,0.4,4,0.07095636844424857,0.583495957624756,0.1265264176036755,0.583495957624756,0.9905003010687681,10,dwulff/mpnet-personality
SentenceTransformer,0.4,5,0.08286451007969996,0.5913019236130471,0.1453585991844567,0.5913019236130471,0.9918623035903273,10,dwulff/mpnet-personality
SentenceTransformer,0.4,6,0.07228874792224974,0.5940897686088653,0.1288937276961229,0.5940897686088653,0.9905197136778817,10,dwulff/mpnet-personality
SentenceTransformer,0.4,7,0.07026132980482964,0.5921382771117926,0.12561729307744626,0.5921382771117926,0.9902569501473798,10,dwulff/mpnet-personality
SentenceTransformer,0.4,8,0.07371007371007371,0.6021745190967382,0.13134292055577512,0.6021745190967382,0.9905904310396527,10,dwulff/mpnet-personality
SentenceTransformer,0.4,9,0.0726662557359085,0.591580708112629,0.12943365152947636,0.591580708112629,0.9906126168786397,10,dwulff/mpnet-personality
SentenceTransformer,0.4,10,0.06671944268524382,0.5873989406189016,0.11982824807347797,0.5873989406189016,0.9897830744927676,10,dwulff/mpnet-personality
SentenceTransformer,0.45,1,0.1152395428700107,0.5706718706439922,0.19175644028103045,0.5706718706439922,0.9945519899137629,10,dwulff/mpnet-personality
SentenceTransformer,0.45,2,0.11787137165623221,0.577362698633956,0.19577444817318146,0.577362698633956,0.9946272137740781,10,dwulff/mpnet-personality
SentenceTransformer,0.45,3,0.12288674786402472,0.5653749651519375,0.20189148830263812,0.5653749651519375,0.9949821871978696,10,dwulff/mpnet-personality
SentenceTransformer,0.45,4,0.11654413859919074,0.5701143016448286,0.19352701807513958,0.5701143016448286,0.9946261738128757,10,dwulff/mpnet-personality
SentenceTransformer,0.45,5,0.11079791847354727,0.5698355171452467,0.18552303154073066,0.5698355171452467,0.994313492144653,10,dwulff/mpnet-personality
SentenceTransformer,0.45,6,0.11409206438859079,0.5631446891552829,0.1897426263385309,0.5631446891552829,0.9945627361795223,10,dwulff/mpnet-personality
SentenceTransformer,0.45,7,0.11772009029345372,0.5815444661276833,0.1958041958041958,0.5815444661276833,0.994580415519965,10,dwulff/mpnet-personality
SentenceTransformer,0.45,8,0.11564059900166389,0.5812656816281014,0.19290373317296572,0.5812656816281014,0.9944726062086378,10,dwulff/mpnet-personality
SentenceTransformer,0.45,9,0.11422958181307886,0.5673264566490103,0.19016914307074106,0.5673264566490103,0.994529804074776,10,dwulff/mpnet-personality
SentenceTransformer,0.45,10,0.11469829242848514,0.5823808196264287,0.19165137614678898,0.5823808196264287,0.994410555190221,10,dwulff/mpnet-personality
SentenceTransformer,0.5,1,0.17164179104477612,0.5706718706439922,0.26390769032424416,0.5706718706439922,0.9965754077601212,10,dwulff/mpnet-personality
SentenceTransformer,0.5,2,0.1658540616477977,0.5595204906607193,0.2558643549209587,0.5595204906607193,0.9965008772072743,10,dwulff/mpnet-personality
SentenceTransformer,0.5,3,0.16662473794549265,0.5539448006690828,0.2561887570912842,0.5539448006690828,0.9965549551898051,10,dwulff/mpnet-personality
SentenceTransformer,0.5,4,0.17107479784366578,0.566211318650683,0.2627595575392975,0.566211318650683,0.9965885806020197,10,dwulff/mpnet-personality
SentenceTransformer,0.5,5,0.17516115169746455,0.5681628101477558,0.26777033241361187,0.5681628101477558,0.9966731641131575,10,dwulff/mpnet-personality
SentenceTransformer,0.5,6,0.17241962774957698,0.5681628101477558,0.2645550723697021,0.5681628101477558,0.9966090331723357,10,dwulff/mpnet-personality
SentenceTransformer,0.5,7,0.16684651780526272,0.5603568441594647,0.2571318920301906,0.5603568441594647,0.9965206364701221,10,dwulff/mpnet-personality
SentenceTransformer,0.5,8,0.16939981686506284,0.5673264566490103,0.2608974358974359,0.5673264566490103,0.9965410890404381,10,dwulff/mpnet-personality
SentenceTransformer,0.5,9,0.17069677310641165,0.5648173961527739,0.26216356107660455,0.5648173961527739,0.9965878872945513,10,dwulff/mpnet-personality
SentenceTransformer,0.5,10,0.1648630923102148,0.5606356286590466,0.25479885967690846,0.5606356286590466,0.9964686384099963,10,dwulff/mpnet-personality
SentenceTransformer,0.55,1,0.22436189608021878,0.54892667967661,0.31853110086548575,0.54892667967661,0.9976403280314956,10,dwulff/mpnet-personality
SentenceTransformer,0.55,2,0.22300683371298405,0.54586005018121,0.3166491469232635,0.54586005018121,0.997635128225483,10,dwulff/mpnet-personality
SentenceTransformer,0.55,3,0.2268985507246377,0.5455812656816281,0.3205044218801179,0.5455812656816281,0.9976885129005454,10,dwulff/mpnet-personality
SentenceTransformer,0.55,4,0.22061690173145282,0.5363813771954279,0.3126421839454014,0.5363813771954279,0.9976437945688373,10,dwulff/mpnet-personality
SentenceTransformer,0.55,5,0.2275774387424873,0.54892667967661,0.3217583135877114,0.54892667967661,0.9976833130945328,10,dwulff/mpnet-personality
SentenceTransformer,0.55,6,0.22178015232465614,0.5439085586841371,0.3150839793281654,0.5439085586841371,0.9976268085358629,10,dwulff/mpnet-personality
SentenceTransformer,0.55,7,0.2286417438181179,0.5439085586841371,0.321947194719472,0.5439085586841371,0.9977183251216841,10,dwulff/mpnet-personality
SentenceTransformer,0.55,8,0.23130455296060393,0.5466964036799554,0.32507252382925816,0.5466964036799554,0.9977408576144052,10,dwulff/mpnet-personality
SentenceTransformer,0.55,9,0.22340303965261113,0.5450236966824644,0.31690711622629275,0.5450236966824644,0.9976441412225715,10,dwulff/mpnet-personality
SentenceTransformer,0.55,10,0.2224364791288566,0.5466964036799554,0.3162138192372813,0.5466964036799554,0.9976236886522554,10,dwulff/mpnet-personality
SentenceTransformer,0.6,1,0.2957650273224044,0.48285475327571786,0.3668325743937308,0.48285475327571786,0.9985704000002773,10,dwulff/mpnet-personality
SentenceTransformer,0.6,2,0.2941780821917808,0.4789517702815723,0.36448498992256284,0.4789517702815723,0.9985710933077456,10,dwulff/mpnet-personality
SentenceTransformer,0.6,3,0.29691006387018815,0.47950933928073597,0.36673773987206826,0.47950933928073597,0.99858807934072,10,dwulff/mpnet-personality
SentenceTransformer,0.6,4,0.29410757108598834,0.4786729857819905,0.3643501326259947,0.4786729857819905,0.9985714399614798,10,dwulff/mpnet-personality
SentenceTransformer,0.6,5,0.29415795785506255,0.4786729857819905,0.3643887945670628,0.4786729857819905,0.9985717866152141,10,dwulff/mpnet-personality
SentenceTransformer,0.6,6,0.29242372300308533,0.4756063562865905,0.36216962105933553,0.4756063562865905,0.9985690133853407,10,dwulff/mpnet-personality
SentenceTransformer,0.6,7,0.3032656663724625,0.4789517702815723,0.37137916126242976,0.4789517702815723,0.9986317577112257,10,dwulff/mpnet-personality
SentenceTransformer,0.6,8,0.2986787204450626,0.4789517702815723,0.3679194774601135,0.4789517702815723,0.9986015988363528,10,dwulff/mpnet-personality
SentenceTransformer,0.6,9,0.2936548657431161,0.4786729857819905,0.36400254398982407,0.4786729857819905,0.9985683200778723,10,dwulff/mpnet-personality
SentenceTransformer,0.6,10,0.2953840854288667,0.4781154167828269,0.36516554881294583,0.4781154167828269,0.998581839573505,10,dwulff/mpnet-personality
SentenceTransformer,0.65,1,0.41517241379310343,0.419570671870644,0.4173599556295064,0.419570671870644,0.9992650940835567,10,dwulff/mpnet-personality
SentenceTransformer,0.65,2,0.41707717569786534,0.42486757736269865,0.4209363347603922,0.42486757736269865,0.9992616275462151,10,dwulff/mpnet-personality
SentenceTransformer,0.65,3,0.42248817144447537,0.4231948703652077,0.4228412256267409,0.4231948703652077,0.9992806935015944,10,dwulff/mpnet-personality
SentenceTransformer,0.65,4,0.41737695903216937,0.4231948703652077,0.420265780730897,0.4231948703652077,0.9992654407372908,10,dwulff/mpnet-personality
SentenceTransformer,0.65,5,0.4222841225626741,0.42263730136604405,0.4224606381496447,0.42263730136604405,0.9992810401553286,10,dwulff/mpnet-personality
SentenceTransformer,0.65,6,0.41413583655438985,0.41817674937273486,0.4161464835622139,0.41817674937273486,0.9992644007760884,10,dwulff/mpnet-personality
SentenceTransformer,0.65,7,0.42283003070053027,0.42235851686646225,0.4225941422594142,0.42235851686646225,0.9992831200777337,10,dwulff/mpnet-personality
SentenceTransformer,0.65,8,0.41806664830625173,0.4231948703652077,0.42061512884455526,0.4231948703652077,0.9992675206596959,10,dwulff/mpnet-personality
SentenceTransformer,0.65,9,0.41714915908464295,0.4218009478672986,0.41946215691710564,0.4218009478672986,0.9992671740059618,10,dwulff/mpnet-personality
SentenceTransformer,0.65,10,0.41915836101882614,0.4220797323668804,0.4206139741630782,0.4220797323668804,0.9992727204657085,10,dwulff/mpnet-personality
SentenceTransformer,0.7,1,0.590561797752809,0.3663228324505158,0.4521679284239504,0.3663228324505158,0.9996841984481699,10,dwulff/mpnet-personality
SentenceTransformer,0.7,2,0.5917079765660207,0.3660440479509339,0.4522907337237341,0.3660440479509339,0.9996859317168407,10,dwulff/mpnet-personality
SentenceTransformer,0.7,3,0.5894547093285264,0.36465012545302483,0.45056837754047535,0.36465012545302483,0.9996841984481699,10,dwulff/mpnet-personality
SentenceTransformer,0.7,4,0.5902964959568733,0.3663228324505158,0.45209014278341647,0.3663228324505158,0.9996838517944358,10,dwulff/mpnet-personality
SentenceTransformer,0.7,5,0.5902964959568733,0.3663228324505158,0.45209014278341647,0.3663228324505158,0.9996838517944358,10,dwulff/mpnet-personality
SentenceTransformer,0.7,6,0.5902964959568733,0.3663228324505158,0.45209014278341647,0.3663228324505158,0.9996838517944358,10,dwulff/mpnet-personality
SentenceTransformer,0.7,7,0.5867620751341681,0.36576526345135213,0.45062682466082776,0.36576526345135213,0.9996796919496257,10,dwulff/mpnet-personality
SentenceTransformer,0.7,8,0.5918918918918918,0.3663228324505158,0.4525572584811434,0.3663228324505158,0.9996859317168407,10,dwulff/mpnet-personality
SentenceTransformer,0.7,9,0.5910931174089069,0.3663228324505158,0.4523235800344234,0.3663228324505158,0.9996848917556382,10,dwulff/mpnet-personality
SentenceTransformer,0.7,10,0.590561797752809,0.3663228324505158,0.4521679284239504,0.3663228324505158,0.9996841984481699,10,dwulff/mpnet-personality
SentenceTransformer,0.75,1,0.7064471879286695,0.28714803456927795,0.40832507433102083,0.28714803456927795,0.9998516322017746,10,dwulff/mpnet-personality
SentenceTransformer,0.75,2,0.7056396148555708,0.28603289657095066,0.40706209085498907,0.28603289657095066,0.9998516322017746,10,dwulff/mpnet-personality
SentenceTransformer,0.75,3,0.7059629883481837,0.28714803456927795,0.40824415378517637,0.28714803456927795,0.9998512855480405,10,dwulff/mpnet-personality
SentenceTransformer,0.75,4,0.7064471879286695,0.28714803456927795,0.40832507433102083,0.28714803456927795,0.9998516322017746,10,dwulff/mpnet-personality
SentenceTransformer,0.75,5,0.7048275862068966,0.28491775857262336,0.4057971014492754,0.28491775857262336,0.9998516322017746,10,dwulff/mpnet-personality
SentenceTransformer,0.75,6,0.7064471879286695,0.28714803456927795,0.40832507433102083,0.28714803456927795,0.9998516322017746,10,dwulff/mpnet-personality
SentenceTransformer,0.75,7,0.7077877325982082,0.28631168107053245,0.40770146883684,0.28631168107053245,0.9998530188167113,10,dwulff/mpnet-personality
SentenceTransformer,0.75,8,0.7088781830695113,0.28714803456927795,0.4087301587301587,0.28714803456927795,0.9998533654704456,10,dwulff/mpnet-personality
SentenceTransformer,0.75,9,0.7059629883481837,0.28714803456927795,0.40824415378517637,0.28714803456927795,0.9998512855480405,10,dwulff/mpnet-personality
SentenceTransformer,0.75,10,0.7074175824175825,0.28714803456927795,0.4084870116993853,0.28714803456927795,0.999852325509243,10,dwulff/mpnet-personality
SentenceTransformer,0.8,1,0.8471910112359551,0.21020351268469473,0.3368327004690641,0.21020351268469473,0.9999528550921527,10,dwulff/mpnet-personality
SentenceTransformer,0.8,2,0.8471910112359551,0.21020351268469473,0.3368327004690641,0.21020351268469473,0.9999528550921527,10,dwulff/mpnet-personality
SentenceTransformer,0.8,3,0.8471910112359551,0.21020351268469473,0.3368327004690641,0.21020351268469473,0.9999528550921527,10,dwulff/mpnet-personality
SentenceTransformer,0.8,4,0.8471910112359551,0.21020351268469473,0.3368327004690641,0.21020351268469473,0.9999528550921527,10,dwulff/mpnet-personality
SentenceTransformer,0.8,5,0.8471910112359551,0.21020351268469473,0.3368327004690641,0.21020351268469473,0.9999528550921527,10,dwulff/mpnet-personality
SentenceTransformer,0.8,6,0.8471910112359551,0.21020351268469473,0.3368327004690641,0.21020351268469473,0.9999528550921527,10,dwulff/mpnet-personality
SentenceTransformer,0.8,7,0.8506787330316742,0.20964594368553108,0.3363900693357191,0.20964594368553108,0.9999542417070894,10,dwulff/mpnet-personality
SentenceTransformer,0.8,8,0.8471910112359551,0.21020351268469473,0.3368327004690641,0.21020351268469473,0.9999528550921527,10,dwulff/mpnet-personality
SentenceTransformer,0.8,9,0.8471910112359551,0.21020351268469473,0.3368327004690641,0.21020351268469473,0.9999528550921527,10,dwulff/mpnet-personality
SentenceTransformer,0.8,10,0.8471910112359551,0.21020351268469473,0.3368327004690641,0.21020351268469473,0.9999528550921527,10,dwulff/mpnet-personality
SentenceTransformer,0.85,1,0.8907216494845361,0.12043490381934764,0.21218074656188604,0.12043490381934764,0.999981627352089,10,dwulff/mpnet-personality
SentenceTransformer,0.85,2,0.8918367346938776,0.12182882631725676,0.21437331371106205,0.12182882631725676,0.999981627352089,10,dwulff/mpnet-personality
SentenceTransformer,0.85,3,0.8918367346938776,0.12182882631725676,0.21437331371106205,0.12182882631725676,0.999981627352089,10,dwulff/mpnet-personality
SentenceTransformer,0.85,4,0.8918367346938776,0.12182882631725676,0.21437331371106205,0.12182882631725676,0.999981627352089,10,dwulff/mpnet-personality
SentenceTransformer,0.85,5,0.8918367346938776,0.12182882631725676,0.21437331371106205,0.12182882631725676,0.999981627352089,10,dwulff/mpnet-personality
SentenceTransformer,0.85,6,0.8918367346938776,0.12182882631725676,0.21437331371106205,0.12182882631725676,0.999981627352089,10,dwulff/mpnet-personality
SentenceTransformer,0.85,7,0.9010309278350516,0.12182882631725676,0.21463654223968565,0.12182882631725676,0.9999833606207598,10,dwulff/mpnet-personality
SentenceTransformer,0.85,8,0.8918367346938776,0.12182882631725676,0.21437331371106205,0.12182882631725676,0.999981627352089,10,dwulff/mpnet-personality
SentenceTransformer,0.85,9,0.8918367346938776,0.12182882631725676,0.21437331371106205,0.12182882631725676,0.999981627352089,10,dwulff/mpnet-personality
SentenceTransformer,0.85,10,0.8918367346938776,0.12182882631725676,0.21437331371106205,0.12182882631725676,0.999981627352089,10,dwulff/mpnet-personality
SentenceTransformer,0.9,1,0.9365853658536586,0.05352662391971007,0.10126582278481013,0.05352662391971007,0.9999954935014558,10,dwulff/mpnet-personality
SentenceTransformer,0.9,2,0.9365853658536586,0.05352662391971007,0.10126582278481013,0.05352662391971007,0.9999954935014558,10,dwulff/mpnet-personality
SentenceTransformer,0.9,3,0.9365853658536586,0.05352662391971007,0.10126582278481013,0.05352662391971007,0.9999954935014558,10,dwulff/mpnet-personality
SentenceTransformer,0.9,4,0.9365853658536586,0.05352662391971007,0.10126582278481013,0.05352662391971007,0.9999954935014558,10,dwulff/mpnet-personality
SentenceTransformer,0.9,5,0.9365853658536586,0.05352662391971007,0.10126582278481013,0.05352662391971007,0.9999954935014558,10,dwulff/mpnet-personality
SentenceTransformer,0.9,6,0.9365853658536586,0.05352662391971007,0.10126582278481013,0.05352662391971007,0.9999954935014558,10,dwulff/mpnet-personality
SentenceTransformer,0.9,7,0.9365853658536586,0.05352662391971007,0.10126582278481013,0.05352662391971007,0.9999954935014558,10,dwulff/mpnet-personality
SentenceTransformer,0.9,8,0.9365853658536586,0.05352662391971007,0.10126582278481013,0.05352662391971007,0.9999954935014558,10,dwulff/mpnet-personality
SentenceTransformer,0.9,9,0.9365853658536586,0.05352662391971007,0.10126582278481013,0.05352662391971007,0.9999954935014558,10,dwulff/mpnet-personality
SentenceTransformer,0.9,10,0.9365853658536586,0.05352662391971007,0.10126582278481013,0.05352662391971007,0.9999954935014558,10,dwulff/mpnet-personality
SentenceTransformer,0.95,1,0.9791666666666666,0.013102871480345692,0.025859697386519945,0.013102871480345692,0.9999996533462658,10,dwulff/mpnet-personality
SentenceTransformer,0.95,2,0.9791666666666666,0.013102871480345692,0.025859697386519945,0.013102871480345692,0.9999996533462658,10,dwulff/mpnet-personality
SentenceTransformer,0.95,3,0.9791666666666666,0.013102871480345692,0.025859697386519945,0.013102871480345692,0.9999996533462658,10,dwulff/mpnet-personality
SentenceTransformer,0.95,4,0.9791666666666666,0.013102871480345692,0.025859697386519945,0.013102871480345692,0.9999996533462658,10,dwulff/mpnet-personality
SentenceTransformer,0.95,5,0.9791666666666666,0.013102871480345692,0.025859697386519945,0.013102871480345692,0.9999996533462658,10,dwulff/mpnet-personality
SentenceTransformer,0.95,6,0.9791666666666666,0.013102871480345692,0.025859697386519945,0.013102871480345692,0.9999996533462658,10,dwulff/mpnet-personality
SentenceTransformer,0.95,7,0.9791666666666666,0.013102871480345692,0.025859697386519945,0.013102871480345692,0.9999996533462658,10,dwulff/mpnet-personality
SentenceTransformer,0.95,8,0.9791666666666666,0.013102871480345692,0.025859697386519945,0.013102871480345692,0.9999996533462658,10,dwulff/mpnet-personality
SentenceTransformer,0.95,9,0.9791666666666666,0.013102871480345692,0.025859697386519945,0.013102871480345692,0.9999996533462658,10,dwulff/mpnet-personality
SentenceTransformer,0.95,10,0.9791666666666666,0.013102871480345692,0.025859697386519945,0.013102871480345692,0.9999996533462658,10,dwulff/mpnet-personality
SentenceTransformer,0.1,1,0.012540744464194101,0.6746584889880123,0.024623775170687534,0.6746584889880123,0.9339447842999137,25,dwulff/mpnet-personality
SentenceTransformer,0.1,2,0.014364489216189442,0.6710342904934485,0.02812688062727501,0.6710342904934485,0.9427470159179928,25,dwulff/mpnet-personality
SentenceTransformer,0.1,3,0.010531570627208674,0.6704767214942849,0.020737406660113474,0.6704767214942849,0.9216715088415768,25,dwulff/mpnet-personality
SentenceTransformer,0.1,4,0.011010379946901554,0.6913855589629216,0.021675574337168803,0.6913855589629216,0.9227787208685201,25,dwulff/mpnet-personality
SentenceTransformer,0.1,5,0.013001008653182567,0.6827432394758851,0.025516131216887117,0.6827432394758851,0.9355497910891271,25,dwulff/mpnet-personality
SentenceTransformer,0.1,6,0.01216674524356303,0.6690827989963758,0.023898907620764166,0.6690827989963758,0.9324514000131036,25,dwulff/mpnet-personality
SentenceTransformer,0.1,7,0.011853929003887579,0.6741009199888486,0.023298164474635064,0.6741009199888486,0.9301267400717503,25,dwulff/mpnet-personality
SentenceTransformer,0.1,8,0.011982988036908997,0.6715918594926122,0.023545855284378026,0.6715918594926122,0.93114555539648,25,dwulff/mpnet-personality
SentenceTransformer,0.1,9,0.01266539419624082,0.6548647895177028,0.024850174289749435,0.6548647895177028,0.9365218081597436,25,dwulff/mpnet-personality
SentenceTransformer,0.1,10,0.011860618682379235,0.6509618065235573,0.023296766887661694,0.6509618065235573,0.932563715822975,25,dwulff/mpnet-personality
SentenceTransformer,0.15,1,0.012540744464194101,0.6746584889880123,0.024623775170687534,0.6746584889880123,0.9339447842999137,25,dwulff/mpnet-personality
SentenceTransformer,0.15,2,0.014364489216189442,0.6710342904934485,0.02812688062727501,0.6710342904934485,0.9427470159179928,25,dwulff/mpnet-personality
SentenceTransformer,0.15,3,0.010531570627208674,0.6704767214942849,0.020737406660113474,0.6704767214942849,0.9216715088415768,25,dwulff/mpnet-personality
SentenceTransformer,0.15,4,0.011010379946901554,0.6913855589629216,0.021675574337168803,0.6913855589629216,0.9227787208685201,25,dwulff/mpnet-personality
SentenceTransformer,0.15,5,0.013001008653182567,0.6827432394758851,0.025516131216887117,0.6827432394758851,0.9355497910891271,25,dwulff/mpnet-personality
SentenceTransformer,0.15,6,0.013818646091871159,0.7000278784499582,0.027102289285367353,0.7000278784499582,0.9378796508364928,25,dwulff/mpnet-personality
SentenceTransformer,0.15,7,0.011853929003887579,0.6741009199888486,0.023298164474635064,0.6741009199888486,0.9301267400717503,25,dwulff/mpnet-personality
SentenceTransformer,0.15,8,0.011982988036908997,0.6715918594926122,0.023545855284378026,0.6715918594926122,0.93114555539648,25,dwulff/mpnet-personality
SentenceTransformer,0.15,9,0.01266539419624082,0.6548647895177028,0.024850174289749435,0.6548647895177028,0.9365218081597436,25,dwulff/mpnet-personality
SentenceTransformer,0.15,10,0.011860618682379235,0.6509618065235573,0.023296766887661694,0.6509618065235573,0.932563715822975,25,dwulff/mpnet-personality
SentenceTransformer,0.2,1,0.012595768161463529,0.6618344020072484,0.02472105507047167,0.6618344020072484,0.9354870467632421,25,dwulff/mpnet-personality
SentenceTransformer,0.2,2,0.014113286447443451,0.662391971006412,0.027637708722279414,0.662391971006412,0.9424637998171749,25,dwulff/mpnet-personality
SentenceTransformer,0.2,3,0.011915729679379832,0.6526345135210482,0.02340414896275931,0.6526345135210482,0.9327068838151878,25,dwulff/mpnet-personality
SentenceTransformer,0.2,4,0.012813036913625241,0.686088653470867,0.02515626836760249,0.686088653470867,0.9342713321175031,25,dwulff/mpnet-personality
SentenceTransformer,0.2,5,0.01393575422397096,0.6378589350432116,0.02727559918697733,0.6378589350432116,0.9438788403600623,25,dwulff/mpnet-personality
SentenceTransformer,0.2,6,0.013932338219520916,0.6952885419570672,0.02731728689175498,0.6952885419570672,0.938810762766477,25,dwulff/mpnet-personality
SentenceTransformer,0.2,7,0.014055413873085844,0.6791190409813215,0.027540827920701408,0.6791190409813215,0.9407645032122668,25,dwulff/mpnet-personality
SentenceTransformer,0.2,8,0.014625228519195612,0.6869250069696125,0.028640672311885763,0.6869250069696125,0.9424513202827447,25,dwulff/mpnet-personality
SentenceTransformer,0.2,9,0.013594548355693294,0.6579314190131029,0.026638673484361067,0.6579314190131029,0.940639361214231,25,dwulff/mpnet-personality
SentenceTransformer,0.2,10,0.013579199578121955,0.6604404795093393,0.026611249964896513,0.6604404795093393,0.9403447055401853,25,dwulff/mpnet-personality
SentenceTransformer,0.25,1,0.021023428422161972,0.6506830220239754,0.04073085178786451,0.6506830220239754,0.9623239389015861,25,dwulff/mpnet-personality
SentenceTransformer,0.25,2,0.019825474586650335,0.64984666852523,0.03847709284187417,0.64984666852523,0.960049890405422,25,dwulff/mpnet-personality
SentenceTransformer,0.25,3,0.016048657428206103,0.6473376080289935,0.031320815797992875,0.6473376080289935,0.950649334442163,25,dwulff/mpnet-personality
SentenceTransformer,0.25,4,0.01932283555401742,0.6537496515193755,0.03753621564515871,0.6537496515193755,0.9587433524813301,25,dwulff/mpnet-personality
SentenceTransformer,0.25,5,0.019983459636449562,0.6601616950097574,0.038792644469017486,0.6601616950097574,0.9597431018506802,25,dwulff/mpnet-personality
SentenceTransformer,0.25,6,0.019765561140193743,0.6336771675494842,0.03833537125268795,0.6336771675494842,0.9609234578155338,25,dwulff/mpnet-personality
SentenceTransformer,0.25,7,0.017719455418643247,0.6727069974909395,0.03452938861660645,0.6727069974909395,0.9536298632485684,25,dwulff/mpnet-personality
SentenceTransformer,0.25,8,0.022747106265044066,0.6612768330080847,0.04398130979752281,0.6612768330080847,0.9646742512192679,25,dwulff/mpnet-personality
SentenceTransformer,0.25,9,0.019101326433244217,0.6194591580708113,0.03705989292326167,0.6194591580708113,0.9604450756623772,25,dwulff/mpnet-personality
SentenceTransformer,0.25,10,0.022953518646144422,0.6685252299972122,0.04438316105090737,0.6685252299972122,0.9646156667381929,25,dwulff/mpnet-personality
SentenceTransformer,0.3,1,0.03388073625446091,0.6378589350432116,0.06434376669760117,0.6378589350432116,0.9773832704214581,25,dwulff/mpnet-personality
SentenceTransformer,0.3,2,0.03989561900938425,0.6649010315026485,0.07527458654210327,0.6649010315026485,0.9801034622735008,25,dwulff/mpnet-personality
SentenceTransformer,0.3,3,0.03780270742500694,0.6453861165319208,0.07142196032456113,0.6453861165319208,0.979573775367687,25,dwulff/mpnet-personality
SentenceTransformer,0.3,4,0.0327174428002118,0.654586005018121,0.06232001380170663,0.654586005018121,0.9759359910812927,25,dwulff/mpnet-personality
SentenceTransformer,0.3,5,0.03528082683235882,0.6442709785335935,0.0668982486611666,0.6442709785335935,0.9780942572302436,25,dwulff/mpnet-personality
SentenceTransformer,0.3,6,0.032066491639406405,0.6367437970448843,0.06105809073168124,0.6367437970448843,0.9761006516050241,25,dwulff/mpnet-personality
SentenceTransformer,0.3,7,0.035574929886599195,0.6506830220239754,0.06746152178625624,0.6506830220239754,0.9780658316240416,25,dwulff/mpnet-personality
SentenceTransformer,0.3,8,0.03511992354020966,0.6453861165319208,0.06661487108655617,0.6453861165319208,0.9779521291992334,25,dwulff/mpnet-personality
SentenceTransformer,0.3,9,0.0379050041043635,0.6565374965151938,0.07167204333799988,0.6565374965151938,0.9792791196936413,25,dwulff/mpnet-personality
SentenceTransformer,0.3,10,0.03617405941211309,0.6470588235294118,0.06851761649618444,0.6470588235294118,0.9785625864251091,25,dwulff/mpnet-personality
SentenceTransformer,0.35,1,0.05408902691511387,0.6409255645386116,0.09975917207263892,0.6409255645386116,0.9860627866176406,25,dwulff/mpnet-personality
SentenceTransformer,0.35,2,0.05136549840691852,0.629216615556175,0.09497759168472658,0.629216615556175,0.9855504323985353,25,dwulff/mpnet-personality
SentenceTransformer,0.35,3,0.05129315255782158,0.6275439085586841,0.09483485001685205,0.6275439085586841,0.9855674184315097,25,dwulff/mpnet-personality
SentenceTransformer,0.35,4,0.057423077918381076,0.6186228045720658,0.10509116741652853,0.6186228045720658,0.9873734843865425,25,dwulff/mpnet-personality
SentenceTransformer,0.35,5,0.05185185185185185,0.6088653470867019,0.09556523070864419,0.6088653470867019,0.9861560364721327,25,dwulff/mpnet-personality
SentenceTransformer,0.35,6,0.04932412676278086,0.6113744075829384,0.09128371628371629,0.6113744075829384,0.9853476399640451,25,dwulff/mpnet-personality
SentenceTransformer,0.35,7,0.047853338182129335,0.6236409255645387,0.08888623991735209,0.6236409255645387,0.9845704422920329,25,dwulff/mpnet-personality
SentenceTransformer,0.35,8,0.04787984749225876,0.6336771675494842,0.0890325107716412,0.6336771675494842,0.9843312512154546,25,dwulff/mpnet-personality
SentenceTransformer,0.35,9,0.05646709499065708,0.6149986060775021,0.10343695784686079,0.6149986060775021,0.9872219967047096,25,dwulff/mpnet-personality
SentenceTransformer,0.35,10,0.050151905726385566,0.6074714245887929,0.09265440629318593,0.6074714245887929,0.9856939470444822,25,dwulff/mpnet-personality
SentenceTransformer,0.4,1,0.06798429150840146,0.5887928631168107,0.12189420829365423,0.5887928631168107,0.9899629877808025,25,dwulff/mpnet-personality
SentenceTransformer,0.4,2,0.08572893252888521,0.6060775020908837,0.1502107372348511,0.6060775020908837,0.9919628331732371,25,dwulff/mpnet-personality
SentenceTransformer,0.4,3,0.08235249012766936,0.5988291051017564,0.14479271991911022,0.5988291051017564,0.9917028428726086,25,dwulff/mpnet-personality
SentenceTransformer,0.4,4,0.08219915417147251,0.5960412601059382,0.14447410210494308,0.5960412601059382,0.9917246820578614,25,dwulff/mpnet-personality
SentenceTransformer,0.4,5,0.07781137299187643,0.5954836911067745,0.13763773439010246,0.5954836911067745,0.9912244607194521,25,dwulff/mpnet-personality
SentenceTransformer,0.4,6,0.07035258518615972,0.5963200446055199,0.12585684445882733,0.5963200446055199,0.9902018322036465,25,dwulff/mpnet-personality
SentenceTransformer,0.4,7,0.07472389207325597,0.5960412601059382,0.13279915525326874,0.5960412601059382,0.9908226890415475,25,dwulff/mpnet-personality
SentenceTransformer,0.4,8,0.06984772228674668,0.6035684415946473,0.1252060260821791,0.6035684415946473,0.9900056261901056,25,dwulff/mpnet-personality
SentenceTransformer,0.4,9,0.07460692631795293,0.607192640089211,0.13288590604026845,0.607192640089211,0.9906351493713608,25,dwulff/mpnet-personality
SentenceTransformer,0.4,10,0.07226186048084401,0.5957624756063563,0.12889022919179735,0.5957624756063563,0.9904892081492747,25,dwulff/mpnet-personality
SentenceTransformer,0.45,1,0.115931146025878,0.5595204906607193,0.19206660605770612,0.5595204906607193,0.9946944645985074,25,dwulff/mpnet-personality
SentenceTransformer,0.45,2,0.12221706864564007,0.5876777251184834,0.2023518118550516,0.5876777251184834,0.9947516624646456,25,dwulff/mpnet-personality
SentenceTransformer,0.45,3,0.11928755565971408,0.5676052411485921,0.1971435487775357,0.5676052411485921,0.9947891010679362,25,dwulff/mpnet-personality
SentenceTransformer,0.45,4,0.11172638436482085,0.5737385001393922,0.18703139910028627,0.5737385001393922,0.9943280516014883,25,dwulff/mpnet-personality
SentenceTransformer,0.45,5,0.11015417331206805,0.5776414831335378,0.1850247801044783,0.5776414831335378,0.9941977097974398,25,dwulff/mpnet-personality
SentenceTransformer,0.45,6,0.12262905162064826,0.5695567326456649,0.2018076752111424,0.5695567326456649,0.9949329623676173,25,dwulff/mpnet-personality
SentenceTransformer,0.45,7,0.12498507819028291,0.5837747421243379,0.20588958261639054,0.5837747421243379,0.9949180562570479,25,dwulff/mpnet-personality
SentenceTransformer,0.45,8,0.10193269891101736,0.5793141901310287,0.17336169857756642,0.5793141901310287,0.9936534634347908,25,dwulff/mpnet-personality
SentenceTransformer,0.45,9,0.11993669031010024,0.5703930861444104,0.1981981981981982,0.5703930861444104,0.9947956874888854,25,dwulff/mpnet-personality
SentenceTransformer,0.45,10,0.12464302712993812,0.5840535266239197,0.2054425104192204,0.5840535266239197,0.9948996836091368,25,dwulff/mpnet-personality
SentenceTransformer,0.5,1,0.16072881080201726,0.5508781711736828,0.24885082803349914,0.5508781711736828,0.99642322677082,25,dwulff/mpnet-personality
SentenceTransformer,0.5,2,0.1678502798897151,0.5600780596598829,0.25829262021085114,0.5600780596598829,0.9965473288076533,25,dwulff/mpnet-personality
SentenceTransformer,0.5,3,0.18374013247436713,0.5645386116531921,0.27724534501642933,0.5645386116531921,0.9968815030073944,25,dwulff/mpnet-personality
SentenceTransformer,0.5,4,0.16712351524212973,0.5609144131586283,0.2575195187507999,0.5609144131586283,0.9965241030074637,25,dwulff/mpnet-personality
SentenceTransformer,0.5,5,0.1706432847146109,0.5642598271536102,0.26204039357845677,0.5642598271536102,0.9965899672169564,25,dwulff/mpnet-personality
SentenceTransformer,0.5,6,0.16592503850761595,0.5405631446891552,0.25391213252144307,0.5405631446891552,0.9966211660530317,25,dwulff/mpnet-personality
SentenceTransformer,0.5,7,0.16847917015225028,0.561471982157792,0.2591853806061386,0.561471982157792,0.9965542618823368,25,dwulff/mpnet-personality
SentenceTransformer,0.5,8,0.16704842931937172,0.5692779481460831,0.25830118272089053,0.5692779481460831,0.9964703716786673,25,dwulff/mpnet-personality
SentenceTransformer,0.5,9,0.17423723003085362,0.5667688876498467,0.26653556211078333,0.5667688876498467,0.9966599912712589,25,dwulff/mpnet-personality
SentenceTransformer,0.5,10,0.1614109232769831,0.553666016169501,0.24995280347366433,0.553666016169501,0.99642322677082,25,dwulff/mpnet-personality
SentenceTransformer,0.55,1,0.22911555088211238,0.5466964036799554,0.3229046599703606,0.5466964036799554,0.9977127786619374,25,dwulff/mpnet-personality
SentenceTransformer,0.55,2,0.22106587374199452,0.5388904376916643,0.31351877382207444,0.5388904376916643,0.9976389414165588,25,dwulff/mpnet-personality
SentenceTransformer,0.55,3,0.23013827044762128,0.5475327571787009,0.3240656711492451,0.5475327571787009,0.9977224849664942,25,dwulff/mpnet-personality
SentenceTransformer,0.55,4,0.21827882161911388,0.5246724282129913,0.3082971578343845,0.5246724282129913,0.997663553831685,25,dwulff/mpnet-personality
SentenceTransformer,0.55,5,0.23213446168312177,0.5505993866741009,0.32658123191401406,0.5505993866741009,0.9977353111546585,25,dwulff/mpnet-personality
SentenceTransformer,0.55,6,0.2218329754774551,0.547253972679119,0.3156963653908009,0.547253972679119,0.997612942386496,25,dwulff/mpnet-personality
SentenceTransformer,0.55,7,0.23105033596604974,0.5464176191803736,0.3247721623860812,0.5464176191803736,0.9977387776920003,25,dwulff/mpnet-personality
SentenceTransformer,0.55,8,0.23319779956948097,0.5436297741845554,0.3263871453678132,0.5436297741845554,0.9977772562564933,25,dwulff/mpnet-personality
SentenceTransformer,0.55,9,0.224836451279697,0.5461388346807917,0.31853658536585366,0.5461388346807917,0.9976587006794067,25,dwulff/mpnet-personality
SentenceTransformer,0.55,10,0.21854902403249465,0.5400055756899916,0.3111646586345381,0.5400055756899916,0.9975990762371292,25,dwulff/mpnet-personality
SentenceTransformer,0.6,1,0.29898707649318895,0.47727906328408143,0.3676581123161173,0.47727906328408143,0.9986085319110362,25,dwulff/mpnet-personality
SentenceTransformer,0.6,2,0.2967071057192374,0.47727906328408143,0.36592925082825695,0.47727906328408143,0.9985932791467327,25,dwulff/mpnet-personality
SentenceTransformer,0.6,3,0.29889235029421946,0.48146083077780877,0.36882007474639616,0.48146083077780877,0.9985957057228718,25,dwulff/mpnet-personality
SentenceTransformer,0.6,4,0.30269217144881333,0.4764427097853359,0.37019386981479474,0.4764427097853359,0.9986352242485673,25,dwulff/mpnet-personality
SentenceTransformer,0.6,5,0.30131004366812225,0.4809032617786451,0.3704896907216495,0.4809032617786451,0.9986133850633145,25,dwulff/mpnet-personality
SentenceTransformer,0.6,6,0.291517933027367,0.4781154167828269,0.36219640971488914,0.4781154167828269,0.9985551472359738,25,dwulff/mpnet-personality
SentenceTransformer,0.6,7,0.30427892234548337,0.48173961527739056,0.37297647312756316,0.48173961527739056,0.9986303710962889,25,dwulff/mpnet-personality
SentenceTransformer,0.6,8,0.29645710316081975,0.4758851407861723,0.3653290529695024,0.4758851407861723,0.9985957057228718,25,dwulff/mpnet-personality
SentenceTransformer,0.6,9,0.2926619694105516,0.474770002787845,0.3621092919413141,0.474770002787845,0.9985731732301507,25,dwulff/mpnet-personality
SentenceTransformer,0.6,10,0.2921443020903574,0.4831335377752997,0.3641138775081416,0.4831335377752997,0.9985444009702145,25,dwulff/mpnet-personality
SentenceTransformer,0.65,1,0.41833333333333333,0.4198494563702258,0.4190900236538194,0.4198494563702258,0.9992741070806451,25,dwulff/mpnet-personality
SentenceTransformer,0.65,2,0.42114001106806864,0.424310008363535,0.4227190667962783,0.424310008363535,0.9992748003881136,25,dwulff/mpnet-personality
SentenceTransformer,0.65,3,0.42610150585610707,0.42598271536102594,0.4260421023281751,0.42598271536102594,0.9992865866150753,25,dwulff/mpnet-personality
SentenceTransformer,0.65,4,0.4111689022721051,0.4187343183718985,0.4149171270718232,0.4187343183718985,0.9992543478177974,25,dwulff/mpnet-personality
SentenceTransformer,0.65,5,0.4206283013622463,0.4218009478672986,0.4212138084632517,0.4218009478672986,0.9992775736179869,25,dwulff/mpnet-personality
SentenceTransformer,0.65,6,0.4094252247344048,0.41901310287148036,0.41416368145494625,0.41901310287148036,0.9992484547043164,25,dwulff/mpnet-personality
SentenceTransformer,0.65,7,0.43138373751783166,0.42152216336771675,0.4263959390862944,0.42152216336771675,0.9993091191077965,25,dwulff/mpnet-personality
SentenceTransformer,0.65,8,0.4009965906110674,0.42626149986060774,0.41324324324324324,0.42626149986060774,0.9992082428711526,25,dwulff/mpnet-personality
SentenceTransformer,0.65,9,0.42544229149115415,0.42235851686646225,0.4238947957470621,0.42235851686646225,0.9992907464598854,25,dwulff/mpnet-personality
SentenceTransformer,0.65,10,0.4133406232914161,0.42152216336771675,0.41739130434782606,0.42152216336771675,0.9992560810864682,25,dwulff/mpnet-personality
SentenceTransformer,0.7,1,0.5903776978417267,0.3660440479509339,0.4519015659955257,0.3660440479509339,0.9996841984481699,25,dwulff/mpnet-personality
SentenceTransformer,0.7,2,0.592140921409214,0.3654864789517703,0.451991036028271,0.3654864789517703,0.9996869716780432,25,dwulff/mpnet-personality
SentenceTransformer,0.7,3,0.5899053627760252,0.36492890995260663,0.4509128487771271,0.36492890995260663,0.9996845451019041,25,dwulff/mpnet-personality
SentenceTransformer,0.7,4,0.5896162528216704,0.3640925564538612,0.4501895897966219,0.3640925564538612,0.9996848917556382,25,dwulff/mpnet-personality
SentenceTransformer,0.7,5,0.5908273381294964,0.3663228324505158,0.4522457408363449,0.3663228324505158,0.9996845451019041,25,dwulff/mpnet-personality
SentenceTransformer,0.7,6,0.5909498207885304,0.3677167549484249,0.45334249871111876,0.3677167549484249,0.9996835051407016,25,dwulff/mpnet-personality
SentenceTransformer,0.7,7,0.5916064981949458,0.3654864789517703,0.4518352576253662,0.3654864789517703,0.9996862783705749,25,dwulff/mpnet-personality
SentenceTransformer,0.7,8,0.5939339067451336,0.36576526345135213,0.4527260179434092,0.36576526345135213,0.9996890516004483,25,dwulff/mpnet-personality
SentenceTransformer,0.7,9,0.5949252378794744,0.3660440479509339,0.4532274767000345,0.3660440479509339,0.9996900915616508,25,dwulff/mpnet-personality
SentenceTransformer,0.7,10,0.5930755395683454,0.3677167549484249,0.45396661504044056,0.3677167549484249,0.9996862783705749,25,dwulff/mpnet-personality
SentenceTransformer,0.75,1,0.7040110650069157,0.28380262057429606,0.404530101331214,0.28380262057429606,0.9998516322017746,25,dwulff/mpnet-personality
SentenceTransformer,0.75,2,0.7056396148555708,0.28603289657095066,0.40706209085498907,0.28603289657095066,0.9998516322017746,25,dwulff/mpnet-personality
SentenceTransformer,0.75,3,0.7059629883481837,0.28714803456927795,0.40824415378517637,0.28714803456927795,0.9998512855480405,25,dwulff/mpnet-personality
SentenceTransformer,0.75,4,0.7131944444444445,0.28631168107053245,0.40859359458921823,0.28631168107053245,0.9998568320077872,25,dwulff/mpnet-personality
SentenceTransformer,0.75,5,0.7048275862068966,0.28491775857262336,0.4057971014492754,0.28491775857262336,0.9998516322017746,25,dwulff/mpnet-personality
SentenceTransformer,0.75,6,0.7131944444444445,0.28631168107053245,0.40859359458921823,0.28631168107053245,0.9998568320077872,25,dwulff/mpnet-personality
SentenceTransformer,0.75,7,0.7087912087912088,0.2877056035684416,0.4092801903628792,0.2877056035684416,0.9998530188167113,25,dwulff/mpnet-personality
SentenceTransformer,0.75,8,0.7091660923501034,0.2868692500696961,0.40849543469630806,0.2868692500696961,0.9998537121241797,25,dwulff/mpnet-personality
SentenceTransformer,0.75,9,0.70434183321847,0.28491775857262336,0.40571655418816993,0.28491775857262336,0.9998512855480405,25,dwulff/mpnet-personality
SentenceTransformer,0.75,10,0.7064471879286695,0.28714803456927795,0.40832507433102083,0.28714803456927795,0.9998516322017746,25,dwulff/mpnet-personality
SentenceTransformer,0.8,1,0.8471910112359551,0.21020351268469473,0.3368327004690641,0.21020351268469473,0.9999528550921527,25,dwulff/mpnet-personality
SentenceTransformer,0.8,2,0.8471910112359551,0.21020351268469473,0.3368327004690641,0.21020351268469473,0.9999528550921527,25,dwulff/mpnet-personality
SentenceTransformer,0.8,3,0.8471910112359551,0.21020351268469473,0.3368327004690641,0.21020351268469473,0.9999528550921527,25,dwulff/mpnet-personality
SentenceTransformer,0.8,4,0.8471910112359551,0.21020351268469473,0.3368327004690641,0.21020351268469473,0.9999528550921527,25,dwulff/mpnet-personality
SentenceTransformer,0.8,5,0.8471910112359551,0.21020351268469473,0.3368327004690641,0.21020351268469473,0.9999528550921527,25,dwulff/mpnet-personality
SentenceTransformer,0.8,6,0.8475336322869955,0.21076108168385838,0.3375753516409913,0.21076108168385838,0.9999528550921527,25,dwulff/mpnet-personality
SentenceTransformer,0.8,7,0.8518099547511312,0.2099247281851129,0.3368373965555804,0.2099247281851129,0.9999545883608235,25,dwulff/mpnet-personality
SentenceTransformer,0.8,8,0.8471910112359551,0.21020351268469473,0.3368327004690641,0.21020351268469473,0.9999528550921527,25,dwulff/mpnet-personality
SentenceTransformer,0.8,9,0.847457627118644,0.20908837468636743,0.3354203935599284,0.20908837468636743,0.9999532017458869,25,dwulff/mpnet-personality
SentenceTransformer,0.8,10,0.8471910112359551,0.21020351268469473,0.3368327004690641,0.21020351268469473,0.9999528550921527,25,dwulff/mpnet-personality
SentenceTransformer,0.85,1,0.8907216494845361,0.12043490381934764,0.21218074656188604,0.12043490381934764,0.999981627352089,25,dwulff/mpnet-personality
SentenceTransformer,0.85,2,0.8918367346938776,0.12182882631725676,0.21437331371106205,0.12182882631725676,0.999981627352089,25,dwulff/mpnet-personality
SentenceTransformer,0.85,3,0.8918367346938776,0.12182882631725676,0.21437331371106205,0.12182882631725676,0.999981627352089,25,dwulff/mpnet-personality
SentenceTransformer,0.85,4,0.8918367346938776,0.12182882631725676,0.21437331371106205,0.12182882631725676,0.999981627352089,25,dwulff/mpnet-personality
SentenceTransformer,0.85,5,0.8918367346938776,0.12182882631725676,0.21437331371106205,0.12182882631725676,0.999981627352089,25,dwulff/mpnet-personality
SentenceTransformer,0.85,6,0.8918367346938776,0.12182882631725676,0.21437331371106205,0.12182882631725676,0.999981627352089,25,dwulff/mpnet-personality
SentenceTransformer,0.85,7,0.9010309278350516,0.12182882631725676,0.21463654223968565,0.12182882631725676,0.9999833606207598,25,dwulff/mpnet-personality
SentenceTransformer,0.85,8,0.8918367346938776,0.12182882631725676,0.21437331371106205,0.12182882631725676,0.999981627352089,25,dwulff/mpnet-personality
SentenceTransformer,0.85,9,0.8918367346938776,0.12182882631725676,0.21437331371106205,0.12182882631725676,0.999981627352089,25,dwulff/mpnet-personality
SentenceTransformer,0.85,10,0.8918367346938776,0.12182882631725676,0.21437331371106205,0.12182882631725676,0.999981627352089,25,dwulff/mpnet-personality
SentenceTransformer,0.9,1,0.9380952380952381,0.05492054641761918,0.10376613115617593,0.05492054641761918,0.9999954935014558,25,dwulff/mpnet-personality
SentenceTransformer,0.9,2,0.9371980676328503,0.05408419291887371,0.10226673695308382,0.05408419291887371,0.9999954935014558,25,dwulff/mpnet-personality
SentenceTransformer,0.9,3,0.9365853658536586,0.05352662391971007,0.10126582278481013,0.05352662391971007,0.9999954935014558,25,dwulff/mpnet-personality
SentenceTransformer,0.9,4,0.9371980676328503,0.05408419291887371,0.10226673695308382,0.05408419291887371,0.9999954935014558,25,dwulff/mpnet-personality
SentenceTransformer,0.9,5,0.9365853658536586,0.05352662391971007,0.10126582278481013,0.05352662391971007,0.9999954935014558,25,dwulff/mpnet-personality
SentenceTransformer,0.9,6,0.9365853658536586,0.05352662391971007,0.10126582278481013,0.05352662391971007,0.9999954935014558,25,dwulff/mpnet-personality
SentenceTransformer,0.9,7,0.9365853658536586,0.05352662391971007,0.10126582278481013,0.05352662391971007,0.9999954935014558,25,dwulff/mpnet-personality
SentenceTransformer,0.9,8,0.9365853658536586,0.05352662391971007,0.10126582278481013,0.05352662391971007,0.9999954935014558,25,dwulff/mpnet-personality
SentenceTransformer,0.9,9,0.9365853658536586,0.05352662391971007,0.10126582278481013,0.05352662391971007,0.9999954935014558,25,dwulff/mpnet-personality
SentenceTransformer,0.9,10,0.9365853658536586,0.05352662391971007,0.10126582278481013,0.05352662391971007,0.9999954935014558,25,dwulff/mpnet-personality
SentenceTransformer,0.95,1,0.9791666666666666,0.013102871480345692,0.025859697386519945,0.013102871480345692,0.9999996533462658,25,dwulff/mpnet-personality
SentenceTransformer,0.95,2,0.9791666666666666,0.013102871480345692,0.025859697386519945,0.013102871480345692,0.9999996533462658,25,dwulff/mpnet-personality
SentenceTransformer,0.95,3,0.9791666666666666,0.013102871480345692,0.025859697386519945,0.013102871480345692,0.9999996533462658,25,dwulff/mpnet-personality
SentenceTransformer,0.95,4,0.9791666666666666,0.013102871480345692,0.025859697386519945,0.013102871480345692,0.9999996533462658,25,dwulff/mpnet-personality
SentenceTransformer,0.95,5,0.9791666666666666,0.013102871480345692,0.025859697386519945,0.013102871480345692,0.9999996533462658,25,dwulff/mpnet-personality
SentenceTransformer,0.95,6,0.9791666666666666,0.013102871480345692,0.025859697386519945,0.013102871480345692,0.9999996533462658,25,dwulff/mpnet-personality
SentenceTransformer,0.95,7,0.9791666666666666,0.013102871480345692,0.025859697386519945,0.013102871480345692,0.9999996533462658,25,dwulff/mpnet-personality
SentenceTransformer,0.95,8,0.9791666666666666,0.013102871480345692,0.025859697386519945,0.013102871480345692,0.9999996533462658,25,dwulff/mpnet-personality
SentenceTransformer,0.95,9,0.9791666666666666,0.013102871480345692,0.025859697386519945,0.013102871480345692,0.9999996533462658,25,dwulff/mpnet-personality
SentenceTransformer,0.95,10,0.9791666666666666,0.013102871480345692,0.025859697386519945,0.013102871480345692,0.9999996533462658,25,dwulff/mpnet-personality
SentenceTransformer,0.1,1,0.023360324725081285,0.6289378310565933,0.045047473567556236,0.6289378310565933,0.967304313100426,50,dwulff/mpnet-personality
SentenceTransformer,0.1,2,0.02782198509291169,0.6774463339838305,0.05344888263241246,0.6774463339838305,0.9705652847777759,50,dwulff/mpnet-personality
SentenceTransformer,0.1,3,0.025331011597726452,0.6448285475327572,0.04874707580770933,0.6448285475327572,0.9691485109662176,50,dwulff/mpnet-personality
SentenceTransformer,0.1,4,0.024852339377196872,0.6721494284917758,0.047932405566600396,0.6721494284917758,0.9672058634399213,50,dwulff/mpnet-personality
SentenceTransformer,0.1,5,0.022492488784623618,0.6094229160858656,0.04338377573803027,0.6094229160858656,0.9670672019462527,50,dwulff/mpnet-personality
SentenceTransformer,0.1,6,0.027887333775435414,0.6682464454976303,0.05354031717668081,0.6682464454976303,0.9710350005875781,50,dwulff/mpnet-personality
SentenceTransformer,0.1,7,0.026846886668450254,0.643434625034848,0.051543168520255485,0.643434625034848,0.97099860194549,50,dwulff/mpnet-personality
SentenceTransformer,0.1,8,0.02390998593530239,0.6540284360189573,0.04613342510201072,0.6540284360189573,0.9668002785709408,50,dwulff/mpnet-personality
SentenceTransformer,0.1,9,0.02326163833261538,0.6473376080289935,0.04490948475939966,0.6473376080289935,0.9662016075720269,50,dwulff/mpnet-personality
SentenceTransformer,0.1,10,0.02358841548853435,0.6805129634792305,0.04559633884374708,0.6805129634792305,0.9649734133918577,50,dwulff/mpnet-personality
SentenceTransformer,0.15,1,0.023360324725081285,0.6289378310565933,0.045047473567556236,0.6289378310565933,0.967304313100426,50,dwulff/mpnet-personality
SentenceTransformer,0.15,2,0.02782198509291169,0.6774463339838305,0.05344888263241246,0.6774463339838305,0.9705652847777759,50,dwulff/mpnet-personality
SentenceTransformer,0.15,3,0.025331011597726452,0.6448285475327572,0.04874707580770933,0.6448285475327572,0.9691485109662176,50,dwulff/mpnet-personality
SentenceTransformer,0.15,4,0.024852339377196872,0.6721494284917758,0.047932405566600396,0.6721494284917758,0.9672058634399213,50,dwulff/mpnet-personality
SentenceTransformer,0.15,5,0.022492488784623618,0.6094229160858656,0.04338377573803027,0.6094229160858656,0.9670672019462527,50,dwulff/mpnet-personality
SentenceTransformer,0.15,6,0.027887333775435414,0.6682464454976303,0.05354031717668081,0.6682464454976303,0.9710350005875781,50,dwulff/mpnet-personality
SentenceTransformer,0.15,7,0.026846886668450254,0.643434625034848,0.051543168520255485,0.643434625034848,0.97099860194549,50,dwulff/mpnet-personality
SentenceTransformer,0.15,8,0.02390998593530239,0.6540284360189573,0.04613342510201072,0.6540284360189573,0.9668002785709408,50,dwulff/mpnet-personality
SentenceTransformer,0.15,9,0.02326163833261538,0.6473376080289935,0.04490948475939966,0.6473376080289935,0.9662016075720269,50,dwulff/mpnet-personality
SentenceTransformer,0.15,10,0.02358841548853435,0.6805129634792305,0.04559633884374708,0.6805129634792305,0.9649734133918577,50,dwulff/mpnet-personality
SentenceTransformer,0.2,1,0.023360324725081285,0.6289378310565933,0.045047473567556236,0.6289378310565933,0.967304313100426,50,dwulff/mpnet-personality
SentenceTransformer,0.2,2,0.02782198509291169,0.6774463339838305,0.05344888263241246,0.6774463339838305,0.9705652847777759,50,dwulff/mpnet-personality
SentenceTransformer,0.2,3,0.025466799855102692,0.64678003902983,0.049004076632237076,0.64678003902983,0.9692244281340011,50,dwulff/mpnet-personality
SentenceTransformer,0.2,4,0.025348487633960918,0.6534708670197937,0.048803847675362805,0.6534708670197937,0.9687571389003381,50,dwulff/mpnet-personality
SentenceTransformer,0.2,5,0.022492488784623618,0.6094229160858656,0.04338377573803027,0.6094229160858656,0.9670672019462527,50,dwulff/mpnet-personality
SentenceTransformer,0.2,6,0.028844431173484623,0.6732645664901031,0.05531885651456844,0.6732645664901031,0.971813584874527,50,dwulff/mpnet-personality
SentenceTransformer,0.2,7,0.026961359688248275,0.640367995539448,0.051744140207021616,0.640367995539448,0.9712627520909287,50,dwulff/mpnet-personality
SentenceTransformer,0.2,8,0.026543129631161587,0.626149986060775,0.05092739558296676,0.626149986060775,0.9714457852625712,50,dwulff/mpnet-personality
SentenceTransformer,0.2,9,0.02288416909021474,0.651519375522721,0.04421530602591997,0.651519375522721,0.9654088104819769,50,dwulff/mpnet-personality
SentenceTransformer,0.2,10,0.024499065458126495,0.6796766099804851,0.04729343071357213,0.6796766099804851,0.9663482421015813,50,dwulff/mpnet-personality
SentenceTransformer,0.25,1,0.026701376864379456,0.6233621410649568,0.05120923415170392,0.6233621410649568,0.9717459873963635,50,dwulff/mpnet-personality
SentenceTransformer,0.25,2,0.030457111544392197,0.6662949540005576,0.05825148066002096,0.6662949540005576,0.973626237250509,50,dwulff/mpnet-personality
SentenceTransformer,0.25,3,0.025734184561810796,0.6180652355729022,0.04941105675473885,0.6180652355729022,0.9709043121297954,50,dwulff/mpnet-personality
SentenceTransformer,0.25,4,0.030337750958000738,0.6643434625034849,0.058025713450861986,0.6643434625034849,0.9735967716831044,50,dwulff/mpnet-personality
SentenceTransformer,0.25,5,0.0248903989478299,0.6331195985503206,0.04789775064064032,0.6331195985503206,0.9691585639245085,50,dwulff/mpnet-personality
SentenceTransformer,0.25,6,0.030663262592415298,0.6428770560356845,0.05853460420606414,0.6428770560356845,0.9747296360863764,50,dwulff/mpnet-personality
SentenceTransformer,0.25,7,0.028507145640342388,0.6322832450515752,0.05455463882808553,0.6322832450515752,0.9732067862321616,50,dwulff/mpnet-personality
SentenceTransformer,0.25,8,0.026523852124084236,0.6116531920825202,0.05084294073344534,0.6116531920825202,0.9720860547095856,50,dwulff/mpnet-personality
SentenceTransformer,0.25,9,0.026950371584830244,0.627822693058266,0.051682195804837745,0.627822693058266,0.9718139315282611,50,dwulff/mpnet-personality
SentenceTransformer,0.25,10,0.029711933135749803,0.6679676609980485,0.05689319466210761,0.6679676609980485,0.9728760785697621,50,dwulff/mpnet-personality
SentenceTransformer,0.3,1,0.039423249149202935,0.613604683579593,0.07408654088897117,0.613604683579593,0.9814093068901243,50,dwulff/mpnet-personality
SentenceTransformer,0.3,2,0.042205246941714826,0.6453861165319208,0.0792292686265786,0.6453861165319208,0.9817881994215736,50,dwulff/mpnet-personality
SentenceTransformer,0.3,3,0.04348408325681053,0.6336771675494842,0.08138348341359494,0.6336771675494842,0.9826676599451664,50,dwulff/mpnet-personality
SentenceTransformer,0.3,4,0.04003966354373248,0.65291329802063,0.07545224633128755,0.65291329802063,0.9805353928262783,50,dwulff/mpnet-personality
SentenceTransformer,0.3,5,0.03914682642152559,0.6339559520490661,0.07374019067384396,0.6339559520490661,0.9806515218272257,50,dwulff/mpnet-personality
SentenceTransformer,0.3,6,0.0396162971307628,0.6470588235294118,0.07466143403995239,0.6470588235294118,0.9804951809931144,50,dwulff/mpnet-personality
SentenceTransformer,0.3,7,0.04198204382462922,0.6478951770281572,0.07885450597176981,0.6478951770281572,0.9816159125156905,50,dwulff/mpnet-personality
SentenceTransformer,0.3,8,0.04226079577945435,0.6386952885419571,0.0792760995190145,0.6386952885419571,0.9820017381218231,50,dwulff/mpnet-personality
SentenceTransformer,0.3,9,0.04389462238415902,0.6414831335377753,0.0821668333095272,0.6414831335377753,0.9826257148433316,50,dwulff/mpnet-personality
SentenceTransformer,0.3,10,0.04178979241910182,0.6386952885419571,0.07844681470321355,0.6386952885419571,0.9817899326902444,50,dwulff/mpnet-personality
SentenceTransformer,0.35,1,0.06048140530324087,0.6066350710900474,0.10999620877037786,0.6066350710900474,0.9882824104775397,50,dwulff/mpnet-personality
SentenceTransformer,0.35,2,0.05337253214780821,0.6225257875662114,0.09831590533847001,0.6225257875662114,0.9862707788581434,50,dwulff/mpnet-personality
SentenceTransformer,0.35,3,0.06492604278229658,0.6253136325620295,0.11763780353490323,0.6253136325620295,0.9888016977713284,50,dwulff/mpnet-personality
SentenceTransformer,0.35,4,0.0576552815508374,0.6094229160858656,0.10534432075562623,0.6094229160858656,0.9876144087317916,50,dwulff/mpnet-personality
SentenceTransformer,0.35,5,0.05368900077459334,0.618344020072484,0.0987995278291276,0.618344020072484,0.986447918916305,50,dwulff/mpnet-personality
SentenceTransformer,0.35,6,0.05222312431348202,0.6097017005854475,0.09620587264929066,0.6097017005854475,0.9862409666370047,50,dwulff/mpnet-personality
SentenceTransformer,0.35,7,0.05486507399168198,0.6325620295511569,0.1009723427452551,0.6325620295511569,0.9864503454924441,50,dwulff/mpnet-personality
SentenceTransformer,0.35,8,0.05121318341148086,0.6272651240591023,0.0946949769575556,0.6272651240591023,0.9855500857448012,50,dwulff/mpnet-personality
SentenceTransformer,0.35,9,0.058391470317230486,0.618344020072484,0.10670643702492062,0.618344020072484,0.987601235889893,50,dwulff/mpnet-personality
SentenceTransformer,0.35,10,0.06005742542670282,0.6297741845553387,0.10965753258416058,0.6297741845553387,0.9877440572283717,50,dwulff/mpnet-personality
SentenceTransformer,0.4,1,0.08073164239266836,0.5918594926122107,0.142082719850087,0.5918594926122107,0.9916199926301417,50,dwulff/mpnet-personality
SentenceTransformer,0.4,2,0.07598603839441535,0.6069138555896292,0.13506219561373578,0.6069138555896292,0.9908230356952816,50,dwulff/mpnet-personality
SentenceTransformer,0.4,3,0.08678709153643191,0.5960412601059382,0.15151300403940188,0.5960412601059382,0.992201330942347,50,dwulff/mpnet-personality
SentenceTransformer,0.4,4,0.07645423438836613,0.5979927516030109,0.13557500869070568,0.5979927516030109,0.991017855093886,50,dwulff/mpnet-personality
SentenceTransformer,0.4,5,0.07608734498409635,0.5935321996097017,0.13488342625443486,0.5935321996097017,0.9910383076642021,50,dwulff/mpnet-personality
SentenceTransformer,0.4,6,0.07109218760079995,0.6144410370783384,0.12743935933389228,0.6144410370783384,0.9900170657633333,50,dwulff/mpnet-personality
SentenceTransformer,0.4,7,0.08149041178465131,0.6030108725954837,0.14357782940590774,0.6030108725954837,0.9915485819609023,50,dwulff/mpnet-personality
SentenceTransformer,0.4,8,0.0754569930565396,0.5938109841092836,0.1338991041961339,0.5938109841092836,0.9909530308455959,50,dwulff/mpnet-personality
SentenceTransformer,0.4,9,0.07772340039876745,0.5977139671034291,0.13755934813293982,0.5977139671034291,0.9911807823489465,50,dwulff/mpnet-personality
SentenceTransformer,0.4,10,0.08003900682619458,0.5949261221076109,0.14109557340738538,0.5949261221076109,0.991497277208245,50,dwulff/mpnet-personality
SentenceTransformer,0.45,1,0.11724699180375515,0.5623083356565375,0.19403559403559403,0.5623083356565375,0.9947357163928737,50,dwulff/mpnet-personality
SentenceTransformer,0.45,2,0.12320497040032824,0.5860050181209925,0.20360325455249903,0.5860050181209925,0.9948144067905307,50,dwulff/mpnet-personality
SentenceTransformer,0.45,3,0.13585760517799353,0.585168664622247,0.2205179387508536,0.585168664622247,0.9953718259950782,50,dwulff/mpnet-personality
SentenceTransformer,0.45,4,0.10587098087098087,0.5801505436297741,0.17906466463021126,0.5801505436297741,0.9939075606219384,50,dwulff/mpnet-personality
SentenceTransformer,0.45,5,0.11725312145289443,0.5759687761360468,0.19484132597727166,0.5759687761360468,0.9946081478186987,50,dwulff/mpnet-personality
SentenceTransformer,0.45,6,0.1206092449377177,0.5695567326456649,0.19906460099386145,0.5695567326456649,0.9948362459757835,50,dwulff/mpnet-personality
SentenceTransformer,0.45,7,0.1204929256047467,0.5887928631168107,0.20004735969689794,0.5887928631168107,0.9946559860340144,50,dwulff/mpnet-personality
SentenceTransformer,0.45,8,0.10319373305212413,0.5729021466406468,0.17488617505638057,0.5729021466406468,0.9938091109614338,50,dwulff/mpnet-personality
SentenceTransformer,0.45,9,0.12342091216416583,0.5801505436297741,0.20354068857589985,0.5801505436297741,0.9948764578089473,50,dwulff/mpnet-personality
SentenceTransformer,0.45,10,0.12700318108156775,0.589908001115138,0.20900829711576452,0.589908001115138,0.9949579214364777,50,dwulff/mpnet-personality
SentenceTransformer,0.5,1,0.1700134998312521,0.5617507666573739,0.26102726860547965,0.5617507666573739,0.9965899672169564,50,dwulff/mpnet-personality
SentenceTransformer,0.5,2,0.1635868668536545,0.5528296626707555,0.25246673881214593,0.5528296626707555,0.9964852777892366,50,dwulff/mpnet-personality
SentenceTransformer,0.5,3,0.18938053097345134,0.5667688876498467,0.2838988968021226,0.5667688876498467,0.9969834192052408,50,dwulff/mpnet-personality
SentenceTransformer,0.5,4,0.15283004377543968,0.5547811541678282,0.23964354527938342,0.5547811541678282,0.9961760626583558,50,dwulff/mpnet-personality
SentenceTransformer,0.5,5,0.1737643235847443,0.5664901031502648,0.2659511812054185,0.5664901031502648,0.9966506316204363,50,dwulff/mpnet-personality
SentenceTransformer,0.5,6,0.17847178471784717,0.5528296626707555,0.26983263028983534,0.5528296626707555,0.9968357447144839,50,dwulff/mpnet-personality
SentenceTransformer,0.5,7,0.15660134918085447,0.5436297741845554,0.24315730407132613,0.5436297741845554,0.9963594424837324,50,dwulff/mpnet-personality
SentenceTransformer,0.5,8,0.16975493126120741,0.5542235851686647,0.2599032553274938,0.5542235851686647,0.9966294857426519,50,dwulff/mpnet-personality
SentenceTransformer,0.5,9,0.17216086333361436,0.5692779481460831,0.2643707923355774,0.5692779481460831,0.9965962069841714,50,dwulff/mpnet-personality
SentenceTransformer,0.5,10,0.18353515272004337,0.566211318650683,0.27721285743533747,0.566211318650683,0.9968679835117618,50,dwulff/mpnet-personality
SentenceTransformer,0.55,1,0.2357547283459824,0.5455812656816281,0.32923956931359355,0.5455812656816281,0.9978008287104169,50,dwulff/mpnet-personality
SentenceTransformer,0.55,2,0.21482825076521936,0.5282966267075551,0.30544809800128947,0.5282966267075551,0.9975990762371292,50,dwulff/mpnet-personality
SentenceTransformer,0.55,3,0.24323984404477425,0.5391692221912462,0.33524007626971747,0.5391692221912462,0.9979141844814909,50,dwulff/mpnet-personality
SentenceTransformer,0.55,4,0.22047428973937544,0.523557290214664,0.31028500619578686,0.523557290214664,0.9976982192051022,50,dwulff/mpnet-personality
SentenceTransformer,0.55,5,0.23535714285714285,0.5511569556732646,0.32985734545757905,0.5511569556732646,0.9977734430654174,50,dwulff/mpnet-personality
SentenceTransformer,0.55,6,0.22014549524342472,0.5483691106774463,0.31416706596390354,0.5483691106774463,0.997584516780294,50,dwulff/mpnet-personality
SentenceTransformer,0.55,7,0.22785857869220763,0.5372177306941734,0.3199933576884756,0.5372177306941734,0.997736351115861,50,dwulff/mpnet-personality
SentenceTransformer,0.55,8,0.23566189731874473,0.5464176191803736,0.3293010752688172,0.5464176191803736,0.9977963222118726,50,dwulff/mpnet-personality
SentenceTransformer,0.55,9,0.22575461953402962,0.5483691106774463,0.31983739837398373,0.5483691106774463,0.9976614739092801,50,dwulff/mpnet-personality
SentenceTransformer,0.55,10,0.22581017183715835,0.54586005018121,0.31946483928862784,0.54586005018121,0.9976729134825076,50,dwulff/mpnet-personality
SentenceTransformer,0.6,1,0.3039772727272727,0.47727906328408143,0.37140687710163794,0.47727906328408143,0.9986411173620483,50,dwulff/mpnet-personality
SentenceTransformer,0.6,2,0.3177966101694915,0.4809032617786451,0.3826955074875208,0.4809032617786451,0.9987163412223634,50,dwulff/mpnet-personality
SentenceTransformer,0.6,3,0.3044241573033708,0.4834123222748815,0.3735861251750512,0.4834123222748815,0.998626557905213,50,dwulff/mpnet-personality
SentenceTransformer,0.6,4,0.300564772326156,0.474770002787845,0.36809683345941857,0.474770002787845,0.9986262112514789,50,dwulff/mpnet-personality
SentenceTransformer,0.6,5,0.30674955595026643,0.48146083077780877,0.37474232396658347,0.48146083077780877,0.9986470104755292,50,dwulff/mpnet-personality
SentenceTransformer,0.6,6,0.29105746344780686,0.47727906328408143,0.36160101383461823,0.47727906328408143,0.9985544539285054,50,dwulff/mpnet-personality
SentenceTransformer,0.6,7,0.3075969541349389,0.484248675773627,0.3762183235867446,0.484248675773627,0.99864458389939,50,dwulff/mpnet-personality
SentenceTransformer,0.6,8,0.3000701508242722,0.4770002787844996,0.3683927225750888,0.4770002787844996,0.9986165049469221,50,dwulff/mpnet-personality
SentenceTransformer,0.6,9,0.30360296714941715,0.47923055478115417,0.371715861174181,0.47923055478115417,0.9986331443261623,50,dwulff/mpnet-personality
SentenceTransformer,0.6,10,0.29895314913334475,0.4856425982715361,0.37008710431272573,0.4856425982715361,0.99858391949591,50,dwulff/mpnet-personality
SentenceTransformer,0.65,1,0.41959798994974873,0.41901310287148036,0.4193053424466453,0.41901310287148036,0.9992793068866578,50,dwulff/mpnet-personality
SentenceTransformer,0.65,2,0.42453884851872553,0.4234736548647895,0.4240055826936497,0.4234736548647895,0.9992862399613411,50,dwulff/mpnet-personality
SentenceTransformer,0.65,3,0.42481097731727807,0.42291608586562585,0.4238614138027382,0.42291608586562585,0.9992879732300121,50,dwulff/mpnet-personality
SentenceTransformer,0.65,4,0.4125340599455041,0.4220797323668804,0.4172523081163015,0.4220797323668804,0.9992526145491265,50,dwulff/mpnet-personality
SentenceTransformer,0.65,5,0.41850712887894886,0.4173403958739894,0.41792294807370184,0.4173403958739894,0.9992789602329236,50,dwulff/mpnet-personality
SentenceTransformer,0.65,6,0.4102838778789502,0.42709785335935324,0.41852205982789237,0.42709785335935324,0.9992366684773547,50,dwulff/mpnet-personality
SentenceTransformer,0.65,7,0.4304843304843305,0.42124337886813495,0.4258137241087784,0.42124337886813495,0.9993070391853914,50,dwulff/mpnet-personality
SentenceTransformer,0.65,8,0.4055776892430279,0.4257039308614441,0.41539717083786726,0.4257039308614441,0.9992241889429245,50,dwulff/mpnet-personality
SentenceTransformer,0.65,9,0.4264044943820225,0.4231948703652077,0.42479361970057367,0.4231948703652077,0.9992921330748221,50,dwulff/mpnet-personality
SentenceTransformer,0.65,10,0.420265780730897,0.4231948703652077,0.4217252396166134,0.4231948703652077,0.9992741070806451,50,dwulff/mpnet-personality
SentenceTransformer,0.7,1,0.5886302596239928,0.3666016169500976,0.45181240336711903,0.3666016169500976,0.9996814252182965,50,dwulff/mpnet-personality
SentenceTransformer,0.7,2,0.5959872321021432,0.364371340953443,0.4522491349480969,0.364371340953443,0.9996928647915242,50,dwulff/mpnet-personality
SentenceTransformer,0.7,3,0.5870353581142339,0.3610259269584611,0.4470913171068531,0.3610259269584611,0.9996841984481699,50,dwulff/mpnet-personality
SentenceTransformer,0.7,4,0.5855614973262032,0.3663228324505158,0.4506945635397016,0.3663228324505158,0.9996776120272206,50,dwulff/mpnet-personality
SentenceTransformer,0.7,5,0.5890596745027125,0.3632562029551157,0.44938782548715295,0.3632562029551157,0.9996848917556382,50,dwulff/mpnet-personality
SentenceTransformer,0.7,6,0.5948970456580125,0.3705045999442431,0.4566225734409895,0.3705045999442431,0.9996862783705749,50,dwulff/mpnet-personality
SentenceTransformer,0.7,7,0.5927927927927928,0.36688040144967937,0.4532460823144481,0.36688040144967937,0.999686625024309,50,dwulff/mpnet-personality
SentenceTransformer,0.7,8,0.590867992766727,0.364371340953443,0.4507673736851181,0.364371340953443,0.9996862783705749,50,dwulff/mpnet-personality
SentenceTransformer,0.7,9,0.5882088208820883,0.364371340953443,0.4499913926665519,0.364371340953443,0.9996828118332332,50,dwulff/mpnet-personality
SentenceTransformer,0.7,10,0.5944970681100586,0.367437970448843,0.45416953824948314,0.367437970448843,0.99968835829298,50,dwulff/mpnet-personality
SentenceTransformer,0.75,1,0.7025534851621809,0.28380262057429606,0.40428911834789516,0.28380262057429606,0.9998505922405722,50,dwulff/mpnet-personality
SentenceTransformer,0.75,2,0.7056786703601108,0.2840814050738779,0.4050884516000795,0.2840814050738779,0.9998526721629771,50,dwulff/mpnet-personality
SentenceTransformer,0.75,3,0.7055593685655457,0.2865904655701143,0.4076130055511499,0.2865904655701143,0.9998512855480405,50,dwulff/mpnet-personality
SentenceTransformer,0.75,4,0.713490959666203,0.28603289657095066,0.4083582089552239,0.28603289657095066,0.9998571786615214,50,dwulff/mpnet-personality
SentenceTransformer,0.75,5,0.7023643949930459,0.28157234457764146,0.4019900497512438,0.28157234457764146,0.9998516322017746,50,dwulff/mpnet-personality
SentenceTransformer,0.75,6,0.7131944444444445,0.28631168107053245,0.40859359458921823,0.28631168107053245,0.9998568320077872,50,dwulff/mpnet-personality
SentenceTransformer,0.75,7,0.7085048010973937,0.2879843880680234,0.4095143706640238,0.2879843880680234,0.9998526721629771,50,dwulff/mpnet-personality
SentenceTransformer,0.75,8,0.7072664359861591,0.28491775857262336,0.40620031796502387,0.28491775857262336,0.9998533654704456,50,dwulff/mpnet-personality
SentenceTransformer,0.75,9,0.7050310130944176,0.2851965430722052,0.40611353711790393,0.2851965430722052,0.9998516322017746,50,dwulff/mpnet-personality
SentenceTransformer,0.75,10,0.7058419243986255,0.28631168107053245,0.4073780245934153,0.28631168107053245,0.9998516322017746,50,dwulff/mpnet-personality
SentenceTransformer,0.8,1,0.844097995545657,0.21131865068302202,0.338015607580825,0.21131865068302202,0.999951468477216,50,dwulff/mpnet-personality
SentenceTransformer,0.8,2,0.8471910112359551,0.21020351268469473,0.3368327004690641,0.21020351268469473,0.9999528550921527,50,dwulff/mpnet-personality
SentenceTransformer,0.8,3,0.8459796149490374,0.20825202118762196,0.33422818791946307,0.20825202118762196,0.9999528550921527,50,dwulff/mpnet-personality
SentenceTransformer,0.8,4,0.8473625140291807,0.21048229718427655,0.337204108977222,0.21048229718427655,0.9999528550921527,50,dwulff/mpnet-personality
SentenceTransformer,0.8,5,0.8471910112359551,0.21020351268469473,0.3368327004690641,0.21020351268469473,0.9999528550921527,50,dwulff/mpnet-personality
SentenceTransformer,0.8,6,0.8475336322869955,0.21076108168385838,0.3375753516409913,0.21076108168385838,0.9999528550921527,50,dwulff/mpnet-personality
SentenceTransformer,0.8,7,0.8519774011299435,0.21020351268469473,0.3372093023255814,0.21020351268469473,0.9999545883608235,50,dwulff/mpnet-personality
SentenceTransformer,0.8,8,0.8463276836158192,0.2088095901867856,0.3349731663685152,0.2088095901867856,0.9999528550921527,50,dwulff/mpnet-personality
SentenceTransformer,0.8,9,0.8471121177802945,0.20853080568720378,0.334675615212528,0.20853080568720378,0.9999532017458869,50,dwulff/mpnet-personality
SentenceTransformer,0.8,10,0.8471910112359551,0.21020351268469473,0.3368327004690641,0.21020351268469473,0.9999528550921527,50,dwulff/mpnet-personality
SentenceTransformer,0.85,1,0.8944099378881988,0.12043490381934764,0.2122850122850123,0.12043490381934764,0.9999823206595573,50,dwulff/mpnet-personality
SentenceTransformer,0.85,2,0.8918367346938776,0.12182882631725676,0.21437331371106205,0.12182882631725676,0.999981627352089,50,dwulff/mpnet-personality
SentenceTransformer,0.85,3,0.8918367346938776,0.12182882631725676,0.21437331371106205,0.12182882631725676,0.999981627352089,50,dwulff/mpnet-personality
SentenceTransformer,0.85,4,0.8920570264765784,0.12210761081683859,0.2148111819519372,0.12210761081683859,0.999981627352089,50,dwulff/mpnet-personality
SentenceTransformer,0.85,5,0.8918367346938776,0.12182882631725676,0.21437331371106205,0.12182882631725676,0.999981627352089,50,dwulff/mpnet-personality
SentenceTransformer,0.85,6,0.8918367346938776,0.12182882631725676,0.21437331371106205,0.12182882631725676,0.999981627352089,50,dwulff/mpnet-personality
SentenceTransformer,0.85,7,0.9047619047619048,0.12182882631725676,0.21474201474201474,0.12182882631725676,0.9999840539282281,50,dwulff/mpnet-personality
SentenceTransformer,0.85,8,0.8918367346938776,0.12182882631725676,0.21437331371106205,0.12182882631725676,0.999981627352089,50,dwulff/mpnet-personality
SentenceTransformer,0.85,9,0.8909465020576132,0.12071368831892947,0.21261969064571568,0.12071368831892947,0.999981627352089,50,dwulff/mpnet-personality
SentenceTransformer,0.85,10,0.8918367346938776,0.12182882631725676,0.21437331371106205,0.12182882631725676,0.999981627352089,50,dwulff/mpnet-personality
SentenceTransformer,0.9,1,0.9380952380952381,0.05492054641761918,0.10376613115617593,0.05492054641761918,0.9999954935014558,50,dwulff/mpnet-personality
SentenceTransformer,0.9,2,0.9371980676328503,0.05408419291887371,0.10226673695308382,0.05408419291887371,0.9999954935014558,50,dwulff/mpnet-personality
SentenceTransformer,0.9,3,0.9365853658536586,0.05352662391971007,0.10126582278481013,0.05352662391971007,0.9999954935014558,50,dwulff/mpnet-personality
SentenceTransformer,0.9,4,0.9371980676328503,0.05408419291887371,0.10226673695308382,0.05408419291887371,0.9999954935014558,50,dwulff/mpnet-personality
SentenceTransformer,0.9,5,0.9365853658536586,0.05352662391971007,0.10126582278481013,0.05352662391971007,0.9999954935014558,50,dwulff/mpnet-personality
SentenceTransformer,0.9,6,0.9365853658536586,0.05352662391971007,0.10126582278481013,0.05352662391971007,0.9999954935014558,50,dwulff/mpnet-personality
SentenceTransformer,0.9,7,0.9365853658536586,0.05352662391971007,0.10126582278481013,0.05352662391971007,0.9999954935014558,50,dwulff/mpnet-personality
SentenceTransformer,0.9,8,0.9380952380952381,0.05492054641761918,0.10376613115617593,0.05492054641761918,0.9999954935014558,50,dwulff/mpnet-personality
SentenceTransformer,0.9,9,0.9365853658536586,0.05352662391971007,0.10126582278481013,0.05352662391971007,0.9999954935014558,50,dwulff/mpnet-personality
SentenceTransformer,0.9,10,0.9365853658536586,0.05352662391971007,0.10126582278481013,0.05352662391971007,0.9999954935014558,50,dwulff/mpnet-personality
SentenceTransformer,0.95,1,0.9791666666666666,0.013102871480345692,0.025859697386519945,0.013102871480345692,0.9999996533462658,50,dwulff/mpnet-personality
SentenceTransformer,0.95,2,0.9791666666666666,0.013102871480345692,0.025859697386519945,0.013102871480345692,0.9999996533462658,50,dwulff/mpnet-personality
SentenceTransformer,0.95,3,0.9791666666666666,0.013102871480345692,0.025859697386519945,0.013102871480345692,0.9999996533462658,50,dwulff/mpnet-personality
SentenceTransformer,0.95,4,0.9791666666666666,0.013102871480345692,0.025859697386519945,0.013102871480345692,0.9999996533462658,50,dwulff/mpnet-personality
SentenceTransformer,0.95,5,0.9791666666666666,0.013102871480345692,0.025859697386519945,0.013102871480345692,0.9999996533462658,50,dwulff/mpnet-personality
SentenceTransformer,0.95,6,0.9791666666666666,0.013102871480345692,0.025859697386519945,0.013102871480345692,0.9999996533462658,50,dwulff/mpnet-personality
SentenceTransformer,0.95,7,0.9791666666666666,0.013102871480345692,0.025859697386519945,0.013102871480345692,0.9999996533462658,50,dwulff/mpnet-personality
SentenceTransformer,0.95,8,0.9791666666666666,0.013102871480345692,0.025859697386519945,0.013102871480345692,0.9999996533462658,50,dwulff/mpnet-personality
SentenceTransformer,0.95,9,0.9791666666666666,0.013102871480345692,0.025859697386519945,0.013102871480345692,0.9999996533462658,50,dwulff/mpnet-personality
SentenceTransformer,0.95,10,0.9791666666666666,0.013102871480345692,0.025859697386519945,0.013102871480345692,0.9999996533462658,50,dwulff/mpnet-personality
SentenceTransformer,0.1,1,0.04673533843899015,0.6311681070532479,0.08702671535652508,0.6311681070532479,0.9839918772097009,100,dwulff/mpnet-personality
SentenceTransformer,0.1,2,0.05093962067165478,0.65291329802063,0.0945059822851724,0.65291329802063,0.984874110963167,100,dwulff/mpnet-personality
SentenceTransformer,0.1,3,0.050417944024172386,0.637301366044048,0.0934434270765206,0.637301366044048,0.9850748234752522,100,dwulff/mpnet-personality
SentenceTransformer,0.1,4,0.04597541358012432,0.6453861165319208,0.08583611420096403,0.6453861165319208,0.9833474479178763,100,dwulff/mpnet-personality
SentenceTransformer,0.1,5,0.0427026001138736,0.6272651240591023,0.07996161842315688,0.6272651240591023,0.9825147856483968,100,dwulff/mpnet-personality
SentenceTransformer,0.1,6,0.04465612342512874,0.6116531920825202,0.08323532759209379,0.6116531920825202,0.983729113679199,100,dwulff/mpnet-personality
SentenceTransformer,0.1,7,0.04359734789096885,0.643434625034848,0.0816615362841878,0.643434625034848,0.98244857478517,100,dwulff/mpnet-personality
SentenceTransformer,0.1,8,0.04427129103442889,0.6320044605519933,0.08274628608971785,0.6320044605519933,0.9830347662496538,100,dwulff/mpnet-personality
SentenceTransformer,0.1,9,0.04263737107957055,0.6189015890716476,0.07977863226362884,0.6189015890716476,0.9827203513127604,100,dwulff/mpnet-personality
SentenceTransformer,0.1,10,0.04440507709079582,0.6359074435461388,0.08301337457920116,0.6359074435461388,0.9829838081507306,100,dwulff/mpnet-personality
SentenceTransformer,0.15,1,0.04673533843899015,0.6311681070532479,0.08702671535652508,0.6311681070532479,0.9839918772097009,100,dwulff/mpnet-personality
SentenceTransformer,0.15,2,0.05093962067165478,0.65291329802063,0.0945059822851724,0.65291329802063,0.984874110963167,100,dwulff/mpnet-personality
SentenceTransformer,0.15,3,0.050417944024172386,0.637301366044048,0.0934434270765206,0.637301366044048,0.9850748234752522,100,dwulff/mpnet-personality
SentenceTransformer,0.15,4,0.04597541358012432,0.6453861165319208,0.08583611420096403,0.6453861165319208,0.9833474479178763,100,dwulff/mpnet-personality
SentenceTransformer,0.15,5,0.0427026001138736,0.6272651240591023,0.07996161842315688,0.6272651240591023,0.9825147856483968,100,dwulff/mpnet-personality
SentenceTransformer,0.15,6,0.04465612342512874,0.6116531920825202,0.08323532759209379,0.6116531920825202,0.983729113679199,100,dwulff/mpnet-personality
SentenceTransformer,0.15,7,0.04359734789096885,0.643434625034848,0.0816615362841878,0.643434625034848,0.98244857478517,100,dwulff/mpnet-personality
SentenceTransformer,0.15,8,0.04427129103442889,0.6320044605519933,0.08274628608971785,0.6320044605519933,0.9830347662496538,100,dwulff/mpnet-personality
SentenceTransformer,0.15,9,0.04263737107957055,0.6189015890716476,0.07977863226362884,0.6189015890716476,0.9827203513127604,100,dwulff/mpnet-personality
SentenceTransformer,0.15,10,0.04440507709079582,0.6359074435461388,0.08301337457920116,0.6359074435461388,0.9829838081507306,100,dwulff/mpnet-personality
SentenceTransformer,0.2,1,0.04673533843899015,0.6311681070532479,0.08702671535652508,0.6311681070532479,0.9839918772097009,100,dwulff/mpnet-personality
SentenceTransformer,0.2,2,0.05093962067165478,0.65291329802063,0.0945059822851724,0.65291329802063,0.984874110963167,100,dwulff/mpnet-personality
SentenceTransformer,0.2,3,0.050417944024172386,0.637301366044048,0.0934434270765206,0.637301366044048,0.9850748234752522,100,dwulff/mpnet-personality
SentenceTransformer,0.2,4,0.04597541358012432,0.6453861165319208,0.08583611420096403,0.6453861165319208,0.9833474479178763,100,dwulff/mpnet-personality
SentenceTransformer,0.2,5,0.0427026001138736,0.6272651240591023,0.07996161842315688,0.6272651240591023,0.9825147856483968,100,dwulff/mpnet-personality
SentenceTransformer,0.2,6,0.044709661678594664,0.6130471145804294,0.08334122908415607,0.6130471145804294,0.9837124742999588,100,dwulff/mpnet-personality
SentenceTransformer,0.2,7,0.04359734789096885,0.643434625034848,0.0816615362841878,0.643434625034848,0.98244857478517,100,dwulff/mpnet-personality
SentenceTransformer,0.2,8,0.04427129103442889,0.6320044605519933,0.08274628608971785,0.6320044605519933,0.9830347662496538,100,dwulff/mpnet-personality
SentenceTransformer,0.2,9,0.04263737107957055,0.6189015890716476,0.07977863226362884,0.6189015890716476,0.9827203513127604,100,dwulff/mpnet-personality
SentenceTransformer,0.2,10,0.04440507709079582,0.6359074435461388,0.08301337457920116,0.6359074435461388,0.9829838081507306,100,dwulff/mpnet-personality
SentenceTransformer,0.25,1,0.04737250298698304,0.6300529690549206,0.0881194681639178,0.6300529690549206,0.9842456277431143,100,dwulff/mpnet-personality
SentenceTransformer,0.25,2,0.05232282665102322,0.6465012545302481,0.0968105535609919,0.6465012545302481,0.9854398498573347,100,dwulff/mpnet-personality
SentenceTransformer,0.25,3,0.04979498761155086,0.6331195985503206,0.09232833272350287,0.6331195985503206,0.98497741377595,100,dwulff/mpnet-personality
SentenceTransformer,0.25,4,0.04817403161886905,0.6303317535545023,0.08950733358405416,0.6303317535545023,0.9845139377333629,100,dwulff/mpnet-personality
SentenceTransformer,0.25,5,0.047314341967636744,0.6431558405352662,0.08814427081343369,0.6431558405352662,0.9838972407402721,100,dwulff/mpnet-personality
SentenceTransformer,0.25,6,0.04872254497548755,0.6289378310565933,0.0904389657245941,0.6289378310565933,0.9847309429709542,100,dwulff/mpnet-personality
SentenceTransformer,0.25,7,0.046669416374510206,0.630889322553666,0.0869097682278165,0.630889322553666,0.9839752378304607,100,dwulff/mpnet-personality
SentenceTransformer,0.25,8,0.04349783685374782,0.6194591580708113,0.08128772635814889,0.6194591580708113,0.9830621518946533,100,dwulff/mpnet-personality
SentenceTransformer,0.25,9,0.04339846062759029,0.6130471145804294,0.08105866524135134,0.6130471145804294,0.9831973468509801,100,dwulff/mpnet-personality
SentenceTransformer,0.25,10,0.046168033197682576,0.6420407025369389,0.08614176173555264,0.6420407025369389,0.9835062153281269,100,dwulff/mpnet-personality
SentenceTransformer,0.3,1,0.05891027835567377,0.6236409255645387,0.10765158806544754,0.6236409255645387,0.9876119821556524,100,dwulff/mpnet-personality
SentenceTransformer,0.3,2,0.0583851252030843,0.6311681070532479,0.10688320271928996,0.6311681070532479,0.9873426322042013,100,dwulff/mpnet-personality
SentenceTransformer,0.3,3,0.06105900478417169,0.6297741845553387,0.11132465996451804,0.6297741845553387,0.9879579425823554,100,dwulff/mpnet-personality
SentenceTransformer,0.3,4,0.05546304912091679,0.6314468915528296,0.10196961170512099,0.6314468915528296,0.9866285255118082,100,dwulff/mpnet-personality
SentenceTransformer,0.3,5,0.0523463195441701,0.6300529690549206,0.09666174803789483,0.6300529690549206,0.985817009120113,100,dwulff/mpnet-personality
SentenceTransformer,0.3,6,0.052110708620403914,0.613604683579593,0.09606319832402235,0.613604683579593,0.9861213710987156,100,dwulff/mpnet-personality
SentenceTransformer,0.3,7,0.05241907087020822,0.6225257875662114,0.09669596847529555,0.6225257875662114,0.986006975366439,100,dwulff/mpnet-personality
SentenceTransformer,0.3,8,0.051813835770528685,0.6163925285754112,0.09559220908363777,0.6163925285754112,0.9859740432616927,100,dwulff/mpnet-personality
SentenceTransformer,0.3,9,0.051998330860534125,0.6253136325620295,0.09601267041927958,0.6253136325620295,0.9858242888485307,100,dwulff/mpnet-personality
SentenceTransformer,0.3,10,0.054376032083038456,0.6425982715361026,0.10026752506688126,0.6425982715361026,0.9861043850657412,100,dwulff/mpnet-personality
SentenceTransformer,0.35,1,0.07165440809398609,0.6002230275996655,0.1280252125825058,0.6002230275996655,0.9903304407390242,100,dwulff/mpnet-personality
SentenceTransformer,0.35,2,0.06856029469966816,0.627822693058266,0.12362079376406652,0.627822693058266,0.9893941290030274,100,dwulff/mpnet-personality
SentenceTransformer,0.35,3,0.07200987998353336,0.6339559520490661,0.12932946596144002,0.6339559520490661,0.9898413123201084,100,dwulff/mpnet-personality
SentenceTransformer,0.35,4,0.07344150298889837,0.6233621410649568,0.13140187465107395,0.6233621410649568,0.990220898159026,100,dwulff/mpnet-personality
SentenceTransformer,0.35,5,0.06556546110498226,0.6130471145804294,0.11846145558368798,0.6130471145804294,0.9891358719710697,100,dwulff/mpnet-personality
SentenceTransformer,0.35,6,0.06348883201489065,0.6085865625871202,0.11498248663453689,0.6085865625871202,0.9888374031059481,100,dwulff/mpnet-personality
SentenceTransformer,0.35,7,0.06197118682826435,0.6044047950933928,0.11241606388219129,0.6044047950933928,0.9886242110594328,100,dwulff/mpnet-personality
SentenceTransformer,0.35,8,0.0675452074222905,0.637301366044048,0.12214474633325319,0.637301366044048,0.9890603014570203,100,dwulff/mpnet-personality
SentenceTransformer,0.35,9,0.06291818625620997,0.6108168385837748,0.11408487373079927,0.6108168385837748,0.9886879953465203,100,dwulff/mpnet-personality
SentenceTransformer,0.35,10,0.06449356463346391,0.6425982715361026,0.11722226460192743,0.6425982715361026,0.9884096323979806,100,dwulff/mpnet-personality
SentenceTransformer,0.4,1,0.08974634104468003,0.5829383886255924,0.15554563713456818,0.5829383886255924,0.9926481676056939,100,dwulff/mpnet-personality
SentenceTransformer,0.4,2,0.08362700455355375,0.5887928631168107,0.14645308924485126,0.5887928631168107,0.9919773926300722,100,dwulff/mpnet-personality
SentenceTransformer,0.4,3,0.09154899535002772,0.5982715361025926,0.15879828326180256,0.5982715361025926,0.992618008730821,100,dwulff/mpnet-personality
SentenceTransformer,0.4,4,0.09524866785079929,0.5979927516030109,0.1643237445895737,0.5979927516030109,0.9929369301662586,100,dwulff/mpnet-personality
SentenceTransformer,0.4,5,0.08647940381623127,0.5887928631168107,0.15080866864222214,0.5887928631168107,0.992266155190637,100,dwulff/mpnet-personality
SentenceTransformer,0.4,6,0.09089412829691808,0.6158349595762476,0.15840803155252778,0.6158349595762476,0.992341032397218,100,dwulff/mpnet-personality
SentenceTransformer,0.4,7,0.08130142960069774,0.5977139671034291,0.14313372054209225,0.5977139671034291,0.9916016199822305,100,dwulff/mpnet-personality
SentenceTransformer,0.4,8,0.08712406802379158,0.5798717591301924,0.15148756418193074,0.5798717591301924,0.9924450285174694,100,dwulff/mpnet-personality
SentenceTransformer,0.4,9,0.08274661814729847,0.5832171731251743,0.1449305483390488,0.5832171731251743,0.9919610999045663,100,dwulff/mpnet-personality
SentenceTransformer,0.4,10,0.08461841070023604,0.5996654586005018,0.14830902885510394,0.5996654586005018,0.9919337142595667,100,dwulff/mpnet-personality
SentenceTransformer,0.45,1,0.12282720610502089,0.5653749651519375,0.2018111254851229,0.5653749651519375,0.9949794139679963,100,dwulff/mpnet-personality
SentenceTransformer,0.45,2,0.12809072318274772,0.5762475606356287,0.20959237477185155,0.5762475606356287,0.995122581960209,100,dwulff/mpnet-personality
SentenceTransformer,0.45,3,0.13920360431988338,0.5857262336214106,0.22494646680942185,0.5857262336214106,0.9954962746856457,100,dwulff/mpnet-personality
SentenceTransformer,0.45,4,0.12354022170845931,0.5809868971285197,0.20375439968713335,0.5809868971285197,0.9948747245402765,100,dwulff/mpnet-personality
SentenceTransformer,0.45,5,0.1320012488292226,0.5893504321159744,0.2156922762983369,0.5893504321159744,0.995181166441284,100,dwulff/mpnet-personality
SentenceTransformer,0.45,6,0.12745158315401167,0.5779202676331195,0.2088454563771912,0.5779202676331195,0.9950802902046401,100,dwulff/mpnet-personality
SentenceTransformer,0.45,7,0.1155848471422242,0.5818232506272651,0.19285681282631797,0.5818232506272651,0.9944642865190176,100,dwulff/mpnet-personality
SentenceTransformer,0.45,8,0.12706848653218988,0.5865625871201561,0.208885579548275,0.5865625871201561,0.9949894669262872,100,dwulff/mpnet-personality
SentenceTransformer,0.45,9,0.13120317602612538,0.5712294396431559,0.2133930431160175,0.5712294396431559,0.995296602134763,100,dwulff/mpnet-personality
SentenceTransformer,0.45,10,0.1284736937700551,0.591580708112629,0.21110226820533226,0.591580708112629,0.9950099194966033,100,dwulff/mpnet-personality
SentenceTransformer,0.5,1,0.17549194991055456,0.5469751881795372,0.26572763594501253,0.5469751881795372,0.9968045458784084,100,dwulff/mpnet-personality
SentenceTransformer,0.5,2,0.1648471615720524,0.547253972679119,0.2533720555017748,0.547253972679119,0.9965525286136658,100,dwulff/mpnet-personality
SentenceTransformer,0.5,3,0.20005910165484633,0.566211318650683,0.29565470558264795,0.566211318650683,0.9971848250247944,100,dwulff/mpnet-personality
SentenceTransformer,0.5,4,0.1601659089096275,0.559799275160301,0.24906970974944181,0.559799275160301,0.9963500828329098,100,dwulff/mpnet-personality
SentenceTransformer,0.5,5,0.18220946915351507,0.5664901031502648,0.2757310536671416,0.5664901031502648,0.9968385179443572,100,dwulff/mpnet-personality
SentenceTransformer,0.5,6,0.1816599486991572,0.5528296626707555,0.2734606633110391,0.5528296626707555,0.9969033421926473,100,dwulff/mpnet-personality
SentenceTransformer,0.5,7,0.1684946886605061,0.5439085586841371,0.25728603455096927,0.5439085586841371,0.9966624178473982,100,dwulff/mpnet-personality
SentenceTransformer,0.5,8,0.17981783749661828,0.5558962921661555,0.2717361678931589,0.5558962921661555,0.9968471842877115,100,dwulff/mpnet-personality
SentenceTransformer,0.5,9,0.18547197640117993,0.5609144131586283,0.27876688604087285,0.5609144131586283,0.9969369676048618,100,dwulff/mpnet-personality
SentenceTransformer,0.5,10,0.18608902294123023,0.5676052411485921,0.2802863436123348,0.5676052411485921,0.9969130484972041,100,dwulff/mpnet-personality
SentenceTransformer,0.55,1,0.2510610079575597,0.5277390577083915,0.3402534375842545,0.5277390577083915,0.9980424463631343,100,dwulff/mpnet-personality
SentenceTransformer,0.55,2,0.22919410849000119,0.5335935321996097,0.32065672641983584,0.5335935321996097,0.997768589913139,100,dwulff/mpnet-personality
SentenceTransformer,0.55,3,0.2468705639437347,0.5333147477000278,0.3375088214537756,0.5333147477000278,0.997976928807376,100,dwulff/mpnet-personality
SentenceTransformer,0.55,4,0.2270178005364545,0.5190967382213549,0.31588769191619304,0.5190967382213549,0.9978022153253536,100,dwulff/mpnet-personality
SentenceTransformer,0.55,5,0.23533671252715424,0.5436297741845554,0.32847637496841575,0.5436297741845554,0.9978036019402903,100,dwulff/mpnet-personality
SentenceTransformer,0.55,6,0.2282775741813453,0.5383328686925007,0.3206043499916985,0.5383328686925007,0.9977370444233293,100,dwulff/mpnet-personality
SentenceTransformer,0.55,7,0.2354886113152094,0.5361025926958461,0.32723559942142433,0.5361025926958461,0.9978358407375683,100,dwulff/mpnet-personality
SentenceTransformer,0.55,8,0.25763734102530483,0.5478115416782827,0.35045478865703583,0.5478115416782827,0.9980372465571218,100,dwulff/mpnet-personality
SentenceTransformer,0.55,9,0.23060370591751345,0.537775299693337,0.32279116465863456,0.537775299693337,0.9977689365668732,100,dwulff/mpnet-personality
SentenceTransformer,0.55,10,0.2283418723800652,0.5466964036799554,0.322135523613963,0.5466964036799554,0.9977027257036464,100,dwulff/mpnet-personality
SentenceTransformer,0.6,1,0.3189375119434359,0.465291329802063,0.3784580498866213,0.465291329802063,0.9987645260914133,100,dwulff/mpnet-personality
SentenceTransformer,0.6,2,0.30966364121729845,0.48508502927237246,0.3780143384749077,0.48508502927237246,0.9986553301651493,100,dwulff/mpnet-personality
SentenceTransformer,0.6,3,0.3214220267546271,0.488988012266518,0.3878814683768244,0.488988012266518,0.9987163412223634,100,dwulff/mpnet-personality
SentenceTransformer,0.6,4,0.29262753319357093,0.46696403679955395,0.3597894962947052,0.46696403679955395,0.9985963990303401,100,dwulff/mpnet-personality
SentenceTransformer,0.6,5,0.3368973561430793,0.4831335377752997,0.39697629137555834,0.4831335377752997,0.9988175641127415,100,dwulff/mpnet-personality
SentenceTransformer,0.6,6,0.3004344048653345,0.4820183997769724,0.37015628345108115,0.4820183997769724,0.9986043720662261,100,dwulff/mpnet-personality
SentenceTransformer,0.6,7,0.3068424803991447,0.4800669082798996,0.37438852049135773,0.4800669082798996,0.9986515169740734,100,dwulff/mpnet-personality
SentenceTransformer,0.6,8,0.3214019388516033,0.48062447727906327,0.3852083566082002,0.48062447727906327,0.9987381804076163,100,dwulff/mpnet-personality
SentenceTransformer,0.6,9,0.3117816091954023,0.48396989127404516,0.37924631348989624,0.48396989127404516,0.9986716228906554,100,dwulff/mpnet-personality
SentenceTransformer,0.6,10,0.30247447655303683,0.48731530526902705,0.37326500106769167,0.48731530526902705,0.9986026387975553,100,dwulff/mpnet-personality
SentenceTransformer,0.65,1,0.43157894736842106,0.42291608586562585,0.42720360461841733,0.42291608586562585,0.9993073858391256,100,dwulff/mpnet-personality
SentenceTransformer,0.65,2,0.43054771315640883,0.42514636186228044,0.427829990180951,0.42514636186228044,0.9993007994181764,100,dwulff/mpnet-personality
SentenceTransformer,0.65,3,0.4409583571021107,0.43100083635349873,0.43592274073029746,0.43100083635349873,0.9993205586810241,100,dwulff/mpnet-personality
SentenceTransformer,0.65,4,0.418848167539267,0.42375243936437135,0.4212860310421286,0.42375243936437135,0.9992689072746326,100,dwulff/mpnet-personality
SentenceTransformer,0.65,5,0.4194359117564926,0.4187343183718985,0.41908482142857145,0.4187343183718985,0.9992793068866578,100,dwulff/mpnet-personality
SentenceTransformer,0.65,6,0.42190502333241836,0.42849177585726234,0.4251728907330567,0.42849177585726234,0.9992699472358352,100,dwulff/mpnet-personality
SentenceTransformer,0.65,7,0.43488173268737534,0.4254251463618623,0.4301014656144307,0.4254251463618623,0.9993125856451383,100,dwulff/mpnet-personality
SentenceTransformer,0.65,8,0.42857142857142855,0.42821299135768054,0.4283921349881467,0.42821299135768054,0.999290053152417,100,dwulff/mpnet-personality
SentenceTransformer,0.65,9,0.4319342030629609,0.4245887928631168,0.4282300014058766,0.4245887928631168,0.9993056525704548,100,dwulff/mpnet-personality
SentenceTransformer,0.65,10,0.42455745996066313,0.42124337886813495,0.4228939266722642,0.42124337886813495,0.999290053152417,100,dwulff/mpnet-personality
SentenceTransformer,0.7,1,0.5834076717216771,0.36465012545302483,0.4487905301080803,0.36465012545302483,0.999676225412284,100,dwulff/mpnet-personality
SentenceTransformer,0.7,2,0.5637699956766105,0.36353498745469753,0.44203389830508477,0.36353498745469753,0.9996502263822211,100,dwulff/mpnet-personality
SentenceTransformer,0.7,3,0.5907664724338861,0.367437970448843,0.45307665864558266,0.367437970448843,0.9996835051407016,100,dwulff/mpnet-personality
SentenceTransformer,0.7,4,0.585321927059883,0.36241984945637024,0.4476584022038568,0.36241984945637024,0.9996807319108282,100,dwulff/mpnet-personality
SentenceTransformer,0.7,5,0.5890909090909091,0.36130471145804294,0.447900466562986,0.36130471145804294,0.999686625024309,100,dwulff/mpnet-personality
SentenceTransformer,0.7,6,0.592128801431127,0.36911067744633397,0.45474841147174994,0.36911067744633397,0.9996838517944358,100,dwulff/mpnet-personality
SentenceTransformer,0.7,7,0.5868691380080393,0.3663228324505158,0.451081359423275,0.3663228324505158,0.9996793452958915,100,dwulff/mpnet-personality
SentenceTransformer,0.7,8,0.5909090909090909,0.36241984945637024,0.4492828754104026,0.36241984945637024,0.9996880116392458,100,dwulff/mpnet-personality
SentenceTransformer,0.7,9,0.5815096025011166,0.3629774184555339,0.446961894953656,0.3629774184555339,0.9996751854510815,100,dwulff/mpnet-personality
SentenceTransformer,0.7,10,0.5916064981949458,0.3654864789517703,0.4518352576253662,0.3654864789517703,0.9996862783705749,100,dwulff/mpnet-personality
SentenceTransformer,0.75,1,0.7042156185210781,0.2840814050738779,0.40484704012713546,0.2840814050738779,0.9998516322017746,100,dwulff/mpnet-personality
SentenceTransformer,0.75,2,0.7110956036287509,0.2840814050738779,0.4059760956175299,0.2840814050738779,0.999856485354053,100,dwulff/mpnet-personality
SentenceTransformer,0.75,3,0.7032213845099383,0.28603289657095066,0.40665873959571935,0.28603289657095066,0.9998498989331038,100,dwulff/mpnet-personality
SentenceTransformer,0.75,4,0.7153900210822206,0.28380262057429606,0.4063872255489022,0.28380262057429606,0.9998596052376606,100,dwulff/mpnet-personality
SentenceTransformer,0.75,5,0.7074022346368715,0.28240869807638697,0.40366606893803547,0.28240869807638697,0.9998547520853822,100,dwulff/mpnet-personality
SentenceTransformer,0.75,6,0.7155709342560553,0.28826317256760525,0.4109697933227345,0.28826317256760525,0.9998575253152556,100,dwulff/mpnet-personality
SentenceTransformer,0.75,7,0.7053998632946001,0.2877056035684416,0.4087128712871287,0.2877056035684416,0.9998505922405722,100,dwulff/mpnet-personality
SentenceTransformer,0.75,8,0.7049861495844876,0.28380262057429606,0.4046909163188233,0.28380262057429606,0.999852325509243,100,dwulff/mpnet-personality
SentenceTransformer,0.75,9,0.7050310130944176,0.2851965430722052,0.40611353711790393,0.2851965430722052,0.9998516322017746,100,dwulff/mpnet-personality
SentenceTransformer,0.75,10,0.7090532135452661,0.28603289657095066,0.40762812872467225,0.28603289657095066,0.9998540587779139,100,dwulff/mpnet-personality
SentenceTransformer,0.8,1,0.84375,0.21076108168385838,0.337274146776712,0.21076108168385838,0.999951468477216,100,dwulff/mpnet-personality
SentenceTransformer,0.8,2,0.8456299659477866,0.20769445218845833,0.3334825425246195,0.20769445218845833,0.9999528550921527,100,dwulff/mpnet-personality
SentenceTransformer,0.8,3,0.8460661345496009,0.20685809868971286,0.3324372759856631,0.20685809868971286,0.9999532017458869,100,dwulff/mpnet-personality
SentenceTransformer,0.8,4,0.8473625140291807,0.21048229718427655,0.337204108977222,0.21048229718427655,0.9999528550921527,100,dwulff/mpnet-personality
SentenceTransformer,0.8,5,0.8471910112359551,0.21020351268469473,0.3368327004690641,0.21020351268469473,0.9999528550921527,100,dwulff/mpnet-personality
SentenceTransformer,0.8,6,0.8487208008898777,0.21271257318093115,0.34016941596076683,0.21271257318093115,0.9999528550921527,100,dwulff/mpnet-personality
SentenceTransformer,0.8,7,0.853907134767837,0.21020351268469473,0.33736017897091725,0.21020351268469473,0.9999552816682918,100,dwulff/mpnet-personality
SentenceTransformer,0.8,8,0.8461538461538461,0.20853080568720378,0.33460076045627374,0.20853080568720378,0.9999528550921527,100,dwulff/mpnet-personality
SentenceTransformer,0.8,9,0.8471121177802945,0.20853080568720378,0.334675615212528,0.20853080568720378,0.9999532017458869,100,dwulff/mpnet-personality
SentenceTransformer,0.8,10,0.8392461197339246,0.2110398661834402,0.3372688794831811,0.2110398661834402,0.9999497352085451,100,dwulff/mpnet-personality
SentenceTransformer,0.85,1,0.8944099378881988,0.12043490381934764,0.2122850122850123,0.12043490381934764,0.9999823206595573,100,dwulff/mpnet-personality
SentenceTransformer,0.85,2,0.8918367346938776,0.12182882631725676,0.21437331371106205,0.12182882631725676,0.999981627352089,100,dwulff/mpnet-personality
SentenceTransformer,0.85,3,0.8936605316973415,0.12182882631725676,0.21442590775269874,0.12182882631725676,0.9999819740058231,100,dwulff/mpnet-personality
SentenceTransformer,0.85,4,0.8920570264765784,0.12210761081683859,0.2148111819519372,0.12210761081683859,0.999981627352089,100,dwulff/mpnet-personality
SentenceTransformer,0.85,5,0.8918367346938776,0.12182882631725676,0.21437331371106205,0.12182882631725676,0.999981627352089,100,dwulff/mpnet-personality
SentenceTransformer,0.85,6,0.8918367346938776,0.12182882631725676,0.21437331371106205,0.12182882631725676,0.999981627352089,100,dwulff/mpnet-personality
SentenceTransformer,0.85,7,0.9031578947368422,0.11959855032060217,0.21122599704579026,0.11959855032060217,0.9999840539282281,100,dwulff/mpnet-personality
SentenceTransformer,0.85,8,0.8918367346938776,0.12182882631725676,0.21437331371106205,0.12182882631725676,0.999981627352089,100,dwulff/mpnet-personality
SentenceTransformer,0.85,9,0.8909465020576132,0.12071368831892947,0.21261969064571568,0.12071368831892947,0.999981627352089,100,dwulff/mpnet-personality
SentenceTransformer,0.85,10,0.8918367346938776,0.12182882631725676,0.21437331371106205,0.12182882631725676,0.999981627352089,100,dwulff/mpnet-personality
SentenceTransformer,0.9,1,0.9380952380952381,0.05492054641761918,0.10376613115617593,0.05492054641761918,0.9999954935014558,100,dwulff/mpnet-personality
SentenceTransformer,0.9,2,0.9371980676328503,0.05408419291887371,0.10226673695308382,0.05408419291887371,0.9999954935014558,100,dwulff/mpnet-personality
SentenceTransformer,0.9,3,0.9411764705882353,0.05352662391971007,0.1012925349512002,0.05352662391971007,0.9999958401551899,100,dwulff/mpnet-personality
SentenceTransformer,0.9,4,0.9371980676328503,0.05408419291887371,0.10226673695308382,0.05408419291887371,0.9999954935014558,100,dwulff/mpnet-personality
SentenceTransformer,0.9,5,0.9365853658536586,0.05352662391971007,0.10126582278481013,0.05352662391971007,0.9999954935014558,100,dwulff/mpnet-personality
SentenceTransformer,0.9,6,0.9365853658536586,0.05352662391971007,0.10126582278481013,0.05352662391971007,0.9999954935014558,100,dwulff/mpnet-personality
SentenceTransformer,0.9,7,0.9365853658536586,0.05352662391971007,0.10126582278481013,0.05352662391971007,0.9999954935014558,100,dwulff/mpnet-personality
SentenceTransformer,0.9,8,0.9380952380952381,0.05492054641761918,0.10376613115617593,0.05492054641761918,0.9999954935014558,100,dwulff/mpnet-personality
SentenceTransformer,0.9,9,0.9365853658536586,0.05352662391971007,0.10126582278481013,0.05352662391971007,0.9999954935014558,100,dwulff/mpnet-personality
SentenceTransformer,0.9,10,0.9365853658536586,0.05352662391971007,0.10126582278481013,0.05352662391971007,0.9999954935014558,100,dwulff/mpnet-personality
SentenceTransformer,0.95,1,0.9791666666666666,0.013102871480345692,0.025859697386519945,0.013102871480345692,0.9999996533462658,100,dwulff/mpnet-personality
SentenceTransformer,0.95,2,0.9791666666666666,0.013102871480345692,0.025859697386519945,0.013102871480345692,0.9999996533462658,100,dwulff/mpnet-personality
SentenceTransformer,0.95,3,1.0,0.013102871480345692,0.025866813428728673,0.013102871480345692,1.0,100,dwulff/mpnet-personality
SentenceTransformer,0.95,4,0.9791666666666666,0.013102871480345692,0.025859697386519945,0.013102871480345692,0.9999996533462658,100,dwulff/mpnet-personality
SentenceTransformer,0.95,5,0.9791666666666666,0.013102871480345692,0.025859697386519945,0.013102871480345692,0.9999996533462658,100,dwulff/mpnet-personality
SentenceTransformer,0.95,6,0.9791666666666666,0.013102871480345692,0.025859697386519945,0.013102871480345692,0.9999996533462658,100,dwulff/mpnet-personality
SentenceTransformer,0.95,7,0.9791666666666666,0.013102871480345692,0.025859697386519945,0.013102871480345692,0.9999996533462658,100,dwulff/mpnet-personality
SentenceTransformer,0.95,8,0.9791666666666666,0.013102871480345692,0.025859697386519945,0.013102871480345692,0.9999996533462658,100,dwulff/mpnet-personality
SentenceTransformer,0.95,9,0.9791666666666666,0.013102871480345692,0.025859697386519945,0.013102871480345692,0.9999996533462658,100,dwulff/mpnet-personality
SentenceTransformer,0.95,10,0.9791666666666666,0.013102871480345692,0.025859697386519945,0.013102871480345692,0.9999996533462658,100,dwulff/mpnet-personality
SentenceTransformer,0.1,1,0.0964775846294602,0.5879565096180652,0.16575627775376273,0.5879565096180652,0.9931532420963816,250,dwulff/mpnet-personality
SentenceTransformer,0.1,2,0.09849265050088943,0.5865625871201561,0.16866407471241332,0.5865625871201561,0.993324142387328,250,dwulff/mpnet-personality
SentenceTransformer,0.1,3,0.10456623156307432,0.6186228045720658,0.1788939051918736,0.6186228045720658,0.9934128857432759,250,dwulff/mpnet-personality
SentenceTransformer,0.1,4,0.10231750797522987,0.6080289935879565,0.17515961932297314,0.6080289935879565,0.9933667807966311,250,dwulff/mpnet-personality
SentenceTransformer,0.1,5,0.09490999913874774,0.6144410370783384,0.16442239546420978,0.6144410370783384,0.9927140318151864,250,dwulff/mpnet-personality
SentenceTransformer,0.1,6,0.10212630332832491,0.6253136325620295,0.17557729941291586,0.6253136325620295,0.9931639883621408,250,dwulff/mpnet-personality
SentenceTransformer,0.1,7,0.09563841807909605,0.589908001115138,0.16459240821406348,0.589908001115138,0.9930638054329654,250,dwulff/mpnet-personality
SentenceTransformer,0.1,8,0.08416476919892361,0.5667688876498467,0.1465647754307548,0.5667688876498467,0.9923313260926613,250,dwulff/mpnet-personality
SentenceTransformer,0.1,9,0.10039439088518844,0.6386952885419571,0.1735145984019389,0.6386952885419571,0.9928835454911962,250,dwulff/mpnet-personality
SentenceTransformer,0.1,10,0.0982710342681897,0.6163925285754112,0.1695162155945718,0.6163925285754112,0.9929670890411315,250,dwulff/mpnet-personality
SentenceTransformer,0.15,1,0.0964775846294602,0.5879565096180652,0.16575627775376273,0.5879565096180652,0.9931532420963816,250,dwulff/mpnet-personality
SentenceTransformer,0.15,2,0.09849265050088943,0.5865625871201561,0.16866407471241332,0.5865625871201561,0.993324142387328,250,dwulff/mpnet-personality
SentenceTransformer,0.15,3,0.10456623156307432,0.6186228045720658,0.1788939051918736,0.6186228045720658,0.9934128857432759,250,dwulff/mpnet-personality
SentenceTransformer,0.15,4,0.10231750797522987,0.6080289935879565,0.17515961932297314,0.6080289935879565,0.9933667807966311,250,dwulff/mpnet-personality
SentenceTransformer,0.15,5,0.09490999913874774,0.6144410370783384,0.16442239546420978,0.6144410370783384,0.9927140318151864,250,dwulff/mpnet-personality
SentenceTransformer,0.15,6,0.10212630332832491,0.6253136325620295,0.17557729941291586,0.6253136325620295,0.9931639883621408,250,dwulff/mpnet-personality
SentenceTransformer,0.15,7,0.09563841807909605,0.589908001115138,0.16459240821406348,0.589908001115138,0.9930638054329654,250,dwulff/mpnet-personality
SentenceTransformer,0.15,8,0.08416476919892361,0.5667688876498467,0.1465647754307548,0.5667688876498467,0.9923313260926613,250,dwulff/mpnet-personality
SentenceTransformer,0.15,9,0.10039439088518844,0.6386952885419571,0.1735145984019389,0.6386952885419571,0.9928835454911962,250,dwulff/mpnet-personality
SentenceTransformer,0.15,10,0.0982710342681897,0.6163925285754112,0.1695162155945718,0.6163925285754112,0.9929670890411315,250,dwulff/mpnet-personality
SentenceTransformer,0.2,1,0.0964775846294602,0.5879565096180652,0.16575627775376273,0.5879565096180652,0.9931532420963816,250,dwulff/mpnet-personality
SentenceTransformer,0.2,2,0.09849265050088943,0.5865625871201561,0.16866407471241332,0.5865625871201561,0.993324142387328,250,dwulff/mpnet-personality
SentenceTransformer,0.2,3,0.10456623156307432,0.6186228045720658,0.1788939051918736,0.6186228045720658,0.9934128857432759,250,dwulff/mpnet-personality
SentenceTransformer,0.2,4,0.10231750797522987,0.6080289935879565,0.17515961932297314,0.6080289935879565,0.9933667807966311,250,dwulff/mpnet-personality
SentenceTransformer,0.2,5,0.09490999913874774,0.6144410370783384,0.16442239546420978,0.6144410370783384,0.9927140318151864,250,dwulff/mpnet-personality
SentenceTransformer,0.2,6,0.10212630332832491,0.6253136325620295,0.17557729941291586,0.6253136325620295,0.9931639883621408,250,dwulff/mpnet-personality
SentenceTransformer,0.2,7,0.09563841807909605,0.589908001115138,0.16459240821406348,0.589908001115138,0.9930638054329654,250,dwulff/mpnet-personality
SentenceTransformer,0.2,8,0.08416476919892361,0.5667688876498467,0.1465647754307548,0.5667688876498467,0.9923313260926613,250,dwulff/mpnet-personality
SentenceTransformer,0.2,9,0.10039439088518844,0.6386952885419571,0.1735145984019389,0.6386952885419571,0.9928835454911962,250,dwulff/mpnet-personality
SentenceTransformer,0.2,10,0.0982710342681897,0.6163925285754112,0.1695162155945718,0.6163925285754112,0.9929670890411315,250,dwulff/mpnet-personality
SentenceTransformer,0.25,1,0.09772737749504448,0.5910231391134653,0.16772151898734178,0.5910231391134653,0.993214946461064,250,dwulff/mpnet-personality
SentenceTransformer,0.25,2,0.09828239809051341,0.5854474491218288,0.16830968982928587,0.5854474491218288,0.9933210225037205,250,dwulff/mpnet-personality
SentenceTransformer,0.25,3,0.10578339590362591,0.6205742960691386,0.18075517661388552,0.6205742960691386,0.9934770166840976,250,dwulff/mpnet-personality
SentenceTransformer,0.25,4,0.10204368613480828,0.6069138555896292,0.17471209020504797,0.6069138555896292,0.9933591544144793,250,dwulff/mpnet-personality
SentenceTransformer,0.25,5,0.09542545831892078,0.6152773905770839,0.16522552872917837,0.6152773905770839,0.992747657227401,250,dwulff/mpnet-personality
SentenceTransformer,0.25,6,0.10212630332832491,0.6253136325620295,0.17557729941291586,0.6253136325620295,0.9931639883621408,250,dwulff/mpnet-personality
SentenceTransformer,0.25,7,0.09552036199095022,0.5885140786172289,0.16436329660917975,0.5885140786172289,0.9930707385076487,250,dwulff/mpnet-personality
SentenceTransformer,0.25,8,0.08421706710853355,0.5667688876498467,0.14664406535146246,0.5667688876498467,0.9923365258986738,250,dwulff/mpnet-personality
SentenceTransformer,0.25,9,0.10114285714285715,0.6414831335377753,0.17473516345825266,0.6414831335377753,0.9929112777899299,250,dwulff/mpnet-personality
SentenceTransformer,0.25,10,0.09822579927964782,0.6158349595762476,0.16942782635373524,0.6158349595762476,0.9929698622710049,250,dwulff/mpnet-personality
SentenceTransformer,0.3,1,0.09956062447415163,0.5938109841092836,0.1705296024978984,0.5938109841092836,0.9933220624649229,250,dwulff/mpnet-personality
SentenceTransformer,0.3,2,0.10113426035783779,0.5940897686088653,0.17284451293697786,0.5940897686088653,0.9934343782747945,250,dwulff/mpnet-personality
SentenceTransformer,0.3,3,0.10731564286761472,0.6122107610816838,0.1826195426195426,0.6122107610816838,0.9936676762378919,250,dwulff/mpnet-personality
SentenceTransformer,0.3,4,0.1054415086926628,0.5985503206021745,0.1792976742243935,0.5985503206021745,0.9936857022320688,250,dwulff/mpnet-personality
SentenceTransformer,0.3,5,0.09978025920444863,0.6202955115695568,0.17190759483890905,0.6202955115695568,0.9930412729402441,250,dwulff/mpnet-personality
SentenceTransformer,0.3,6,0.10368759542867718,0.624756063562866,0.17785714285714285,0.624756063562866,0.9932846238616325,250,dwulff/mpnet-personality
SentenceTransformer,0.3,7,0.09553906750938902,0.5815444661276833,0.16411628181424806,0.5815444661276833,0.993154282057584,250,dwulff/mpnet-personality
SentenceTransformer,0.3,8,0.08572969832773145,0.5759687761360468,0.1492451058296612,0.5759687761360468,0.9923621782750025,250,dwulff/mpnet-personality
SentenceTransformer,0.3,9,0.10249033534118493,0.635628659046557,0.17651840668911856,0.635628659046557,0.9930787115435347,250,dwulff/mpnet-personality
SentenceTransformer,0.3,10,0.10338037413849688,0.6147198215779203,0.17699470219938995,0.6147198215779203,0.993370593987707,250,dwulff/mpnet-personality
SentenceTransformer,0.35,1,0.10804986917038634,0.5871201561193198,0.18251148279746945,0.5871201561193198,0.9939734248314309,250,dwulff/mpnet-personality
SentenceTransformer,0.35,2,0.10489861473599679,0.5826596041260106,0.17778911998638935,0.5826596041260106,0.993817777304788,250,dwulff/mpnet-personality
SentenceTransformer,0.35,3,0.12013179927618431,0.6200167270699749,0.20126696832579186,0.6200167270699749,0.9943533573240828,250,dwulff/mpnet-personality
SentenceTransformer,0.35,4,0.1162626372431786,0.5963200446055199,0.1945872185581078,0.5963200446055199,0.9943637569361079,250,dwulff/mpnet-personality
SentenceTransformer,0.35,5,0.10270966510829119,0.6002230275996655,0.1754042934539085,0.6002230275996655,0.9934797899139709,250,dwulff/mpnet-personality
SentenceTransformer,0.35,6,0.11331898493418088,0.6311681070532479,0.19214122040227447,0.6311681070532479,0.9938590290991544,250,dwulff/mpnet-personality
SentenceTransformer,0.35,7,0.1076068630367946,0.6049623640925564,0.1827137624721088,0.6049623640925564,0.9937616193998523,250,dwulff/mpnet-personality
SentenceTransformer,0.35,8,0.0967863183612103,0.5742960691385559,0.16565477865787465,0.5742960691385559,0.9933359286142899,250,dwulff/mpnet-personality
SentenceTransformer,0.35,9,0.11294683088014419,0.6289378310565933,0.1915029073468868,0.6289378310565933,0.9938579891379519,250,dwulff/mpnet-personality
SentenceTransformer,0.35,10,0.11103348470482559,0.6202955115695568,0.18835181579615679,0.6202955115695568,0.9938247103794714,250,dwulff/mpnet-personality
SentenceTransformer,0.4,1,0.1277500462192642,0.5779202676331195,0.20924598768547492,0.5779202676331195,0.9950934630465386,250,dwulff/mpnet-personality
SentenceTransformer,0.4,2,0.12299622819424799,0.5818232506272651,0.20306494770128922,0.5818232506272651,0.994841445781796,250,dwulff/mpnet-personality
SentenceTransformer,0.4,3,0.13516441498852919,0.5913019236130471,0.22003215934436435,0.5913019236130471,0.9952955621735605,250,dwulff/mpnet-personality
SentenceTransformer,0.4,4,0.13505359779189935,0.5865625871201561,0.21955546279870605,0.5865625871201561,0.995328840932041,250,dwulff/mpnet-personality
SentenceTransformer,0.4,5,0.12092141544117647,0.5868413716197379,0.2005239342700643,0.5868413716197379,0.9946951579059757,250,dwulff/mpnet-personality
SentenceTransformer,0.4,6,0.12389890033968565,0.5999442431000837,0.2053827066234014,0.5999442431000837,0.9947249701271145,250,dwulff/mpnet-personality
SentenceTransformer,0.4,7,0.13114148503878834,0.5938109841092836,0.21483685511120076,0.5938109841092836,0.9951080225033738,250,dwulff/mpnet-personality
SentenceTransformer,0.4,8,0.11259603938967644,0.5801505436297741,0.18859033032760886,0.5801505436297741,0.9943145321058555,250,dwulff/mpnet-personality
SentenceTransformer,0.4,9,0.1305933852140078,0.5988291051017564,0.2144247566758173,0.5988291051017564,0.9950428516013496,250,dwulff/mpnet-personality
SentenceTransformer,0.4,10,0.13250366032210834,0.6055199330917201,0.21742829971470043,0.6055199330917201,0.9950705839000833,250,dwulff/mpnet-personality
SentenceTransformer,0.45,1,0.16028066855881426,0.5667688876498467,0.24989244668428492,0.5667688876498467,0.9963077910773409,250,dwulff/mpnet-personality
SentenceTransformer,0.45,2,0.15475369646824486,0.5631446891552829,0.24278846153846154,0.5631446891552829,0.9961753693508875,250,dwulff/mpnet-personality
SentenceTransformer,0.45,3,0.16309215177940137,0.5787566211318651,0.25447413581760236,0.5787566211318651,0.9963070977698726,250,dwulff/mpnet-personality
SentenceTransformer,0.45,4,0.17450963885848977,0.5779202676331195,0.26807189965084705,0.5779202676331195,0.9966007134827156,250,dwulff/mpnet-personality
SentenceTransformer,0.45,5,0.1577186311787072,0.5781990521327014,0.24783413992949752,0.5781990521327014,0.996160463240318,250,dwulff/mpnet-personality
SentenceTransformer,0.45,6,0.15378404169419363,0.5840535266239197,0.24346310284718187,0.5840535266239197,0.9960037757524726,250,dwulff/mpnet-personality
SentenceTransformer,0.45,7,0.17024564828371563,0.583495957624756,0.2635854165354827,0.583495957624756,0.996463785257718,250,dwulff/mpnet-personality
SentenceTransformer,0.45,8,0.14624013294557542,0.5887928631168107,0.23428920073215376,0.5887928631168107,0.9957257594576672,250,dwulff/mpnet-personality
SentenceTransformer,0.45,9,0.16207902831453586,0.5729021466406468,0.25267428992991514,0.5729021466406468,0.9963171507281635,250,dwulff/mpnet-personality
SentenceTransformer,0.45,10,0.16565373227364813,0.5926958461109563,0.25893672736130563,0.5926958461109563,0.9962880318144931,250,dwulff/mpnet-personality
SentenceTransformer,0.5,1,0.2005500101853738,0.54892667967661,0.2937709809772473,0.54892667967661,0.997279114840489,250,dwulff/mpnet-personality
SentenceTransformer,0.5,2,0.19486190089358246,0.5349874546975188,0.28567175288425756,0.5349874546975188,0.9972513825417553,250,dwulff/mpnet-personality
SentenceTransformer,0.5,3,0.2145610278372591,0.5586841371619738,0.31004873520538406,0.5586841371619738,0.997456948206119,250,dwulff/mpnet-personality
SentenceTransformer,0.5,4,0.20869565217391303,0.5486478951770282,0.3023738188522701,0.5486478951770282,0.9974132698356133,250,dwulff/mpnet-personality
SentenceTransformer,0.5,5,0.21780160857908848,0.566211318650683,0.3145910780669145,0.566211318650683,0.9974715076629541,250,dwulff/mpnet-personality
SentenceTransformer,0.5,6,0.19590529788472735,0.5628659046557012,0.29064996760958756,0.5628659046557012,0.9971272805049219,250,dwulff/mpnet-personality
SentenceTransformer,0.5,7,0.20849216433714526,0.54892667967661,0.30220244033458676,0.54892667967661,0.9974087633370691,250,dwulff/mpnet-personality
SentenceTransformer,0.5,8,0.20545137821498105,0.5589629216615556,0.3004645586692642,0.5589629216615556,0.9973120469452353,250,dwulff/mpnet-personality
SentenceTransformer,0.5,9,0.20495730056238284,0.5486478951770282,0.2984305102737129,0.5486478951770282,0.9973536453933358,250,dwulff/mpnet-personality
SentenceTransformer,0.5,10,0.21919267227606773,0.5737385001393922,0.31720098643649813,0.5737385001393922,0.9974586814747898,250,dwulff/mpnet-personality
SentenceTransformer,0.55,1,0.2850949319778741,0.531642040702537,0.37115609186453874,0.531642040702537,0.9983423018431926,250,dwulff/mpnet-personality
SentenceTransformer,0.55,2,0.24487664795718575,0.5229997212155004,0.3335704125177809,0.5229997212155004,0.9979946081478187,250,dwulff/mpnet-personality
SentenceTransformer,0.55,3,0.2770220857101068,0.5280178422079732,0.36339217191097467,0.5280178422079732,0.9982864905919909,250,dwulff/mpnet-personality
SentenceTransformer,0.55,4,0.27985633043998803,0.5213270142180095,0.36420294089005745,0.5213270142180095,0.9983319022311674,250,dwulff/mpnet-personality
SentenceTransformer,0.55,5,0.2579737335834897,0.5366601616950097,0.3484478233324283,0.5366601616950097,0.9980805782738932,250,dwulff/mpnet-personality
SentenceTransformer,0.55,6,0.24005538771399798,0.531642040702537,0.3307605584944931,0.531642040702537,0.9979072514068075,250,dwulff/mpnet-personality
SentenceTransformer,0.55,7,0.26160220994475136,0.5280178422079732,0.3498660755518611,0.5280178422079732,0.99814678913712,250,dwulff/mpnet-personality
SentenceTransformer,0.55,8,0.2675469075747047,0.5366601616950097,0.3570766091634205,0.5366601616950097,0.998173134820917,250,dwulff/mpnet-personality
SentenceTransformer,0.55,9,0.2611300204220558,0.534708670197937,0.3508964507866813,0.534708670197937,0.998118710184652,250,dwulff/mpnet-personality
SentenceTransformer,0.55,10,0.27234519473241803,0.5419570671870644,0.3625174825174825,0.5419570671870644,0.998199480504714,250,dwulff/mpnet-personality
SentenceTransformer,0.6,1,0.3425245098039216,0.4675216057987176,0.395378993280679,0.4675216057987176,0.9988841216297024,250,dwulff/mpnet-personality
SentenceTransformer,0.6,2,0.3241469816272966,0.4820183997769724,0.3876247057504764,0.4820183997769724,0.9987503132883122,250,dwulff/mpnet-personality
SentenceTransformer,0.6,3,0.3537877273635818,0.49344856425982714,0.4121071012805588,0.49344856425982714,0.998879268477424,250,dwulff/mpnet-personality
SentenceTransformer,0.6,4,0.34757950172169333,0.47839420128240867,0.4026278742374472,0.47839420128240867,0.9988834283222341,250,dwulff/mpnet-personality
SentenceTransformer,0.6,5,0.3315343099460293,0.47950933928073597,0.392022792022792,0.47950933928073597,0.9987978048498938,250,dwulff/mpnet-personality
SentenceTransformer,0.6,6,0.31954818728365825,0.488988012266518,0.38651388276773907,0.488988012266518,0.99870524830287,250,dwulff/mpnet-personality
SentenceTransformer,0.6,7,0.33688783570300157,0.4756063562865905,0.3944052710669287,0.4756063562865905,0.9988359367606526,250,dwulff/mpnet-personality
SentenceTransformer,0.6,8,0.3353304986470816,0.48369110677446336,0.39607350759045773,0.48369110677446336,0.9988078578081847,250,dwulff/mpnet-personality
SentenceTransformer,0.6,9,0.33013803680981596,0.4800669082798996,0.3912302624105419,0.4800669082798996,0.9987887918528052,250,dwulff/mpnet-personality
SentenceTransformer,0.6,10,0.3413670485973923,0.48173961527739056,0.3995837669094693,0.48173961527739056,0.9988442564502727,250,dwulff/mpnet-personality
SentenceTransformer,0.65,1,0.4431784107946027,0.4120434903819348,0.42704420687662525,0.4120434903819348,0.9993562640156438,250,dwulff/mpnet-personality
SentenceTransformer,0.65,2,0.4370179948586118,0.4265402843601896,0.4317155756207675,0.4265402843601896,0.9993167454899483,250,dwulff/mpnet-personality
SentenceTransformer,0.65,3,0.44403198172472874,0.4335098968497352,0.4387078572436169,0.4335098968497352,0.9993250651795683,250,dwulff/mpnet-personality
SentenceTransformer,0.65,4,0.4554159186116098,0.424310008363535,0.43931303218357626,0.424310008363535,0.9993690902038082,250,dwulff/mpnet-personality
SentenceTransformer,0.65,5,0.4544902912621359,0.4176191803735712,0.435275315995932,0.4176191803735712,0.99937671658596,250,dwulff/mpnet-personality
SentenceTransformer,0.65,6,0.44460514897309805,0.42849177585726234,0.43639977285633164,0.42849177585726234,0.999334424830391,250,dwulff/mpnet-personality
SentenceTransformer,0.65,7,0.45864889427446226,0.4220797323668804,0.43960511033681765,0.4220797323668804,0.9993805297770357,250,dwulff/mpnet-personality
SentenceTransformer,0.65,8,0.4277227722772277,0.42152216336771675,0.42459983150800334,0.42152216336771675,0.9992987194957713,250,dwulff/mpnet-personality
SentenceTransformer,0.65,9,0.4365147606764116,0.4245887928631168,0.43046919163369135,0.4245887928631168,0.9993184787586191,250,dwulff/mpnet-personality
SentenceTransformer,0.65,10,0.43662374821173106,0.4254251463618623,0.43095170855690484,0.4254251463618623,0.9993174387974166,250,dwulff/mpnet-personality
SentenceTransformer,0.7,1,0.5755011135857461,0.36018957345971564,0.4430727023319616,0.36018957345971564,0.9996696389913347,250,dwulff/mpnet-personality
SentenceTransformer,0.7,2,0.5913832199546485,0.36353498745469753,0.45027624309392267,0.36353498745469753,0.9996876649855116,250,dwulff/mpnet-personality
SentenceTransformer,0.7,3,0.5912806539509536,0.3629774184555339,0.4498186215235792,0.3629774184555339,0.9996880116392458,250,dwulff/mpnet-personality
SentenceTransformer,0.7,4,0.5884201077199281,0.3654864789517703,0.4509028374892519,0.3654864789517703,0.9996821185257648,250,dwulff/mpnet-personality
SentenceTransformer,0.7,5,0.5960729312762973,0.35545023696682465,0.44533705902899057,0.35545023696682465,0.999700491173676,250,dwulff/mpnet-personality
SentenceTransformer,0.7,6,0.5941834451901566,0.37022581544466127,0.4562006183442116,0.37022581544466127,0.9996855850631066,250,dwulff/mpnet-personality
SentenceTransformer,0.7,7,0.5799373040752351,0.3610259269584611,0.44501718213058417,0.3610259269584611,0.9996748387973473,250,dwulff/mpnet-personality
SentenceTransformer,0.7,8,0.5905979005020539,0.3607471424588793,0.44790584977500864,0.3607471424588793,0.9996890516004483,250,dwulff/mpnet-personality
SentenceTransformer,0.7,9,0.571994715984148,0.3621410649567884,0.4434960737453056,0.3621410649567884,0.9996630525703855,250,dwulff/mpnet-personality
SentenceTransformer,0.7,10,0.6020267157991709,0.364371340953443,0.45397707537339355,0.364371340953443,0.999700491173676,250,dwulff/mpnet-personality
SentenceTransformer,0.75,1,0.7181303116147308,0.28268748257596876,0.40568113622724544,0.28268748257596876,0.9998620318137998,250,dwulff/mpnet-personality
SentenceTransformer,0.75,2,0.7051903114186852,0.2840814050738779,0.4050079491255962,0.2840814050738779,0.999852325509243,250,dwulff/mpnet-personality
SentenceTransformer,0.75,3,0.7168885774351786,0.2851965430722052,0.4080574391703231,0.2851965430722052,0.9998599518913948,250,dwulff/mpnet-personality
SentenceTransformer,0.75,4,0.71611071682044,0.28129356007805967,0.40392313851080863,0.28129356007805967,0.9998613385063314,250,dwulff/mpnet-personality
SentenceTransformer,0.75,5,0.7119603680113235,0.28045720657931417,0.4024,0.28045720657931417,0.9998589119301923,250,dwulff/mpnet-personality
SentenceTransformer,0.75,6,0.720112517580872,0.285475327571787,0.4088640447195049,0.285475327571787,0.9998620318137998,250,dwulff/mpnet-personality
SentenceTransformer,0.75,7,0.7083047357584077,0.2877056035684416,0.4091990483743061,0.2877056035684416,0.9998526721629771,250,dwulff/mpnet-personality
SentenceTransformer,0.75,8,0.7085391672547636,0.2798996375801505,0.4012789768185452,0.2798996375801505,0.9998568320077872,250,dwulff/mpnet-personality
SentenceTransformer,0.75,9,0.700136612021858,0.2857541120713688,0.4058602256978816,0.2857541120713688,0.9998478190106987,250,dwulff/mpnet-personality
SentenceTransformer,0.75,10,0.714087439278279,0.2868692500696961,0.40930787589498807,0.2868692500696961,0.9998571786615214,250,dwulff/mpnet-personality
SentenceTransformer,0.8,1,0.8538812785388128,0.20853080568720378,0.3352005377548734,0.20853080568720378,0.9999556283220261,250,dwulff/mpnet-personality
SentenceTransformer,0.8,2,0.8507462686567164,0.20657931419013104,0.33243606998654107,0.20657931419013104,0.9999549350145577,250,dwulff/mpnet-personality
SentenceTransformer,0.8,3,0.8444948921679909,0.2074156676888765,0.333034914950761,0.2074156676888765,0.9999525084384185,250,dwulff/mpnet-personality
SentenceTransformer,0.8,4,0.856655290102389,0.2099247281851129,0.33721450962830274,0.2099247281851129,0.9999563216294944,250,dwulff/mpnet-personality
SentenceTransformer,0.8,5,0.8466819221967964,0.2063005296905492,0.3317641784353284,0.2063005296905492,0.999953548399621,250,dwulff/mpnet-personality
SentenceTransformer,0.8,6,0.8441273326015367,0.21438528017842207,0.341929746554024,0.21438528017842207,0.9999507751697476,250,dwulff/mpnet-personality
SentenceTransformer,0.8,7,0.8408071748878924,0.20908837468636743,0.33489618218352313,0.20908837468636743,0.9999507751697476,250,dwulff/mpnet-personality
SentenceTransformer,0.8,8,0.8444948921679909,0.2074156676888765,0.333034914950761,0.2074156676888765,0.9999525084384185,250,dwulff/mpnet-personality
SentenceTransformer,0.8,9,0.8493150684931506,0.2074156676888765,0.33340802151019494,0.2074156676888765,0.9999542417070894,250,dwulff/mpnet-personality
SentenceTransformer,0.8,10,0.8373626373626374,0.21243378868134932,0.3388925950633756,0.21243378868134932,0.9999486952473426,250,dwulff/mpnet-personality
SentenceTransformer,0.85,1,0.9041666666666667,0.12099247281851129,0.2134251290877797,0.12099247281851129,0.9999840539282281,250,dwulff/mpnet-personality
SentenceTransformer,0.85,2,0.8936605316973415,0.12182882631725676,0.21442590775269874,0.12182882631725676,0.9999819740058231,250,dwulff/mpnet-personality
SentenceTransformer,0.85,3,0.8930041152263375,0.12099247281851129,0.21311072919224158,0.12099247281851129,0.9999819740058231,250,dwulff/mpnet-personality
SentenceTransformer,0.85,4,0.9016393442622951,0.12266517981600224,0.21595092024539878,0.12266517981600224,0.9999833606207598,250,dwulff/mpnet-personality
SentenceTransformer,0.85,5,0.9010309278350516,0.12182882631725676,0.21463654223968565,0.12182882631725676,0.9999833606207598,250,dwulff/mpnet-personality
SentenceTransformer,0.85,6,0.8930041152263375,0.12099247281851129,0.21311072919224158,0.12099247281851129,0.9999819740058231,250,dwulff/mpnet-personality
SentenceTransformer,0.85,7,0.9012605042016807,0.11959855032060217,0.21117400935269506,0.11959855032060217,0.9999837072744939,250,dwulff/mpnet-personality
SentenceTransformer,0.85,8,0.8922764227642277,0.12238639531642041,0.21524883549889678,0.12238639531642041,0.999981627352089,250,dwulff/mpnet-personality
SentenceTransformer,0.85,9,0.8930041152263375,0.12099247281851129,0.21311072919224158,0.12099247281851129,0.9999819740058231,250,dwulff/mpnet-personality
SentenceTransformer,0.85,10,0.8821138211382114,0.12099247281851129,0.2127972542289777,0.12099247281851129,0.999979894083418,250,dwulff/mpnet-personality
SentenceTransformer,0.9,1,0.9386792452830188,0.055478115416782825,0.10476441168728613,0.055478115416782825,0.9999954935014558,250,dwulff/mpnet-personality
SentenceTransformer,0.9,2,0.9371980676328503,0.05408419291887371,0.10226673695308382,0.05408419291887371,0.9999954935014558,250,dwulff/mpnet-personality
SentenceTransformer,0.9,3,0.9411764705882353,0.05352662391971007,0.1012925349512002,0.05352662391971007,0.9999958401551899,250,dwulff/mpnet-personality
SentenceTransformer,0.9,4,0.9371980676328503,0.05408419291887371,0.10226673695308382,0.05408419291887371,0.9999954935014558,250,dwulff/mpnet-personality
SentenceTransformer,0.9,5,0.9411764705882353,0.05352662391971007,0.1012925349512002,0.05352662391971007,0.9999958401551899,250,dwulff/mpnet-personality
SentenceTransformer,0.9,6,0.9365853658536586,0.05352662391971007,0.10126582278481013,0.05352662391971007,0.9999954935014558,250,dwulff/mpnet-personality
SentenceTransformer,0.9,7,0.9365853658536586,0.05352662391971007,0.10126582278481013,0.05352662391971007,0.9999954935014558,250,dwulff/mpnet-personality
SentenceTransformer,0.9,8,0.9380952380952381,0.05492054641761918,0.10376613115617593,0.05492054641761918,0.9999954935014558,250,dwulff/mpnet-personality
SentenceTransformer,0.9,9,0.9365853658536586,0.05352662391971007,0.10126582278481013,0.05352662391971007,0.9999954935014558,250,dwulff/mpnet-personality
SentenceTransformer,0.9,10,0.9365853658536586,0.05352662391971007,0.10126582278481013,0.05352662391971007,0.9999954935014558,250,dwulff/mpnet-personality
SentenceTransformer,0.95,1,0.9791666666666666,0.013102871480345692,0.025859697386519945,0.013102871480345692,0.9999996533462658,250,dwulff/mpnet-personality
SentenceTransformer,0.95,2,0.9791666666666666,0.013102871480345692,0.025859697386519945,0.013102871480345692,0.9999996533462658,250,dwulff/mpnet-personality
SentenceTransformer,0.95,3,1.0,0.013102871480345692,0.025866813428728673,0.013102871480345692,1.0,250,dwulff/mpnet-personality
SentenceTransformer,0.95,4,0.9791666666666666,0.013102871480345692,0.025859697386519945,0.013102871480345692,0.9999996533462658,250,dwulff/mpnet-personality
SentenceTransformer,0.95,5,0.9791666666666666,0.013102871480345692,0.025859697386519945,0.013102871480345692,0.9999996533462658,250,dwulff/mpnet-personality
SentenceTransformer,0.95,6,0.9791666666666666,0.013102871480345692,0.025859697386519945,0.013102871480345692,0.9999996533462658,250,dwulff/mpnet-personality
SentenceTransformer,0.95,7,0.9791666666666666,0.013102871480345692,0.025859697386519945,0.013102871480345692,0.9999996533462658,250,dwulff/mpnet-personality
SentenceTransformer,0.95,8,0.9791666666666666,0.013102871480345692,0.025859697386519945,0.013102871480345692,0.9999996533462658,250,dwulff/mpnet-personality
SentenceTransformer,0.95,9,0.9791666666666666,0.013102871480345692,0.025859697386519945,0.013102871480345692,0.9999996533462658,250,dwulff/mpnet-personality
SentenceTransformer,0.95,10,0.9807692307692307,0.014218009478672985,0.028029678483099753,0.014218009478672985,0.9999996533462658,250,dwulff/mpnet-personality
SentenceTransformer,0.1,1,0.1803086364046566,0.5570114301644828,0.2724297791109899,0.5570114301644828,0.9968513441325215,500,dwulff/mpnet-personality
SentenceTransformer,0.1,2,0.1801369254023295,0.5648173961527739,0.27315626263988135,0.5648173961527739,0.9968035059172059,500,dwulff/mpnet-personality
SentenceTransformer,0.1,3,0.1852605502963815,0.5837747421243379,0.2812625923438549,0.5837747421243379,0.996807665762016,500,dwulff/mpnet-personality
SentenceTransformer,0.1,4,0.19023397761953204,0.5734597156398105,0.2856944444444444,0.5734597156398105,0.9969646999035956,500,dwulff/mpnet-personality
SentenceTransformer,0.1,5,0.16652726664436265,0.5550599386674101,0.25619249823071477,0.5550599386674101,0.9965455955389825,500,dwulff/mpnet-personality
SentenceTransformer,0.1,6,0.18466034895049155,0.5812656816281014,0.28027960747412284,0.5812656816281014,0.9968087057232184,500,dwulff/mpnet-personality
SentenceTransformer,0.1,7,0.1793174589529786,0.5815444661276833,0.27411300919842313,0.5815444661276833,0.9966904967998661,500,dwulff/mpnet-personality
SentenceTransformer,0.1,8,0.1856852881475598,0.5865625871201561,0.28207534522053895,0.5865625871201561,0.9968014259948009,500,dwulff/mpnet-personality
SentenceTransformer,0.1,9,0.17911836872831882,0.5901867856147198,0.2748279890951577,0.5901867856147198,0.9966367654710695,500,dwulff/mpnet-personality
SentenceTransformer,0.1,10,0.18705098242880638,0.6024533035963201,0.2854689564068692,0.6024533035963201,0.9967442281286626,500,dwulff/mpnet-personality
SentenceTransformer,0.15,1,0.1803086364046566,0.5570114301644828,0.2724297791109899,0.5570114301644828,0.9968513441325215,500,dwulff/mpnet-personality
SentenceTransformer,0.15,2,0.1801369254023295,0.5648173961527739,0.27315626263988135,0.5648173961527739,0.9968035059172059,500,dwulff/mpnet-personality
SentenceTransformer,0.15,3,0.1852605502963815,0.5837747421243379,0.2812625923438549,0.5837747421243379,0.996807665762016,500,dwulff/mpnet-personality
SentenceTransformer,0.15,4,0.19023397761953204,0.5734597156398105,0.2856944444444444,0.5734597156398105,0.9969646999035956,500,dwulff/mpnet-personality
SentenceTransformer,0.15,5,0.16652726664436265,0.5550599386674101,0.25619249823071477,0.5550599386674101,0.9965455955389825,500,dwulff/mpnet-personality
SentenceTransformer,0.15,6,0.18466034895049155,0.5812656816281014,0.28027960747412284,0.5812656816281014,0.9968087057232184,500,dwulff/mpnet-personality
SentenceTransformer,0.15,7,0.1793174589529786,0.5815444661276833,0.27411300919842313,0.5815444661276833,0.9966904967998661,500,dwulff/mpnet-personality
SentenceTransformer,0.15,8,0.1856852881475598,0.5865625871201561,0.28207534522053895,0.5865625871201561,0.9968014259948009,500,dwulff/mpnet-personality
SentenceTransformer,0.15,9,0.17911836872831882,0.5901867856147198,0.2748279890951577,0.5901867856147198,0.9966367654710695,500,dwulff/mpnet-personality
SentenceTransformer,0.15,10,0.18705098242880638,0.6024533035963201,0.2854689564068692,0.6024533035963201,0.9967442281286626,500,dwulff/mpnet-personality
SentenceTransformer,0.2,1,0.1803086364046566,0.5570114301644828,0.2724297791109899,0.5570114301644828,0.9968513441325215,500,dwulff/mpnet-personality
SentenceTransformer,0.2,2,0.1801369254023295,0.5648173961527739,0.27315626263988135,0.5648173961527739,0.9968035059172059,500,dwulff/mpnet-personality
SentenceTransformer,0.2,3,0.1852605502963815,0.5837747421243379,0.2812625923438549,0.5837747421243379,0.996807665762016,500,dwulff/mpnet-personality
SentenceTransformer,0.2,4,0.19023397761953204,0.5734597156398105,0.2856944444444444,0.5734597156398105,0.9969646999035956,500,dwulff/mpnet-personality
SentenceTransformer,0.2,5,0.16652726664436265,0.5550599386674101,0.25619249823071477,0.5550599386674101,0.9965455955389825,500,dwulff/mpnet-personality
SentenceTransformer,0.2,6,0.18466034895049155,0.5812656816281014,0.28027960747412284,0.5812656816281014,0.9968087057232184,500,dwulff/mpnet-personality
SentenceTransformer,0.2,7,0.1793174589529786,0.5815444661276833,0.27411300919842313,0.5815444661276833,0.9966904967998661,500,dwulff/mpnet-personality
SentenceTransformer,0.2,8,0.1856852881475598,0.5865625871201561,0.28207534522053895,0.5865625871201561,0.9968014259948009,500,dwulff/mpnet-personality
SentenceTransformer,0.2,9,0.17911836872831882,0.5901867856147198,0.2748279890951577,0.5901867856147198,0.9966367654710695,500,dwulff/mpnet-personality
SentenceTransformer,0.2,10,0.18705098242880638,0.6024533035963201,0.2854689564068692,0.6024533035963201,0.9967442281286626,500,dwulff/mpnet-personality
SentenceTransformer,0.25,1,0.1802346570397112,0.556732645664901,0.27231199290925207,0.556732645664901,0.9968513441325215,500,dwulff/mpnet-personality
SentenceTransformer,0.25,2,0.180184987548915,0.5648173961527739,0.273211516418313,0.5648173961527739,0.9968045458784084,500,dwulff/mpnet-personality
SentenceTransformer,0.25,3,0.1854046881910659,0.5843323111235015,0.2814934192855224,0.5843323111235015,0.996807665762016,500,dwulff/mpnet-personality
SentenceTransformer,0.25,4,0.19023397761953204,0.5734597156398105,0.2856944444444444,0.5734597156398105,0.9969646999035956,500,dwulff/mpnet-personality
SentenceTransformer,0.25,5,0.16652726664436265,0.5550599386674101,0.25619249823071477,0.5550599386674101,0.9965455955389825,500,dwulff/mpnet-personality
SentenceTransformer,0.25,6,0.18469306404464522,0.5812656816281014,0.2803172895939769,0.5812656816281014,0.9968093990306869,500,dwulff/mpnet-personality
SentenceTransformer,0.25,7,0.1793174589529786,0.5815444661276833,0.27411300919842313,0.5815444661276833,0.9966904967998661,500,dwulff/mpnet-personality
SentenceTransformer,0.25,8,0.1856852881475598,0.5865625871201561,0.28207534522053895,0.5865625871201561,0.9968014259948009,500,dwulff/mpnet-personality
SentenceTransformer,0.25,9,0.17950458092975907,0.589908001115138,0.2752520325203252,0.589908001115138,0.9966471650830946,500,dwulff/mpnet-personality
SentenceTransformer,0.25,10,0.18705098242880638,0.6024533035963201,0.2854689564068692,0.6024533035963201,0.9967442281286626,500,dwulff/mpnet-personality
SentenceTransformer,0.3,1,0.1814936847885777,0.5528296626707555,0.27327223868256045,0.5528296626707555,0.9968998756553056,500,dwulff/mpnet-personality
SentenceTransformer,0.3,2,0.18185896285663017,0.5650961806523558,0.27516459648408337,0.5650961806523558,0.9968388645980913,500,dwulff/mpnet-personality
SentenceTransformer,0.3,3,0.18531313668172558,0.5832171731251743,0.28125840279645065,0.5832171731251743,0.996811825606826,500,dwulff/mpnet-personality
SentenceTransformer,0.3,4,0.1903748264692272,0.5734597156398105,0.2858532518065592,0.5734597156398105,0.996967473133469,500,dwulff/mpnet-personality
SentenceTransformer,0.3,5,0.1674234779683821,0.5550599386674101,0.25725176044964143,0.5550599386674101,0.9965677813779694,500,dwulff/mpnet-personality
SentenceTransformer,0.3,6,0.18566601458296284,0.582102035126847,0.28153441650374167,0.582102035126847,0.9968253451024587,500,dwulff/mpnet-personality
SentenceTransformer,0.3,7,0.18071144879986187,0.583495957624756,0.275957544993078,0.583495957624756,0.996710602716448,500,dwulff/mpnet-personality
SentenceTransformer,0.3,8,0.18682095221270206,0.5896292166155562,0.28374027367856186,0.5896292166155562,0.9968087057232184,500,dwulff/mpnet-personality
SentenceTransformer,0.3,9,0.1788701143539853,0.5843323111235015,0.27389741914407056,0.5843323111235015,0.9966644977698031,500,dwulff/mpnet-personality
SentenceTransformer,0.3,10,0.1896551724137931,0.604126010593811,0.28868314127755945,0.604126010593811,0.9967903330753074,500,dwulff/mpnet-personality
SentenceTransformer,0.35,1,0.18486848220094804,0.5545023696682464,0.27728983688833125,0.5545023696682464,0.9969598467513172,500,dwulff/mpnet-personality
SentenceTransformer,0.35,2,0.1841095890410959,0.5620295511569556,0.2773612162069203,0.5620295511569556,0.9969029955389132,500,dwulff/mpnet-personality
SentenceTransformer,0.35,3,0.18875465528204197,0.5793141901310287,0.28473554398465334,0.5793141901310287,0.9969040355001156,500,dwulff/mpnet-personality
SentenceTransformer,0.35,4,0.19351513447661886,0.5756899916364651,0.2896619441716931,0.5756899916364651,0.9970166979637213,500,dwulff/mpnet-personality
SentenceTransformer,0.35,5,0.17515560620671516,0.5570114301644828,0.2665066026410564,0.5570114301644828,0.9967383350151817,500,dwulff/mpnet-personality
SentenceTransformer,0.35,6,0.192117776152158,0.5857262336214106,0.28933415960889625,0.5857262336214106,0.9969373142585961,500,dwulff/mpnet-personality
SentenceTransformer,0.35,7,0.18513953693106788,0.5862838026205743,0.281413087113609,0.5862838026205743,0.9967913730365099,500,dwulff/mpnet-personality
SentenceTransformer,0.35,8,0.1901351714260138,0.5921382771117926,0.28784388128472693,0.5921382771117926,0.9968638236669517,500,dwulff/mpnet-personality
SentenceTransformer,0.35,9,0.18672785033533357,0.589908001115138,0.2836651250083786,0.589908001115138,0.9968052391858768,500,dwulff/mpnet-personality
SentenceTransformer,0.35,10,0.1945497202670998,0.601059381098411,0.29395323471265933,0.601059381098411,0.9969057687687864,500,dwulff/mpnet-personality
SentenceTransformer,0.4,1,0.2005081300813008,0.5500418176749373,0.2938854546808669,0.5500418176749373,0.9972728750732739,500,dwulff/mpnet-personality
SentenceTransformer,0.4,2,0.19253265743809708,0.5505993866741009,0.28530155290718673,0.5505993866741009,0.9971286671198587,500,dwulff/mpnet-personality
SentenceTransformer,0.4,3,0.1961323348184662,0.5768051296347924,0.2927277872099604,0.5768051296347924,0.9970603763342268,500,dwulff/mpnet-personality
SentenceTransformer,0.4,4,0.2025431425976385,0.5595204906607193,0.29742145820983995,0.5595204906607193,0.997260742192578,500,dwulff/mpnet-personality
SentenceTransformer,0.4,5,0.18712462462462462,0.5558962921661555,0.27999719160289266,0.5558962921661555,0.9969972853546077,500,dwulff/mpnet-personality
SentenceTransformer,0.4,6,0.19994218539217576,0.5784778366322832,0.297171500179019,0.5784778366322832,0.9971217340451752,500,dwulff/mpnet-personality
SentenceTransformer,0.4,7,0.19737342976779595,0.5781990521327014,0.2942887548776162,0.5781990521327014,0.9970763224059987,500,dwulff/mpnet-personality
SentenceTransformer,0.4,8,0.2017364159594186,0.5765263451352105,0.2988871224165342,0.5765263451352105,0.9971633324932758,500,dwulff/mpnet-personality
SentenceTransformer,0.4,9,0.20397520417199647,0.5779202676331195,0.30152727272727275,0.5779202676331195,0.9971955712905537,500,dwulff/mpnet-personality
SentenceTransformer,0.4,10,0.2071736573892591,0.5893504321159744,0.3065767529548256,0.5893504321159744,0.9971955712905537,500,dwulff/mpnet-personality
SentenceTransformer,0.45,1,0.22732558139534884,0.5450236966824644,0.3208336752277017,0.5450236966824644,0.9976964859364313,500,dwulff/mpnet-personality
SentenceTransformer,0.45,2,0.2194628609956175,0.5444661276833008,0.31283037001441616,0.5444661276833008,0.9975921431624457,500,dwulff/mpnet-personality
SentenceTransformer,0.45,3,0.22910630710942723,0.5731809311402286,0.3273624711408327,0.5731809311402286,0.9976018494670026,500,dwulff/mpnet-personality
SentenceTransformer,0.45,4,0.22993467102193188,0.5494842486757736,0.32420429311621024,0.5494842486757736,0.9977117387007348,500,dwulff/mpnet-personality
SentenceTransformer,0.45,5,0.21563253672440255,0.5483691106774463,0.3095444173420411,0.5483691106774463,0.9975196925320039,500,dwulff/mpnet-personality
SentenceTransformer,0.45,6,0.2392882228986186,0.5698355171452467,0.3370434495836425,0.5698355171452467,0.9977474440353545,500,dwulff/mpnet-personality
SentenceTransformer,0.45,7,0.2270450751252087,0.5687203791469194,0.3245307031498568,0.5687203791469194,0.9975924898161799,500,dwulff/mpnet-personality
SentenceTransformer,0.45,8,0.2269857095380525,0.5712294396431559,0.3248771206595846,0.5712294396431559,0.9975810502429523,500,dwulff/mpnet-personality
SentenceTransformer,0.45,9,0.22041964092580577,0.5681628101477558,0.3176186394451804,0.5681628101477558,0.9975013198840929,500,dwulff/mpnet-personality
SentenceTransformer,0.45,10,0.22453268443756222,0.5659325341511012,0.3215077605321508,0.5659325341511012,0.9975696106697246,500,dwulff/mpnet-personality
SentenceTransformer,0.5,1,0.26233306077950397,0.5366601616950097,0.3524027459954233,0.5366601616950097,0.9981235633369304,500,dwulff/mpnet-personality
SentenceTransformer,0.5,2,0.2640174197060425,0.5408419291887371,0.35482395976223136,0.5408419291887371,0.9981252966056013,500,dwulff/mpnet-personality
SentenceTransformer,0.5,3,0.2768393131369538,0.5528296626707555,0.36893023255813956,0.5528296626707555,0.9982043336569923,500,dwulff/mpnet-personality
SentenceTransformer,0.5,4,0.2670221493027071,0.5444661276833008,0.358315750848546,0.5444661276833008,0.9981415893311073,500,dwulff/mpnet-personality
SentenceTransformer,0.5,5,0.2553023317086023,0.5402843601895735,0.34675254965110036,0.5402843601895735,0.9980403664407294,500,dwulff/mpnet-personality
SentenceTransformer,0.5,6,0.26898558758314856,0.5411207136883189,0.35934462649264093,0.5411207136883189,0.998171401552246,500,dwulff/mpnet-personality
SentenceTransformer,0.5,7,0.2687314038409521,0.5539448006690828,0.3618978235133412,0.5539448006690828,0.9981256432593355,500,dwulff/mpnet-personality
SentenceTransformer,0.5,8,0.2603783499737257,0.5525508781711737,0.3539601750156264,0.5525508781711737,0.9980483394766153,500,dwulff/mpnet-personality
SentenceTransformer,0.5,9,0.2563969346668398,0.5503206021745191,0.3498139287612972,0.5503206021745191,0.998015407371869,500,dwulff/mpnet-personality
SentenceTransformer,0.5,10,0.26263297872340424,0.5505993866741009,0.3556315836859638,0.5505993866741009,0.9980778050440198,500,dwulff/mpnet-personality
SentenceTransformer,0.55,1,0.3192504258943782,0.5224421522163367,0.39632018610553027,0.5224421522163367,0.9986147716782513,500,dwulff/mpnet-personality
SentenceTransformer,0.55,2,0.32839463134042185,0.525229997212155,0.4041184041184041,0.525229997212155,0.9986643431622377,500,dwulff/mpnet-personality
SentenceTransformer,0.55,3,0.33852845233780354,0.5207694452188458,0.4103239978034047,0.5207694452188458,0.9987347138702746,500,dwulff/mpnet-personality
SentenceTransformer,0.55,4,0.3351945244956772,0.5188179537217731,0.407265565160302,0.5188179537217731,0.9987205010671735,500,dwulff/mpnet-personality
SentenceTransformer,0.55,5,0.30071521456436934,0.515751324226373,0.3799158024437827,0.515751324226373,0.9985086956355949,500,dwulff/mpnet-personality
SentenceTransformer,0.55,6,0.3103564223268325,0.5146361862280457,0.38720503408495016,0.5146361862280457,0.9985780263824291,500,dwulff/mpnet-personality
SentenceTransformer,0.55,7,0.305469387755102,0.5216057987175913,0.3852965403624382,0.5216057987175913,0.9985253350148351,500,dwulff/mpnet-personality
SentenceTransformer,0.55,8,0.3202780603594439,0.5266239197100642,0.39831312598840274,0.5266239197100642,0.9986102651797071,500,dwulff/mpnet-personality
SentenceTransformer,0.55,9,0.31912364130434784,0.5238360747142459,0.396622691292876,0.5238360747142459,0.9986102651797071,500,dwulff/mpnet-personality
SentenceTransformer,0.55,10,0.3262704565030146,0.5280178422079732,0.40332197614991483,0.5280178422079732,0.9986442372456559,500,dwulff/mpnet-personality
SentenceTransformer,0.6,1,0.3845437616387337,0.460551993309172,0.41912977292908793,0.460551993309172,0.999083447526851,500,dwulff/mpnet-personality
SentenceTransformer,0.6,2,0.395004625346901,0.47616392528575413,0.4318038174693465,0.47616392528575413,0.9990931538314077,500,dwulff/mpnet-personality
SentenceTransformer,0.6,3,0.4020356234096692,0.4845274602732088,0.43944374209860937,0.4845274602732088,0.9991039000971671,500,dwulff/mpnet-personality
SentenceTransformer,0.6,4,0.405120842306772,0.4719821577920268,0.43600309039402524,0.4719821577920268,0.99913821881685,500,dwulff/mpnet-personality
SentenceTransformer,0.6,5,0.36759921925829536,0.4725397267911904,0.413515491583313,0.4725397267911904,0.9989891577111564,500,dwulff/mpnet-personality
SentenceTransformer,0.6,6,0.3765553372626064,0.4809032617786451,0.4223800195886386,0.4809032617786451,0.9990099569352066,500,dwulff/mpnet-personality
SentenceTransformer,0.6,7,0.3888118354137772,0.4689155282966267,0.4251232149627196,0.4689155282966267,0.999083447526851,500,dwulff/mpnet-personality
SentenceTransformer,0.6,8,0.3753819292885203,0.47950933928073597,0.42110417431754193,0.47950933928073597,0.9990078770128016,500,dwulff/mpnet-personality
SentenceTransformer,0.6,9,0.3842540818608812,0.4789517702815723,0.4264085380987838,0.4789517702815723,0.9990456622698263,500,dwulff/mpnet-personality
SentenceTransformer,0.6,10,0.39425706472196903,0.4822971842765542,0.43385579937304075,0.4822971842765542,0.9990785943745726,500,dwulff/mpnet-personality
SentenceTransformer,0.65,1,0.4741048593350384,0.41343741287984387,0.4416976917349218,0.41343741287984387,0.9994297546072881,500,dwulff/mpnet-personality
SentenceTransformer,0.65,2,0.4775742261528743,0.42152216336771675,0.4478009773434029,0.42152216336771675,0.9994266347236805,500,dwulff/mpnet-personality
SentenceTransformer,0.65,3,0.4813421135152085,0.4279342068580987,0.45306965761511214,0.4279342068580987,0.9994266347236805,500,dwulff/mpnet-personality
SentenceTransformer,0.65,4,0.5093271152564957,0.42626149986060774,0.46410684474123537,0.42626149986060774,0.9994893790495656,500,dwulff/mpnet-personality
SentenceTransformer,0.65,5,0.45950155763239875,0.4112071368831893,0.4340150066205679,0.4112071368831893,0.9993985557712127,500,dwulff/mpnet-personality
SentenceTransformer,0.65,6,0.49338922928087714,0.4265402843601896,0.45753588516746413,0.4265402843601896,0.9994554069836168,500,dwulff/mpnet-personality
SentenceTransformer,0.65,7,0.4726305911792305,0.42124337886813495,0.44545990566037735,0.42124337886813495,0.9994155418041871,500,dwulff/mpnet-personality
SentenceTransformer,0.65,8,0.45385549483910137,0.41678282687482576,0.434529864845226,0.41678282687482576,0.9993763699322258,500,dwulff/mpnet-personality
SentenceTransformer,0.65,9,0.4697802197802198,0.429049344856426,0.4484919131575113,0.429049344856426,0.9993978624637444,500,dwulff/mpnet-personality
SentenceTransformer,0.65,10,0.47280074603668015,0.42403122386395314,0.4470899470899471,0.42403122386395314,0.9994120752668454,500,dwulff/mpnet-personality
SentenceTransformer,0.7,1,0.5865692096847875,0.35795929746306104,0.4445983379501385,0.35795929746306104,0.9996862783705749,500,dwulff/mpnet-personality
SentenceTransformer,0.7,2,0.6094562647754137,0.3593532199609702,0.4521220624342336,0.3593532199609702,0.9997136640155745,500,dwulff/mpnet-personality
SentenceTransformer,0.7,3,0.6060606060606061,0.36241984945637024,0.45359385903698535,0.36241984945637024,0.9997070775946252,500,dwulff/mpnet-personality
SentenceTransformer,0.7,4,0.614480488951575,0.364371340953443,0.45747287364368217,0.364371340953443,0.9997157439379795,500,dwulff/mpnet-personality
SentenceTransformer,0.7,5,0.5938679245283018,0.35098968497351546,0.44121254599614507,0.35098968497351546,0.9997015311348785,500,dwulff/mpnet-personality
SentenceTransformer,0.7,6,0.6066481994459834,0.3663228324505158,0.4568051451416652,0.3663228324505158,0.999704651018486,500,dwulff/mpnet-personality
SentenceTransformer,0.7,7,0.6016830294530154,0.35879565096180654,0.4495284666433811,0.35879565096180654,0.999704651018486,500,dwulff/mpnet-personality
SentenceTransformer,0.7,8,0.5995283018867924,0.35433509896849735,0.4454179078324864,0.35433509896849735,0.9997056909796885,500,dwulff/mpnet-personality
SentenceTransformer,0.7,9,0.5916134913400183,0.3618622804572066,0.4490572565300121,0.3618622804572066,0.9996893982541825,500,dwulff/mpnet-personality
SentenceTransformer,0.7,10,0.6125874125874126,0.3663228324505158,0.4584787159804606,0.3663228324505158,0.9997119307469036,500,dwulff/mpnet-personality
SentenceTransformer,0.75,1,0.7293447293447294,0.285475327571787,0.4103386094970948,0.285475327571787,0.9998682715810149,500,dwulff/mpnet-personality
SentenceTransformer,0.75,2,0.7208157524613221,0.2857541120713688,0.4092633260131763,0.2857541120713688,0.999862378467534,500,dwulff/mpnet-personality
SentenceTransformer,0.75,3,0.7317246273953159,0.28742681906885975,0.4127301841473179,0.28742681906885975,0.9998689648884832,500,dwulff/mpnet-personality
SentenceTransformer,0.75,4,0.7372210223182145,0.285475327571787,0.4115755627009646,0.285475327571787,0.9998734713870274,500,dwulff/mpnet-personality
SentenceTransformer,0.75,5,0.7249637155297532,0.2785057150822414,0.402416918429003,0.2785057150822414,0.999868618234749,500,dwulff/mpnet-personality
SentenceTransformer,0.75,6,0.7261904761904762,0.2890995260663507,0.4135593220338983,0.2890995260663507,0.999864458389939,500,dwulff/mpnet-personality
SentenceTransformer,0.75,7,0.726056338028169,0.28742681906885975,0.41182344717395647,0.28742681906885975,0.9998651516974073,500,dwulff/mpnet-personality
SentenceTransformer,0.75,8,0.7212996389891697,0.2785057150822414,0.4018503620273532,0.2785057150822414,0.9998661916586099,500,dwulff/mpnet-personality
SentenceTransformer,0.75,9,0.7107843137254902,0.2829662670755506,0.4047856430707876,0.2829662670755506,0.9998568320077872,500,dwulff/mpnet-personality
SentenceTransformer,0.75,10,0.729064039408867,0.2888207415667689,0.41373801916932906,0.2888207415667689,0.9998665383123441,500,dwulff/mpnet-personality
SentenceTransformer,0.8,1,0.8553386911595867,0.20769445218845833,0.3342305966801256,0.20769445218845833,0.9999563216294944,500,dwulff/mpnet-personality
SentenceTransformer,0.8,2,0.8467741935483871,0.2049066071926401,0.32996632996632996,0.2049066071926401,0.9999538950533552,500,dwulff/mpnet-personality
SentenceTransformer,0.8,3,0.8515535097813579,0.2063005296905492,0.33213644524236985,0.2063005296905492,0.9999552816682918,500,dwulff/mpnet-personality
SentenceTransformer,0.8,4,0.8543577981651376,0.20769445218845833,0.33415564027808925,0.20769445218845833,0.9999559749757603,500,dwulff/mpnet-personality
SentenceTransformer,0.8,5,0.8568102444703143,0.2051853916922219,0.3310841205578048,0.2051853916922219,0.9999573615906969,500,dwulff/mpnet-personality
SentenceTransformer,0.8,6,0.8495575221238938,0.21410649567884027,0.3420173680694723,0.21410649567884027,0.9999528550921527,500,dwulff/mpnet-personality
SentenceTransformer,0.8,7,0.8445945945945946,0.20908837468636743,0.33519553072625696,0.20908837468636743,0.9999521617846844,500,dwulff/mpnet-personality
SentenceTransformer,0.8,8,0.8496583143507973,0.20797323668804016,0.3341545352743561,0.20797323668804016,0.9999542417070894,500,dwulff/mpnet-personality
SentenceTransformer,0.8,9,0.8394077448747153,0.20546417619180374,0.3301231802911534,0.20546417619180374,0.9999511218234819,500,dwulff/mpnet-personality
SentenceTransformer,0.8,10,0.8399558498896247,0.2121550041817675,0.33874916536835076,0.2121550041817675,0.9999497352085451,500,dwulff/mpnet-personality
SentenceTransformer,0.85,1,0.9035639412997903,0.12015611931976582,0.21210629921259844,0.12015611931976582,0.9999840539282281,500,dwulff/mpnet-personality
SentenceTransformer,0.85,2,0.8966942148760331,0.12099247281851129,0.21321542618521247,0.12099247281851129,0.9999826673132914,500,dwulff/mpnet-personality
SentenceTransformer,0.85,3,0.9024896265560166,0.12127125731809311,0.21381174735807323,0.12127125731809311,0.9999837072744939,500,dwulff/mpnet-personality
SentenceTransformer,0.85,4,0.909853249475891,0.12099247281851129,0.21358267716535434,0.12099247281851129,0.9999850938894306,500,dwulff/mpnet-personality
SentenceTransformer,0.85,5,0.906054279749478,0.12099247281851129,0.2134776192818495,0.12099247281851129,0.9999844005819623,500,dwulff/mpnet-personality
SentenceTransformer,0.85,6,0.9004149377593361,0.12099247281851129,0.21332022609977883,0.12099247281851129,0.9999833606207598,500,dwulff/mpnet-personality
SentenceTransformer,0.85,7,0.9014675052410901,0.11987733482018399,0.21161417322834647,0.11987733482018399,0.9999837072744939,500,dwulff/mpnet-personality
SentenceTransformer,0.85,8,0.8995901639344263,0.12238639531642041,0.2154601226993865,0.12238639531642041,0.9999830139670256,500,dwulff/mpnet-personality
SentenceTransformer,0.85,9,0.9020833333333333,0.12071368831892947,0.21293336611753136,0.12071368831892947,0.9999837072744939,500,dwulff/mpnet-personality
SentenceTransformer,0.85,10,0.9102296450939458,0.12155004181767494,0.21446138711264143,0.12155004181767494,0.9999850938894306,500,dwulff/mpnet-personality
SentenceTransformer,0.9,1,0.9386792452830188,0.055478115416782825,0.10476441168728613,0.055478115416782825,0.9999954935014558,500,dwulff/mpnet-personality
SentenceTransformer,0.9,2,0.9371980676328503,0.05408419291887371,0.10226673695308382,0.05408419291887371,0.9999954935014558,500,dwulff/mpnet-personality
SentenceTransformer,0.9,3,0.9411764705882353,0.05352662391971007,0.1012925349512002,0.05352662391971007,0.9999958401551899,500,dwulff/mpnet-personality
SentenceTransformer,0.9,4,0.9463414634146341,0.05408419291887371,0.10232067510548523,0.05408419291887371,0.9999961868089241,500,dwulff/mpnet-personality
SentenceTransformer,0.9,5,0.9411764705882353,0.05352662391971007,0.1012925349512002,0.05352662391971007,0.9999958401551899,500,dwulff/mpnet-personality
SentenceTransformer,0.9,6,0.9458128078817734,0.05352662391971007,0.10131926121372031,0.05352662391971007,0.9999961868089241,500,dwulff/mpnet-personality
SentenceTransformer,0.9,7,0.9365853658536586,0.05352662391971007,0.10126582278481013,0.05352662391971007,0.9999954935014558,500,dwulff/mpnet-personality
SentenceTransformer,0.9,8,0.9380952380952381,0.05492054641761918,0.10376613115617593,0.05492054641761918,0.9999954935014558,500,dwulff/mpnet-personality
SentenceTransformer,0.9,9,0.9365853658536586,0.05352662391971007,0.10126582278481013,0.05352662391971007,0.9999954935014558,500,dwulff/mpnet-personality
SentenceTransformer,0.9,10,0.9411764705882353,0.05352662391971007,0.1012925349512002,0.05352662391971007,0.9999958401551899,500,dwulff/mpnet-personality
SentenceTransformer,0.95,1,0.9791666666666666,0.013102871480345692,0.025859697386519945,0.013102871480345692,0.9999996533462658,500,dwulff/mpnet-personality
SentenceTransformer,0.95,2,0.9791666666666666,0.013102871480345692,0.025859697386519945,0.013102871480345692,0.9999996533462658,500,dwulff/mpnet-personality
SentenceTransformer,0.95,3,1.0,0.013102871480345692,0.025866813428728673,0.013102871480345692,1.0,500,dwulff/mpnet-personality
SentenceTransformer,0.95,4,1.0,0.013102871480345692,0.025866813428728673,0.013102871480345692,1.0,500,dwulff/mpnet-personality
SentenceTransformer,0.95,5,0.9791666666666666,0.013102871480345692,0.025859697386519945,0.013102871480345692,0.9999996533462658,500,dwulff/mpnet-personality
SentenceTransformer,0.95,6,1.0,0.013102871480345692,0.025866813428728673,0.013102871480345692,1.0,500,dwulff/mpnet-personality
SentenceTransformer,0.95,7,0.9791666666666666,0.013102871480345692,0.025859697386519945,0.013102871480345692,0.9999996533462658,500,dwulff/mpnet-personality
SentenceTransformer,0.95,8,0.9791666666666666,0.013102871480345692,0.025859697386519945,0.013102871480345692,0.9999996533462658,500,dwulff/mpnet-personality
SentenceTransformer,0.95,9,0.9791666666666666,0.013102871480345692,0.025859697386519945,0.013102871480345692,0.9999996533462658,500,dwulff/mpnet-personality
SentenceTransformer,0.95,10,1.0,0.014218009478672985,0.028037383177570093,0.014218009478672985,1.0,500,dwulff/mpnet-personality
SentenceTransformer,0.1,1,0.001726491721777976,0.5115695567326457,0.003441369196088654,0.5115695567326457,0.6321955348919116,10,allenai/scibert_scivocab_uncased
SentenceTransformer,0.1,2,0.002365227246662304,0.48870922776693615,0.004707670575850429,0.48870922776693615,0.7436835356462301,10,allenai/scibert_scivocab_uncased
SentenceTransformer,0.1,3,0.0028135998656600306,0.45776414831335377,0.0055928240184883364,0.45776414831335377,0.7982641660915103,10,allenai/scibert_scivocab_uncased
SentenceTransformer,0.1,4,0.0018477754881478547,0.5057150822414274,0.0036820973746280353,0.5057150822414274,0.6603115793093479,10,allenai/scibert_scivocab_uncased
SentenceTransformer,0.1,5,0.0033055098769800796,0.4427097853359353,0.006562024144777757,0.4427097853359353,0.8340145656966024,10,allenai/scibert_scivocab_uncased
SentenceTransformer,0.1,6,0.002049571141224606,0.4494006133258991,0.004080532291768184,0.4494006133258991,0.7279135639713068,10,allenai/scibert_scivocab_uncased
SentenceTransformer,0.1,7,0.0025687680616504334,0.42152216336771675,0.005106417469891725,0.42152216336771675,0.7964806326291987,10,allenai/scibert_scivocab_uncased
SentenceTransformer,0.1,8,0.0022882214822135634,0.405352662391971,0.004550753894666009,0.405352662391971,0.780230545532448,10,allenai/scibert_scivocab_uncased
SentenceTransformer,0.1,9,0.0022887749908921773,0.45887928631168107,0.004554831622043061,0.45887928631168107,0.7512703992723044,10,allenai/scibert_scivocab_uncased
SentenceTransformer,0.1,10,0.0024046637265401232,0.4770002787844996,0.0047852041822293015,0.4770002787844996,0.7539372064492847,10,allenai/scibert_scivocab_uncased
SentenceTransformer,0.15,1,0.001726491721777976,0.5115695567326457,0.003441369196088654,0.5115695567326457,0.6321955348919116,10,allenai/scibert_scivocab_uncased
SentenceTransformer,0.15,2,0.002365227246662304,0.48870922776693615,0.004707670575850429,0.48870922776693615,0.7436835356462301,10,allenai/scibert_scivocab_uncased
SentenceTransformer,0.15,3,0.0028135998656600306,0.45776414831335377,0.0055928240184883364,0.45776414831335377,0.7982641660915103,10,allenai/scibert_scivocab_uncased
SentenceTransformer,0.15,4,0.0018477754881478547,0.5057150822414274,0.0036820973746280353,0.5057150822414274,0.6603115793093479,10,allenai/scibert_scivocab_uncased
SentenceTransformer,0.15,5,0.0033055098769800796,0.4427097853359353,0.006562024144777757,0.4427097853359353,0.8340145656966024,10,allenai/scibert_scivocab_uncased
SentenceTransformer,0.15,6,0.002049571141224606,0.4494006133258991,0.004080532291768184,0.4494006133258991,0.7279135639713068,10,allenai/scibert_scivocab_uncased
SentenceTransformer,0.15,7,0.0025687680616504334,0.42152216336771675,0.005106417469891725,0.42152216336771675,0.7964806326291987,10,allenai/scibert_scivocab_uncased
SentenceTransformer,0.15,8,0.0022882214822135634,0.405352662391971,0.004550753894666009,0.405352662391971,0.780230545532448,10,allenai/scibert_scivocab_uncased
SentenceTransformer,0.15,9,0.0022887749908921773,0.45887928631168107,0.004554831622043061,0.45887928631168107,0.7512703992723044,10,allenai/scibert_scivocab_uncased
SentenceTransformer,0.15,10,0.0024046637265401232,0.4770002787844996,0.0047852041822293015,0.4770002787844996,0.7539372064492847,10,allenai/scibert_scivocab_uncased
SentenceTransformer,0.2,1,0.001726491721777976,0.5115695567326457,0.003441369196088654,0.5115695567326457,0.6321955348919116,10,allenai/scibert_scivocab_uncased
SentenceTransformer,0.2,2,0.002365227246662304,0.48870922776693615,0.004707670575850429,0.48870922776693615,0.7436835356462301,10,allenai/scibert_scivocab_uncased
SentenceTransformer,0.2,3,0.0028135998656600306,0.45776414831335377,0.0055928240184883364,0.45776414831335377,0.7982641660915103,10,allenai/scibert_scivocab_uncased
SentenceTransformer,0.2,4,0.0018477754881478547,0.5057150822414274,0.0036820973746280353,0.5057150822414274,0.6603115793093479,10,allenai/scibert_scivocab_uncased
SentenceTransformer,0.2,5,0.0033055098769800796,0.4427097853359353,0.006562024144777757,0.4427097853359353,0.8340145656966024,10,allenai/scibert_scivocab_uncased
SentenceTransformer,0.2,6,0.002049571141224606,0.4494006133258991,0.004080532291768184,0.4494006133258991,0.7279135639713068,10,allenai/scibert_scivocab_uncased
SentenceTransformer,0.2,7,0.0025687680616504334,0.42152216336771675,0.005106417469891725,0.42152216336771675,0.7964806326291987,10,allenai/scibert_scivocab_uncased
SentenceTransformer,0.2,8,0.0022882214822135634,0.405352662391971,0.004550753894666009,0.405352662391971,0.780230545532448,10,allenai/scibert_scivocab_uncased
SentenceTransformer,0.2,9,0.0022887749908921773,0.45887928631168107,0.004554831622043061,0.45887928631168107,0.7512703992723044,10,allenai/scibert_scivocab_uncased
SentenceTransformer,0.2,10,0.0024046637265401232,0.4770002787844996,0.0047852041822293015,0.4770002787844996,0.7539372064492847,10,allenai/scibert_scivocab_uncased
SentenceTransformer,0.25,1,0.001726491721777976,0.5115695567326457,0.003441369196088654,0.5115695567326457,0.6321955348919116,10,allenai/scibert_scivocab_uncased
SentenceTransformer,0.25,2,0.002365227246662304,0.48870922776693615,0.004707670575850429,0.48870922776693615,0.7436835356462301,10,allenai/scibert_scivocab_uncased
SentenceTransformer,0.25,3,0.0028135998656600306,0.45776414831335377,0.0055928240184883364,0.45776414831335377,0.7982641660915103,10,allenai/scibert_scivocab_uncased
SentenceTransformer,0.25,4,0.0018477754881478547,0.5057150822414274,0.0036820973746280353,0.5057150822414274,0.6603115793093479,10,allenai/scibert_scivocab_uncased
SentenceTransformer,0.25,5,0.0033055098769800796,0.4427097853359353,0.006562024144777757,0.4427097853359353,0.8340145656966024,10,allenai/scibert_scivocab_uncased
SentenceTransformer,0.25,6,0.002049571141224606,0.4494006133258991,0.004080532291768184,0.4494006133258991,0.7279135639713068,10,allenai/scibert_scivocab_uncased
SentenceTransformer,0.25,7,0.0025687680616504334,0.42152216336771675,0.005106417469891725,0.42152216336771675,0.7964806326291987,10,allenai/scibert_scivocab_uncased
SentenceTransformer,0.25,8,0.0022882214822135634,0.405352662391971,0.004550753894666009,0.405352662391971,0.780230545532448,10,allenai/scibert_scivocab_uncased
SentenceTransformer,0.25,9,0.0022887749908921773,0.45887928631168107,0.004554831622043061,0.45887928631168107,0.7512703992723044,10,allenai/scibert_scivocab_uncased
SentenceTransformer,0.25,10,0.0024046637265401232,0.4770002787844996,0.0047852041822293015,0.4770002787844996,0.7539372064492847,10,allenai/scibert_scivocab_uncased
SentenceTransformer,0.3,1,0.001726491721777976,0.5115695567326457,0.003441369196088654,0.5115695567326457,0.6321955348919116,10,allenai/scibert_scivocab_uncased
SentenceTransformer,0.3,2,0.002365227246662304,0.48870922776693615,0.004707670575850429,0.48870922776693615,0.7436835356462301,10,allenai/scibert_scivocab_uncased
SentenceTransformer,0.3,3,0.0028135998656600306,0.45776414831335377,0.0055928240184883364,0.45776414831335377,0.7982641660915103,10,allenai/scibert_scivocab_uncased
SentenceTransformer,0.3,4,0.0018477754881478547,0.5057150822414274,0.0036820973746280353,0.5057150822414274,0.6603115793093479,10,allenai/scibert_scivocab_uncased
SentenceTransformer,0.3,5,0.0033055098769800796,0.4427097853359353,0.006562024144777757,0.4427097853359353,0.8340145656966024,10,allenai/scibert_scivocab_uncased
SentenceTransformer,0.3,6,0.002049571141224606,0.4494006133258991,0.004080532291768184,0.4494006133258991,0.7279135639713068,10,allenai/scibert_scivocab_uncased
SentenceTransformer,0.3,7,0.0025687680616504334,0.42152216336771675,0.005106417469891725,0.42152216336771675,0.7964806326291987,10,allenai/scibert_scivocab_uncased
SentenceTransformer,0.3,8,0.0022882214822135634,0.405352662391971,0.004550753894666009,0.405352662391971,0.780230545532448,10,allenai/scibert_scivocab_uncased
SentenceTransformer,0.3,9,0.0022887749908921773,0.45887928631168107,0.004554831622043061,0.45887928631168107,0.7512703992723044,10,allenai/scibert_scivocab_uncased
SentenceTransformer,0.3,10,0.0024046637265401232,0.4770002787844996,0.0047852041822293015,0.4770002787844996,0.7539372064492847,10,allenai/scibert_scivocab_uncased
SentenceTransformer,0.35,1,0.001726491721777976,0.5115695567326457,0.003441369196088654,0.5115695567326457,0.6321955348919116,10,allenai/scibert_scivocab_uncased
SentenceTransformer,0.35,2,0.002365227246662304,0.48870922776693615,0.004707670575850429,0.48870922776693615,0.7436835356462301,10,allenai/scibert_scivocab_uncased
SentenceTransformer,0.35,3,0.0028135998656600306,0.45776414831335377,0.0055928240184883364,0.45776414831335377,0.7982641660915103,10,allenai/scibert_scivocab_uncased
SentenceTransformer,0.35,4,0.0018477754881478547,0.5057150822414274,0.0036820973746280353,0.5057150822414274,0.6603115793093479,10,allenai/scibert_scivocab_uncased
SentenceTransformer,0.35,5,0.0033055098769800796,0.4427097853359353,0.006562024144777757,0.4427097853359353,0.8340145656966024,10,allenai/scibert_scivocab_uncased
SentenceTransformer,0.35,6,0.002049571141224606,0.4494006133258991,0.004080532291768184,0.4494006133258991,0.7279135639713068,10,allenai/scibert_scivocab_uncased
SentenceTransformer,0.35,7,0.0025687680616504334,0.42152216336771675,0.005106417469891725,0.42152216336771675,0.7964806326291987,10,allenai/scibert_scivocab_uncased
SentenceTransformer,0.35,8,0.0022882214822135634,0.405352662391971,0.004550753894666009,0.405352662391971,0.780230545532448,10,allenai/scibert_scivocab_uncased
SentenceTransformer,0.35,9,0.0022887749908921773,0.45887928631168107,0.004554831622043061,0.45887928631168107,0.7512703992723044,10,allenai/scibert_scivocab_uncased
SentenceTransformer,0.35,10,0.0024046637265401232,0.4770002787844996,0.0047852041822293015,0.4770002787844996,0.7539372064492847,10,allenai/scibert_scivocab_uncased
SentenceTransformer,0.4,1,0.001726491721777976,0.5115695567326457,0.003441369196088654,0.5115695567326457,0.6321955348919116,10,allenai/scibert_scivocab_uncased
SentenceTransformer,0.4,2,0.002365227246662304,0.48870922776693615,0.004707670575850429,0.48870922776693615,0.7436835356462301,10,allenai/scibert_scivocab_uncased
SentenceTransformer,0.4,3,0.0028135998656600306,0.45776414831335377,0.0055928240184883364,0.45776414831335377,0.7982641660915103,10,allenai/scibert_scivocab_uncased
SentenceTransformer,0.4,4,0.0018477754881478547,0.5057150822414274,0.0036820973746280353,0.5057150822414274,0.6603115793093479,10,allenai/scibert_scivocab_uncased
SentenceTransformer,0.4,5,0.0033055098769800796,0.4427097853359353,0.006562024144777757,0.4427097853359353,0.8340145656966024,10,allenai/scibert_scivocab_uncased
SentenceTransformer,0.4,6,0.002049571141224606,0.4494006133258991,0.004080532291768184,0.4494006133258991,0.7279135639713068,10,allenai/scibert_scivocab_uncased
SentenceTransformer,0.4,7,0.0025687680616504334,0.42152216336771675,0.005106417469891725,0.42152216336771675,0.7964806326291987,10,allenai/scibert_scivocab_uncased
SentenceTransformer,0.4,8,0.0022882214822135634,0.405352662391971,0.004550753894666009,0.405352662391971,0.780230545532448,10,allenai/scibert_scivocab_uncased
SentenceTransformer,0.4,9,0.0022887749908921773,0.45887928631168107,0.004554831622043061,0.45887928631168107,0.7512703992723044,10,allenai/scibert_scivocab_uncased
SentenceTransformer,0.4,10,0.0024046637265401232,0.4770002787844996,0.0047852041822293015,0.4770002787844996,0.7539372064492847,10,allenai/scibert_scivocab_uncased
SentenceTransformer,0.45,1,0.001726491721777976,0.5115695567326457,0.003441369196088654,0.5115695567326457,0.6321955348919116,10,allenai/scibert_scivocab_uncased
SentenceTransformer,0.45,2,0.002365227246662304,0.48870922776693615,0.004707670575850429,0.48870922776693615,0.7436835356462301,10,allenai/scibert_scivocab_uncased
SentenceTransformer,0.45,3,0.0028135998656600306,0.45776414831335377,0.0055928240184883364,0.45776414831335377,0.7982641660915103,10,allenai/scibert_scivocab_uncased
SentenceTransformer,0.45,4,0.0018477754881478547,0.5057150822414274,0.0036820973746280353,0.5057150822414274,0.6603115793093479,10,allenai/scibert_scivocab_uncased
SentenceTransformer,0.45,5,0.0033055098769800796,0.4427097853359353,0.006562024144777757,0.4427097853359353,0.8340145656966024,10,allenai/scibert_scivocab_uncased
SentenceTransformer,0.45,6,0.002049571141224606,0.4494006133258991,0.004080532291768184,0.4494006133258991,0.7279135639713068,10,allenai/scibert_scivocab_uncased
SentenceTransformer,0.45,7,0.0025687680616504334,0.42152216336771675,0.005106417469891725,0.42152216336771675,0.7964806326291987,10,allenai/scibert_scivocab_uncased
SentenceTransformer,0.45,8,0.0022882214822135634,0.405352662391971,0.004550753894666009,0.405352662391971,0.780230545532448,10,allenai/scibert_scivocab_uncased
SentenceTransformer,0.45,9,0.0022887749908921773,0.45887928631168107,0.004554831622043061,0.45887928631168107,0.7512703992723044,10,allenai/scibert_scivocab_uncased
SentenceTransformer,0.45,10,0.0024046637265401232,0.4770002787844996,0.0047852041822293015,0.4770002787844996,0.7539372064492847,10,allenai/scibert_scivocab_uncased
SentenceTransformer,0.5,1,0.001726491721777976,0.5115695567326457,0.003441369196088654,0.5115695567326457,0.6321955348919116,10,allenai/scibert_scivocab_uncased
SentenceTransformer,0.5,2,0.002365227246662304,0.48870922776693615,0.004707670575850429,0.48870922776693615,0.7436835356462301,10,allenai/scibert_scivocab_uncased
SentenceTransformer,0.5,3,0.0028135998656600306,0.45776414831335377,0.0055928240184883364,0.45776414831335377,0.7982641660915103,10,allenai/scibert_scivocab_uncased
SentenceTransformer,0.5,4,0.0018477754881478547,0.5057150822414274,0.0036820973746280353,0.5057150822414274,0.6603115793093479,10,allenai/scibert_scivocab_uncased
SentenceTransformer,0.5,5,0.0033055098769800796,0.4427097853359353,0.006562024144777757,0.4427097853359353,0.8340145656966024,10,allenai/scibert_scivocab_uncased
SentenceTransformer,0.5,6,0.002049571141224606,0.4494006133258991,0.004080532291768184,0.4494006133258991,0.7279135639713068,10,allenai/scibert_scivocab_uncased
SentenceTransformer,0.5,7,0.0025687680616504334,0.42152216336771675,0.005106417469891725,0.42152216336771675,0.7964806326291987,10,allenai/scibert_scivocab_uncased
SentenceTransformer,0.5,8,0.0022882214822135634,0.405352662391971,0.004550753894666009,0.405352662391971,0.780230545532448,10,allenai/scibert_scivocab_uncased
SentenceTransformer,0.5,9,0.0022887749908921773,0.45887928631168107,0.004554831622043061,0.45887928631168107,0.7512703992723044,10,allenai/scibert_scivocab_uncased
SentenceTransformer,0.5,10,0.0024046637265401232,0.4770002787844996,0.0047852041822293015,0.4770002787844996,0.7539372064492847,10,allenai/scibert_scivocab_uncased
SentenceTransformer,0.55,1,0.001726491721777976,0.5115695567326457,0.003441369196088654,0.5115695567326457,0.6321955348919116,10,allenai/scibert_scivocab_uncased
SentenceTransformer,0.55,2,0.002365227246662304,0.48870922776693615,0.004707670575850429,0.48870922776693615,0.7436835356462301,10,allenai/scibert_scivocab_uncased
SentenceTransformer,0.55,3,0.0028135998656600306,0.45776414831335377,0.0055928240184883364,0.45776414831335377,0.7982641660915103,10,allenai/scibert_scivocab_uncased
SentenceTransformer,0.55,4,0.0018477754881478547,0.5057150822414274,0.0036820973746280353,0.5057150822414274,0.6603115793093479,10,allenai/scibert_scivocab_uncased
SentenceTransformer,0.55,5,0.0033065737686815166,0.4424310008363535,0.006564089837448815,0.4424310008363535,0.8341726397993845,10,allenai/scibert_scivocab_uncased
SentenceTransformer,0.55,6,0.0020461385172231487,0.44884304432673544,0.004073706250355817,0.44884304432673544,0.7277943150867519,10,allenai/scibert_scivocab_uncased
SentenceTransformer,0.55,7,0.0025687680616504334,0.42152216336771675,0.005106417469891725,0.42152216336771675,0.7964806326291987,10,allenai/scibert_scivocab_uncased
SentenceTransformer,0.55,8,0.0022882214822135634,0.405352662391971,0.004550753894666009,0.405352662391971,0.780230545532448,10,allenai/scibert_scivocab_uncased
SentenceTransformer,0.55,9,0.0022887749908921773,0.45887928631168107,0.004554831622043061,0.45887928631168107,0.7512703992723044,10,allenai/scibert_scivocab_uncased
SentenceTransformer,0.55,10,0.0024046637265401232,0.4770002787844996,0.0047852041822293015,0.4770002787844996,0.7539372064492847,10,allenai/scibert_scivocab_uncased
SentenceTransformer,0.6,1,0.001705923070812829,0.5029272372456092,0.0034003123235875933,0.5029272372456092,0.6340418126801083,10,allenai/scibert_scivocab_uncased
SentenceTransformer,0.6,2,0.00247483075738908,0.5163088932255366,0.004926049412105793,0.5163088932255366,0.741229227208297,10,allenai/scibert_scivocab_uncased
SentenceTransformer,0.6,3,0.0026905459497379605,0.4544187343183719,0.005349418784008192,0.4544187343183719,0.7905535470823368,10,allenai/scibert_scivocab_uncased
SentenceTransformer,0.6,4,0.0018888839080131875,0.5168664622247003,0.003764012266538357,0.5168664622247003,0.6603909630144731,10,allenai/scibert_scivocab_uncased
SentenceTransformer,0.6,5,0.0032843691782348514,0.4354613883468079,0.0065195660022580575,0.4354613883468079,0.8356778103131566,10,allenai/scibert_scivocab_uncased
SentenceTransformer,0.6,6,0.002043623702458607,0.4460551993309172,0.004068606883574271,0.4460551993309172,0.7291514644560327,10,allenai/scibert_scivocab_uncased
SentenceTransformer,0.6,7,0.0023526537633257088,0.39197100641204347,0.004677234244274048,0.39197100641204347,0.793319150573556,10,allenai/scibert_scivocab_uncased
SentenceTransformer,0.6,8,0.0022762756397378564,0.40117089489824365,0.0045268654838303765,0.40117089489824365,0.7813537036311632,10,allenai/scibert_scivocab_uncased
SentenceTransformer,0.6,9,0.0022921160670795354,0.4591580708112629,0.004561461329359941,0.4591580708112629,0.7514828980113515,10,allenai/scibert_scivocab_uncased
SentenceTransformer,0.6,10,0.002406185752556053,0.4845274602732088,0.004788591140279822,0.4845274602732088,0.7502127587293477,10,allenai/scibert_scivocab_uncased
SentenceTransformer,0.65,1,0.0017188047017749153,0.4995818232506273,0.0034258229048378277,0.4995818232506273,0.6392052200505907,10,allenai/scibert_scivocab_uncased
SentenceTransformer,0.65,2,0.002441373924721377,0.5037635907443546,0.004859198864125291,0.5037635907443546,0.7440482153745784,10,allenai/scibert_scivocab_uncased
SentenceTransformer,0.65,3,0.002791877747259653,0.46445497630331756,0.005550391625771674,0.46445497630331756,0.7937184956753214,10,allenai/scibert_scivocab_uncased
SentenceTransformer,0.65,4,0.0019832500599670307,0.5416782826874825,0.003952030526028891,0.5416782826874825,0.6610551515691454,10,allenai/scibert_scivocab_uncased
SentenceTransformer,0.65,5,0.0029456381279546677,0.40925564538611653,0.005849176513245317,0.40925564538611653,0.8277491461051893,10,allenai/scibert_scivocab_uncased
SentenceTransformer,0.65,6,0.002025123343752167,0.43964315584053526,0.004031675625235682,0.43964315584053526,0.7306011703723373,10,allenai/scibert_scivocab_uncased
SentenceTransformer,0.65,7,0.002391642333746476,0.39754669640367996,0.004754680492806295,0.39754669640367996,0.7938044658013959,10,allenai/scibert_scivocab_uncased
SentenceTransformer,0.65,8,0.0025489113035157035,0.4039587398940619,0.005065857900763025,0.4039587398940619,0.8034372797665496,10,allenai/scibert_scivocab_uncased
SentenceTransformer,0.65,9,0.0022762662517995373,0.45358238081962643,0.004529800070717223,0.45358238081962643,0.7527873560130384,10,allenai/scibert_scivocab_uncased
SentenceTransformer,0.65,10,0.00240539723198147,0.4811820462782269,0.004786865241145963,0.4811820462782269,0.7518558974293199,10,allenai/scibert_scivocab_uncased
SentenceTransformer,0.7,1,0.001560180023865125,0.4326735433509897,0.003109148750330547,0.4326735433509897,0.6557017779523372,10,allenai/scibert_scivocab_uncased
SentenceTransformer,0.7,2,0.0025218750270819914,0.4867577362698634,0.0050177532478169464,0.4867577362698634,0.7606023177961975,10,allenai/scibert_scivocab_uncased
SentenceTransformer,0.7,3,0.0028743746244126356,0.4427097853359353,0.005711665212973537,0.4427097853359353,0.8090353909196828,10,allenai/scibert_scivocab_uncased
SentenceTransformer,0.7,4,0.0017708748827704353,0.4616671313074993,0.0035282161415888477,0.4616671313074993,0.6764074054943924,10,allenai/scibert_scivocab_uncased
SentenceTransformer,0.7,5,0.003095811742961814,0.3922497909116253,0.006143139069840549,0.3922497909116253,0.8429388194291099,10,allenai/scibert_scivocab_uncased
SentenceTransformer,0.7,6,0.0019113520392311841,0.42877056035684413,0.0038057390445813376,0.42877056035684413,0.7215926797824262,10,allenai/scibert_scivocab_uncased
SentenceTransformer,0.7,7,0.002426056541835832,0.40897686088653473,0.004823500013152011,0.40897686088653473,0.7908922277806223,10,allenai/scibert_scivocab_uncased
SentenceTransformer,0.7,8,0.00238212687336879,0.37022581544466127,0.004733795306128268,0.37022581544466127,0.8072060991644605,10,allenai/scibert_scivocab_uncased
SentenceTransformer,0.7,9,0.00218921032056294,0.4176191803735712,0.004355588120700383,0.4176191803735712,0.763316269881025,10,allenai/scibert_scivocab_uncased
SentenceTransformer,0.7,10,0.0023780952144305213,0.45358238081962643,0.004731384169783118,0.45358238081962643,0.7633970402010869,10,allenai/scibert_scivocab_uncased
SentenceTransformer,0.75,1,0.0024239488434273987,0.35433509896849735,0.004814959332345843,0.35433509896849735,0.8186723647296464,10,allenai/scibert_scivocab_uncased
SentenceTransformer,0.75,2,0.002403566229985444,0.3682743239475885,0.004775961835690282,0.3682743239475885,0.8099370372822624,10,allenai/scibert_scivocab_uncased
SentenceTransformer,0.75,3,0.002431639523075187,0.36046835795929744,0.004830692268463948,0.36046835795929744,0.8161185666700062,10,allenai/scibert_scivocab_uncased
SentenceTransformer,0.75,4,0.0022802114476363792,0.35210482297184276,0.004531079871493839,0.35210482297184276,0.8084277069236804,10,allenai/scibert_scivocab_uncased
SentenceTransformer,0.75,5,0.0036950955742374365,0.35768051296347925,0.007314625830948336,0.35768051296347925,0.8800806871231657,10,allenai/scibert_scivocab_uncased
SentenceTransformer,0.75,6,0.0019100108116704873,0.3482018399776972,0.0037991817614941217,0.3482018399776972,0.7737481207034437,10,allenai/scibert_scivocab_uncased
SentenceTransformer,0.75,7,0.0028253531691461433,0.3465291329802063,0.005605007079534284,0.3465291329802063,0.8479223135115572,10,allenai/scibert_scivocab_uncased
SentenceTransformer,0.75,8,0.002633566033582082,0.35684415946473375,0.0052285445855969935,0.35684415946473375,0.831958562399232,10,allenai/scibert_scivocab_uncased
SentenceTransformer,0.75,9,0.0019334323783126728,0.3671591859492612,0.0038466088068941045,0.3671591859492612,0.764325725554932,10,allenai/scibert_scivocab_uncased
SentenceTransformer,0.75,10,0.0032618114442850197,0.3872316699191525,0.006469130742576102,0.3872316699191525,0.8528635158384358,10,allenai/scibert_scivocab_uncased
SentenceTransformer,0.8,1,0.004210984446463613,0.30749930303875106,0.008308194078811093,0.30749930303875106,0.9095819598623507,10,allenai/scibert_scivocab_uncased
SentenceTransformer,0.8,2,0.005547727251518743,0.33147477000278786,0.01091281222895796,0.33147477000278786,0.9261166496748562,10,allenai/scibert_scivocab_uncased
SentenceTransformer,0.8,3,0.004097603767486957,0.2969054920546418,0.008083644850945938,0.2969054920546418,0.9102711074858834,10,allenai/scibert_scivocab_uncased
SentenceTransformer,0.8,4,0.0044147101473967975,0.3250627265124059,0.00871111376744464,0.3250627265124059,0.9088470539459075,10,allenai/scibert_scivocab_uncased
SentenceTransformer,0.8,5,0.003640951468590141,0.3242263730136604,0.007201037741982421,0.3242263730136604,0.889674329216358,10,allenai/scibert_scivocab_uncased
SentenceTransformer,0.8,6,0.002894533627218844,0.31558405352662394,0.005736452571648647,0.31558405352662394,0.8648223763598792,10,allenai/scibert_scivocab_uncased
SentenceTransformer,0.8,7,0.003611464968152866,0.3161416225257876,0.007141350244185058,0.3161416225257876,0.8915438328047441,10,allenai/scibert_scivocab_uncased
SentenceTransformer,0.8,8,0.0038648496529139877,0.31586283802620574,0.007636263151154875,0.31586283802620574,0.898769483239812,10,allenai/scibert_scivocab_uncased
SentenceTransformer,0.8,9,0.003138763035769795,0.31809311402286033,0.006216188239908909,0.31809311402286033,0.8743803131184519,10,allenai/scibert_scivocab_uncased
SentenceTransformer,0.8,10,0.004359719944740354,0.3105659325341511,0.008598731031075845,0.3105659325341511,0.9118088634506676,10,allenai/scibert_scivocab_uncased
SentenceTransformer,0.85,1,0.02371976490973377,0.28240869807638697,0.04376377068302588,0.28240869807638697,0.9855466192074595,10,allenai/scibert_scivocab_uncased
SentenceTransformer,0.85,2,0.024412252463174324,0.27906328408140507,0.04489695229979144,0.27906328408140507,0.9861328106719432,10,allenai/scibert_scivocab_uncased
SentenceTransformer,0.85,3,0.019550963639976156,0.2743239475885141,0.03650054713726654,0.2743239475885141,0.9828940248335802,10,allenai/scibert_scivocab_uncased
SentenceTransformer,0.85,4,0.023054626532887403,0.28826317256760525,0.04269463426719244,0.28826317256760525,0.9848110199835478,10,allenai/scibert_scivocab_uncased
SentenceTransformer,0.85,5,0.018798536439665472,0.280735991078896,0.0352375120286939,0.280735991078896,0.9817795330782193,10,allenai/scibert_scivocab_uncased
SentenceTransformer,0.85,6,0.015297291397027866,0.2734875940897686,0.028973950026581607,0.2734875940897686,0.9781095099945472,10,allenai/scibert_scivocab_uncased
SentenceTransformer,0.85,7,0.021154321496251134,0.28631168107053245,0.039397717464275436,0.28631168107053245,0.9835266678984429,10,allenai/scibert_scivocab_uncased
SentenceTransformer,0.85,8,0.018702738065459582,0.2709785335935322,0.034990460419741534,0.2709785335935322,0.9823210062109949,10,allenai/scibert_scivocab_uncased
SentenceTransformer,0.85,9,0.020064957060593382,0.280735991078896,0.037453044222114776,0.280735991078896,0.9829515693534526,10,allenai/scibert_scivocab_uncased
SentenceTransformer,0.85,10,0.024682476681881324,0.2773905770839141,0.04533132873186178,0.2773905770839141,0.9863706151335847,10,allenai/scibert_scivocab_uncased
SentenceTransformer,0.9,1,0.12778315585672798,0.18399776972400333,0.15082266910420475,0.18399776972400333,0.998438324927558,10,allenai/scibert_scivocab_uncased
SentenceTransformer,0.9,2,0.1265552099533437,0.18148870922776694,0.14912381170541747,0.18148870922776694,0.9984424847723681,10,allenai/scibert_scivocab_uncased
SentenceTransformer,0.9,3,0.1438642872879489,0.1820462782269306,0.16071868077775042,0.1820462782269306,0.9986529035890102,10,allenai/scibert_scivocab_uncased
SentenceTransformer,0.9,4,0.1265552099533437,0.18148870922776694,0.14912381170541747,0.18148870922776694,0.9984424847723681,10,allenai/scibert_scivocab_uncased
SentenceTransformer,0.9,5,0.12591876208897484,0.18148870922776694,0.1486810551558753,0.18148870922776694,0.9984334717752796,10,allenai/scibert_scivocab_uncased
SentenceTransformer,0.9,6,0.13199513381995134,0.18148870922776694,0.15283483976992604,0.18148870922776694,0.9985159753640124,10,allenai/scibert_scivocab_uncased
SentenceTransformer,0.9,7,0.12987271280827367,0.1820462782269306,0.15159605339524085,0.1820462782269306,0.9984833899130003,10,allenai/scibert_scivocab_uncased
SentenceTransformer,0.9,8,0.13620146904512068,0.1809311402286033,0.15541187739463602,0.1809311402286033,0.9985731732301507,10,allenai/scibert_scivocab_uncased
SentenceTransformer,0.9,9,0.1254576989786086,0.18148870922776694,0.148359161349134,0.18148870922776694,0.9984268853543303,10,allenai/scibert_scivocab_uncased
SentenceTransformer,0.9,10,0.12650602409638553,0.18148870922776694,0.14908965991068363,0.18148870922776694,0.9984417914648998,10,allenai/scibert_scivocab_uncased
SentenceTransformer,0.95,1,0.8162162162162162,0.04209645943685531,0.08006362672322376,0.04209645943685531,0.9999882137730381,10,allenai/scibert_scivocab_uncased
SentenceTransformer,0.95,2,0.8162162162162162,0.04209645943685531,0.08006362672322376,0.04209645943685531,0.9999882137730381,10,allenai/scibert_scivocab_uncased
SentenceTransformer,0.95,3,0.8162162162162162,0.04209645943685531,0.08006362672322376,0.04209645943685531,0.9999882137730381,10,allenai/scibert_scivocab_uncased
SentenceTransformer,0.95,4,0.8162162162162162,0.04209645943685531,0.08006362672322376,0.04209645943685531,0.9999882137730381,10,allenai/scibert_scivocab_uncased
SentenceTransformer,0.95,5,0.8162162162162162,0.04209645943685531,0.08006362672322376,0.04209645943685531,0.9999882137730381,10,allenai/scibert_scivocab_uncased
SentenceTransformer,0.95,6,0.8162162162162162,0.04209645943685531,0.08006362672322376,0.04209645943685531,0.9999882137730381,10,allenai/scibert_scivocab_uncased
SentenceTransformer,0.95,7,0.8162162162162162,0.04209645943685531,0.08006362672322376,0.04209645943685531,0.9999882137730381,10,allenai/scibert_scivocab_uncased
SentenceTransformer,0.95,8,0.8162162162162162,0.04209645943685531,0.08006362672322376,0.04209645943685531,0.9999882137730381,10,allenai/scibert_scivocab_uncased
SentenceTransformer,0.95,9,0.8162162162162162,0.04209645943685531,0.08006362672322376,0.04209645943685531,0.9999882137730381,10,allenai/scibert_scivocab_uncased
SentenceTransformer,0.95,10,0.8162162162162162,0.04209645943685531,0.08006362672322376,0.04209645943685531,0.9999882137730381,10,allenai/scibert_scivocab_uncased
SentenceTransformer,0.1,1,0.0031443054813709978,0.3479230554781154,0.006232287544164097,0.3479230554781154,0.8628429835377608,25,allenai/scibert_scivocab_uncased
SentenceTransformer,0.1,2,0.0044490145874643856,0.4209645943685531,0.008804972768726603,0.4209645943685531,0.8828688231071059,25,allenai/scibert_scivocab_uncased
SentenceTransformer,0.1,3,0.004596373971644591,0.34625034848062447,0.009072315558802046,0.34625034848062447,0.9067601984661959,25,allenai/scibert_scivocab_uncased
SentenceTransformer,0.1,4,0.0024067482538206934,0.4301644828547533,0.004786715081875164,0.4301644828547533,0.778290324582291,25,allenai/scibert_scivocab_uncased
SentenceTransformer,0.1,5,0.005767862695900728,0.3774742124337887,0.011362110633727175,0.3774742124337887,0.9190927517130761,25,allenai/scibert_scivocab_uncased
SentenceTransformer,0.1,6,0.004237522446354305,0.40591023139113463,0.008387483294161021,0.40591023139113463,0.8813955447368776,25,allenai/scibert_scivocab_uncased
SentenceTransformer,0.1,7,0.003736511334552616,0.3707833844438249,0.007398465791830536,0.3707833844438249,0.8770706927493558,25,allenai/scibert_scivocab_uncased
SentenceTransformer,0.1,8,0.003324282432090758,0.42152216336771675,0.006596542050774178,0.42152216336771675,0.8428538892642379,25,allenai/scibert_scivocab_uncased
SentenceTransformer,0.1,9,0.004270490016286854,0.37134095344298856,0.008443873912423334,0.37134095344298856,0.8923376698559966,25,allenai/scibert_scivocab_uncased
SentenceTransformer,0.1,10,0.0037392093381544643,0.3802620574296069,0.0074055976328148325,0.3802620574296069,0.8740194465811796,25,allenai/scibert_scivocab_uncased
SentenceTransformer,0.15,1,0.0031443054813709978,0.3479230554781154,0.006232287544164097,0.3479230554781154,0.8628429835377608,25,allenai/scibert_scivocab_uncased
SentenceTransformer,0.15,2,0.0044490145874643856,0.4209645943685531,0.008804972768726603,0.4209645943685531,0.8828688231071059,25,allenai/scibert_scivocab_uncased
SentenceTransformer,0.15,3,0.004596373971644591,0.34625034848062447,0.009072315558802046,0.34625034848062447,0.9067601984661959,25,allenai/scibert_scivocab_uncased
SentenceTransformer,0.15,4,0.0024067482538206934,0.4301644828547533,0.004786715081875164,0.4301644828547533,0.778290324582291,25,allenai/scibert_scivocab_uncased
SentenceTransformer,0.15,5,0.005767862695900728,0.3774742124337887,0.011362110633727175,0.3774742124337887,0.9190927517130761,25,allenai/scibert_scivocab_uncased
SentenceTransformer,0.15,6,0.004237522446354305,0.40591023139113463,0.008387483294161021,0.40591023139113463,0.8813955447368776,25,allenai/scibert_scivocab_uncased
SentenceTransformer,0.15,7,0.003736511334552616,0.3707833844438249,0.007398465791830536,0.3707833844438249,0.8770706927493558,25,allenai/scibert_scivocab_uncased
SentenceTransformer,0.15,8,0.003324282432090758,0.42152216336771675,0.006596542050774178,0.42152216336771675,0.8428538892642379,25,allenai/scibert_scivocab_uncased
SentenceTransformer,0.15,9,0.004270490016286854,0.37134095344298856,0.008443873912423334,0.37134095344298856,0.8923376698559966,25,allenai/scibert_scivocab_uncased
SentenceTransformer,0.15,10,0.0037392093381544643,0.3802620574296069,0.0074055976328148325,0.3802620574296069,0.8740194465811796,25,allenai/scibert_scivocab_uncased
SentenceTransformer,0.2,1,0.0031443054813709978,0.3479230554781154,0.006232287544164097,0.3479230554781154,0.8628429835377608,25,allenai/scibert_scivocab_uncased
SentenceTransformer,0.2,2,0.0044490145874643856,0.4209645943685531,0.008804972768726603,0.4209645943685531,0.8828688231071059,25,allenai/scibert_scivocab_uncased
SentenceTransformer,0.2,3,0.004596373971644591,0.34625034848062447,0.009072315558802046,0.34625034848062447,0.9067601984661959,25,allenai/scibert_scivocab_uncased
SentenceTransformer,0.2,4,0.0024067482538206934,0.4301644828547533,0.004786715081875164,0.4301644828547533,0.778290324582291,25,allenai/scibert_scivocab_uncased
SentenceTransformer,0.2,5,0.005767862695900728,0.3774742124337887,0.011362110633727175,0.3774742124337887,0.9190927517130761,25,allenai/scibert_scivocab_uncased
SentenceTransformer,0.2,6,0.004237522446354305,0.40591023139113463,0.008387483294161021,0.40591023139113463,0.8813955447368776,25,allenai/scibert_scivocab_uncased
SentenceTransformer,0.2,7,0.003736511334552616,0.3707833844438249,0.007398465791830536,0.3707833844438249,0.8770706927493558,25,allenai/scibert_scivocab_uncased
SentenceTransformer,0.2,8,0.003324282432090758,0.42152216336771675,0.006596542050774178,0.42152216336771675,0.8428538892642379,25,allenai/scibert_scivocab_uncased
SentenceTransformer,0.2,9,0.004270490016286854,0.37134095344298856,0.008443873912423334,0.37134095344298856,0.8923376698559966,25,allenai/scibert_scivocab_uncased
SentenceTransformer,0.2,10,0.0037392093381544643,0.3802620574296069,0.0074055976328148325,0.3802620574296069,0.8740194465811796,25,allenai/scibert_scivocab_uncased
SentenceTransformer,0.25,1,0.0031443054813709978,0.3479230554781154,0.006232287544164097,0.3479230554781154,0.8628429835377608,25,allenai/scibert_scivocab_uncased
SentenceTransformer,0.25,2,0.0044490145874643856,0.4209645943685531,0.008804972768726603,0.4209645943685531,0.8828688231071059,25,allenai/scibert_scivocab_uncased
SentenceTransformer,0.25,3,0.004596373971644591,0.34625034848062447,0.009072315558802046,0.34625034848062447,0.9067601984661959,25,allenai/scibert_scivocab_uncased
SentenceTransformer,0.25,4,0.0024067482538206934,0.4301644828547533,0.004786715081875164,0.4301644828547533,0.778290324582291,25,allenai/scibert_scivocab_uncased
SentenceTransformer,0.25,5,0.005767862695900728,0.3774742124337887,0.011362110633727175,0.3774742124337887,0.9190927517130761,25,allenai/scibert_scivocab_uncased
SentenceTransformer,0.25,6,0.004237522446354305,0.40591023139113463,0.008387483294161021,0.40591023139113463,0.8813955447368776,25,allenai/scibert_scivocab_uncased
SentenceTransformer,0.25,7,0.003736511334552616,0.3707833844438249,0.007398465791830536,0.3707833844438249,0.8770706927493558,25,allenai/scibert_scivocab_uncased
SentenceTransformer,0.25,8,0.003324282432090758,0.42152216336771675,0.006596542050774178,0.42152216336771675,0.8428538892642379,25,allenai/scibert_scivocab_uncased
SentenceTransformer,0.25,9,0.004270490016286854,0.37134095344298856,0.008443873912423334,0.37134095344298856,0.8923376698559966,25,allenai/scibert_scivocab_uncased
SentenceTransformer,0.25,10,0.0037392093381544643,0.3802620574296069,0.0074055976328148325,0.3802620574296069,0.8740194465811796,25,allenai/scibert_scivocab_uncased
SentenceTransformer,0.3,1,0.0031443054813709978,0.3479230554781154,0.006232287544164097,0.3479230554781154,0.8628429835377608,25,allenai/scibert_scivocab_uncased
SentenceTransformer,0.3,2,0.0044490145874643856,0.4209645943685531,0.008804972768726603,0.4209645943685531,0.8828688231071059,25,allenai/scibert_scivocab_uncased
SentenceTransformer,0.3,3,0.004596373971644591,0.34625034848062447,0.009072315558802046,0.34625034848062447,0.9067601984661959,25,allenai/scibert_scivocab_uncased
SentenceTransformer,0.3,4,0.0024067482538206934,0.4301644828547533,0.004786715081875164,0.4301644828547533,0.778290324582291,25,allenai/scibert_scivocab_uncased
SentenceTransformer,0.3,5,0.005767862695900728,0.3774742124337887,0.011362110633727175,0.3774742124337887,0.9190927517130761,25,allenai/scibert_scivocab_uncased
SentenceTransformer,0.3,6,0.004237522446354305,0.40591023139113463,0.008387483294161021,0.40591023139113463,0.8813955447368776,25,allenai/scibert_scivocab_uncased
SentenceTransformer,0.3,7,0.003736511334552616,0.3707833844438249,0.007398465791830536,0.3707833844438249,0.8770706927493558,25,allenai/scibert_scivocab_uncased
SentenceTransformer,0.3,8,0.003324282432090758,0.42152216336771675,0.006596542050774178,0.42152216336771675,0.8428538892642379,25,allenai/scibert_scivocab_uncased
SentenceTransformer,0.3,9,0.004270490016286854,0.37134095344298856,0.008443873912423334,0.37134095344298856,0.8923376698559966,25,allenai/scibert_scivocab_uncased
SentenceTransformer,0.3,10,0.0037392093381544643,0.3802620574296069,0.0074055976328148325,0.3802620574296069,0.8740194465811796,25,allenai/scibert_scivocab_uncased
SentenceTransformer,0.35,1,0.0031443054813709978,0.3479230554781154,0.006232287544164097,0.3479230554781154,0.8628429835377608,25,allenai/scibert_scivocab_uncased
SentenceTransformer,0.35,2,0.0044490145874643856,0.4209645943685531,0.008804972768726603,0.4209645943685531,0.8828688231071059,25,allenai/scibert_scivocab_uncased
SentenceTransformer,0.35,3,0.004596373971644591,0.34625034848062447,0.009072315558802046,0.34625034848062447,0.9067601984661959,25,allenai/scibert_scivocab_uncased
SentenceTransformer,0.35,4,0.0024067482538206934,0.4301644828547533,0.004786715081875164,0.4301644828547533,0.778290324582291,25,allenai/scibert_scivocab_uncased
SentenceTransformer,0.35,5,0.005767862695900728,0.3774742124337887,0.011362110633727175,0.3774742124337887,0.9190927517130761,25,allenai/scibert_scivocab_uncased
SentenceTransformer,0.35,6,0.004237522446354305,0.40591023139113463,0.008387483294161021,0.40591023139113463,0.8813955447368776,25,allenai/scibert_scivocab_uncased
SentenceTransformer,0.35,7,0.003736511334552616,0.3707833844438249,0.007398465791830536,0.3707833844438249,0.8770706927493558,25,allenai/scibert_scivocab_uncased
SentenceTransformer,0.35,8,0.003324282432090758,0.42152216336771675,0.006596542050774178,0.42152216336771675,0.8428538892642379,25,allenai/scibert_scivocab_uncased
SentenceTransformer,0.35,9,0.004270490016286854,0.37134095344298856,0.008443873912423334,0.37134095344298856,0.8923376698559966,25,allenai/scibert_scivocab_uncased
SentenceTransformer,0.35,10,0.0037392093381544643,0.3802620574296069,0.0074055976328148325,0.3802620574296069,0.8740194465811796,25,allenai/scibert_scivocab_uncased
SentenceTransformer,0.4,1,0.0031443054813709978,0.3479230554781154,0.006232287544164097,0.3479230554781154,0.8628429835377608,25,allenai/scibert_scivocab_uncased
SentenceTransformer,0.4,2,0.0044490145874643856,0.4209645943685531,0.008804972768726603,0.4209645943685531,0.8828688231071059,25,allenai/scibert_scivocab_uncased
SentenceTransformer,0.4,3,0.004596373971644591,0.34625034848062447,0.009072315558802046,0.34625034848062447,0.9067601984661959,25,allenai/scibert_scivocab_uncased
SentenceTransformer,0.4,4,0.0024067482538206934,0.4301644828547533,0.004786715081875164,0.4301644828547533,0.778290324582291,25,allenai/scibert_scivocab_uncased
SentenceTransformer,0.4,5,0.005767862695900728,0.3774742124337887,0.011362110633727175,0.3774742124337887,0.9190927517130761,25,allenai/scibert_scivocab_uncased
SentenceTransformer,0.4,6,0.004237522446354305,0.40591023139113463,0.008387483294161021,0.40591023139113463,0.8813955447368776,25,allenai/scibert_scivocab_uncased
SentenceTransformer,0.4,7,0.003736511334552616,0.3707833844438249,0.007398465791830536,0.3707833844438249,0.8770706927493558,25,allenai/scibert_scivocab_uncased
SentenceTransformer,0.4,8,0.003324282432090758,0.42152216336771675,0.006596542050774178,0.42152216336771675,0.8428538892642379,25,allenai/scibert_scivocab_uncased
SentenceTransformer,0.4,9,0.004270490016286854,0.37134095344298856,0.008443873912423334,0.37134095344298856,0.8923376698559966,25,allenai/scibert_scivocab_uncased
SentenceTransformer,0.4,10,0.0037392093381544643,0.3802620574296069,0.0074055976328148325,0.3802620574296069,0.8740194465811796,25,allenai/scibert_scivocab_uncased
SentenceTransformer,0.45,1,0.0031443054813709978,0.3479230554781154,0.006232287544164097,0.3479230554781154,0.8628429835377608,25,allenai/scibert_scivocab_uncased
SentenceTransformer,0.45,2,0.0044490145874643856,0.4209645943685531,0.008804972768726603,0.4209645943685531,0.8828688231071059,25,allenai/scibert_scivocab_uncased
SentenceTransformer,0.45,3,0.004596373971644591,0.34625034848062447,0.009072315558802046,0.34625034848062447,0.9067601984661959,25,allenai/scibert_scivocab_uncased
SentenceTransformer,0.45,4,0.0024067482538206934,0.4301644828547533,0.004786715081875164,0.4301644828547533,0.778290324582291,25,allenai/scibert_scivocab_uncased
SentenceTransformer,0.45,5,0.005767862695900728,0.3774742124337887,0.011362110633727175,0.3774742124337887,0.9190927517130761,25,allenai/scibert_scivocab_uncased
SentenceTransformer,0.45,6,0.004237522446354305,0.40591023139113463,0.008387483294161021,0.40591023139113463,0.8813955447368776,25,allenai/scibert_scivocab_uncased
SentenceTransformer,0.45,7,0.003736511334552616,0.3707833844438249,0.007398465791830536,0.3707833844438249,0.8770706927493558,25,allenai/scibert_scivocab_uncased
SentenceTransformer,0.45,8,0.003324282432090758,0.42152216336771675,0.006596542050774178,0.42152216336771675,0.8428538892642379,25,allenai/scibert_scivocab_uncased
SentenceTransformer,0.45,9,0.004270490016286854,0.37134095344298856,0.008443873912423334,0.37134095344298856,0.8923376698559966,25,allenai/scibert_scivocab_uncased
SentenceTransformer,0.45,10,0.0037392093381544643,0.3802620574296069,0.0074055976328148325,0.3802620574296069,0.8740194465811796,25,allenai/scibert_scivocab_uncased
SentenceTransformer,0.5,1,0.0031443054813709978,0.3479230554781154,0.006232287544164097,0.3479230554781154,0.8628429835377608,25,allenai/scibert_scivocab_uncased
SentenceTransformer,0.5,2,0.0044490145874643856,0.4209645943685531,0.008804972768726603,0.4209645943685531,0.8828688231071059,25,allenai/scibert_scivocab_uncased
SentenceTransformer,0.5,3,0.004596373971644591,0.34625034848062447,0.009072315558802046,0.34625034848062447,0.9067601984661959,25,allenai/scibert_scivocab_uncased
SentenceTransformer,0.5,4,0.0024067482538206934,0.4301644828547533,0.004786715081875164,0.4301644828547533,0.778290324582291,25,allenai/scibert_scivocab_uncased
SentenceTransformer,0.5,5,0.005767862695900728,0.3774742124337887,0.011362110633727175,0.3774742124337887,0.9190927517130761,25,allenai/scibert_scivocab_uncased
SentenceTransformer,0.5,6,0.004237522446354305,0.40591023139113463,0.008387483294161021,0.40591023139113463,0.8813955447368776,25,allenai/scibert_scivocab_uncased
SentenceTransformer,0.5,7,0.003736511334552616,0.3707833844438249,0.007398465791830536,0.3707833844438249,0.8770706927493558,25,allenai/scibert_scivocab_uncased
SentenceTransformer,0.5,8,0.003324282432090758,0.42152216336771675,0.006596542050774178,0.42152216336771675,0.8428538892642379,25,allenai/scibert_scivocab_uncased
SentenceTransformer,0.5,9,0.004270490016286854,0.37134095344298856,0.008443873912423334,0.37134095344298856,0.8923376698559966,25,allenai/scibert_scivocab_uncased
SentenceTransformer,0.5,10,0.0037392093381544643,0.3802620574296069,0.0074055976328148325,0.3802620574296069,0.8740194465811796,25,allenai/scibert_scivocab_uncased
SentenceTransformer,0.55,1,0.0031443054813709978,0.3479230554781154,0.006232287544164097,0.3479230554781154,0.8628429835377608,25,allenai/scibert_scivocab_uncased
SentenceTransformer,0.55,2,0.0044490145874643856,0.4209645943685531,0.008804972768726603,0.4209645943685531,0.8828688231071059,25,allenai/scibert_scivocab_uncased
SentenceTransformer,0.55,3,0.004596373971644591,0.34625034848062447,0.009072315558802046,0.34625034848062447,0.9067601984661959,25,allenai/scibert_scivocab_uncased
SentenceTransformer,0.55,4,0.0024067482538206934,0.4301644828547533,0.004786715081875164,0.4301644828547533,0.778290324582291,25,allenai/scibert_scivocab_uncased
SentenceTransformer,0.55,5,0.005767862695900728,0.3774742124337887,0.011362110633727175,0.3774742124337887,0.9190927517130761,25,allenai/scibert_scivocab_uncased
SentenceTransformer,0.55,6,0.004237522446354305,0.40591023139113463,0.008387483294161021,0.40591023139113463,0.8813955447368776,25,allenai/scibert_scivocab_uncased
SentenceTransformer,0.55,7,0.003736511334552616,0.3707833844438249,0.007398465791830536,0.3707833844438249,0.8770706927493558,25,allenai/scibert_scivocab_uncased
SentenceTransformer,0.55,8,0.003324282432090758,0.42152216336771675,0.006596542050774178,0.42152216336771675,0.8428538892642379,25,allenai/scibert_scivocab_uncased
SentenceTransformer,0.55,9,0.004270490016286854,0.37134095344298856,0.008443873912423334,0.37134095344298856,0.8923376698559966,25,allenai/scibert_scivocab_uncased
SentenceTransformer,0.55,10,0.0037392093381544643,0.3802620574296069,0.0074055976328148325,0.3802620574296069,0.8740194465811796,25,allenai/scibert_scivocab_uncased
SentenceTransformer,0.6,1,0.003154534199859742,0.34736548647895177,0.006252289411752899,0.34736548647895177,0.8635082120536357,25,allenai/scibert_scivocab_uncased
SentenceTransformer,0.6,2,0.004446081319976429,0.4206858098689713,0.008799167315379301,0.4206858098689713,0.8828688231071059,25,allenai/scibert_scivocab_uncased
SentenceTransformer,0.6,3,0.0046266722966267155,0.3574017284638974,0.009135088144337243,0.3574017284638974,0.9043904735394005,25,allenai/scibert_scivocab_uncased
SentenceTransformer,0.6,4,0.0024114876206134525,0.4301644828547533,0.004796088530261516,0.4301644828547533,0.7787271082873468,25,allenai/scibert_scivocab_uncased
SentenceTransformer,0.6,5,0.005774090314442896,0.3777529969333705,0.011374320059096098,0.3777529969333705,0.919120830665544,25,allenai/scibert_scivocab_uncased
SentenceTransformer,0.6,6,0.004237522446354305,0.40591023139113463,0.008387483294161021,0.40591023139113463,0.8813955447368776,25,allenai/scibert_scivocab_uncased
SentenceTransformer,0.6,7,0.0038848341070840758,0.38165597992751604,0.007691378520884425,0.38165597992751604,0.878315179655031,25,allenai/scibert_scivocab_uncased
SentenceTransformer,0.6,8,0.0033325961963732863,0.42012824086980766,0.006612737967515528,0.42012824086980766,0.8437655885851085,25,allenai/scibert_scivocab_uncased
SentenceTransformer,0.6,9,0.004270490016286854,0.37134095344298856,0.008443873912423334,0.37134095344298856,0.8923376698559966,25,allenai/scibert_scivocab_uncased
SentenceTransformer,0.6,10,0.0037341851914763045,0.3799832729300251,0.007395691182415292,0.3799832729300251,0.8739417961447251,25,allenai/scibert_scivocab_uncased
SentenceTransformer,0.65,1,0.003158229799763257,0.3540563144689155,0.006260614082437992,0.3540563144689155,0.8610424640424748,25,allenai/scibert_scivocab_uncased
SentenceTransformer,0.65,2,0.004242487657785345,0.3730136604404795,0.008389556319129191,0.3730136604404795,0.8911358213596244,25,allenai/scibert_scivocab_uncased
SentenceTransformer,0.65,3,0.004654064779648351,0.35768051296347925,0.009188569791592065,0.35768051296347925,0.9048816818807213,25,allenai/scibert_scivocab_uncased
SentenceTransformer,0.65,4,0.0023921720985317983,0.4257039308614441,0.004757609604950157,0.4257039308614441,0.7792491688110089,25,allenai/scibert_scivocab_uncased
SentenceTransformer,0.65,5,0.0058766736175709456,0.3716197379425704,0.01157037705714881,0.3716197379425704,0.9218309695592957,25,allenai/scibert_scivocab_uncased
SentenceTransformer,0.65,6,0.003997289587117567,0.3914134374128798,0.007913760304375397,0.3914134374128798,0.8787287375598974,25,allenai/scibert_scivocab_uncased
SentenceTransformer,0.65,7,0.003867541677813003,0.3788681349316978,0.007656920385494108,0.3788681349316978,0.8786618333892023,25,allenai/scibert_scivocab_uncased
SentenceTransformer,0.65,8,0.003309971456521448,0.41315862838026207,0.006567329529718053,0.41315862838026207,0.8453036912036268,25,allenai/scibert_scivocab_uncased
SentenceTransformer,0.65,9,0.004263389910191885,0.36911067744633397,0.008429416371148985,0.36911067744633397,0.8928053057433938,25,allenai/scibert_scivocab_uncased
SentenceTransformer,0.65,10,0.0037208408276468083,0.3777529969333705,0.007369096565076464,0.3777529969333705,0.8742305587052899,25,allenai/scibert_scivocab_uncased
SentenceTransformer,0.7,1,0.0035466663915313347,0.383328686925007,0.0070283049006453265,0.383328686925007,0.8660831559910604,25,allenai/scibert_scivocab_uncased
SentenceTransformer,0.7,2,0.004200766826370376,0.37691664343462505,0.008308929948714482,0.37691664343462505,0.888899558120485,25,allenai/scibert_scivocab_uncased
SentenceTransformer,0.7,3,0.004586233254214105,0.34959576247560636,0.009053694037124478,0.34959576247560636,0.9056502132093792,25,allenai/scibert_scivocab_uncased
SentenceTransformer,0.7,4,0.0022771290469787596,0.4159464733760803,0.0045294612309084116,0.4159464733760803,0.7733858675512345,25,allenai/scibert_scivocab_uncased
SentenceTransformer,0.7,5,0.00591044430696925,0.37022581544466127,0.011635140226219368,0.37022581544466127,0.9225717685892199,25,allenai/scibert_scivocab_uncased
SentenceTransformer,0.7,6,0.004029143382613001,0.3969891274045163,0.007977322891107301,0.3969891274045163,0.877977538917948,25,allenai/scibert_scivocab_uncased
SentenceTransformer,0.7,7,0.003719755753024071,0.3663228324505158,0.007364727774103509,0.3663228324505158,0.8780004180644034,25,allenai/scibert_scivocab_uncased
SentenceTransformer,0.7,8,0.003299447119671839,0.40228603289657094,0.0065452120843756305,0.40228603289657094,0.8488925973135029,25,allenai/scibert_scivocab_uncased
SentenceTransformer,0.7,9,0.0042861100699141145,0.3666016169500976,0.008473156524652697,0.3666016169500976,0.8941007507479921,25,allenai/scibert_scivocab_uncased
SentenceTransformer,0.7,10,0.004004531673661249,0.383328686925007,0.007926259842973587,0.383328686925007,0.8814492760656742,25,allenai/scibert_scivocab_uncased
SentenceTransformer,0.75,1,0.003437296846286542,0.3744075829383886,0.006812054750051357,0.3744075829383886,0.8650230888719644,25,allenai/scibert_scivocab_uncased
SentenceTransformer,0.75,2,0.004520376547017841,0.36158349595762473,0.008929124642869437,0.36158349595762473,0.9009866805235719,25,allenai/scibert_scivocab_uncased
SentenceTransformer,0.75,3,0.004563908528501989,0.3685531084471703,0.009016167037793562,0.3685531084471703,0.9000451689815625,25,allenai/scibert_scivocab_uncased
SentenceTransformer,0.75,4,0.0029340719100555196,0.388068023417898,0.005824109386146402,0.388068023417898,0.8360209975099863,25,allenai/scibert_scivocab_uncased
SentenceTransformer,0.75,5,0.006056296586896822,0.3442988569835517,0.011903212903661082,0.3442988569835517,0.9297384878894784,25,allenai/scibert_scivocab_uncased
SentenceTransformer,0.75,6,0.004833393589874093,0.38388625592417064,0.00954658901830283,0.38388625592417064,0.9017181199026735,25,allenai/scibert_scivocab_uncased
SentenceTransformer,0.75,7,0.0037703884755024572,0.3685531084471703,0.007464414167706527,0.3685531084471703,0.8789121173852741,25,allenai/scibert_scivocab_uncased
SentenceTransformer,0.75,8,0.0032860198327824227,0.37691664343462505,0.006515238767598253,0.37691664343462505,0.8578414634611364,25,allenai/scibert_scivocab_uncased
SentenceTransformer,0.75,9,0.004338902966951747,0.3666016169500976,0.00857630136405584,0.3666016169500976,0.8953948091376538,25,allenai/scibert_scivocab_uncased
SentenceTransformer,0.75,10,0.004058684908719887,0.35098968497351546,0.008024577259661042,0.35098968497351546,0.8929047953651009,25,allenai/scibert_scivocab_uncased
SentenceTransformer,0.8,1,0.005676477732365956,0.29969333705046,0.0111419169279403,0.29969333705046,0.9347240618943309,25,allenai/scibert_scivocab_uncased
SentenceTransformer,0.8,2,0.006229960294386391,0.31363256202955114,0.012217238795434553,0.31363256202955114,0.9377916007880133,25,allenai/scibert_scivocab_uncased
SentenceTransformer,0.8,3,0.005374941779226828,0.321717312517424,0.010573236152404861,0.321717312517424,0.9259734816826434,25,allenai/scibert_scivocab_uncased
SentenceTransformer,0.8,4,0.0047240901823078045,0.3442988569835517,0.009320297494839876,0.3442988569835517,0.9098038182522205,25,allenai/scibert_scivocab_uncased
SentenceTransformer,0.8,5,0.0065263329947579185,0.3116810705324784,0.012784959946938986,0.3116810705324784,0.9410036942888451,25,allenai/scibert_scivocab_uncased
SentenceTransformer,0.8,6,0.004935942435942436,0.31363256202955114,0.009718928585312755,0.31363256202955114,0.921380666358607,25,allenai/scibert_scivocab_uncased
SentenceTransformer,0.8,7,0.004576024134521823,0.326456649010315,0.009025535096305774,0.326456649010315,0.9116975876019985,25,allenai/scibert_scivocab_uncased
SentenceTransformer,0.8,8,0.004286418067349132,0.3080568720379147,0.00845518750621705,0.3080568720379147,0.911018839590491,25,allenai/scibert_scivocab_uncased
SentenceTransformer,0.8,9,0.0050845197979064284,0.3083356565374965,0.010004070372212926,0.3083356565374965,0.9249782388118374,25,allenai/scibert_scivocab_uncased
SentenceTransformer,0.8,10,0.006058481612665261,0.3228324505157513,0.011893757318050164,0.3228324505157513,0.9341430702358597,25,allenai/scibert_scivocab_uncased
SentenceTransformer,0.85,1,0.023248854821260042,0.28157234457764146,0.04295130767595152,0.28157234457764146,0.9852904420979068,25,allenai/scibert_scivocab_uncased
SentenceTransformer,0.85,2,0.02414685228532709,0.2732088095901868,0.04437200036222041,0.2732088095901868,0.9862707788581434,25,allenai/scibert_scivocab_uncased
SentenceTransformer,0.85,3,0.020291331363960476,0.277669361583496,0.03781895504252734,0.277669361583496,0.9833297685774336,25,allenai/scibert_scivocab_uncased
SentenceTransformer,0.85,4,0.021339770154227368,0.2785057150822414,0.039642070593837425,0.2785057150822414,0.9841180591689392,25,allenai/scibert_scivocab_uncased
SentenceTransformer,0.85,5,0.02057946919162223,0.2829662670755506,0.03836848869736146,0.2829662670755506,0.9832545447171184,25,allenai/scibert_scivocab_uncased
SentenceTransformer,0.85,6,0.020618338242461485,0.27125731809311404,0.03832368348497381,0.27125731809311404,0.9839783577140682,25,allenai/scibert_scivocab_uncased
SentenceTransformer,0.85,7,0.021657748355576236,0.285475327571787,0.04026106786191712,0.285475327571787,0.9839648382184355,25,allenai/scibert_scivocab_uncased
SentenceTransformer,0.85,8,0.022642395772166764,0.2687482575968776,0.04176595468133963,0.2687482575968776,0.9855753914673957,25,allenai/scibert_scivocab_uncased
SentenceTransformer,0.85,9,0.02038573429587329,0.2637301366044048,0.037846055368859016,0.2637301366044048,0.9842414678983042,25,allenai/scibert_scivocab_uncased
SentenceTransformer,0.85,10,0.02434632461766157,0.27516030108725953,0.0447345162825481,0.27516030108725953,0.9862888048523203,25,allenai/scibert_scivocab_uncased
SentenceTransformer,0.9,1,0.12802634127445284,0.18427655422358516,0.1510857142857143,0.18427655422358516,0.9984393648887605,25,allenai/scibert_scivocab_uncased
SentenceTransformer,0.9,2,0.12645687645687645,0.18148870922776694,0.14905552375500858,0.18148870922776694,0.9984410981574314,25,allenai/scibert_scivocab_uncased
SentenceTransformer,0.9,3,0.14320069960647136,0.18260384722609424,0.16051954417350814,0.18260384722609424,0.9986414640157825,25,allenai/scibert_scivocab_uncased
SentenceTransformer,0.9,4,0.12677425627065914,0.18176749372734877,0.14936998854524627,0.18176749372734877,0.9984431780798364,25,allenai/scibert_scivocab_uncased
SentenceTransformer,0.9,5,0.12558049535603716,0.1809311402286033,0.148258138206739,0.1809311402286033,0.9984334717752796,25,allenai/scibert_scivocab_uncased
SentenceTransformer,0.9,6,0.13143549364021806,0.18148870922776694,0.15245901639344261,0.18148870922776694,0.9985086956355949,25,allenai/scibert_scivocab_uncased
SentenceTransformer,0.9,7,0.13402905668099038,0.18260384722609424,0.15459051215482653,0.18260384722609424,0.9985329613969868,25,allenai/scibert_scivocab_uncased
SentenceTransformer,0.9,8,0.13692598028936884,0.1820462782269306,0.1562948779320249,0.1820462782269306,0.9985731732301507,25,allenai/scibert_scivocab_uncased
SentenceTransformer,0.9,9,0.14596949891067537,0.18678561471982158,0.16387428152134034,0.18678561471982158,0.9986411173620483,25,allenai/scibert_scivocab_uncased
SentenceTransformer,0.9,10,0.12650368645712068,0.18176749372734877,0.14918201578766732,0.18176749372734877,0.9984393648887605,25,allenai/scibert_scivocab_uncased
SentenceTransformer,0.95,1,0.8162162162162162,0.04209645943685531,0.08006362672322376,0.04209645943685531,0.9999882137730381,25,allenai/scibert_scivocab_uncased
SentenceTransformer,0.95,2,0.8162162162162162,0.04209645943685531,0.08006362672322376,0.04209645943685531,0.9999882137730381,25,allenai/scibert_scivocab_uncased
SentenceTransformer,0.95,3,0.8162162162162162,0.04209645943685531,0.08006362672322376,0.04209645943685531,0.9999882137730381,25,allenai/scibert_scivocab_uncased
SentenceTransformer,0.95,4,0.8162162162162162,0.04209645943685531,0.08006362672322376,0.04209645943685531,0.9999882137730381,25,allenai/scibert_scivocab_uncased
SentenceTransformer,0.95,5,0.8162162162162162,0.04209645943685531,0.08006362672322376,0.04209645943685531,0.9999882137730381,25,allenai/scibert_scivocab_uncased
SentenceTransformer,0.95,6,0.8162162162162162,0.04209645943685531,0.08006362672322376,0.04209645943685531,0.9999882137730381,25,allenai/scibert_scivocab_uncased
SentenceTransformer,0.95,7,0.825136612021858,0.04209645943685531,0.08010610079575597,0.04209645943685531,0.9999889070805065,25,allenai/scibert_scivocab_uncased
SentenceTransformer,0.95,8,0.8162162162162162,0.04209645943685531,0.08006362672322376,0.04209645943685531,0.9999882137730381,25,allenai/scibert_scivocab_uncased
SentenceTransformer,0.95,9,0.8162162162162162,0.04209645943685531,0.08006362672322376,0.04209645943685531,0.9999882137730381,25,allenai/scibert_scivocab_uncased
SentenceTransformer,0.95,10,0.8162162162162162,0.04209645943685531,0.08006362672322376,0.04209645943685531,0.9999882137730381,25,allenai/scibert_scivocab_uncased
SentenceTransformer,0.1,1,0.0046101989779275855,0.35461388346807915,0.00910206549623073,0.35461388346807915,0.9047957117546468,50,allenai/scibert_scivocab_uncased
SentenceTransformer,0.1,2,0.005557442761057137,0.34206858098689713,0.010937193589217907,0.34206858098689713,0.9238893994328051,50,allenai/scibert_scivocab_uncased
SentenceTransformer,0.1,3,0.005083645361632973,0.34708670197936997,0.010020523964747072,0.34708670197936997,0.9155350444392755,50,allenai/scibert_scivocab_uncased
SentenceTransformer,0.1,4,0.004063855967877728,0.34987454697518816,0.008034391034771948,0.34987454697518816,0.8933814442495865,50,allenai/scibert_scivocab_uncased
SentenceTransformer,0.1,5,0.007109374063372936,0.33063841650404235,0.013919452611071012,0.33063841650404235,0.9425816620867931,50,allenai/scibert_scivocab_uncased
SentenceTransformer,0.1,6,0.00572274990879642,0.3629774184555339,0.0112678494158373,0.3629774184555339,0.9215831121393632,50,allenai/scibert_scivocab_uncased
SentenceTransformer,0.1,7,0.005579406453371495,0.3652076944521885,0.010990901044135599,0.3652076944521885,0.9190625928382031,50,allenai/scibert_scivocab_uncased
SentenceTransformer,0.1,8,0.004924937027707808,0.34067465848898804,0.009709509280447495,0.34067465848898804,0.9144101530718894,50,allenai/scibert_scivocab_uncased
SentenceTransformer,0.1,9,0.005828355674531035,0.3253415110119877,0.011451561465054093,0.3253415110119877,0.9309947610221154,50,allenai/scibert_scivocab_uncased
SentenceTransformer,0.1,10,0.0058178392805077715,0.36158349595762473,0.011451426351524355,0.36158349595762473,0.9231683596657287,50,allenai/scibert_scivocab_uncased
SentenceTransformer,0.15,1,0.0046101989779275855,0.35461388346807915,0.00910206549623073,0.35461388346807915,0.9047957117546468,50,allenai/scibert_scivocab_uncased
SentenceTransformer,0.15,2,0.005557442761057137,0.34206858098689713,0.010937193589217907,0.34206858098689713,0.9238893994328051,50,allenai/scibert_scivocab_uncased
SentenceTransformer,0.15,3,0.005083645361632973,0.34708670197936997,0.010020523964747072,0.34708670197936997,0.9155350444392755,50,allenai/scibert_scivocab_uncased
SentenceTransformer,0.15,4,0.004063855967877728,0.34987454697518816,0.008034391034771948,0.34987454697518816,0.8933814442495865,50,allenai/scibert_scivocab_uncased
SentenceTransformer,0.15,5,0.007109374063372936,0.33063841650404235,0.013919452611071012,0.33063841650404235,0.9425816620867931,50,allenai/scibert_scivocab_uncased
SentenceTransformer,0.15,6,0.00572274990879642,0.3629774184555339,0.0112678494158373,0.3629774184555339,0.9215831121393632,50,allenai/scibert_scivocab_uncased
SentenceTransformer,0.15,7,0.005579406453371495,0.3652076944521885,0.010990901044135599,0.3652076944521885,0.9190625928382031,50,allenai/scibert_scivocab_uncased
SentenceTransformer,0.15,8,0.004924937027707808,0.34067465848898804,0.009709509280447495,0.34067465848898804,0.9144101530718894,50,allenai/scibert_scivocab_uncased
SentenceTransformer,0.15,9,0.005828355674531035,0.3253415110119877,0.011451561465054093,0.3253415110119877,0.9309947610221154,50,allenai/scibert_scivocab_uncased
SentenceTransformer,0.15,10,0.0058178392805077715,0.36158349595762473,0.011451426351524355,0.36158349595762473,0.9231683596657287,50,allenai/scibert_scivocab_uncased
SentenceTransformer,0.2,1,0.0046101989779275855,0.35461388346807915,0.00910206549623073,0.35461388346807915,0.9047957117546468,50,allenai/scibert_scivocab_uncased
SentenceTransformer,0.2,2,0.005557442761057137,0.34206858098689713,0.010937193589217907,0.34206858098689713,0.9238893994328051,50,allenai/scibert_scivocab_uncased
SentenceTransformer,0.2,3,0.005083645361632973,0.34708670197936997,0.010020523964747072,0.34708670197936997,0.9155350444392755,50,allenai/scibert_scivocab_uncased
SentenceTransformer,0.2,4,0.004063855967877728,0.34987454697518816,0.008034391034771948,0.34987454697518816,0.8933814442495865,50,allenai/scibert_scivocab_uncased
SentenceTransformer,0.2,5,0.007109374063372936,0.33063841650404235,0.013919452611071012,0.33063841650404235,0.9425816620867931,50,allenai/scibert_scivocab_uncased
SentenceTransformer,0.2,6,0.00572274990879642,0.3629774184555339,0.0112678494158373,0.3629774184555339,0.9215831121393632,50,allenai/scibert_scivocab_uncased
SentenceTransformer,0.2,7,0.005579406453371495,0.3652076944521885,0.010990901044135599,0.3652076944521885,0.9190625928382031,50,allenai/scibert_scivocab_uncased
SentenceTransformer,0.2,8,0.004924937027707808,0.34067465848898804,0.009709509280447495,0.34067465848898804,0.9144101530718894,50,allenai/scibert_scivocab_uncased
SentenceTransformer,0.2,9,0.005828355674531035,0.3253415110119877,0.011451561465054093,0.3253415110119877,0.9309947610221154,50,allenai/scibert_scivocab_uncased
SentenceTransformer,0.2,10,0.0058178392805077715,0.36158349595762473,0.011451426351524355,0.36158349595762473,0.9231683596657287,50,allenai/scibert_scivocab_uncased
SentenceTransformer,0.25,1,0.0046101989779275855,0.35461388346807915,0.00910206549623073,0.35461388346807915,0.9047957117546468,50,allenai/scibert_scivocab_uncased
SentenceTransformer,0.25,2,0.005557442761057137,0.34206858098689713,0.010937193589217907,0.34206858098689713,0.9238893994328051,50,allenai/scibert_scivocab_uncased
SentenceTransformer,0.25,3,0.005083645361632973,0.34708670197936997,0.010020523964747072,0.34708670197936997,0.9155350444392755,50,allenai/scibert_scivocab_uncased
SentenceTransformer,0.25,4,0.004063855967877728,0.34987454697518816,0.008034391034771948,0.34987454697518816,0.8933814442495865,50,allenai/scibert_scivocab_uncased
SentenceTransformer,0.25,5,0.007109374063372936,0.33063841650404235,0.013919452611071012,0.33063841650404235,0.9425816620867931,50,allenai/scibert_scivocab_uncased
SentenceTransformer,0.25,6,0.00572274990879642,0.3629774184555339,0.0112678494158373,0.3629774184555339,0.9215831121393632,50,allenai/scibert_scivocab_uncased
SentenceTransformer,0.25,7,0.005579406453371495,0.3652076944521885,0.010990901044135599,0.3652076944521885,0.9190625928382031,50,allenai/scibert_scivocab_uncased
SentenceTransformer,0.25,8,0.004924937027707808,0.34067465848898804,0.009709509280447495,0.34067465848898804,0.9144101530718894,50,allenai/scibert_scivocab_uncased
SentenceTransformer,0.25,9,0.005828355674531035,0.3253415110119877,0.011451561465054093,0.3253415110119877,0.9309947610221154,50,allenai/scibert_scivocab_uncased
SentenceTransformer,0.25,10,0.0058178392805077715,0.36158349595762473,0.011451426351524355,0.36158349595762473,0.9231683596657287,50,allenai/scibert_scivocab_uncased
SentenceTransformer,0.3,1,0.0046101989779275855,0.35461388346807915,0.00910206549623073,0.35461388346807915,0.9047957117546468,50,allenai/scibert_scivocab_uncased
SentenceTransformer,0.3,2,0.005557442761057137,0.34206858098689713,0.010937193589217907,0.34206858098689713,0.9238893994328051,50,allenai/scibert_scivocab_uncased
SentenceTransformer,0.3,3,0.005083645361632973,0.34708670197936997,0.010020523964747072,0.34708670197936997,0.9155350444392755,50,allenai/scibert_scivocab_uncased
SentenceTransformer,0.3,4,0.004063855967877728,0.34987454697518816,0.008034391034771948,0.34987454697518816,0.8933814442495865,50,allenai/scibert_scivocab_uncased
SentenceTransformer,0.3,5,0.007109374063372936,0.33063841650404235,0.013919452611071012,0.33063841650404235,0.9425816620867931,50,allenai/scibert_scivocab_uncased
SentenceTransformer,0.3,6,0.00572274990879642,0.3629774184555339,0.0112678494158373,0.3629774184555339,0.9215831121393632,50,allenai/scibert_scivocab_uncased
SentenceTransformer,0.3,7,0.005579406453371495,0.3652076944521885,0.010990901044135599,0.3652076944521885,0.9190625928382031,50,allenai/scibert_scivocab_uncased
SentenceTransformer,0.3,8,0.004924937027707808,0.34067465848898804,0.009709509280447495,0.34067465848898804,0.9144101530718894,50,allenai/scibert_scivocab_uncased
SentenceTransformer,0.3,9,0.005828355674531035,0.3253415110119877,0.011451561465054093,0.3253415110119877,0.9309947610221154,50,allenai/scibert_scivocab_uncased
SentenceTransformer,0.3,10,0.0058178392805077715,0.36158349595762473,0.011451426351524355,0.36158349595762473,0.9231683596657287,50,allenai/scibert_scivocab_uncased
SentenceTransformer,0.35,1,0.0046101989779275855,0.35461388346807915,0.00910206549623073,0.35461388346807915,0.9047957117546468,50,allenai/scibert_scivocab_uncased
SentenceTransformer,0.35,2,0.005557442761057137,0.34206858098689713,0.010937193589217907,0.34206858098689713,0.9238893994328051,50,allenai/scibert_scivocab_uncased
SentenceTransformer,0.35,3,0.005083645361632973,0.34708670197936997,0.010020523964747072,0.34708670197936997,0.9155350444392755,50,allenai/scibert_scivocab_uncased
SentenceTransformer,0.35,4,0.004063855967877728,0.34987454697518816,0.008034391034771948,0.34987454697518816,0.8933814442495865,50,allenai/scibert_scivocab_uncased
SentenceTransformer,0.35,5,0.007109374063372936,0.33063841650404235,0.013919452611071012,0.33063841650404235,0.9425816620867931,50,allenai/scibert_scivocab_uncased
SentenceTransformer,0.35,6,0.00572274990879642,0.3629774184555339,0.0112678494158373,0.3629774184555339,0.9215831121393632,50,allenai/scibert_scivocab_uncased
SentenceTransformer,0.35,7,0.005579406453371495,0.3652076944521885,0.010990901044135599,0.3652076944521885,0.9190625928382031,50,allenai/scibert_scivocab_uncased
SentenceTransformer,0.35,8,0.004924937027707808,0.34067465848898804,0.009709509280447495,0.34067465848898804,0.9144101530718894,50,allenai/scibert_scivocab_uncased
SentenceTransformer,0.35,9,0.005828355674531035,0.3253415110119877,0.011451561465054093,0.3253415110119877,0.9309947610221154,50,allenai/scibert_scivocab_uncased
SentenceTransformer,0.35,10,0.0058178392805077715,0.36158349595762473,0.011451426351524355,0.36158349595762473,0.9231683596657287,50,allenai/scibert_scivocab_uncased
SentenceTransformer,0.4,1,0.0046101989779275855,0.35461388346807915,0.00910206549623073,0.35461388346807915,0.9047957117546468,50,allenai/scibert_scivocab_uncased
SentenceTransformer,0.4,2,0.005557442761057137,0.34206858098689713,0.010937193589217907,0.34206858098689713,0.9238893994328051,50,allenai/scibert_scivocab_uncased
SentenceTransformer,0.4,3,0.005083645361632973,0.34708670197936997,0.010020523964747072,0.34708670197936997,0.9155350444392755,50,allenai/scibert_scivocab_uncased
SentenceTransformer,0.4,4,0.004063855967877728,0.34987454697518816,0.008034391034771948,0.34987454697518816,0.8933814442495865,50,allenai/scibert_scivocab_uncased
SentenceTransformer,0.4,5,0.007109374063372936,0.33063841650404235,0.013919452611071012,0.33063841650404235,0.9425816620867931,50,allenai/scibert_scivocab_uncased
SentenceTransformer,0.4,6,0.00572274990879642,0.3629774184555339,0.0112678494158373,0.3629774184555339,0.9215831121393632,50,allenai/scibert_scivocab_uncased
SentenceTransformer,0.4,7,0.005579406453371495,0.3652076944521885,0.010990901044135599,0.3652076944521885,0.9190625928382031,50,allenai/scibert_scivocab_uncased
SentenceTransformer,0.4,8,0.004924937027707808,0.34067465848898804,0.009709509280447495,0.34067465848898804,0.9144101530718894,50,allenai/scibert_scivocab_uncased
SentenceTransformer,0.4,9,0.005828355674531035,0.3253415110119877,0.011451561465054093,0.3253415110119877,0.9309947610221154,50,allenai/scibert_scivocab_uncased
SentenceTransformer,0.4,10,0.0058178392805077715,0.36158349595762473,0.011451426351524355,0.36158349595762473,0.9231683596657287,50,allenai/scibert_scivocab_uncased
SentenceTransformer,0.45,1,0.0046101989779275855,0.35461388346807915,0.00910206549623073,0.35461388346807915,0.9047957117546468,50,allenai/scibert_scivocab_uncased
SentenceTransformer,0.45,2,0.005557442761057137,0.34206858098689713,0.010937193589217907,0.34206858098689713,0.9238893994328051,50,allenai/scibert_scivocab_uncased
SentenceTransformer,0.45,3,0.005083645361632973,0.34708670197936997,0.010020523964747072,0.34708670197936997,0.9155350444392755,50,allenai/scibert_scivocab_uncased
SentenceTransformer,0.45,4,0.004063855967877728,0.34987454697518816,0.008034391034771948,0.34987454697518816,0.8933814442495865,50,allenai/scibert_scivocab_uncased
SentenceTransformer,0.45,5,0.007109374063372936,0.33063841650404235,0.013919452611071012,0.33063841650404235,0.9425816620867931,50,allenai/scibert_scivocab_uncased
SentenceTransformer,0.45,6,0.00572274990879642,0.3629774184555339,0.0112678494158373,0.3629774184555339,0.9215831121393632,50,allenai/scibert_scivocab_uncased
SentenceTransformer,0.45,7,0.005579406453371495,0.3652076944521885,0.010990901044135599,0.3652076944521885,0.9190625928382031,50,allenai/scibert_scivocab_uncased
SentenceTransformer,0.45,8,0.004924937027707808,0.34067465848898804,0.009709509280447495,0.34067465848898804,0.9144101530718894,50,allenai/scibert_scivocab_uncased
SentenceTransformer,0.45,9,0.005828355674531035,0.3253415110119877,0.011451561465054093,0.3253415110119877,0.9309947610221154,50,allenai/scibert_scivocab_uncased
SentenceTransformer,0.45,10,0.0058178392805077715,0.36158349595762473,0.011451426351524355,0.36158349595762473,0.9231683596657287,50,allenai/scibert_scivocab_uncased
SentenceTransformer,0.5,1,0.0046101989779275855,0.35461388346807915,0.00910206549623073,0.35461388346807915,0.9047957117546468,50,allenai/scibert_scivocab_uncased
SentenceTransformer,0.5,2,0.005557442761057137,0.34206858098689713,0.010937193589217907,0.34206858098689713,0.9238893994328051,50,allenai/scibert_scivocab_uncased
SentenceTransformer,0.5,3,0.005083645361632973,0.34708670197936997,0.010020523964747072,0.34708670197936997,0.9155350444392755,50,allenai/scibert_scivocab_uncased
SentenceTransformer,0.5,4,0.004063855967877728,0.34987454697518816,0.008034391034771948,0.34987454697518816,0.8933814442495865,50,allenai/scibert_scivocab_uncased
SentenceTransformer,0.5,5,0.007109374063372936,0.33063841650404235,0.013919452611071012,0.33063841650404235,0.9425816620867931,50,allenai/scibert_scivocab_uncased
SentenceTransformer,0.5,6,0.00572274990879642,0.3629774184555339,0.0112678494158373,0.3629774184555339,0.9215831121393632,50,allenai/scibert_scivocab_uncased
SentenceTransformer,0.5,7,0.005579406453371495,0.3652076944521885,0.010990901044135599,0.3652076944521885,0.9190625928382031,50,allenai/scibert_scivocab_uncased
SentenceTransformer,0.5,8,0.004924937027707808,0.34067465848898804,0.009709509280447495,0.34067465848898804,0.9144101530718894,50,allenai/scibert_scivocab_uncased
SentenceTransformer,0.5,9,0.005828355674531035,0.3253415110119877,0.011451561465054093,0.3253415110119877,0.9309947610221154,50,allenai/scibert_scivocab_uncased
SentenceTransformer,0.5,10,0.0058178392805077715,0.36158349595762473,0.011451426351524355,0.36158349595762473,0.9231683596657287,50,allenai/scibert_scivocab_uncased
SentenceTransformer,0.55,1,0.0046101989779275855,0.35461388346807915,0.00910206549623073,0.35461388346807915,0.9047957117546468,50,allenai/scibert_scivocab_uncased
SentenceTransformer,0.55,2,0.005557442761057137,0.34206858098689713,0.010937193589217907,0.34206858098689713,0.9238893994328051,50,allenai/scibert_scivocab_uncased
SentenceTransformer,0.55,3,0.005083645361632973,0.34708670197936997,0.010020523964747072,0.34708670197936997,0.9155350444392755,50,allenai/scibert_scivocab_uncased
SentenceTransformer,0.55,4,0.004063855967877728,0.34987454697518816,0.008034391034771948,0.34987454697518816,0.8933814442495865,50,allenai/scibert_scivocab_uncased
SentenceTransformer,0.55,5,0.007109374063372936,0.33063841650404235,0.013919452611071012,0.33063841650404235,0.9425816620867931,50,allenai/scibert_scivocab_uncased
SentenceTransformer,0.55,6,0.00572274990879642,0.3629774184555339,0.0112678494158373,0.3629774184555339,0.9215831121393632,50,allenai/scibert_scivocab_uncased
SentenceTransformer,0.55,7,0.005579406453371495,0.3652076944521885,0.010990901044135599,0.3652076944521885,0.9190625928382031,50,allenai/scibert_scivocab_uncased
SentenceTransformer,0.55,8,0.004924937027707808,0.34067465848898804,0.009709509280447495,0.34067465848898804,0.9144101530718894,50,allenai/scibert_scivocab_uncased
SentenceTransformer,0.55,9,0.005828355674531035,0.3253415110119877,0.011451561465054093,0.3253415110119877,0.9309947610221154,50,allenai/scibert_scivocab_uncased
SentenceTransformer,0.55,10,0.0058178392805077715,0.36158349595762473,0.011451426351524355,0.36158349595762473,0.9231683596657287,50,allenai/scibert_scivocab_uncased
SentenceTransformer,0.6,1,0.0046101989779275855,0.35461388346807915,0.00910206549623073,0.35461388346807915,0.9047957117546468,50,allenai/scibert_scivocab_uncased
SentenceTransformer,0.6,2,0.005557442761057137,0.34206858098689713,0.010937193589217907,0.34206858098689713,0.9238893994328051,50,allenai/scibert_scivocab_uncased
SentenceTransformer,0.6,3,0.005188029550482073,0.3465291329802063,0.010223006287601212,0.3465291329802063,0.9173761224214595,50,allenai/scibert_scivocab_uncased
SentenceTransformer,0.6,4,0.004045000632031349,0.3479230554781154,0.007997026746466058,0.3479230554781154,0.8934798939100912,50,allenai/scibert_scivocab_uncased
SentenceTransformer,0.6,5,0.007109374063372936,0.33063841650404235,0.013919452611071012,0.33063841650404235,0.9425816620867931,50,allenai/scibert_scivocab_uncased
SentenceTransformer,0.6,6,0.005544474265798736,0.35879565096180654,0.010920198549064529,0.35879565096180654,0.9199798386188206,50,allenai/scibert_scivocab_uncased
SentenceTransformer,0.6,7,0.005579406453371495,0.3652076944521885,0.010990901044135599,0.3652076944521885,0.9190625928382031,50,allenai/scibert_scivocab_uncased
SentenceTransformer,0.6,8,0.005002932046240215,0.3401170894898244,0.009860816992935775,0.3401170894898244,0.9158889779018644,50,allenai/scibert_scivocab_uncased
SentenceTransformer,0.6,9,0.005828355674531035,0.3253415110119877,0.011451561465054093,0.3253415110119877,0.9309947610221154,50,allenai/scibert_scivocab_uncased
SentenceTransformer,0.6,10,0.0058178392805077715,0.36158349595762473,0.011451426351524355,0.36158349595762473,0.9231683596657287,50,allenai/scibert_scivocab_uncased
SentenceTransformer,0.65,1,0.0046431779329528,0.3574017284638974,0.009167259582896839,0.3574017284638974,0.9047319274675593,50,allenai/scibert_scivocab_uncased
SentenceTransformer,0.65,2,0.005765534913516977,0.34625034848062447,0.01134220679893153,0.34625034848062447,0.9257550898301155,50,allenai/scibert_scivocab_uncased
SentenceTransformer,0.65,3,0.005157008767750725,0.3440200724839699,0.01016168944263051,0.3440200724839699,0.91747838527304,50,allenai/scibert_scivocab_uncased
SentenceTransformer,0.65,4,0.004037407287971622,0.3490381934764427,0.007982479350435306,0.3490381934764427,0.8929366875086446,50,allenai/scibert_scivocab_uncased
SentenceTransformer,0.65,5,0.007459907575285851,0.34067465848898804,0.01460010991899448,0.34067465848898804,0.9436386093222815,50,allenai/scibert_scivocab_uncased
SentenceTransformer,0.65,6,0.005531632133518584,0.3574017284638974,0.010894644033227815,0.3574017284638974,0.9201046339631223,50,allenai/scibert_scivocab_uncased
SentenceTransformer,0.65,7,0.005607304560328739,0.37357122943964316,0.011048767114251673,0.37357122943964316,0.9176232865339237,50,allenai/scibert_scivocab_uncased
SentenceTransformer,0.65,8,0.005037448357841711,0.3378868134931698,0.009926899686712943,0.3378868134931698,0.9170159491916555,50,allenai/scibert_scivocab_uncased
SentenceTransformer,0.65,9,0.005868679547101902,0.3272930025090605,0.01153060422723344,0.3272930025090605,0.931060625231608,50,allenai/scibert_scivocab_uncased
SentenceTransformer,0.65,10,0.005842307105071715,0.36269863395595203,0.011499383488087399,0.36269863395595203,0.9232560630604741,50,allenai/scibert_scivocab_uncased
SentenceTransformer,0.7,1,0.004685835223854634,0.36046835795929744,0.00925140863965656,0.36046835795929744,0.9047932851785077,50,allenai/scibert_scivocab_uncased
SentenceTransformer,0.7,2,0.0057324391104835865,0.33955952049066074,0.011274541566772501,0.33955952049066074,0.9267669720801616,50,allenai/scibert_scivocab_uncased
SentenceTransformer,0.7,3,0.005297090516352964,0.3582380819626429,0.01043981265207801,0.3582380819626429,0.9163521072907174,50,allenai/scibert_scivocab_uncased
SentenceTransformer,0.7,4,0.004101864061971943,0.3451352104822972,0.008107373584238428,0.3451352104822972,0.8958042071977101,50,allenai/scibert_scivocab_uncased
SentenceTransformer,0.7,5,0.007704901642212613,0.3437412879843881,0.01507196772912019,0.3437412879843881,0.9449531202822593,50,allenai/scibert_scivocab_uncased
SentenceTransformer,0.7,6,0.005461552641393768,0.3551714524672428,0.010757681947528857,0.3551714524672428,0.9195787602483844,50,allenai/scibert_scivocab_uncased
SentenceTransformer,0.7,7,0.005482891584786257,0.35795929746306104,0.01080035328258401,0.35795929746306104,0.9192646919652251,50,allenai/scibert_scivocab_uncased
SentenceTransformer,0.7,8,0.005031917595354624,0.32589908001115137,0.009910811177428107,0.32589908001115137,0.9198716826537592,50,allenai/scibert_scivocab_uncased
SentenceTransformer,0.7,9,0.006094177184255946,0.33370504599944245,0.011969760604787905,0.33370504599944245,0.9323262580150676,50,allenai/scibert_scivocab_uncased
SentenceTransformer,0.7,10,0.005802372119373527,0.3540563144689155,0.011417628998979605,0.3540563144689155,0.9245660675219076,50,allenai/scibert_scivocab_uncased
SentenceTransformer,0.75,1,0.006149882813256629,0.3540563144689155,0.012089768914062686,0.3540563144689155,0.928853480906139,50,allenai/scibert_scivocab_uncased
SentenceTransformer,0.75,2,0.00545240543193565,0.32673543350989687,0.010725823426589426,0.32673543350989687,0.9258927113625814,50,allenai/scibert_scivocab_uncased
SentenceTransformer,0.75,3,0.005248242293131422,0.3381655979927516,0.010336071440744402,0.3381655979927516,0.9203001466691949,50,allenai/scibert_scivocab_uncased
SentenceTransformer,0.75,4,0.004082045195934909,0.3490381934764427,0.008069714079459613,0.3490381934764427,0.8941121903212198,50,allenai/scibert_scivocab_uncased
SentenceTransformer,0.75,5,0.0076432708798498524,0.32924449400613326,0.014939722457653919,0.32924449400613326,0.9468461963245691,50,allenai/scibert_scivocab_uncased
SentenceTransformer,0.75,6,0.006071832870227436,0.345413994981879,0.011933886844792048,0.345413994981879,0.9296923829428336,50,allenai/scibert_scivocab_uncased
SentenceTransformer,0.75,7,0.005636581098932486,0.35210482297184276,0.011095542016788267,0.35210482297184276,0.9227624281430141,50,allenai/scibert_scivocab_uncased
SentenceTransformer,0.75,8,0.00536136211965442,0.33147477000278786,0.01055205250289538,0.33147477000278786,0.9235340793552795,50,allenai/scibert_scivocab_uncased
SentenceTransformer,0.75,9,0.00635308871005353,0.3417897964873153,0.012474308622128161,0.3417897964873153,0.9335287998189081,50,allenai/scibert_scivocab_uncased
SentenceTransformer,0.75,10,0.007101902888956596,0.3574017284638974,0.013927062172056795,0.3574017284638974,0.9378682112632651,50,allenai/scibert_scivocab_uncased
SentenceTransformer,0.8,1,0.00617656849087076,0.2793420685809869,0.012085904000289483,0.2793420685809869,0.9441110983619571,50,allenai/scibert_scivocab_uncased
SentenceTransformer,0.8,2,0.006938633193863319,0.33286869250069695,0.013593902098857497,0.33286869250069695,0.9407617299823935,50,allenai/scibert_scivocab_uncased
SentenceTransformer,0.8,3,0.005673751873176118,0.3208809590186786,0.011150345602588508,0.3208809590186786,0.930075435319093,50,allenai/scibert_scivocab_uncased
SentenceTransformer,0.8,4,0.004264377144647103,0.33398383049902425,0.008421230216611193,0.33398383049902425,0.9030291643253096,50,allenai/scibert_scivocab_uncased
SentenceTransformer,0.8,5,0.008525341901732517,0.29439643155840534,0.016570814339403543,0.29439643155840534,0.9574274549064157,50,allenai/scibert_scivocab_uncased
SentenceTransformer,0.8,6,0.006994043026019321,0.31586283802620574,0.013685062386008142,0.31586283802620574,0.9442365870137271,50,allenai/scibert_scivocab_uncased
SentenceTransformer,0.8,7,0.0061861130236745936,0.32562029551156957,0.012141561458858505,0.32562029551156957,0.9349532000126182,50,allenai/scibert_scivocab_uncased
SentenceTransformer,0.8,8,0.005695721012481237,0.30889322553666015,0.011185196775675225,0.30889322553666015,0.9329488481216394,50,allenai/scibert_scivocab_uncased
SentenceTransformer,0.8,9,0.006464918656667908,0.3049902425425146,0.01266145085875654,0.3049902425425146,0.9417181476349722,50,allenai/scibert_scivocab_uncased
SentenceTransformer,0.8,10,0.0068355350866561625,0.31446891552829664,0.013380227392694254,0.31446891552829664,0.9431862261991879,50,allenai/scibert_scivocab_uncased
SentenceTransformer,0.85,1,0.023970915914155035,0.28491775857262336,0.044221366448877156,0.28491775857262336,0.9855746981599273,50,allenai/scibert_scivocab_uncased
SentenceTransformer,0.85,2,0.027513227513227514,0.28268748257596876,0.05014588793828199,0.28268748257596876,0.9875755835135643,50,allenai/scibert_scivocab_uncased
SentenceTransformer,0.85,3,0.019879047990635973,0.2840814050738779,0.03715791200977264,0.2840814050738779,0.9825837697414969,50,allenai/scibert_scivocab_uncased
SentenceTransformer,0.85,4,0.022321232606119134,0.28352383607471426,0.04138436183849112,0.28352383607471426,0.9845583094113369,50,allenai/scibert_scivocab_uncased
SentenceTransformer,0.85,5,0.020647379211796137,0.2779481460830778,0.038439295215329454,0.2779481460830778,0.9836067449110365,50,allenai/scibert_scivocab_uncased
SentenceTransformer,0.85,6,0.020416392538041978,0.26819068859771394,0.03794422750759279,0.26819068859771394,0.9839995035918526,50,allenai/scibert_scivocab_uncased
SentenceTransformer,0.85,7,0.019912656757081613,0.27711179258433233,0.03715540603681899,0.27711179258433233,0.9830403127094005,50,allenai/scibert_scivocab_uncased
SentenceTransformer,0.85,8,0.02768270310232469,0.2818511290772233,0.05041388251720355,0.2818511290772233,0.9876903258995751,50,allenai/scibert_scivocab_uncased
SentenceTransformer,0.85,9,0.023712753421033645,0.27488151658767773,0.04365922777187389,0.27488151658767773,0.9859275916613137,50,allenai/scibert_scivocab_uncased
SentenceTransformer,0.85,10,0.03153919960382556,0.2840814050738779,0.056775128147983064,0.2840814050738779,0.9891532046577782,50,allenai/scibert_scivocab_uncased
SentenceTransformer,0.9,1,0.12846347607052896,0.1848341232227488,0.15157750342935528,0.1848341232227488,0.9984407515036973,50,allenai/scibert_scivocab_uncased
SentenceTransformer,0.9,2,0.12707398008979115,0.18148870922776694,0.1494833524684271,0.18148870922776694,0.9984497645007857,50,allenai/scibert_scivocab_uncased
SentenceTransformer,0.9,3,0.1424507658643326,0.18148870922776694,0.15961750643618977,0.18148870922776694,0.9986414640157825,50,allenai/scibert_scivocab_uncased
SentenceTransformer,0.9,4,0.14874141876430205,0.18120992472818512,0.16337815759708432,0.18120992472818512,0.9987104481088825,50,allenai/scibert_scivocab_uncased
SentenceTransformer,0.9,5,0.12627251370399373,0.179816002230276,0.14836112708453134,0.179816002230276,0.9984528843843933,50,allenai/scibert_scivocab_uncased
SentenceTransformer,0.9,6,0.13261793885401904,0.18260384722609424,0.15364766596293689,0.18260384722609424,0.9985149354028099,50,allenai/scibert_scivocab_uncased
SentenceTransformer,0.9,7,0.13498060036757198,0.18427655422358516,0.1558227251296558,0.18427655422358516,0.9985315747820501,50,allenai/scibert_scivocab_uncased
SentenceTransformer,0.9,8,0.14032815198618306,0.18120992472818512,0.1581700936853632,0.18120992472818512,0.9986196248305297,50,allenai/scibert_scivocab_uncased
SentenceTransformer,0.9,9,0.1450698080279232,0.18539169222191246,0.1627707746909803,0.18539169222191246,0.9986414640157825,50,allenai/scibert_scivocab_uncased
SentenceTransformer,0.9,10,0.12650368645712068,0.18176749372734877,0.14918201578766732,0.18176749372734877,0.9984393648887605,50,allenai/scibert_scivocab_uncased
SentenceTransformer,0.95,1,0.8162162162162162,0.04209645943685531,0.08006362672322376,0.04209645943685531,0.9999882137730381,50,allenai/scibert_scivocab_uncased
SentenceTransformer,0.95,2,0.8162162162162162,0.04209645943685531,0.08006362672322376,0.04209645943685531,0.9999882137730381,50,allenai/scibert_scivocab_uncased
SentenceTransformer,0.95,3,0.8162162162162162,0.04209645943685531,0.08006362672322376,0.04209645943685531,0.9999882137730381,50,allenai/scibert_scivocab_uncased
SentenceTransformer,0.95,4,0.8074866310160428,0.04209645943685531,0.0800211976682565,0.04209645943685531,0.9999875204655698,50,allenai/scibert_scivocab_uncased
SentenceTransformer,0.95,5,0.8162162162162162,0.04209645943685531,0.08006362672322376,0.04209645943685531,0.9999882137730381,50,allenai/scibert_scivocab_uncased
SentenceTransformer,0.95,6,0.8162162162162162,0.04209645943685531,0.08006362672322376,0.04209645943685531,0.9999882137730381,50,allenai/scibert_scivocab_uncased
SentenceTransformer,0.95,7,0.825136612021858,0.04209645943685531,0.08010610079575597,0.04209645943685531,0.9999889070805065,50,allenai/scibert_scivocab_uncased
SentenceTransformer,0.95,8,0.8162162162162162,0.04209645943685531,0.08006362672322376,0.04209645943685531,0.9999882137730381,50,allenai/scibert_scivocab_uncased
SentenceTransformer,0.95,9,0.8162162162162162,0.04209645943685531,0.08006362672322376,0.04209645943685531,0.9999882137730381,50,allenai/scibert_scivocab_uncased
SentenceTransformer,0.95,10,0.8162162162162162,0.04209645943685531,0.08006362672322376,0.04209645943685531,0.9999882137730381,50,allenai/scibert_scivocab_uncased
SentenceTransformer,0.1,1,0.007208144021080867,0.3401170894898244,0.01411710252256422,0.3401170894898244,0.9417507330859843,100,allenai/scibert_scivocab_uncased
SentenceTransformer,0.1,2,0.00942623608947698,0.3272930025090605,0.018324709481554322,0.3272930025090605,0.9572326355078113,100,allenai/scibert_scivocab_uncased
SentenceTransformer,0.1,3,0.006002504642224813,0.31000836353498745,0.01177697876013408,0.31000836353498745,0.9361657947747496,100,allenai/scibert_scivocab_uncased
SentenceTransformer,0.1,4,0.008988235651059247,0.33035963200446056,0.017500332284790216,0.33035963200446056,0.9547083030155755,100,allenai/scibert_scivocab_uncased
SentenceTransformer,0.1,5,0.011739270993291846,0.3239475885140786,0.02265747628471985,0.3239475885140786,0.9660896384158895,100,allenai/scibert_scivocab_uncased
SentenceTransformer,0.1,6,0.007680150468254072,0.32785057150822416,0.015008710412292849,0.32785057150822416,0.947327351707599,100,allenai/scibert_scivocab_uncased
SentenceTransformer,0.1,7,0.01045293237129354,0.3465291329802063,0.02029371188806622,0.3465291329802063,0.9592089084463222,100,allenai/scibert_scivocab_uncased
SentenceTransformer,0.1,8,0.0075137937727008065,0.3022023975466964,0.0146630144398228,0.3022023975466964,0.9503647317264083,100,allenai/scibert_scivocab_uncased
SentenceTransformer,0.1,9,0.00835681936089962,0.3323111235015333,0.016303641648144983,0.3323111235015333,0.9509672159163982,100,allenai/scibert_scivocab_uncased
SentenceTransformer,0.1,10,0.007440639726939512,0.3208809590186786,0.01454403012421183,0.3208809590186786,0.9467747856553298,100,allenai/scibert_scivocab_uncased
SentenceTransformer,0.15,1,0.007208144021080867,0.3401170894898244,0.01411710252256422,0.3401170894898244,0.9417507330859843,100,allenai/scibert_scivocab_uncased
SentenceTransformer,0.15,2,0.00942623608947698,0.3272930025090605,0.018324709481554322,0.3272930025090605,0.9572326355078113,100,allenai/scibert_scivocab_uncased
SentenceTransformer,0.15,3,0.006002504642224813,0.31000836353498745,0.01177697876013408,0.31000836353498745,0.9361657947747496,100,allenai/scibert_scivocab_uncased
SentenceTransformer,0.15,4,0.008988235651059247,0.33035963200446056,0.017500332284790216,0.33035963200446056,0.9547083030155755,100,allenai/scibert_scivocab_uncased
SentenceTransformer,0.15,5,0.011739270993291846,0.3239475885140786,0.02265747628471985,0.3239475885140786,0.9660896384158895,100,allenai/scibert_scivocab_uncased
SentenceTransformer,0.15,6,0.007680150468254072,0.32785057150822416,0.015008710412292849,0.32785057150822416,0.947327351707599,100,allenai/scibert_scivocab_uncased
SentenceTransformer,0.15,7,0.01045293237129354,0.3465291329802063,0.02029371188806622,0.3465291329802063,0.9592089084463222,100,allenai/scibert_scivocab_uncased
SentenceTransformer,0.15,8,0.0075137937727008065,0.3022023975466964,0.0146630144398228,0.3022023975466964,0.9503647317264083,100,allenai/scibert_scivocab_uncased
SentenceTransformer,0.15,9,0.00835681936089962,0.3323111235015333,0.016303641648144983,0.3323111235015333,0.9509672159163982,100,allenai/scibert_scivocab_uncased
SentenceTransformer,0.15,10,0.007440639726939512,0.3208809590186786,0.01454403012421183,0.3208809590186786,0.9467747856553298,100,allenai/scibert_scivocab_uncased
SentenceTransformer,0.2,1,0.007208144021080867,0.3401170894898244,0.01411710252256422,0.3401170894898244,0.9417507330859843,100,allenai/scibert_scivocab_uncased
SentenceTransformer,0.2,2,0.00942623608947698,0.3272930025090605,0.018324709481554322,0.3272930025090605,0.9572326355078113,100,allenai/scibert_scivocab_uncased
SentenceTransformer,0.2,3,0.006002504642224813,0.31000836353498745,0.01177697876013408,0.31000836353498745,0.9361657947747496,100,allenai/scibert_scivocab_uncased
SentenceTransformer,0.2,4,0.008988235651059247,0.33035963200446056,0.017500332284790216,0.33035963200446056,0.9547083030155755,100,allenai/scibert_scivocab_uncased
SentenceTransformer,0.2,5,0.011739270993291846,0.3239475885140786,0.02265747628471985,0.3239475885140786,0.9660896384158895,100,allenai/scibert_scivocab_uncased
SentenceTransformer,0.2,6,0.007680150468254072,0.32785057150822416,0.015008710412292849,0.32785057150822416,0.947327351707599,100,allenai/scibert_scivocab_uncased
SentenceTransformer,0.2,7,0.01045293237129354,0.3465291329802063,0.02029371188806622,0.3465291329802063,0.9592089084463222,100,allenai/scibert_scivocab_uncased
SentenceTransformer,0.2,8,0.0075137937727008065,0.3022023975466964,0.0146630144398228,0.3022023975466964,0.9503647317264083,100,allenai/scibert_scivocab_uncased
SentenceTransformer,0.2,9,0.00835681936089962,0.3323111235015333,0.016303641648144983,0.3323111235015333,0.9509672159163982,100,allenai/scibert_scivocab_uncased
SentenceTransformer,0.2,10,0.007440639726939512,0.3208809590186786,0.01454403012421183,0.3208809590186786,0.9467747856553298,100,allenai/scibert_scivocab_uncased
SentenceTransformer,0.25,1,0.007208144021080867,0.3401170894898244,0.01411710252256422,0.3401170894898244,0.9417507330859843,100,allenai/scibert_scivocab_uncased
SentenceTransformer,0.25,2,0.00942623608947698,0.3272930025090605,0.018324709481554322,0.3272930025090605,0.9572326355078113,100,allenai/scibert_scivocab_uncased
SentenceTransformer,0.25,3,0.006002504642224813,0.31000836353498745,0.01177697876013408,0.31000836353498745,0.9361657947747496,100,allenai/scibert_scivocab_uncased
SentenceTransformer,0.25,4,0.008988235651059247,0.33035963200446056,0.017500332284790216,0.33035963200446056,0.9547083030155755,100,allenai/scibert_scivocab_uncased
SentenceTransformer,0.25,5,0.011739270993291846,0.3239475885140786,0.02265747628471985,0.3239475885140786,0.9660896384158895,100,allenai/scibert_scivocab_uncased
SentenceTransformer,0.25,6,0.007680150468254072,0.32785057150822416,0.015008710412292849,0.32785057150822416,0.947327351707599,100,allenai/scibert_scivocab_uncased
SentenceTransformer,0.25,7,0.01045293237129354,0.3465291329802063,0.02029371188806622,0.3465291329802063,0.9592089084463222,100,allenai/scibert_scivocab_uncased
SentenceTransformer,0.25,8,0.0075137937727008065,0.3022023975466964,0.0146630144398228,0.3022023975466964,0.9503647317264083,100,allenai/scibert_scivocab_uncased
SentenceTransformer,0.25,9,0.00835681936089962,0.3323111235015333,0.016303641648144983,0.3323111235015333,0.9509672159163982,100,allenai/scibert_scivocab_uncased
SentenceTransformer,0.25,10,0.007440639726939512,0.3208809590186786,0.01454403012421183,0.3208809590186786,0.9467747856553298,100,allenai/scibert_scivocab_uncased
SentenceTransformer,0.3,1,0.007208144021080867,0.3401170894898244,0.01411710252256422,0.3401170894898244,0.9417507330859843,100,allenai/scibert_scivocab_uncased
SentenceTransformer,0.3,2,0.00942623608947698,0.3272930025090605,0.018324709481554322,0.3272930025090605,0.9572326355078113,100,allenai/scibert_scivocab_uncased
SentenceTransformer,0.3,3,0.006002504642224813,0.31000836353498745,0.01177697876013408,0.31000836353498745,0.9361657947747496,100,allenai/scibert_scivocab_uncased
SentenceTransformer,0.3,4,0.008988235651059247,0.33035963200446056,0.017500332284790216,0.33035963200446056,0.9547083030155755,100,allenai/scibert_scivocab_uncased
SentenceTransformer,0.3,5,0.011739270993291846,0.3239475885140786,0.02265747628471985,0.3239475885140786,0.9660896384158895,100,allenai/scibert_scivocab_uncased
SentenceTransformer,0.3,6,0.007680150468254072,0.32785057150822416,0.015008710412292849,0.32785057150822416,0.947327351707599,100,allenai/scibert_scivocab_uncased
SentenceTransformer,0.3,7,0.01045293237129354,0.3465291329802063,0.02029371188806622,0.3465291329802063,0.9592089084463222,100,allenai/scibert_scivocab_uncased
SentenceTransformer,0.3,8,0.0075137937727008065,0.3022023975466964,0.0146630144398228,0.3022023975466964,0.9503647317264083,100,allenai/scibert_scivocab_uncased
SentenceTransformer,0.3,9,0.00835681936089962,0.3323111235015333,0.016303641648144983,0.3323111235015333,0.9509672159163982,100,allenai/scibert_scivocab_uncased
SentenceTransformer,0.3,10,0.007440639726939512,0.3208809590186786,0.01454403012421183,0.3208809590186786,0.9467747856553298,100,allenai/scibert_scivocab_uncased
SentenceTransformer,0.35,1,0.007208144021080867,0.3401170894898244,0.01411710252256422,0.3401170894898244,0.9417507330859843,100,allenai/scibert_scivocab_uncased
SentenceTransformer,0.35,2,0.00942623608947698,0.3272930025090605,0.018324709481554322,0.3272930025090605,0.9572326355078113,100,allenai/scibert_scivocab_uncased
SentenceTransformer,0.35,3,0.006002504642224813,0.31000836353498745,0.01177697876013408,0.31000836353498745,0.9361657947747496,100,allenai/scibert_scivocab_uncased
SentenceTransformer,0.35,4,0.008988235651059247,0.33035963200446056,0.017500332284790216,0.33035963200446056,0.9547083030155755,100,allenai/scibert_scivocab_uncased
SentenceTransformer,0.35,5,0.011739270993291846,0.3239475885140786,0.02265747628471985,0.3239475885140786,0.9660896384158895,100,allenai/scibert_scivocab_uncased
SentenceTransformer,0.35,6,0.007680150468254072,0.32785057150822416,0.015008710412292849,0.32785057150822416,0.947327351707599,100,allenai/scibert_scivocab_uncased
SentenceTransformer,0.35,7,0.01045293237129354,0.3465291329802063,0.02029371188806622,0.3465291329802063,0.9592089084463222,100,allenai/scibert_scivocab_uncased
SentenceTransformer,0.35,8,0.0075137937727008065,0.3022023975466964,0.0146630144398228,0.3022023975466964,0.9503647317264083,100,allenai/scibert_scivocab_uncased
SentenceTransformer,0.35,9,0.00835681936089962,0.3323111235015333,0.016303641648144983,0.3323111235015333,0.9509672159163982,100,allenai/scibert_scivocab_uncased
SentenceTransformer,0.35,10,0.007440639726939512,0.3208809590186786,0.01454403012421183,0.3208809590186786,0.9467747856553298,100,allenai/scibert_scivocab_uncased
SentenceTransformer,0.4,1,0.007208144021080867,0.3401170894898244,0.01411710252256422,0.3401170894898244,0.9417507330859843,100,allenai/scibert_scivocab_uncased
SentenceTransformer,0.4,2,0.00942623608947698,0.3272930025090605,0.018324709481554322,0.3272930025090605,0.9572326355078113,100,allenai/scibert_scivocab_uncased
SentenceTransformer,0.4,3,0.006002504642224813,0.31000836353498745,0.01177697876013408,0.31000836353498745,0.9361657947747496,100,allenai/scibert_scivocab_uncased
SentenceTransformer,0.4,4,0.008988235651059247,0.33035963200446056,0.017500332284790216,0.33035963200446056,0.9547083030155755,100,allenai/scibert_scivocab_uncased
SentenceTransformer,0.4,5,0.011739270993291846,0.3239475885140786,0.02265747628471985,0.3239475885140786,0.9660896384158895,100,allenai/scibert_scivocab_uncased
SentenceTransformer,0.4,6,0.007680150468254072,0.32785057150822416,0.015008710412292849,0.32785057150822416,0.947327351707599,100,allenai/scibert_scivocab_uncased
SentenceTransformer,0.4,7,0.01045293237129354,0.3465291329802063,0.02029371188806622,0.3465291329802063,0.9592089084463222,100,allenai/scibert_scivocab_uncased
SentenceTransformer,0.4,8,0.0075137937727008065,0.3022023975466964,0.0146630144398228,0.3022023975466964,0.9503647317264083,100,allenai/scibert_scivocab_uncased
SentenceTransformer,0.4,9,0.00835681936089962,0.3323111235015333,0.016303641648144983,0.3323111235015333,0.9509672159163982,100,allenai/scibert_scivocab_uncased
SentenceTransformer,0.4,10,0.007440639726939512,0.3208809590186786,0.01454403012421183,0.3208809590186786,0.9467747856553298,100,allenai/scibert_scivocab_uncased
SentenceTransformer,0.45,1,0.007208144021080867,0.3401170894898244,0.01411710252256422,0.3401170894898244,0.9417507330859843,100,allenai/scibert_scivocab_uncased
SentenceTransformer,0.45,2,0.00942623608947698,0.3272930025090605,0.018324709481554322,0.3272930025090605,0.9572326355078113,100,allenai/scibert_scivocab_uncased
SentenceTransformer,0.45,3,0.006002504642224813,0.31000836353498745,0.01177697876013408,0.31000836353498745,0.9361657947747496,100,allenai/scibert_scivocab_uncased
SentenceTransformer,0.45,4,0.008988235651059247,0.33035963200446056,0.017500332284790216,0.33035963200446056,0.9547083030155755,100,allenai/scibert_scivocab_uncased
SentenceTransformer,0.45,5,0.011739270993291846,0.3239475885140786,0.02265747628471985,0.3239475885140786,0.9660896384158895,100,allenai/scibert_scivocab_uncased
SentenceTransformer,0.45,6,0.007680150468254072,0.32785057150822416,0.015008710412292849,0.32785057150822416,0.947327351707599,100,allenai/scibert_scivocab_uncased
SentenceTransformer,0.45,7,0.01045293237129354,0.3465291329802063,0.02029371188806622,0.3465291329802063,0.9592089084463222,100,allenai/scibert_scivocab_uncased
SentenceTransformer,0.45,8,0.0075137937727008065,0.3022023975466964,0.0146630144398228,0.3022023975466964,0.9503647317264083,100,allenai/scibert_scivocab_uncased
SentenceTransformer,0.45,9,0.00835681936089962,0.3323111235015333,0.016303641648144983,0.3323111235015333,0.9509672159163982,100,allenai/scibert_scivocab_uncased
SentenceTransformer,0.45,10,0.007440639726939512,0.3208809590186786,0.01454403012421183,0.3208809590186786,0.9467747856553298,100,allenai/scibert_scivocab_uncased
SentenceTransformer,0.5,1,0.007208144021080867,0.3401170894898244,0.01411710252256422,0.3401170894898244,0.9417507330859843,100,allenai/scibert_scivocab_uncased
SentenceTransformer,0.5,2,0.00942623608947698,0.3272930025090605,0.018324709481554322,0.3272930025090605,0.9572326355078113,100,allenai/scibert_scivocab_uncased
SentenceTransformer,0.5,3,0.006002504642224813,0.31000836353498745,0.01177697876013408,0.31000836353498745,0.9361657947747496,100,allenai/scibert_scivocab_uncased
SentenceTransformer,0.5,4,0.008988235651059247,0.33035963200446056,0.017500332284790216,0.33035963200446056,0.9547083030155755,100,allenai/scibert_scivocab_uncased
SentenceTransformer,0.5,5,0.011739270993291846,0.3239475885140786,0.02265747628471985,0.3239475885140786,0.9660896384158895,100,allenai/scibert_scivocab_uncased
SentenceTransformer,0.5,6,0.007680150468254072,0.32785057150822416,0.015008710412292849,0.32785057150822416,0.947327351707599,100,allenai/scibert_scivocab_uncased
SentenceTransformer,0.5,7,0.01045293237129354,0.3465291329802063,0.02029371188806622,0.3465291329802063,0.9592089084463222,100,allenai/scibert_scivocab_uncased
SentenceTransformer,0.5,8,0.0075137937727008065,0.3022023975466964,0.0146630144398228,0.3022023975466964,0.9503647317264083,100,allenai/scibert_scivocab_uncased
SentenceTransformer,0.5,9,0.00835681936089962,0.3323111235015333,0.016303641648144983,0.3323111235015333,0.9509672159163982,100,allenai/scibert_scivocab_uncased
SentenceTransformer,0.5,10,0.007440639726939512,0.3208809590186786,0.01454403012421183,0.3208809590186786,0.9467747856553298,100,allenai/scibert_scivocab_uncased
SentenceTransformer,0.55,1,0.007208144021080867,0.3401170894898244,0.01411710252256422,0.3401170894898244,0.9417507330859843,100,allenai/scibert_scivocab_uncased
SentenceTransformer,0.55,2,0.00942623608947698,0.3272930025090605,0.018324709481554322,0.3272930025090605,0.9572326355078113,100,allenai/scibert_scivocab_uncased
SentenceTransformer,0.55,3,0.006002504642224813,0.31000836353498745,0.01177697876013408,0.31000836353498745,0.9361657947747496,100,allenai/scibert_scivocab_uncased
SentenceTransformer,0.55,4,0.008988235651059247,0.33035963200446056,0.017500332284790216,0.33035963200446056,0.9547083030155755,100,allenai/scibert_scivocab_uncased
SentenceTransformer,0.55,5,0.011739270993291846,0.3239475885140786,0.02265747628471985,0.3239475885140786,0.9660896384158895,100,allenai/scibert_scivocab_uncased
SentenceTransformer,0.55,6,0.007680150468254072,0.32785057150822416,0.015008710412292849,0.32785057150822416,0.947327351707599,100,allenai/scibert_scivocab_uncased
SentenceTransformer,0.55,7,0.01045293237129354,0.3465291329802063,0.02029371188806622,0.3465291329802063,0.9592089084463222,100,allenai/scibert_scivocab_uncased
SentenceTransformer,0.55,8,0.0075137937727008065,0.3022023975466964,0.0146630144398228,0.3022023975466964,0.9503647317264083,100,allenai/scibert_scivocab_uncased
SentenceTransformer,0.55,9,0.00835681936089962,0.3323111235015333,0.016303641648144983,0.3323111235015333,0.9509672159163982,100,allenai/scibert_scivocab_uncased
SentenceTransformer,0.55,10,0.007440639726939512,0.3208809590186786,0.01454403012421183,0.3208809590186786,0.9467747856553298,100,allenai/scibert_scivocab_uncased
SentenceTransformer,0.6,1,0.007208144021080867,0.3401170894898244,0.01411710252256422,0.3401170894898244,0.9417507330859843,100,allenai/scibert_scivocab_uncased
SentenceTransformer,0.6,2,0.00942623608947698,0.3272930025090605,0.018324709481554322,0.3272930025090605,0.9572326355078113,100,allenai/scibert_scivocab_uncased
SentenceTransformer,0.6,3,0.006002504642224813,0.31000836353498745,0.01177697876013408,0.31000836353498745,0.9361657947747496,100,allenai/scibert_scivocab_uncased
SentenceTransformer,0.6,4,0.008988235651059247,0.33035963200446056,0.017500332284790216,0.33035963200446056,0.9547083030155755,100,allenai/scibert_scivocab_uncased
SentenceTransformer,0.6,5,0.011739270993291846,0.3239475885140786,0.02265747628471985,0.3239475885140786,0.9660896384158895,100,allenai/scibert_scivocab_uncased
SentenceTransformer,0.6,6,0.007680150468254072,0.32785057150822416,0.015008710412292849,0.32785057150822416,0.947327351707599,100,allenai/scibert_scivocab_uncased
SentenceTransformer,0.6,7,0.01045293237129354,0.3465291329802063,0.02029371188806622,0.3465291329802063,0.9592089084463222,100,allenai/scibert_scivocab_uncased
SentenceTransformer,0.6,8,0.0075137937727008065,0.3022023975466964,0.0146630144398228,0.3022023975466964,0.9503647317264083,100,allenai/scibert_scivocab_uncased
SentenceTransformer,0.6,9,0.00835681936089962,0.3323111235015333,0.016303641648144983,0.3323111235015333,0.9509672159163982,100,allenai/scibert_scivocab_uncased
SentenceTransformer,0.6,10,0.007440639726939512,0.3208809590186786,0.01454403012421183,0.3208809590186786,0.9467747856553298,100,allenai/scibert_scivocab_uncased
SentenceTransformer,0.65,1,0.007212575894625449,0.3401170894898244,0.014125602074842534,0.3401170894898244,0.9417867850743381,100,allenai/scibert_scivocab_uncased
SentenceTransformer,0.65,2,0.009434492956275064,0.3272930025090605,0.018340311191651564,0.3272930025090605,0.957270420764836,100,allenai/scibert_scivocab_uncased
SentenceTransformer,0.65,3,0.007224946884394727,0.32896570950655146,0.0141393565394524,0.32896570950655146,0.9437925235802537,100,allenai/scibert_scivocab_uncased
SentenceTransformer,0.65,4,0.008918879940490197,0.3275717870086423,0.01736495972807212,0.3275717870086423,0.9547381152367143,100,allenai/scibert_scivocab_uncased
SentenceTransformer,0.65,5,0.01129257482848643,0.31112350153331475,0.02179410816986125,0.31112350153331475,0.9661284636341166,100,allenai/scibert_scivocab_uncased
SentenceTransformer,0.65,6,0.007770261446443963,0.33175355450236965,0.015184866175391585,0.33175355450236965,0.9473231918627889,100,allenai/scibert_scivocab_uncased
SentenceTransformer,0.65,7,0.01044504995458674,0.34625034848062447,0.020278378709335076,0.34625034848062447,0.959210641714993,100,allenai/scibert_scivocab_uncased
SentenceTransformer,0.65,8,0.007511600324601011,0.30192361304711457,0.014658509515172844,0.30192361304711457,0.9503959305624838,100,allenai/scibert_scivocab_uncased
SentenceTransformer,0.65,9,0.00835236907381196,0.3323111235015333,0.016295172281802585,0.3323111235015333,0.9509408702326012,100,allenai/scibert_scivocab_uncased
SentenceTransformer,0.65,10,0.007444088422824222,0.3206021745190967,0.014550331494508831,0.3206021745190967,0.946845849670835,100,allenai/scibert_scivocab_uncased
SentenceTransformer,0.7,1,0.007319342622280434,0.3442988569835517,0.014333963950370825,0.3442988569835517,0.9419368861412344,100,allenai/scibert_scivocab_uncased
SentenceTransformer,0.7,2,0.009532555342456847,0.32701421800947866,0.018525098903181485,0.32701421800947866,0.9577501895329291,100,allenai/scibert_scivocab_uncased
SentenceTransformer,0.7,3,0.00669867013403145,0.321717312517424,0.01312407596952121,0.321717312517424,0.9406809596623316,100,allenai/scibert_scivocab_uncased
SentenceTransformer,0.7,4,0.00906231104239539,0.3300808475048787,0.01764031049330294,0.3300808475048787,0.9551197809980368,100,allenai/scibert_scivocab_uncased
SentenceTransformer,0.7,5,0.011447682172735724,0.31586283802620574,0.022094599206310513,0.31586283802620574,0.9660837453024086,100,allenai/scibert_scivocab_uncased
SentenceTransformer,0.7,6,0.008203369712156681,0.3468079174797881,0.01602762317048031,0.3468079174797881,0.9478629317268937,100,allenai/scibert_scivocab_uncased
SentenceTransformer,0.7,7,0.010363431056835766,0.345413994981879,0.020123109905637395,0.345413994981879,0.9589853167877816,100,allenai/scibert_scivocab_uncased
SentenceTransformer,0.7,8,0.007777139413982036,0.3094507945358238,0.015172951138996535,0.3094507945358238,0.9509082847815891,100,allenai/scibert_scivocab_uncased
SentenceTransformer,0.7,9,0.008546826680284846,0.335935321996097,0.016669548677157184,0.335935321996097,0.9515437010763251,100,allenai/scibert_scivocab_uncased
SentenceTransformer,0.7,10,0.007622708611176486,0.3250627265124059,0.01489610414497512,0.3250627265124059,0.9473786564602563,100,allenai/scibert_scivocab_uncased
SentenceTransformer,0.75,1,0.007467299656306407,0.3367716754948425,0.014610635042543799,0.3367716754948425,0.9443398898265102,100,allenai/scibert_scivocab_uncased
SentenceTransformer,0.75,2,0.00932284215546018,0.32701421800947866,0.01812884928945111,0.32701421800947866,0.9567906519967428,100,allenai/scibert_scivocab_uncased
SentenceTransformer,0.75,3,0.007098169839845622,0.3219960970170059,0.013890141607287814,0.3219960970170059,0.943993582746073,100,allenai/scibert_scivocab_uncased
SentenceTransformer,0.75,4,0.00996289623285699,0.33760802899358794,0.019354632485735747,0.33760802899358794,0.9582836896298189,100,allenai/scibert_scivocab_uncased
SentenceTransformer,0.75,5,0.012532168421963193,0.3231112350153331,0.02412849098044114,0.3231112350153331,0.9683425410342692,100,allenai/scibert_scivocab_uncased
SentenceTransformer,0.75,6,0.008301156986523388,0.33983830499024253,0.016206442692476435,0.33983830499024253,0.9495175100000935,100,allenai/scibert_scivocab_uncased
SentenceTransformer,0.75,7,0.009957914968353382,0.33509896849735155,0.01934108371213645,0.33509896849735155,0.9585727988441178,100,allenai/scibert_scivocab_uncased
SentenceTransformer,0.75,8,0.008206636996326054,0.30638416504042376,0.015985105779510265,0.30638416504042376,0.9539584909885629,100,allenai/scibert_scivocab_uncased
SentenceTransformer,0.75,9,0.007580269641020087,0.31223863953164205,0.014801207884286271,0.31223863953164205,0.9491694696509856,100,allenai/scibert_scivocab_uncased
SentenceTransformer,0.75,10,0.007862204895581223,0.3024811820462782,0.0153260493399911,0.3024811820462782,0.9525372106784603,100,allenai/scibert_scivocab_uncased
SentenceTransformer,0.8,1,0.007881808472766108,0.30861444103707836,0.0153710504939703,0.30861444103707836,0.9516962287193605,100,allenai/scibert_scivocab_uncased
SentenceTransformer,0.8,2,0.01025439669813905,0.3130749930303875,0.019858356690038107,0.3130749930303875,0.9624258550994325,100,allenai/scibert_scivocab_uncased
SentenceTransformer,0.8,3,0.007524042736562744,0.30666294954000556,0.014687719063991722,0.30666294954000556,0.9497012364792045,100,allenai/scibert_scivocab_uncased
SentenceTransformer,0.8,4,0.011279935600724492,0.31251742403122384,0.021773966416424678,0.31251742403122384,0.9659381507340566,100,allenai/scibert_scivocab_uncased
SentenceTransformer,0.8,5,0.013797144683571277,0.2888207415667689,0.026336193199872893,0.2888207415667689,0.9743295976771427,100,allenai/scibert_scivocab_uncased
SentenceTransformer,0.8,6,0.010260471821522964,0.32143852801784223,0.019886167644015178,0.32143852801784223,0.9614451716854616,100,allenai/scibert_scivocab_uncased
SentenceTransformer,0.8,7,0.012275762734057876,0.31363256202955114,0.023626760193634425,0.31363256202955114,0.9686212506365429,100,allenai/scibert_scivocab_uncased
SentenceTransformer,0.8,8,0.01124932731713375,0.30303875104544187,0.02169335927755326,0.30303875104544187,0.9668803555835344,100,allenai/scibert_scivocab_uncased
SentenceTransformer,0.8,9,0.009565778159931213,0.3225536660161695,0.0185805249761119,0.3225536660161695,0.9584726159149423,100,allenai/scibert_scivocab_uncased
SentenceTransformer,0.8,10,0.00836925633815357,0.31446891552829664,0.016304583495945536,0.31446891552829664,0.953669381774264,100,allenai/scibert_scivocab_uncased
SentenceTransformer,0.85,1,0.02458478469382604,0.27153610259269584,0.045087374146510824,0.27153610259269584,0.986603913096682,100,allenai/scibert_scivocab_uncased
SentenceTransformer,0.85,2,0.025935252732417768,0.2785057150822414,0.04745166959578207,0.2785057150822414,0.9869935518938907,100,allenai/scibert_scivocab_uncased
SentenceTransformer,0.85,3,0.024142681070108026,0.2785057150822414,0.04443357203220211,0.2785057150822414,0.9860021222141606,100,allenai/scibert_scivocab_uncased
SentenceTransformer,0.85,4,0.022525071876485635,0.2773905770839141,0.041666666666666664,0.2773905770839141,0.9850321850659491,100,allenai/scibert_scivocab_uncased
SentenceTransformer,0.85,5,0.027415755104290083,0.2773905770839141,0.049899699097291875,0.2773905770839141,0.9877638164912195,100,allenai/scibert_scivocab_uncased
SentenceTransformer,0.85,6,0.028124445495948423,0.2651240591023139,0.05085425523381728,0.2651240591023139,0.9886079183339267,100,allenai/scibert_scivocab_uncased
SentenceTransformer,0.85,7,0.026077215651539625,0.27906328408140507,0.04769732923546089,0.27906328408140507,0.9870403501480038,100,allenai/scibert_scivocab_uncased
SentenceTransformer,0.85,8,0.028989734017732152,0.27711179258433233,0.05248844884488449,0.27711179258433233,0.9884585105744988,100,allenai/scibert_scivocab_uncased
SentenceTransformer,0.85,9,0.024761152393413484,0.2796208530805687,0.045493717966163194,0.2796208530805687,0.9863057908852947,100,allenai/scibert_scivocab_uncased
SentenceTransformer,0.85,10,0.02917387972869427,0.2865904655701143,0.05295693385534721,0.2865904655701143,0.988141322407732,100,allenai/scibert_scivocab_uncased
SentenceTransformer,0.9,1,0.1496080627099664,0.18622804572065793,0.16592151018380527,0.18622804572065793,0.9986837557713514,100,allenai/scibert_scivocab_uncased
SentenceTransformer,0.9,2,0.1291015625,0.18427655422358516,0.1518318594234524,0.18427655422358516,0.9984542709993299,100,allenai/scibert_scivocab_uncased
SentenceTransformer,0.9,3,0.14163560622670468,0.18009478672985782,0.15856651939126165,0.18009478672985782,0.9986428506307191,100,allenai/scibert_scivocab_uncased
SentenceTransformer,0.9,4,0.14118942731277534,0.1787008642319487,0.1577457856527624,0.1787008642319487,0.9986483970904659,100,allenai/scibert_scivocab_uncased
SentenceTransformer,0.9,5,0.1282952548330404,0.1831614162252579,0.15089572806614607,0.1831614162252579,0.998452537730659,100,allenai/scibert_scivocab_uncased
SentenceTransformer,0.9,6,0.13303498779495526,0.18232506272651242,0.1538280606844643,0.18232506272651242,0.9985225617849617,100,allenai/scibert_scivocab_uncased
SentenceTransformer,0.9,7,0.14598056537102475,0.18427655422358516,0.16290819470117068,0.18427655422358516,0.9986594900099593,100,allenai/scibert_scivocab_uncased
SentenceTransformer,0.9,8,0.14943062979316757,0.17925843323111235,0.16299112801013943,0.17925843323111235,0.9987312473329328,100,allenai/scibert_scivocab_uncased
SentenceTransformer,0.9,9,0.15622833371851166,0.18845832171731253,0.1708364922921405,0.18845832171731253,0.9987343672165404,100,allenai/scibert_scivocab_uncased
SentenceTransformer,0.9,10,0.1185856754306437,0.18232506272651242,0.14370468029004616,0.18232506272651242,0.998314916198193,100,allenai/scibert_scivocab_uncased
SentenceTransformer,0.95,1,0.8162162162162162,0.04209645943685531,0.08006362672322376,0.04209645943685531,0.9999882137730381,100,allenai/scibert_scivocab_uncased
SentenceTransformer,0.95,2,0.8162162162162162,0.04209645943685531,0.08006362672322376,0.04209645943685531,0.9999882137730381,100,allenai/scibert_scivocab_uncased
SentenceTransformer,0.95,3,0.819672131147541,0.04181767493727349,0.07957559681697612,0.04181767493727349,0.9999885604267723,100,allenai/scibert_scivocab_uncased
SentenceTransformer,0.95,4,0.8074866310160428,0.04209645943685531,0.0800211976682565,0.04209645943685531,0.9999875204655698,100,allenai/scibert_scivocab_uncased
SentenceTransformer,0.95,5,0.8162162162162162,0.04209645943685531,0.08006362672322376,0.04209645943685531,0.9999882137730381,100,allenai/scibert_scivocab_uncased
SentenceTransformer,0.95,6,0.8162162162162162,0.04209645943685531,0.08006362672322376,0.04209645943685531,0.9999882137730381,100,allenai/scibert_scivocab_uncased
SentenceTransformer,0.95,7,0.8367346938775511,0.045720657931419016,0.08670367433254031,0.045720657931419016,0.9999889070805065,100,allenai/scibert_scivocab_uncased
SentenceTransformer,0.95,8,0.8162162162162162,0.04209645943685531,0.08006362672322376,0.04209645943685531,0.9999882137730381,100,allenai/scibert_scivocab_uncased
SentenceTransformer,0.95,9,0.8162162162162162,0.04209645943685531,0.08006362672322376,0.04209645943685531,0.9999882137730381,100,allenai/scibert_scivocab_uncased
SentenceTransformer,0.95,10,0.8162162162162162,0.04209645943685531,0.08006362672322376,0.04209645943685531,0.9999882137730381,100,allenai/scibert_scivocab_uncased
SentenceTransformer,0.1,1,0.01499993081212725,0.3022023975466964,0.0285812218208664,0.3022023975466964,0.9753241472404803,250,allenai/scibert_scivocab_uncased
SentenceTransformer,0.1,2,0.014606321560592005,0.29411764705882354,0.02783053708979635,0.29411764705882354,0.9753272671240878,250,allenai/scibert_scivocab_uncased
SentenceTransformer,0.1,3,0.022534975286923012,0.2999721215500418,0.041920716859842215,0.2999721215500418,0.9838209769187544,250,allenai/scibert_scivocab_uncased
SentenceTransformer,0.1,4,0.01975060816902846,0.32366880401449677,0.03722943722943723,0.32366880401449677,0.9800251185295781,250,allenai/scibert_scivocab_uncased
SentenceTransformer,0.1,5,0.018146446181196124,0.3016448285475328,0.034233464635438915,0.3016448285475328,0.9797055037866721,250,allenai/scibert_scivocab_uncased
SentenceTransformer,0.1,6,0.01917079903890394,0.31363256202955114,0.036132969327123815,0.31363256202955114,0.980047304368565,250,allenai/scibert_scivocab_uncased
SentenceTransformer,0.1,7,0.022506492257381938,0.3261778645107332,0.04210753616929389,0.3261778645107332,0.9823847904980825,250,allenai/scibert_scivocab_uncased
SentenceTransformer,0.1,8,0.01850497366881217,0.2821299135768051,0.03473187473187473,0.2821299135768051,0.9813930141646182,250,allenai/scibert_scivocab_uncased
SentenceTransformer,0.1,9,0.01951362336812373,0.31586283802620574,0.03675647617966228,0.31586283802620574,0.9802653495673588,250,allenai/scibert_scivocab_uncased
SentenceTransformer,0.1,10,0.019604537868954705,0.3242263730136604,0.036973454140836116,0.3242263730136604,0.9798386188205939,250,allenai/scibert_scivocab_uncased
SentenceTransformer,0.15,1,0.01499993081212725,0.3022023975466964,0.0285812218208664,0.3022023975466964,0.9753241472404803,250,allenai/scibert_scivocab_uncased
SentenceTransformer,0.15,2,0.014606321560592005,0.29411764705882354,0.02783053708979635,0.29411764705882354,0.9753272671240878,250,allenai/scibert_scivocab_uncased
SentenceTransformer,0.15,3,0.022534975286923012,0.2999721215500418,0.041920716859842215,0.2999721215500418,0.9838209769187544,250,allenai/scibert_scivocab_uncased
SentenceTransformer,0.15,4,0.01975060816902846,0.32366880401449677,0.03722943722943723,0.32366880401449677,0.9800251185295781,250,allenai/scibert_scivocab_uncased
SentenceTransformer,0.15,5,0.018146446181196124,0.3016448285475328,0.034233464635438915,0.3016448285475328,0.9797055037866721,250,allenai/scibert_scivocab_uncased
SentenceTransformer,0.15,6,0.01917079903890394,0.31363256202955114,0.036132969327123815,0.31363256202955114,0.980047304368565,250,allenai/scibert_scivocab_uncased
SentenceTransformer,0.15,7,0.022506492257381938,0.3261778645107332,0.04210753616929389,0.3261778645107332,0.9823847904980825,250,allenai/scibert_scivocab_uncased
SentenceTransformer,0.15,8,0.01850497366881217,0.2821299135768051,0.03473187473187473,0.2821299135768051,0.9813930141646182,250,allenai/scibert_scivocab_uncased
SentenceTransformer,0.15,9,0.01951362336812373,0.31586283802620574,0.03675647617966228,0.31586283802620574,0.9802653495673588,250,allenai/scibert_scivocab_uncased
SentenceTransformer,0.15,10,0.019604537868954705,0.3242263730136604,0.036973454140836116,0.3242263730136604,0.9798386188205939,250,allenai/scibert_scivocab_uncased
SentenceTransformer,0.2,1,0.01499993081212725,0.3022023975466964,0.0285812218208664,0.3022023975466964,0.9753241472404803,250,allenai/scibert_scivocab_uncased
SentenceTransformer,0.2,2,0.014606321560592005,0.29411764705882354,0.02783053708979635,0.29411764705882354,0.9753272671240878,250,allenai/scibert_scivocab_uncased
SentenceTransformer,0.2,3,0.022534975286923012,0.2999721215500418,0.041920716859842215,0.2999721215500418,0.9838209769187544,250,allenai/scibert_scivocab_uncased
SentenceTransformer,0.2,4,0.01975060816902846,0.32366880401449677,0.03722943722943723,0.32366880401449677,0.9800251185295781,250,allenai/scibert_scivocab_uncased
SentenceTransformer,0.2,5,0.018146446181196124,0.3016448285475328,0.034233464635438915,0.3016448285475328,0.9797055037866721,250,allenai/scibert_scivocab_uncased
SentenceTransformer,0.2,6,0.01917079903890394,0.31363256202955114,0.036132969327123815,0.31363256202955114,0.980047304368565,250,allenai/scibert_scivocab_uncased
SentenceTransformer,0.2,7,0.022506492257381938,0.3261778645107332,0.04210753616929389,0.3261778645107332,0.9823847904980825,250,allenai/scibert_scivocab_uncased
SentenceTransformer,0.2,8,0.01850497366881217,0.2821299135768051,0.03473187473187473,0.2821299135768051,0.9813930141646182,250,allenai/scibert_scivocab_uncased
SentenceTransformer,0.2,9,0.01951362336812373,0.31586283802620574,0.03675647617966228,0.31586283802620574,0.9802653495673588,250,allenai/scibert_scivocab_uncased
SentenceTransformer,0.2,10,0.019604537868954705,0.3242263730136604,0.036973454140836116,0.3242263730136604,0.9798386188205939,250,allenai/scibert_scivocab_uncased
SentenceTransformer,0.25,1,0.01499993081212725,0.3022023975466964,0.0285812218208664,0.3022023975466964,0.9753241472404803,250,allenai/scibert_scivocab_uncased
SentenceTransformer,0.25,2,0.014606321560592005,0.29411764705882354,0.02783053708979635,0.29411764705882354,0.9753272671240878,250,allenai/scibert_scivocab_uncased
SentenceTransformer,0.25,3,0.022534975286923012,0.2999721215500418,0.041920716859842215,0.2999721215500418,0.9838209769187544,250,allenai/scibert_scivocab_uncased
SentenceTransformer,0.25,4,0.01975060816902846,0.32366880401449677,0.03722943722943723,0.32366880401449677,0.9800251185295781,250,allenai/scibert_scivocab_uncased
SentenceTransformer,0.25,5,0.018146446181196124,0.3016448285475328,0.034233464635438915,0.3016448285475328,0.9797055037866721,250,allenai/scibert_scivocab_uncased
SentenceTransformer,0.25,6,0.01917079903890394,0.31363256202955114,0.036132969327123815,0.31363256202955114,0.980047304368565,250,allenai/scibert_scivocab_uncased
SentenceTransformer,0.25,7,0.022506492257381938,0.3261778645107332,0.04210753616929389,0.3261778645107332,0.9823847904980825,250,allenai/scibert_scivocab_uncased
SentenceTransformer,0.25,8,0.01850497366881217,0.2821299135768051,0.03473187473187473,0.2821299135768051,0.9813930141646182,250,allenai/scibert_scivocab_uncased
SentenceTransformer,0.25,9,0.01951362336812373,0.31586283802620574,0.03675647617966228,0.31586283802620574,0.9802653495673588,250,allenai/scibert_scivocab_uncased
SentenceTransformer,0.25,10,0.019604537868954705,0.3242263730136604,0.036973454140836116,0.3242263730136604,0.9798386188205939,250,allenai/scibert_scivocab_uncased
SentenceTransformer,0.3,1,0.01499993081212725,0.3022023975466964,0.0285812218208664,0.3022023975466964,0.9753241472404803,250,allenai/scibert_scivocab_uncased
SentenceTransformer,0.3,2,0.014606321560592005,0.29411764705882354,0.02783053708979635,0.29411764705882354,0.9753272671240878,250,allenai/scibert_scivocab_uncased
SentenceTransformer,0.3,3,0.022534975286923012,0.2999721215500418,0.041920716859842215,0.2999721215500418,0.9838209769187544,250,allenai/scibert_scivocab_uncased
SentenceTransformer,0.3,4,0.01975060816902846,0.32366880401449677,0.03722943722943723,0.32366880401449677,0.9800251185295781,250,allenai/scibert_scivocab_uncased
SentenceTransformer,0.3,5,0.018146446181196124,0.3016448285475328,0.034233464635438915,0.3016448285475328,0.9797055037866721,250,allenai/scibert_scivocab_uncased
SentenceTransformer,0.3,6,0.01917079903890394,0.31363256202955114,0.036132969327123815,0.31363256202955114,0.980047304368565,250,allenai/scibert_scivocab_uncased
SentenceTransformer,0.3,7,0.022506492257381938,0.3261778645107332,0.04210753616929389,0.3261778645107332,0.9823847904980825,250,allenai/scibert_scivocab_uncased
SentenceTransformer,0.3,8,0.01850497366881217,0.2821299135768051,0.03473187473187473,0.2821299135768051,0.9813930141646182,250,allenai/scibert_scivocab_uncased
SentenceTransformer,0.3,9,0.01951362336812373,0.31586283802620574,0.03675647617966228,0.31586283802620574,0.9802653495673588,250,allenai/scibert_scivocab_uncased
SentenceTransformer,0.3,10,0.019604537868954705,0.3242263730136604,0.036973454140836116,0.3242263730136604,0.9798386188205939,250,allenai/scibert_scivocab_uncased
SentenceTransformer,0.35,1,0.01499993081212725,0.3022023975466964,0.0285812218208664,0.3022023975466964,0.9753241472404803,250,allenai/scibert_scivocab_uncased
SentenceTransformer,0.35,2,0.014606321560592005,0.29411764705882354,0.02783053708979635,0.29411764705882354,0.9753272671240878,250,allenai/scibert_scivocab_uncased
SentenceTransformer,0.35,3,0.022534975286923012,0.2999721215500418,0.041920716859842215,0.2999721215500418,0.9838209769187544,250,allenai/scibert_scivocab_uncased
SentenceTransformer,0.35,4,0.01975060816902846,0.32366880401449677,0.03722943722943723,0.32366880401449677,0.9800251185295781,250,allenai/scibert_scivocab_uncased
SentenceTransformer,0.35,5,0.018146446181196124,0.3016448285475328,0.034233464635438915,0.3016448285475328,0.9797055037866721,250,allenai/scibert_scivocab_uncased
SentenceTransformer,0.35,6,0.01917079903890394,0.31363256202955114,0.036132969327123815,0.31363256202955114,0.980047304368565,250,allenai/scibert_scivocab_uncased
SentenceTransformer,0.35,7,0.022506492257381938,0.3261778645107332,0.04210753616929389,0.3261778645107332,0.9823847904980825,250,allenai/scibert_scivocab_uncased
SentenceTransformer,0.35,8,0.01850497366881217,0.2821299135768051,0.03473187473187473,0.2821299135768051,0.9813930141646182,250,allenai/scibert_scivocab_uncased
SentenceTransformer,0.35,9,0.01951362336812373,0.31586283802620574,0.03675647617966228,0.31586283802620574,0.9802653495673588,250,allenai/scibert_scivocab_uncased
SentenceTransformer,0.35,10,0.019604537868954705,0.3242263730136604,0.036973454140836116,0.3242263730136604,0.9798386188205939,250,allenai/scibert_scivocab_uncased
SentenceTransformer,0.4,1,0.01499993081212725,0.3022023975466964,0.0285812218208664,0.3022023975466964,0.9753241472404803,250,allenai/scibert_scivocab_uncased
SentenceTransformer,0.4,2,0.014606321560592005,0.29411764705882354,0.02783053708979635,0.29411764705882354,0.9753272671240878,250,allenai/scibert_scivocab_uncased
SentenceTransformer,0.4,3,0.022534975286923012,0.2999721215500418,0.041920716859842215,0.2999721215500418,0.9838209769187544,250,allenai/scibert_scivocab_uncased
SentenceTransformer,0.4,4,0.01975060816902846,0.32366880401449677,0.03722943722943723,0.32366880401449677,0.9800251185295781,250,allenai/scibert_scivocab_uncased
SentenceTransformer,0.4,5,0.018146446181196124,0.3016448285475328,0.034233464635438915,0.3016448285475328,0.9797055037866721,250,allenai/scibert_scivocab_uncased
SentenceTransformer,0.4,6,0.01917079903890394,0.31363256202955114,0.036132969327123815,0.31363256202955114,0.980047304368565,250,allenai/scibert_scivocab_uncased
SentenceTransformer,0.4,7,0.022506492257381938,0.3261778645107332,0.04210753616929389,0.3261778645107332,0.9823847904980825,250,allenai/scibert_scivocab_uncased
SentenceTransformer,0.4,8,0.01850497366881217,0.2821299135768051,0.03473187473187473,0.2821299135768051,0.9813930141646182,250,allenai/scibert_scivocab_uncased
SentenceTransformer,0.4,9,0.01951362336812373,0.31586283802620574,0.03675647617966228,0.31586283802620574,0.9802653495673588,250,allenai/scibert_scivocab_uncased
SentenceTransformer,0.4,10,0.019604537868954705,0.3242263730136604,0.036973454140836116,0.3242263730136604,0.9798386188205939,250,allenai/scibert_scivocab_uncased
SentenceTransformer,0.45,1,0.01499993081212725,0.3022023975466964,0.0285812218208664,0.3022023975466964,0.9753241472404803,250,allenai/scibert_scivocab_uncased
SentenceTransformer,0.45,2,0.014606321560592005,0.29411764705882354,0.02783053708979635,0.29411764705882354,0.9753272671240878,250,allenai/scibert_scivocab_uncased
SentenceTransformer,0.45,3,0.022534975286923012,0.2999721215500418,0.041920716859842215,0.2999721215500418,0.9838209769187544,250,allenai/scibert_scivocab_uncased
SentenceTransformer,0.45,4,0.01975060816902846,0.32366880401449677,0.03722943722943723,0.32366880401449677,0.9800251185295781,250,allenai/scibert_scivocab_uncased
SentenceTransformer,0.45,5,0.018146446181196124,0.3016448285475328,0.034233464635438915,0.3016448285475328,0.9797055037866721,250,allenai/scibert_scivocab_uncased
SentenceTransformer,0.45,6,0.01917079903890394,0.31363256202955114,0.036132969327123815,0.31363256202955114,0.980047304368565,250,allenai/scibert_scivocab_uncased
SentenceTransformer,0.45,7,0.022506492257381938,0.3261778645107332,0.04210753616929389,0.3261778645107332,0.9823847904980825,250,allenai/scibert_scivocab_uncased
SentenceTransformer,0.45,8,0.01850497366881217,0.2821299135768051,0.03473187473187473,0.2821299135768051,0.9813930141646182,250,allenai/scibert_scivocab_uncased
SentenceTransformer,0.45,9,0.01951362336812373,0.31586283802620574,0.03675647617966228,0.31586283802620574,0.9802653495673588,250,allenai/scibert_scivocab_uncased
SentenceTransformer,0.45,10,0.019604537868954705,0.3242263730136604,0.036973454140836116,0.3242263730136604,0.9798386188205939,250,allenai/scibert_scivocab_uncased
SentenceTransformer,0.5,1,0.01499993081212725,0.3022023975466964,0.0285812218208664,0.3022023975466964,0.9753241472404803,250,allenai/scibert_scivocab_uncased
SentenceTransformer,0.5,2,0.014606321560592005,0.29411764705882354,0.02783053708979635,0.29411764705882354,0.9753272671240878,250,allenai/scibert_scivocab_uncased
SentenceTransformer,0.5,3,0.022534975286923012,0.2999721215500418,0.041920716859842215,0.2999721215500418,0.9838209769187544,250,allenai/scibert_scivocab_uncased
SentenceTransformer,0.5,4,0.01975060816902846,0.32366880401449677,0.03722943722943723,0.32366880401449677,0.9800251185295781,250,allenai/scibert_scivocab_uncased
SentenceTransformer,0.5,5,0.018146446181196124,0.3016448285475328,0.034233464635438915,0.3016448285475328,0.9797055037866721,250,allenai/scibert_scivocab_uncased
SentenceTransformer,0.5,6,0.01917079903890394,0.31363256202955114,0.036132969327123815,0.31363256202955114,0.980047304368565,250,allenai/scibert_scivocab_uncased
SentenceTransformer,0.5,7,0.022506492257381938,0.3261778645107332,0.04210753616929389,0.3261778645107332,0.9823847904980825,250,allenai/scibert_scivocab_uncased
SentenceTransformer,0.5,8,0.01850497366881217,0.2821299135768051,0.03473187473187473,0.2821299135768051,0.9813930141646182,250,allenai/scibert_scivocab_uncased
SentenceTransformer,0.5,9,0.01951362336812373,0.31586283802620574,0.03675647617966228,0.31586283802620574,0.9802653495673588,250,allenai/scibert_scivocab_uncased
SentenceTransformer,0.5,10,0.019604537868954705,0.3242263730136604,0.036973454140836116,0.3242263730136604,0.9798386188205939,250,allenai/scibert_scivocab_uncased
SentenceTransformer,0.55,1,0.01499993081212725,0.3022023975466964,0.0285812218208664,0.3022023975466964,0.9753241472404803,250,allenai/scibert_scivocab_uncased
SentenceTransformer,0.55,2,0.014606321560592005,0.29411764705882354,0.02783053708979635,0.29411764705882354,0.9753272671240878,250,allenai/scibert_scivocab_uncased
SentenceTransformer,0.55,3,0.022534975286923012,0.2999721215500418,0.041920716859842215,0.2999721215500418,0.9838209769187544,250,allenai/scibert_scivocab_uncased
SentenceTransformer,0.55,4,0.01975060816902846,0.32366880401449677,0.03722943722943723,0.32366880401449677,0.9800251185295781,250,allenai/scibert_scivocab_uncased
SentenceTransformer,0.55,5,0.018146446181196124,0.3016448285475328,0.034233464635438915,0.3016448285475328,0.9797055037866721,250,allenai/scibert_scivocab_uncased
SentenceTransformer,0.55,6,0.01917079903890394,0.31363256202955114,0.036132969327123815,0.31363256202955114,0.980047304368565,250,allenai/scibert_scivocab_uncased
SentenceTransformer,0.55,7,0.022506492257381938,0.3261778645107332,0.04210753616929389,0.3261778645107332,0.9823847904980825,250,allenai/scibert_scivocab_uncased
SentenceTransformer,0.55,8,0.01850497366881217,0.2821299135768051,0.03473187473187473,0.2821299135768051,0.9813930141646182,250,allenai/scibert_scivocab_uncased
SentenceTransformer,0.55,9,0.01951362336812373,0.31586283802620574,0.03675647617966228,0.31586283802620574,0.9802653495673588,250,allenai/scibert_scivocab_uncased
SentenceTransformer,0.55,10,0.019604537868954705,0.3242263730136604,0.036973454140836116,0.3242263730136604,0.9798386188205939,250,allenai/scibert_scivocab_uncased
SentenceTransformer,0.6,1,0.01499993081212725,0.3022023975466964,0.0285812218208664,0.3022023975466964,0.9753241472404803,250,allenai/scibert_scivocab_uncased
SentenceTransformer,0.6,2,0.014606321560592005,0.29411764705882354,0.02783053708979635,0.29411764705882354,0.9753272671240878,250,allenai/scibert_scivocab_uncased
SentenceTransformer,0.6,3,0.022534975286923012,0.2999721215500418,0.041920716859842215,0.2999721215500418,0.9838209769187544,250,allenai/scibert_scivocab_uncased
SentenceTransformer,0.6,4,0.01975060816902846,0.32366880401449677,0.03722943722943723,0.32366880401449677,0.9800251185295781,250,allenai/scibert_scivocab_uncased
SentenceTransformer,0.6,5,0.018146446181196124,0.3016448285475328,0.034233464635438915,0.3016448285475328,0.9797055037866721,250,allenai/scibert_scivocab_uncased
SentenceTransformer,0.6,6,0.01917079903890394,0.31363256202955114,0.036132969327123815,0.31363256202955114,0.980047304368565,250,allenai/scibert_scivocab_uncased
SentenceTransformer,0.6,7,0.022506492257381938,0.3261778645107332,0.04210753616929389,0.3261778645107332,0.9823847904980825,250,allenai/scibert_scivocab_uncased
SentenceTransformer,0.6,8,0.01850497366881217,0.2821299135768051,0.03473187473187473,0.2821299135768051,0.9813930141646182,250,allenai/scibert_scivocab_uncased
SentenceTransformer,0.6,9,0.01951362336812373,0.31586283802620574,0.03675647617966228,0.31586283802620574,0.9802653495673588,250,allenai/scibert_scivocab_uncased
SentenceTransformer,0.6,10,0.019604537868954705,0.3242263730136604,0.036973454140836116,0.3242263730136604,0.9798386188205939,250,allenai/scibert_scivocab_uncased
SentenceTransformer,0.65,1,0.015014183906455408,0.3024811820462782,0.028608342561830934,0.3024811820462782,0.9753251872016828,250,allenai/scibert_scivocab_uncased
SentenceTransformer,0.65,2,0.014610569465987149,0.29411764705882354,0.027838247905534665,0.29411764705882354,0.9753345468525054,250,allenai/scibert_scivocab_uncased
SentenceTransformer,0.65,3,0.02254064018769901,0.2999721215500418,0.041930518480992926,0.2999721215500418,0.9838251367635644,250,allenai/scibert_scivocab_uncased
SentenceTransformer,0.65,4,0.019737177634598712,0.32366880401449677,0.037205576029482455,0.32366880401449677,0.9800112523802113,250,allenai/scibert_scivocab_uncased
SentenceTransformer,0.65,5,0.01803042003827687,0.2994145525508782,0.03401263597928839,0.2994145525508782,0.979723529780849,250,allenai/scibert_scivocab_uncased
SentenceTransformer,0.65,6,0.019147991254441103,0.31251742403122384,0.03608504611224671,0.31251742403122384,0.9800941026226782,250,allenai/scibert_scivocab_uncased
SentenceTransformer,0.65,7,0.022506492257381938,0.3261778645107332,0.04210753616929389,0.3261778645107332,0.9823847904980825,250,allenai/scibert_scivocab_uncased
SentenceTransformer,0.65,8,0.01850497366881217,0.2821299135768051,0.03473187473187473,0.2821299135768051,0.9813930141646182,250,allenai/scibert_scivocab_uncased
SentenceTransformer,0.65,9,0.01949918251441356,0.31586283802620574,0.036730856513000065,0.31586283802620574,0.9802504434567895,250,allenai/scibert_scivocab_uncased
SentenceTransformer,0.65,10,0.019605859842546234,0.3242263730136604,0.03697580516961816,0.3242263730136604,0.9798400054355305,250,allenai/scibert_scivocab_uncased
SentenceTransformer,0.7,1,0.014830768391924865,0.3033175355450237,0.028278837656599262,0.3033175355450237,0.9749462946702335,250,allenai/scibert_scivocab_uncased
SentenceTransformer,0.7,2,0.014620613122485781,0.2938388625592417,0.02785522681924495,0.2938388625592417,0.9753751053394035,250,allenai/scibert_scivocab_uncased
SentenceTransformer,0.7,3,0.02268450984122957,0.2991357680512963,0.04217104228894828,0.2991357680512963,0.9839748911767265,250,allenai/scibert_scivocab_uncased
SentenceTransformer,0.7,4,0.019686580116043628,0.3225536660161695,0.0371083100805029,0.3225536660161695,0.9800278917594514,250,allenai/scibert_scivocab_uncased
SentenceTransformer,0.7,5,0.01815630652714148,0.2994145525508782,0.0342365317182021,0.2994145525508782,0.9798666977730618,250,allenai/scibert_scivocab_uncased
SentenceTransformer,0.7,6,0.018920931492011916,0.3116810705324784,0.0356761069006781,0.3116810705324784,0.9799044830300864,250,allenai/scibert_scivocab_uncased
SentenceTransformer,0.7,7,0.022401847575057737,0.32450515751324227,0.04191045420994833,0.32450515751324227,0.9823913769190318,250,allenai/scibert_scivocab_uncased
SentenceTransformer,0.7,8,0.0192537780477479,0.29160858656258715,0.03612252650481749,0.29160858656258715,0.9815299423896159,250,allenai/scibert_scivocab_uncased
SentenceTransformer,0.7,9,0.019403935882646647,0.3141901310287148,0.03655056106894986,0.3141901310287148,0.9802566832240045,250,allenai/scibert_scivocab_uncased
SentenceTransformer,0.7,10,0.019634941769335782,0.32478394201282407,0.037031150667514307,0.32478394201282407,0.9798358455907205,250,allenai/scibert_scivocab_uncased
SentenceTransformer,0.75,1,0.015197998105551865,0.29969333705046,0.028928955866523144,0.29969333705046,0.9758527941850916,250,allenai/scibert_scivocab_uncased
SentenceTransformer,0.75,2,0.015050375222853352,0.3035963200446055,0.028679026651216685,0.3035963200446055,0.9752946816730758,250,allenai/scibert_scivocab_uncased
SentenceTransformer,0.75,3,0.02283839423571796,0.2969054920546418,0.04241422569147135,0.2969054920546418,0.9842040292950137,250,allenai/scibert_scivocab_uncased
SentenceTransformer,0.75,4,0.019802322964809334,0.3189294675216058,0.03728935102187164,0.3189294675216058,0.9803700389950786,250,allenai/scibert_scivocab_uncased
SentenceTransformer,0.75,5,0.019160902675889054,0.3058265960412601,0.036062394187938655,0.3058265960412601,0.9805336595576074,250,allenai/scibert_scivocab_uncased
SentenceTransformer,0.75,6,0.01914580265095729,0.3225536660161695,0.036146083913899216,0.3225536660161695,0.9794524465607269,250,allenai/scibert_scivocab_uncased
SentenceTransformer,0.75,7,0.02143640973247058,0.31586283802620574,0.04014811927499513,0.31586283802620574,0.9820707222149232,250,allenai/scibert_scivocab_uncased
SentenceTransformer,0.75,8,0.02111873248961453,0.3047114580429328,0.039499837374869,0.3047114580429328,0.9824378285194107,250,allenai/scibert_scivocab_uncased
SentenceTransformer,0.75,9,0.019005605492719492,0.31948703652076943,0.0358769664240432,0.31948703652076943,0.9794947383162959,250,allenai/scibert_scivocab_uncased
SentenceTransformer,0.75,10,0.01865624002553463,0.32589908001115137,0.03529216417347201,0.32589908001115137,0.9786839152320691,250,allenai/scibert_scivocab_uncased
SentenceTransformer,0.8,1,0.016484729934376576,0.2913298020630053,0.031203810149449826,0.2913298020630053,0.9783871796356184,250,allenai/scibert_scivocab_uncased
SentenceTransformer,0.8,2,0.01759075190858823,0.2935600780596599,0.03319253561972008,0.2935600780596599,0.9796139872008508,250,allenai/scibert_scivocab_uncased
SentenceTransformer,0.8,3,0.02006720531601601,0.29634792305547814,0.037589066284764584,0.29634792305547814,0.982005551312899,250,allenai/scibert_scivocab_uncased
SentenceTransformer,0.8,4,0.021159261576971213,0.3016448285475328,0.03954461560952433,0.3016448285475328,0.9826485939897869,250,allenai/scibert_scivocab_uncased
SentenceTransformer,0.8,5,0.020981939596296857,0.3083356565374965,0.03929021829872644,0.3083356565374965,0.982110587394353,250,allenai/scibert_scivocab_uncased
SentenceTransformer,0.8,6,0.01946490165004195,0.2910510175634235,0.036489462094998426,0.2910510175634235,0.9817691334661941,250,allenai/scibert_scivocab_uncased
SentenceTransformer,0.8,7,0.0226378560982141,0.30638416504042376,0.04216058618176238,0.30638416504042376,0.9835519736210374,250,allenai/scibert_scivocab_uncased
SentenceTransformer,0.8,8,0.020983096949679425,0.3010872595483691,0.03923206858346804,0.3010872595483691,0.9825321183351053,250,allenai/scibert_scivocab_uncased
SentenceTransformer,0.8,9,0.021686697313900515,0.29328129356007804,0.040386977886977884,0.29328129356007804,0.98354885373743,250,allenai/scibert_scivocab_uncased
SentenceTransformer,0.8,10,0.018398871798235544,0.3127962085308057,0.03475351949077731,0.3127962085308057,0.9792493074725026,250,allenai/scibert_scivocab_uncased
SentenceTransformer,0.85,1,0.03519555116525811,0.26819068859771394,0.06222509702457956,0.26819068859771394,0.9908583943761672,250,allenai/scibert_scivocab_uncased
SentenceTransformer,0.85,2,0.026556626899820232,0.2718148870922777,0.04838589613160964,0.2718148870922777,0.9876109421944499,250,allenai/scibert_scivocab_uncased
SentenceTransformer,0.85,3,0.04225533559496715,0.2743239475885141,0.07323063183746371,0.2743239475885141,0.9922685817667762,250,allenai/scibert_scivocab_uncased
SentenceTransformer,0.85,4,0.04942363825260971,0.2785057150822414,0.08394957983193277,0.2785057150822414,0.9933393951516315,250,allenai/scibert_scivocab_uncased
SentenceTransformer,0.85,5,0.043917124136709756,0.2765542235851687,0.07579751671442216,0.2765542235851687,0.9925136659568353,250,allenai/scibert_scivocab_uncased
SentenceTransformer,0.85,6,0.03489504617968094,0.28965709506551435,0.06228643366704634,0.28965709506551435,0.9900385582948519,250,allenai/scibert_scivocab_uncased
SentenceTransformer,0.85,7,0.03943198684263308,0.27404516308893223,0.0689437508767008,0.27404516308893223,0.9916990296815327,250,allenai/scibert_scivocab_uncased
SentenceTransformer,0.85,8,0.03398058252427184,0.27516030108725953,0.060490914105353476,0.27516030108725953,0.9902732428728859,250,allenai/scibert_scivocab_uncased
SentenceTransformer,0.85,9,0.03780361374407583,0.28463897407304156,0.06674293185160975,0.28463897407304156,0.990991509410089,250,allenai/scibert_scivocab_uncased
SentenceTransformer,0.85,10,0.0423302083759774,0.28826317256760525,0.07382023274077247,0.28826317256760525,0.9918907291965294,250,allenai/scibert_scivocab_uncased
SentenceTransformer,0.9,1,0.17903575297941496,0.18427655422358516,0.1816183541695288,0.18427655422358516,0.9989492925317266,250,allenai/scibert_scivocab_uncased
SentenceTransformer,0.9,2,0.15785731215927945,0.18567047672149428,0.1706379707916987,0.18567047672149428,0.9987683392824892,250,allenai/scibert_scivocab_uncased
SentenceTransformer,0.9,3,0.158447265625,0.1809311402286033,0.16894442275152935,0.1809311402286033,0.9988050845783113,250,allenai/scibert_scivocab_uncased
SentenceTransformer,0.9,4,0.18869013271783036,0.18232506272651242,0.18545299872394724,0.18232506272651242,0.9990252096995101,250,allenai/scibert_scivocab_uncased
SentenceTransformer,0.9,5,0.13601963591736552,0.18539169222191246,0.15691363850873052,0.18539169222191246,0.9985357346268602,250,allenai/scibert_scivocab_uncased
SentenceTransformer,0.9,6,0.17545219638242895,0.189294675216058,0.182110768405525,0.189294675216058,0.9988938279342592,250,allenai/scibert_scivocab_uncased
SentenceTransformer,0.9,7,0.15971049457177322,0.18455533872316698,0.1712364200724263,0.18455533872316698,0.9987926050438811,250,allenai/scibert_scivocab_uncased
SentenceTransformer,0.9,8,0.16163901458019106,0.17925843323111235,0.16999339061467283,0.17925843323111235,0.9988439097965385,250,allenai/scibert_scivocab_uncased
SentenceTransformer,0.9,9,0.18335117773019272,0.19096738221354892,0.1870817970777004,0.19096738221354892,0.9989423594570432,250,allenai/scibert_scivocab_uncased
SentenceTransformer,0.9,10,0.13169552960128877,0.18232506272651242,0.15292879691336372,0.18232506272651242,0.9985052290982531,250,allenai/scibert_scivocab_uncased
SentenceTransformer,0.95,1,0.8216216216216217,0.042375243936437136,0.08059384941675504,0.042375243936437136,0.9999885604267723,250,allenai/scibert_scivocab_uncased
SentenceTransformer,0.95,2,0.8074866310160428,0.04209645943685531,0.0800211976682565,0.04209645943685531,0.9999875204655698,250,allenai/scibert_scivocab_uncased
SentenceTransformer,0.95,3,0.819672131147541,0.04181767493727349,0.07957559681697612,0.04181767493727349,0.9999885604267723,250,allenai/scibert_scivocab_uncased
SentenceTransformer,0.95,4,0.825136612021858,0.04209645943685531,0.08010610079575597,0.04209645943685531,0.9999889070805065,250,allenai/scibert_scivocab_uncased
SentenceTransformer,0.95,5,0.8031914893617021,0.04209645943685531,0.08,0.04209645943685531,0.9999871738118357,250,allenai/scibert_scivocab_uncased
SentenceTransformer,0.95,6,0.8162162162162162,0.04209645943685531,0.08006362672322376,0.04209645943685531,0.9999882137730381,250,allenai/scibert_scivocab_uncased
SentenceTransformer,0.95,7,0.8324873096446701,0.045720657931419016,0.08668076109936575,0.045720657931419016,0.9999885604267723,250,allenai/scibert_scivocab_uncased
SentenceTransformer,0.95,8,0.8085106382978723,0.042375243936437136,0.08052980132450331,0.042375243936437136,0.9999875204655698,250,allenai/scibert_scivocab_uncased
SentenceTransformer,0.95,9,0.8216216216216217,0.042375243936437136,0.08059384941675504,0.042375243936437136,0.9999885604267723,250,allenai/scibert_scivocab_uncased
SentenceTransformer,0.95,10,0.8162162162162162,0.04209645943685531,0.08006362672322376,0.04209645943685531,0.9999882137730381,250,allenai/scibert_scivocab_uncased
SentenceTransformer,0.1,1,0.042323618410574936,0.29634792305547814,0.07406891265721353,0.29634792305547814,0.9916619377319763,500,allenai/scibert_scivocab_uncased
SentenceTransformer,0.1,2,0.03578494917104455,0.2924449400613326,0.06376705875201362,0.2924449400613326,0.9902018322036465,500,allenai/scibert_scivocab_uncased
SentenceTransformer,0.1,3,0.04964969640354974,0.29634792305547814,0.08505020602472296,0.29634792305547814,0.9929466364708154,500,allenai/scibert_scivocab_uncased
SentenceTransformer,0.1,4,0.03430682067173756,0.30554781154167826,0.061687397985028425,0.30554781154167826,0.9893053856470795,500,allenai/scibert_scivocab_uncased
SentenceTransformer,0.1,5,0.04087183023059833,0.29746306105380543,0.07186879062405281,0.29746306105380543,0.9913201371500834,500,allenai/scibert_scivocab_uncased
SentenceTransformer,0.1,6,0.03867304029040722,0.2999721215500418,0.0685132123527539,0.2999721215500418,0.9907280525721187,500,allenai/scibert_scivocab_uncased
SentenceTransformer,0.1,7,0.04061844863731656,0.3024811820462782,0.07161952539687778,0.3024811820462782,0.9911163047543906,500,allenai/scibert_scivocab_uncased
SentenceTransformer,0.1,8,0.04710521754203501,0.30303875104544187,0.08153621122904399,0.30303875104544187,0.992377431039306,500,allenai/scibert_scivocab_uncased
SentenceTransformer,0.1,9,0.04454545454545455,0.3005296905492055,0.07759024004030662,0.3005296905492055,0.9919846723584899,500,allenai/scibert_scivocab_uncased
SentenceTransformer,0.1,10,0.033726314406751834,0.28631168107053245,0.06034432105294083,0.28631168107053245,0.989800060525742,500,allenai/scibert_scivocab_uncased
SentenceTransformer,0.15,1,0.042323618410574936,0.29634792305547814,0.07406891265721353,0.29634792305547814,0.9916619377319763,500,allenai/scibert_scivocab_uncased
SentenceTransformer,0.15,2,0.03578494917104455,0.2924449400613326,0.06376705875201362,0.2924449400613326,0.9902018322036465,500,allenai/scibert_scivocab_uncased
SentenceTransformer,0.15,3,0.04964969640354974,0.29634792305547814,0.08505020602472296,0.29634792305547814,0.9929466364708154,500,allenai/scibert_scivocab_uncased
SentenceTransformer,0.15,4,0.03430682067173756,0.30554781154167826,0.061687397985028425,0.30554781154167826,0.9893053856470795,500,allenai/scibert_scivocab_uncased
SentenceTransformer,0.15,5,0.04087183023059833,0.29746306105380543,0.07186879062405281,0.29746306105380543,0.9913201371500834,500,allenai/scibert_scivocab_uncased
SentenceTransformer,0.15,6,0.03867304029040722,0.2999721215500418,0.0685132123527539,0.2999721215500418,0.9907280525721187,500,allenai/scibert_scivocab_uncased
SentenceTransformer,0.15,7,0.04061844863731656,0.3024811820462782,0.07161952539687778,0.3024811820462782,0.9911163047543906,500,allenai/scibert_scivocab_uncased
SentenceTransformer,0.15,8,0.04710521754203501,0.30303875104544187,0.08153621122904399,0.30303875104544187,0.992377431039306,500,allenai/scibert_scivocab_uncased
SentenceTransformer,0.15,9,0.04454545454545455,0.3005296905492055,0.07759024004030662,0.3005296905492055,0.9919846723584899,500,allenai/scibert_scivocab_uncased
SentenceTransformer,0.15,10,0.033726314406751834,0.28631168107053245,0.06034432105294083,0.28631168107053245,0.989800060525742,500,allenai/scibert_scivocab_uncased
SentenceTransformer,0.2,1,0.042323618410574936,0.29634792305547814,0.07406891265721353,0.29634792305547814,0.9916619377319763,500,allenai/scibert_scivocab_uncased
SentenceTransformer,0.2,2,0.03578494917104455,0.2924449400613326,0.06376705875201362,0.2924449400613326,0.9902018322036465,500,allenai/scibert_scivocab_uncased
SentenceTransformer,0.2,3,0.04964969640354974,0.29634792305547814,0.08505020602472296,0.29634792305547814,0.9929466364708154,500,allenai/scibert_scivocab_uncased
SentenceTransformer,0.2,4,0.03430682067173756,0.30554781154167826,0.061687397985028425,0.30554781154167826,0.9893053856470795,500,allenai/scibert_scivocab_uncased
SentenceTransformer,0.2,5,0.04087183023059833,0.29746306105380543,0.07186879062405281,0.29746306105380543,0.9913201371500834,500,allenai/scibert_scivocab_uncased
SentenceTransformer,0.2,6,0.03867304029040722,0.2999721215500418,0.0685132123527539,0.2999721215500418,0.9907280525721187,500,allenai/scibert_scivocab_uncased
SentenceTransformer,0.2,7,0.04061844863731656,0.3024811820462782,0.07161952539687778,0.3024811820462782,0.9911163047543906,500,allenai/scibert_scivocab_uncased
SentenceTransformer,0.2,8,0.04710521754203501,0.30303875104544187,0.08153621122904399,0.30303875104544187,0.992377431039306,500,allenai/scibert_scivocab_uncased
SentenceTransformer,0.2,9,0.04454545454545455,0.3005296905492055,0.07759024004030662,0.3005296905492055,0.9919846723584899,500,allenai/scibert_scivocab_uncased
SentenceTransformer,0.2,10,0.033726314406751834,0.28631168107053245,0.06034432105294083,0.28631168107053245,0.989800060525742,500,allenai/scibert_scivocab_uncased
SentenceTransformer,0.25,1,0.042323618410574936,0.29634792305547814,0.07406891265721353,0.29634792305547814,0.9916619377319763,500,allenai/scibert_scivocab_uncased
SentenceTransformer,0.25,2,0.03578494917104455,0.2924449400613326,0.06376705875201362,0.2924449400613326,0.9902018322036465,500,allenai/scibert_scivocab_uncased
SentenceTransformer,0.25,3,0.04964969640354974,0.29634792305547814,0.08505020602472296,0.29634792305547814,0.9929466364708154,500,allenai/scibert_scivocab_uncased
SentenceTransformer,0.25,4,0.03430682067173756,0.30554781154167826,0.061687397985028425,0.30554781154167826,0.9893053856470795,500,allenai/scibert_scivocab_uncased
SentenceTransformer,0.25,5,0.04087183023059833,0.29746306105380543,0.07186879062405281,0.29746306105380543,0.9913201371500834,500,allenai/scibert_scivocab_uncased
SentenceTransformer,0.25,6,0.03867304029040722,0.2999721215500418,0.0685132123527539,0.2999721215500418,0.9907280525721187,500,allenai/scibert_scivocab_uncased
SentenceTransformer,0.25,7,0.04061844863731656,0.3024811820462782,0.07161952539687778,0.3024811820462782,0.9911163047543906,500,allenai/scibert_scivocab_uncased
SentenceTransformer,0.25,8,0.04710521754203501,0.30303875104544187,0.08153621122904399,0.30303875104544187,0.992377431039306,500,allenai/scibert_scivocab_uncased
SentenceTransformer,0.25,9,0.04454545454545455,0.3005296905492055,0.07759024004030662,0.3005296905492055,0.9919846723584899,500,allenai/scibert_scivocab_uncased
SentenceTransformer,0.25,10,0.033726314406751834,0.28631168107053245,0.06034432105294083,0.28631168107053245,0.989800060525742,500,allenai/scibert_scivocab_uncased
SentenceTransformer,0.3,1,0.042323618410574936,0.29634792305547814,0.07406891265721353,0.29634792305547814,0.9916619377319763,500,allenai/scibert_scivocab_uncased
SentenceTransformer,0.3,2,0.03578494917104455,0.2924449400613326,0.06376705875201362,0.2924449400613326,0.9902018322036465,500,allenai/scibert_scivocab_uncased
SentenceTransformer,0.3,3,0.04964969640354974,0.29634792305547814,0.08505020602472296,0.29634792305547814,0.9929466364708154,500,allenai/scibert_scivocab_uncased
SentenceTransformer,0.3,4,0.03430682067173756,0.30554781154167826,0.061687397985028425,0.30554781154167826,0.9893053856470795,500,allenai/scibert_scivocab_uncased
SentenceTransformer,0.3,5,0.04087183023059833,0.29746306105380543,0.07186879062405281,0.29746306105380543,0.9913201371500834,500,allenai/scibert_scivocab_uncased
SentenceTransformer,0.3,6,0.03867304029040722,0.2999721215500418,0.0685132123527539,0.2999721215500418,0.9907280525721187,500,allenai/scibert_scivocab_uncased
SentenceTransformer,0.3,7,0.04061844863731656,0.3024811820462782,0.07161952539687778,0.3024811820462782,0.9911163047543906,500,allenai/scibert_scivocab_uncased
SentenceTransformer,0.3,8,0.04710521754203501,0.30303875104544187,0.08153621122904399,0.30303875104544187,0.992377431039306,500,allenai/scibert_scivocab_uncased
SentenceTransformer,0.3,9,0.04454545454545455,0.3005296905492055,0.07759024004030662,0.3005296905492055,0.9919846723584899,500,allenai/scibert_scivocab_uncased
SentenceTransformer,0.3,10,0.033726314406751834,0.28631168107053245,0.06034432105294083,0.28631168107053245,0.989800060525742,500,allenai/scibert_scivocab_uncased
SentenceTransformer,0.35,1,0.042323618410574936,0.29634792305547814,0.07406891265721353,0.29634792305547814,0.9916619377319763,500,allenai/scibert_scivocab_uncased
SentenceTransformer,0.35,2,0.03578494917104455,0.2924449400613326,0.06376705875201362,0.2924449400613326,0.9902018322036465,500,allenai/scibert_scivocab_uncased
SentenceTransformer,0.35,3,0.04964969640354974,0.29634792305547814,0.08505020602472296,0.29634792305547814,0.9929466364708154,500,allenai/scibert_scivocab_uncased
SentenceTransformer,0.35,4,0.03430682067173756,0.30554781154167826,0.061687397985028425,0.30554781154167826,0.9893053856470795,500,allenai/scibert_scivocab_uncased
SentenceTransformer,0.35,5,0.04087183023059833,0.29746306105380543,0.07186879062405281,0.29746306105380543,0.9913201371500834,500,allenai/scibert_scivocab_uncased
SentenceTransformer,0.35,6,0.03867304029040722,0.2999721215500418,0.0685132123527539,0.2999721215500418,0.9907280525721187,500,allenai/scibert_scivocab_uncased
SentenceTransformer,0.35,7,0.04061844863731656,0.3024811820462782,0.07161952539687778,0.3024811820462782,0.9911163047543906,500,allenai/scibert_scivocab_uncased
SentenceTransformer,0.35,8,0.04710521754203501,0.30303875104544187,0.08153621122904399,0.30303875104544187,0.992377431039306,500,allenai/scibert_scivocab_uncased
SentenceTransformer,0.35,9,0.04454545454545455,0.3005296905492055,0.07759024004030662,0.3005296905492055,0.9919846723584899,500,allenai/scibert_scivocab_uncased
SentenceTransformer,0.35,10,0.033726314406751834,0.28631168107053245,0.06034432105294083,0.28631168107053245,0.989800060525742,500,allenai/scibert_scivocab_uncased
SentenceTransformer,0.4,1,0.042323618410574936,0.29634792305547814,0.07406891265721353,0.29634792305547814,0.9916619377319763,500,allenai/scibert_scivocab_uncased
SentenceTransformer,0.4,2,0.03578494917104455,0.2924449400613326,0.06376705875201362,0.2924449400613326,0.9902018322036465,500,allenai/scibert_scivocab_uncased
SentenceTransformer,0.4,3,0.04964969640354974,0.29634792305547814,0.08505020602472296,0.29634792305547814,0.9929466364708154,500,allenai/scibert_scivocab_uncased
SentenceTransformer,0.4,4,0.03430682067173756,0.30554781154167826,0.061687397985028425,0.30554781154167826,0.9893053856470795,500,allenai/scibert_scivocab_uncased
SentenceTransformer,0.4,5,0.04087183023059833,0.29746306105380543,0.07186879062405281,0.29746306105380543,0.9913201371500834,500,allenai/scibert_scivocab_uncased
SentenceTransformer,0.4,6,0.03867304029040722,0.2999721215500418,0.0685132123527539,0.2999721215500418,0.9907280525721187,500,allenai/scibert_scivocab_uncased
SentenceTransformer,0.4,7,0.04061844863731656,0.3024811820462782,0.07161952539687778,0.3024811820462782,0.9911163047543906,500,allenai/scibert_scivocab_uncased
SentenceTransformer,0.4,8,0.04710521754203501,0.30303875104544187,0.08153621122904399,0.30303875104544187,0.992377431039306,500,allenai/scibert_scivocab_uncased
SentenceTransformer,0.4,9,0.04454545454545455,0.3005296905492055,0.07759024004030662,0.3005296905492055,0.9919846723584899,500,allenai/scibert_scivocab_uncased
SentenceTransformer,0.4,10,0.033726314406751834,0.28631168107053245,0.06034432105294083,0.28631168107053245,0.989800060525742,500,allenai/scibert_scivocab_uncased
SentenceTransformer,0.45,1,0.042323618410574936,0.29634792305547814,0.07406891265721353,0.29634792305547814,0.9916619377319763,500,allenai/scibert_scivocab_uncased
SentenceTransformer,0.45,2,0.03578494917104455,0.2924449400613326,0.06376705875201362,0.2924449400613326,0.9902018322036465,500,allenai/scibert_scivocab_uncased
SentenceTransformer,0.45,3,0.04964969640354974,0.29634792305547814,0.08505020602472296,0.29634792305547814,0.9929466364708154,500,allenai/scibert_scivocab_uncased
SentenceTransformer,0.45,4,0.03430682067173756,0.30554781154167826,0.061687397985028425,0.30554781154167826,0.9893053856470795,500,allenai/scibert_scivocab_uncased
SentenceTransformer,0.45,5,0.04087183023059833,0.29746306105380543,0.07186879062405281,0.29746306105380543,0.9913201371500834,500,allenai/scibert_scivocab_uncased
SentenceTransformer,0.45,6,0.03867304029040722,0.2999721215500418,0.0685132123527539,0.2999721215500418,0.9907280525721187,500,allenai/scibert_scivocab_uncased
SentenceTransformer,0.45,7,0.04061844863731656,0.3024811820462782,0.07161952539687778,0.3024811820462782,0.9911163047543906,500,allenai/scibert_scivocab_uncased
SentenceTransformer,0.45,8,0.04710521754203501,0.30303875104544187,0.08153621122904399,0.30303875104544187,0.992377431039306,500,allenai/scibert_scivocab_uncased
SentenceTransformer,0.45,9,0.04454545454545455,0.3005296905492055,0.07759024004030662,0.3005296905492055,0.9919846723584899,500,allenai/scibert_scivocab_uncased
SentenceTransformer,0.45,10,0.033726314406751834,0.28631168107053245,0.06034432105294083,0.28631168107053245,0.989800060525742,500,allenai/scibert_scivocab_uncased
SentenceTransformer,0.5,1,0.042323618410574936,0.29634792305547814,0.07406891265721353,0.29634792305547814,0.9916619377319763,500,allenai/scibert_scivocab_uncased
SentenceTransformer,0.5,2,0.03578494917104455,0.2924449400613326,0.06376705875201362,0.2924449400613326,0.9902018322036465,500,allenai/scibert_scivocab_uncased
SentenceTransformer,0.5,3,0.04964969640354974,0.29634792305547814,0.08505020602472296,0.29634792305547814,0.9929466364708154,500,allenai/scibert_scivocab_uncased
SentenceTransformer,0.5,4,0.03430682067173756,0.30554781154167826,0.061687397985028425,0.30554781154167826,0.9893053856470795,500,allenai/scibert_scivocab_uncased
SentenceTransformer,0.5,5,0.04087183023059833,0.29746306105380543,0.07186879062405281,0.29746306105380543,0.9913201371500834,500,allenai/scibert_scivocab_uncased
SentenceTransformer,0.5,6,0.03867304029040722,0.2999721215500418,0.0685132123527539,0.2999721215500418,0.9907280525721187,500,allenai/scibert_scivocab_uncased
SentenceTransformer,0.5,7,0.04061844863731656,0.3024811820462782,0.07161952539687778,0.3024811820462782,0.9911163047543906,500,allenai/scibert_scivocab_uncased
SentenceTransformer,0.5,8,0.04710521754203501,0.30303875104544187,0.08153621122904399,0.30303875104544187,0.992377431039306,500,allenai/scibert_scivocab_uncased
SentenceTransformer,0.5,9,0.04454545454545455,0.3005296905492055,0.07759024004030662,0.3005296905492055,0.9919846723584899,500,allenai/scibert_scivocab_uncased
SentenceTransformer,0.5,10,0.033726314406751834,0.28631168107053245,0.06034432105294083,0.28631168107053245,0.989800060525742,500,allenai/scibert_scivocab_uncased
SentenceTransformer,0.55,1,0.042323618410574936,0.29634792305547814,0.07406891265721353,0.29634792305547814,0.9916619377319763,500,allenai/scibert_scivocab_uncased
SentenceTransformer,0.55,2,0.03578494917104455,0.2924449400613326,0.06376705875201362,0.2924449400613326,0.9902018322036465,500,allenai/scibert_scivocab_uncased
SentenceTransformer,0.55,3,0.04964969640354974,0.29634792305547814,0.08505020602472296,0.29634792305547814,0.9929466364708154,500,allenai/scibert_scivocab_uncased
SentenceTransformer,0.55,4,0.03430682067173756,0.30554781154167826,0.061687397985028425,0.30554781154167826,0.9893053856470795,500,allenai/scibert_scivocab_uncased
SentenceTransformer,0.55,5,0.04087183023059833,0.29746306105380543,0.07186879062405281,0.29746306105380543,0.9913201371500834,500,allenai/scibert_scivocab_uncased
SentenceTransformer,0.55,6,0.03867304029040722,0.2999721215500418,0.0685132123527539,0.2999721215500418,0.9907280525721187,500,allenai/scibert_scivocab_uncased
SentenceTransformer,0.55,7,0.04061844863731656,0.3024811820462782,0.07161952539687778,0.3024811820462782,0.9911163047543906,500,allenai/scibert_scivocab_uncased
SentenceTransformer,0.55,8,0.04710521754203501,0.30303875104544187,0.08153621122904399,0.30303875104544187,0.992377431039306,500,allenai/scibert_scivocab_uncased
SentenceTransformer,0.55,9,0.04454545454545455,0.3005296905492055,0.07759024004030662,0.3005296905492055,0.9919846723584899,500,allenai/scibert_scivocab_uncased
SentenceTransformer,0.55,10,0.033726314406751834,0.28631168107053245,0.06034432105294083,0.28631168107053245,0.989800060525742,500,allenai/scibert_scivocab_uncased
SentenceTransformer,0.6,1,0.042323618410574936,0.29634792305547814,0.07406891265721353,0.29634792305547814,0.9916619377319763,500,allenai/scibert_scivocab_uncased
SentenceTransformer,0.6,2,0.03578494917104455,0.2924449400613326,0.06376705875201362,0.2924449400613326,0.9902018322036465,500,allenai/scibert_scivocab_uncased
SentenceTransformer,0.6,3,0.04964969640354974,0.29634792305547814,0.08505020602472296,0.29634792305547814,0.9929466364708154,500,allenai/scibert_scivocab_uncased
SentenceTransformer,0.6,4,0.03430682067173756,0.30554781154167826,0.061687397985028425,0.30554781154167826,0.9893053856470795,500,allenai/scibert_scivocab_uncased
SentenceTransformer,0.6,5,0.04087183023059833,0.29746306105380543,0.07186879062405281,0.29746306105380543,0.9913201371500834,500,allenai/scibert_scivocab_uncased
SentenceTransformer,0.6,6,0.03867304029040722,0.2999721215500418,0.0685132123527539,0.2999721215500418,0.9907280525721187,500,allenai/scibert_scivocab_uncased
SentenceTransformer,0.6,7,0.04061844863731656,0.3024811820462782,0.07161952539687778,0.3024811820462782,0.9911163047543906,500,allenai/scibert_scivocab_uncased
SentenceTransformer,0.6,8,0.04710521754203501,0.30303875104544187,0.08153621122904399,0.30303875104544187,0.992377431039306,500,allenai/scibert_scivocab_uncased
SentenceTransformer,0.6,9,0.04454545454545455,0.3005296905492055,0.07759024004030662,0.3005296905492055,0.9919846723584899,500,allenai/scibert_scivocab_uncased
SentenceTransformer,0.6,10,0.033726314406751834,0.28631168107053245,0.06034432105294083,0.28631168107053245,0.989800060525742,500,allenai/scibert_scivocab_uncased
SentenceTransformer,0.65,1,0.042323618410574936,0.29634792305547814,0.07406891265721353,0.29634792305547814,0.9916619377319763,500,allenai/scibert_scivocab_uncased
SentenceTransformer,0.65,2,0.03579349643429897,0.2924449400613326,0.06378062868608257,0.2924449400613326,0.9902042587797858,500,allenai/scibert_scivocab_uncased
SentenceTransformer,0.65,3,0.04964969640354974,0.29634792305547814,0.08505020602472296,0.29634792305547814,0.9929466364708154,500,allenai/scibert_scivocab_uncased
SentenceTransformer,0.65,4,0.03431326508249585,0.30554781154167826,0.06169781580725062,0.30554781154167826,0.9893074655694845,500,allenai/scibert_scivocab_uncased
SentenceTransformer,0.65,5,0.04087183023059833,0.29746306105380543,0.07186879062405281,0.29746306105380543,0.9913201371500834,500,allenai/scibert_scivocab_uncased
SentenceTransformer,0.65,6,0.03867304029040722,0.2999721215500418,0.0685132123527539,0.2999721215500418,0.9907280525721187,500,allenai/scibert_scivocab_uncased
SentenceTransformer,0.65,7,0.04058253154131257,0.3022023975466964,0.07155587827579378,0.3022023975466964,0.9911163047543906,500,allenai/scibert_scivocab_uncased
SentenceTransformer,0.65,8,0.04710521754203501,0.30303875104544187,0.08153621122904399,0.30303875104544187,0.992377431039306,500,allenai/scibert_scivocab_uncased
SentenceTransformer,0.65,9,0.04454545454545455,0.3005296905492055,0.07759024004030662,0.3005296905492055,0.9919846723584899,500,allenai/scibert_scivocab_uncased
SentenceTransformer,0.65,10,0.033726314406751834,0.28631168107053245,0.06034432105294083,0.28631168107053245,0.989800060525742,500,allenai/scibert_scivocab_uncased
SentenceTransformer,0.7,1,0.04315571155073389,0.3016448285475328,0.07550856624446073,0.3016448285475328,0.9916837769172291,500,allenai/scibert_scivocab_uncased
SentenceTransformer,0.7,2,0.03578623868874851,0.29216615556175074,0.06376247262107569,0.29216615556175074,0.9902115385082034,500,allenai/scibert_scivocab_uncased
SentenceTransformer,0.7,3,0.049951119594059866,0.2991357680512963,0.08560714855592788,0.2991357680512963,0.9929254905930309,500,allenai/scibert_scivocab_uncased
SentenceTransformer,0.7,4,0.0343747062325698,0.3058265960412601,0.06180281690140845,0.3058265960412601,0.9893175185277755,500,allenai/scibert_scivocab_uncased
SentenceTransformer,0.7,5,0.041220020050898434,0.2980206300529691,0.072423020900376,0.2980206300529691,0.9913804548998292,500,allenai/scibert_scivocab_uncased
SentenceTransformer,0.7,6,0.03867860095618103,0.2999721215500418,0.0685219384830924,0.2999721215500418,0.9907294391870554,500,allenai/scibert_scivocab_uncased
SentenceTransformer,0.7,7,0.04064583801603357,0.3024811820462782,0.07166209834549718,0.3024811820462782,0.9911225445216058,500,allenai/scibert_scivocab_uncased
SentenceTransformer,0.7,8,0.04801752464403067,0.30554781154167826,0.08299257913069817,0.30554781154167826,0.9924675610101906,500,allenai/scibert_scivocab_uncased
SentenceTransformer,0.7,9,0.04469343035514946,0.3013660440479509,0.07784258659177648,0.3013660440479509,0.9919902188182366,500,allenai/scibert_scivocab_uncased
SentenceTransformer,0.7,10,0.03385989687674472,0.28742681906885975,0.06058291221060054,0.28742681906885975,0.989802140448147,500,allenai/scibert_scivocab_uncased
SentenceTransformer,0.75,1,0.04271044032985841,0.3061053805408419,0.0749615975422427,0.3061053805408419,0.9914688516020429,500,allenai/scibert_scivocab_uncased
SentenceTransformer,0.75,2,0.03685959083755901,0.2938388625592417,0.06550245478839102,0.2938388625592417,0.9904528095071866,500,allenai/scibert_scivocab_uncased
SentenceTransformer,0.75,3,0.05151672406472614,0.30443267354335096,0.0881213686249193,0.30443267354335096,0.9930305266744849,500,allenai/scibert_scivocab_uncased
SentenceTransformer,0.75,4,0.034515456097098426,0.30443267354335096,0.0620014194464159,0.30443267354335096,0.9894111150360018,500,allenai/scibert_scivocab_uncased
SentenceTransformer,0.75,5,0.04288658190442863,0.30749930303875106,0.07527468777724698,0.30749930303875106,0.9914667716796379,500,allenai/scibert_scivocab_uncased
SentenceTransformer,0.75,6,0.03928902187077011,0.30749930303875106,0.0696756261646821,0.30749930303875106,0.9906504021356644,500,allenai/scibert_scivocab_uncased
SentenceTransformer,0.75,7,0.04116507803896252,0.3022023975466964,0.07245989304812835,0.3022023975466964,0.9912473398659074,500,allenai/scibert_scivocab_uncased
SentenceTransformer,0.75,8,0.047878415180532374,0.30387510454418737,0.08272302963609456,0.30387510454418737,0.9924859336581017,500,allenai/scibert_scivocab_uncased
SentenceTransformer,0.75,9,0.045406502346425404,0.2994145525508782,0.07885462555066079,0.2994145525508782,0.9921729053361449,500,allenai/scibert_scivocab_uncased
SentenceTransformer,0.75,10,0.03544788656676299,0.29411764705882354,0.06327026297640109,0.29411764705882354,0.9900486112531428,500,allenai/scibert_scivocab_uncased
SentenceTransformer,0.8,1,0.04655259184700554,0.3094507945358238,0.08093033429331778,0.3094507945358238,0.9921191740073484,500,allenai/scibert_scivocab_uncased
SentenceTransformer,0.8,2,0.04370564064251027,0.2935600780596599,0.07608381502890173,0.2935600780596599,0.992013097964692,500,allenai/scibert_scivocab_uncased
SentenceTransformer,0.8,3,0.05266491279353016,0.3013660440479509,0.08966117861734334,0.3013660440479509,0.993259318139038,500,allenai/scibert_scivocab_uncased
SentenceTransformer,0.8,4,0.03398655684937991,0.3002509060496236,0.06106134482367615,0.3002509060496236,0.9893882358895464,500,allenai/scibert_scivocab_uncased
SentenceTransformer,0.8,5,0.044745363556078895,0.29662670755505993,0.07776072498721041,0.29662670755505993,0.9921257604282976,500,allenai/scibert_scivocab_uncased
SentenceTransformer,0.8,6,0.03988232665524689,0.2985781990521327,0.0703656253079728,0.2985781990521327,0.9910622267718598,500,allenai/scibert_scivocab_uncased
SentenceTransformer,0.8,7,0.039516607354685644,0.2971842765542236,0.06975754997873246,0.2971842765542236,0.9910182017476201,500,allenai/scibert_scivocab_uncased
SentenceTransformer,0.8,8,0.05006400877834674,0.30526902704209646,0.08602066067009702,0.30526902704209646,0.9927975753651217,500,allenai/scibert_scivocab_uncased
SentenceTransformer,0.8,9,0.04331465841625554,0.2888207415667689,0.07533175786220687,0.2888207415667689,0.992067869254691,500,allenai/scibert_scivocab_uncased
SentenceTransformer,0.8,10,0.03378569854214553,0.2991357680512963,0.060714083630396654,0.2991357680512963,0.9893625835132177,500,allenai/scibert_scivocab_uncased
SentenceTransformer,0.85,1,0.06673975606413594,0.27153610259269584,0.10714482151696826,0.27153610259269584,0.9952785761405861,500,allenai/scibert_scivocab_uncased
SentenceTransformer,0.85,2,0.046778961197391264,0.2779481460830778,0.08008032128514056,0.2779481460830778,0.9929573827365747,500,allenai/scibert_scivocab_uncased
SentenceTransformer,0.85,3,0.07360809833694866,0.28380262057429606,0.11689728426250215,0.28380262057429606,0.9955586723577966,500,allenai/scibert_scivocab_uncased
SentenceTransformer,0.85,4,0.05442590341474196,0.2746027320880959,0.09084620705556837,0.2746027320880959,0.9940677146471255,500,allenai/scibert_scivocab_uncased
SentenceTransformer,0.85,5,0.0529141528754082,0.26651798160022305,0.08829777408331024,0.26651798160022305,0.994068407954594,500,allenai/scibert_scivocab_uncased
SentenceTransformer,0.85,6,0.07756253813300794,0.28352383607471426,0.12180370082040841,0.28352383607471426,0.9958072230851974,500,allenai/scibert_scivocab_uncased
SentenceTransformer,0.85,7,0.07689917663507845,0.27599665458600503,0.1202843083652269,0.27599665458600503,0.9958803670231076,500,allenai/scibert_scivocab_uncased
SentenceTransformer,0.85,8,0.07503900156006241,0.26819068859771394,0.11726702017431584,0.26819068859771394,0.995889380020196,500,allenai/scibert_scivocab_uncased
SentenceTransformer,0.85,9,0.0634594386280429,0.2754390855868414,0.10315305909375652,0.2754390855868414,0.9949454419020475,500,allenai/scibert_scivocab_uncased
SentenceTransformer,0.85,10,0.06349510838288894,0.2768330080847505,0.10329761780921669,0.2768330080847505,0.9949229094093263,500,allenai/scibert_scivocab_uncased
SentenceTransformer,0.9,1,0.21087786259541985,0.1848341232227488,0.19699896003565592,0.1848341232227488,0.9991399520855209,500,allenai/scibert_scivocab_uncased
SentenceTransformer,0.9,2,0.15882917466410748,0.18455533872316698,0.17072856221792393,0.18455533872316698,0.9987846320079953,500,allenai/scibert_scivocab_uncased
SentenceTransformer,0.9,3,0.22484807562457798,0.18567047672149428,0.2033898305084746,0.18567047672149428,0.9992040830263426,500,allenai/scibert_scivocab_uncased
SentenceTransformer,0.9,4,0.23353724361281036,0.1809311402286033,0.2038956958843858,0.1809311402286033,0.9992616275462151,500,allenai/scibert_scivocab_uncased
SentenceTransformer,0.9,5,0.17034376603386353,0.18511290772233063,0.17742150968603873,0.18511290772233063,0.9988789218236899,500,allenai/scibert_scivocab_uncased
SentenceTransformer,0.9,6,0.23831123517097,0.19040981321438527,0.21168448783511545,0.19040981321438527,0.9992432548983039,500,allenai/scibert_scivocab_uncased
SentenceTransformer,0.9,7,0.2055813953488372,0.1848341232227488,0.1946564885496183,0.1848341232227488,0.9991118731330529,500,allenai/scibert_scivocab_uncased
SentenceTransformer,0.9,8,0.20295783511642543,0.179816002230276,0.19068736141906872,0.179816002230276,0.999121926091344,500,allenai/scibert_scivocab_uncased
SentenceTransformer,0.9,9,0.21019705974350955,0.18734318371898523,0.19811320754716982,0.18734318371898523,0.9991246993212173,500,allenai/scibert_scivocab_uncased
SentenceTransformer,0.9,10,0.1915147893636092,0.1787008642319487,0.18488606864724547,0.1787008642319487,0.9990619549953323,500,allenai/scibert_scivocab_uncased
SentenceTransformer,0.95,1,0.8162162162162162,0.04209645943685531,0.08006362672322376,0.04209645943685531,0.9999882137730381,500,allenai/scibert_scivocab_uncased
SentenceTransformer,0.95,2,0.7905759162303665,0.04209645943685531,0.0799364743250397,0.04209645943685531,0.9999861338506332,500,allenai/scibert_scivocab_uncased
SentenceTransformer,0.95,3,0.8043478260869565,0.04126010593810984,0.0784937682312384,0.04126010593810984,0.9999875204655698,500,allenai/scibert_scivocab_uncased
SentenceTransformer,0.95,4,0.825136612021858,0.04209645943685531,0.08010610079575597,0.04209645943685531,0.9999889070805065,500,allenai/scibert_scivocab_uncased
SentenceTransformer,0.95,5,0.798941798941799,0.04209645943685531,0.07997881355932203,0.04209645943685531,0.9999868271581015,500,allenai/scibert_scivocab_uncased
SentenceTransformer,0.95,6,0.8296703296703297,0.04209645943685531,0.08012735473600424,0.04209645943685531,0.9999892537342406,500,allenai/scibert_scivocab_uncased
SentenceTransformer,0.95,7,0.8324873096446701,0.045720657931419016,0.08668076109936575,0.045720657931419016,0.9999885604267723,500,allenai/scibert_scivocab_uncased
SentenceTransformer,0.95,8,0.8181818181818182,0.04265402843601896,0.08108108108108109,0.04265402843601896,0.9999882137730381,500,allenai/scibert_scivocab_uncased
SentenceTransformer,0.95,9,0.8128342245989305,0.042375243936437136,0.08055113937466879,0.042375243936437136,0.999987867119304,500,allenai/scibert_scivocab_uncased
SentenceTransformer,0.95,10,0.8296703296703297,0.04209645943685531,0.08012735473600424,0.04209645943685531,0.9999892537342406,500,allenai/scibert_scivocab_uncased
SentenceTransformer,0.1,1,0.0022497527744203935,0.45664901031502647,0.004477446707313573,0.45664901031502647,0.748176168041091,10,bert-base-uncased
SentenceTransformer,0.1,2,0.001846665154488703,0.4176191803735712,0.0036770707148809675,0.4176191803735712,0.7193165513638571,10,bert-base-uncased
SentenceTransformer,0.1,3,0.0021829620279499875,0.39197100641204347,0.004341744047085998,0.39197100641204347,0.7772150046988914,10,bert-base-uncased
SentenceTransformer,0.1,4,0.0019240219880778421,0.4114859213827711,0.0038301350667548947,0.4114859213827711,0.7345786753182194,10,bert-base-uncased
SentenceTransformer,0.1,5,0.0017992083483267362,0.45023696682464454,0.003584094167358334,0.45023696682464454,0.6893975608749956,10,bert-base-uncased
SentenceTransformer,0.1,6,0.001983031137335661,0.3983830499024254,0.003946418190529977,0.3983830499024254,0.7506918341899725,10,bert-base-uncased
SentenceTransformer,0.1,7,0.0025757094161359974,0.39308614441037076,0.005117883736926257,0.39308614441037076,0.8107229012976289,10,bert-base-uncased
SentenceTransformer,0.1,8,0.0019946987480715314,0.3925285754112071,0.003969227212886457,0.3925285754112071,0.7557952704644432,10,bert-base-uncased
SentenceTransformer,0.1,9,0.0022397432212026974,0.4061890158907165,0.0044549218171922676,0.4061890158907165,0.7749995406838022,10,bert-base-uncased
SentenceTransformer,0.1,10,0.0023472318510448648,0.39643155840535266,0.004666831854573381,0.39643155840535266,0.7904831763743001,10,bert-base-uncased
SentenceTransformer,0.15,1,0.0022497527744203935,0.45664901031502647,0.004477446707313573,0.45664901031502647,0.748176168041091,10,bert-base-uncased
SentenceTransformer,0.15,2,0.001846665154488703,0.4176191803735712,0.0036770707148809675,0.4176191803735712,0.7193165513638571,10,bert-base-uncased
SentenceTransformer,0.15,3,0.0021829620279499875,0.39197100641204347,0.004341744047085998,0.39197100641204347,0.7772150046988914,10,bert-base-uncased
SentenceTransformer,0.15,4,0.0019240219880778421,0.4114859213827711,0.0038301350667548947,0.4114859213827711,0.7345786753182194,10,bert-base-uncased
SentenceTransformer,0.15,5,0.0017992083483267362,0.45023696682464454,0.003584094167358334,0.45023696682464454,0.6893975608749956,10,bert-base-uncased
SentenceTransformer,0.15,6,0.001983031137335661,0.3983830499024254,0.003946418190529977,0.3983830499024254,0.7506918341899725,10,bert-base-uncased
SentenceTransformer,0.15,7,0.0025757094161359974,0.39308614441037076,0.005117883736926257,0.39308614441037076,0.8107229012976289,10,bert-base-uncased
SentenceTransformer,0.15,8,0.0019946987480715314,0.3925285754112071,0.003969227212886457,0.3925285754112071,0.7557952704644432,10,bert-base-uncased
SentenceTransformer,0.15,9,0.0022397432212026974,0.4061890158907165,0.0044549218171922676,0.4061890158907165,0.7749995406838022,10,bert-base-uncased
SentenceTransformer,0.15,10,0.0023472318510448648,0.39643155840535266,0.004666831854573381,0.39643155840535266,0.7904831763743001,10,bert-base-uncased
SentenceTransformer,0.2,1,0.0022497527744203935,0.45664901031502647,0.004477446707313573,0.45664901031502647,0.748176168041091,10,bert-base-uncased
SentenceTransformer,0.2,2,0.001846665154488703,0.4176191803735712,0.0036770707148809675,0.4176191803735712,0.7193165513638571,10,bert-base-uncased
SentenceTransformer,0.2,3,0.0021829620279499875,0.39197100641204347,0.004341744047085998,0.39197100641204347,0.7772150046988914,10,bert-base-uncased
SentenceTransformer,0.2,4,0.0019240219880778421,0.4114859213827711,0.0038301350667548947,0.4114859213827711,0.7345786753182194,10,bert-base-uncased
SentenceTransformer,0.2,5,0.0017992083483267362,0.45023696682464454,0.003584094167358334,0.45023696682464454,0.6893975608749956,10,bert-base-uncased
SentenceTransformer,0.2,6,0.001983031137335661,0.3983830499024254,0.003946418190529977,0.3983830499024254,0.7506918341899725,10,bert-base-uncased
SentenceTransformer,0.2,7,0.0025757094161359974,0.39308614441037076,0.005117883736926257,0.39308614441037076,0.8107229012976289,10,bert-base-uncased
SentenceTransformer,0.2,8,0.0019946987480715314,0.3925285754112071,0.003969227212886457,0.3925285754112071,0.7557952704644432,10,bert-base-uncased
SentenceTransformer,0.2,9,0.0022397432212026974,0.4061890158907165,0.0044549218171922676,0.4061890158907165,0.7749995406838022,10,bert-base-uncased
SentenceTransformer,0.2,10,0.0023472318510448648,0.39643155840535266,0.004666831854573381,0.39643155840535266,0.7904831763743001,10,bert-base-uncased
SentenceTransformer,0.25,1,0.0022497527744203935,0.45664901031502647,0.004477446707313573,0.45664901031502647,0.748176168041091,10,bert-base-uncased
SentenceTransformer,0.25,2,0.001846665154488703,0.4176191803735712,0.0036770707148809675,0.4176191803735712,0.7193165513638571,10,bert-base-uncased
SentenceTransformer,0.25,3,0.0021829620279499875,0.39197100641204347,0.004341744047085998,0.39197100641204347,0.7772150046988914,10,bert-base-uncased
SentenceTransformer,0.25,4,0.0019240219880778421,0.4114859213827711,0.0038301350667548947,0.4114859213827711,0.7345786753182194,10,bert-base-uncased
SentenceTransformer,0.25,5,0.0017992083483267362,0.45023696682464454,0.003584094167358334,0.45023696682464454,0.6893975608749956,10,bert-base-uncased
SentenceTransformer,0.25,6,0.001983031137335661,0.3983830499024254,0.003946418190529977,0.3983830499024254,0.7506918341899725,10,bert-base-uncased
SentenceTransformer,0.25,7,0.0025757094161359974,0.39308614441037076,0.005117883736926257,0.39308614441037076,0.8107229012976289,10,bert-base-uncased
SentenceTransformer,0.25,8,0.0019946987480715314,0.3925285754112071,0.003969227212886457,0.3925285754112071,0.7557952704644432,10,bert-base-uncased
SentenceTransformer,0.25,9,0.0022397432212026974,0.4061890158907165,0.0044549218171922676,0.4061890158907165,0.7749995406838022,10,bert-base-uncased
SentenceTransformer,0.25,10,0.0023472318510448648,0.39643155840535266,0.004666831854573381,0.39643155840535266,0.7904831763743001,10,bert-base-uncased
SentenceTransformer,0.3,1,0.0022497527744203935,0.45664901031502647,0.004477446707313573,0.45664901031502647,0.748176168041091,10,bert-base-uncased
SentenceTransformer,0.3,2,0.001846665154488703,0.4176191803735712,0.0036770707148809675,0.4176191803735712,0.7193165513638571,10,bert-base-uncased
SentenceTransformer,0.3,3,0.0021829620279499875,0.39197100641204347,0.004341744047085998,0.39197100641204347,0.7772150046988914,10,bert-base-uncased
SentenceTransformer,0.3,4,0.0019240219880778421,0.4114859213827711,0.0038301350667548947,0.4114859213827711,0.7345786753182194,10,bert-base-uncased
SentenceTransformer,0.3,5,0.0017992083483267362,0.45023696682464454,0.003584094167358334,0.45023696682464454,0.6893975608749956,10,bert-base-uncased
SentenceTransformer,0.3,6,0.001983031137335661,0.3983830499024254,0.003946418190529977,0.3983830499024254,0.7506918341899725,10,bert-base-uncased
SentenceTransformer,0.3,7,0.0025757094161359974,0.39308614441037076,0.005117883736926257,0.39308614441037076,0.8107229012976289,10,bert-base-uncased
SentenceTransformer,0.3,8,0.0019946987480715314,0.3925285754112071,0.003969227212886457,0.3925285754112071,0.7557952704644432,10,bert-base-uncased
SentenceTransformer,0.3,9,0.0022397432212026974,0.4061890158907165,0.0044549218171922676,0.4061890158907165,0.7749995406838022,10,bert-base-uncased
SentenceTransformer,0.3,10,0.0023472318510448648,0.39643155840535266,0.004666831854573381,0.39643155840535266,0.7904831763743001,10,bert-base-uncased
SentenceTransformer,0.35,1,0.0022497527744203935,0.45664901031502647,0.004477446707313573,0.45664901031502647,0.748176168041091,10,bert-base-uncased
SentenceTransformer,0.35,2,0.001846665154488703,0.4176191803735712,0.0036770707148809675,0.4176191803735712,0.7193165513638571,10,bert-base-uncased
SentenceTransformer,0.35,3,0.0021829620279499875,0.39197100641204347,0.004341744047085998,0.39197100641204347,0.7772150046988914,10,bert-base-uncased
SentenceTransformer,0.35,4,0.0019240219880778421,0.4114859213827711,0.0038301350667548947,0.4114859213827711,0.7345786753182194,10,bert-base-uncased
SentenceTransformer,0.35,5,0.0017992083483267362,0.45023696682464454,0.003584094167358334,0.45023696682464454,0.6893975608749956,10,bert-base-uncased
SentenceTransformer,0.35,6,0.001983031137335661,0.3983830499024254,0.003946418190529977,0.3983830499024254,0.7506918341899725,10,bert-base-uncased
SentenceTransformer,0.35,7,0.0025757094161359974,0.39308614441037076,0.005117883736926257,0.39308614441037076,0.8107229012976289,10,bert-base-uncased
SentenceTransformer,0.35,8,0.0019946987480715314,0.3925285754112071,0.003969227212886457,0.3925285754112071,0.7557952704644432,10,bert-base-uncased
SentenceTransformer,0.35,9,0.0022397432212026974,0.4061890158907165,0.0044549218171922676,0.4061890158907165,0.7749995406838022,10,bert-base-uncased
SentenceTransformer,0.35,10,0.0023472318510448648,0.39643155840535266,0.004666831854573381,0.39643155840535266,0.7904831763743001,10,bert-base-uncased
SentenceTransformer,0.4,1,0.0022497527744203935,0.45664901031502647,0.004477446707313573,0.45664901031502647,0.748176168041091,10,bert-base-uncased
SentenceTransformer,0.4,2,0.001846665154488703,0.4176191803735712,0.0036770707148809675,0.4176191803735712,0.7193165513638571,10,bert-base-uncased
SentenceTransformer,0.4,3,0.0021829620279499875,0.39197100641204347,0.004341744047085998,0.39197100641204347,0.7772150046988914,10,bert-base-uncased
SentenceTransformer,0.4,4,0.0019240219880778421,0.4114859213827711,0.0038301350667548947,0.4114859213827711,0.7345786753182194,10,bert-base-uncased
SentenceTransformer,0.4,5,0.0017992083483267362,0.45023696682464454,0.003584094167358334,0.45023696682464454,0.6893975608749956,10,bert-base-uncased
SentenceTransformer,0.4,6,0.001983031137335661,0.3983830499024254,0.003946418190529977,0.3983830499024254,0.7506918341899725,10,bert-base-uncased
SentenceTransformer,0.4,7,0.0025757094161359974,0.39308614441037076,0.005117883736926257,0.39308614441037076,0.8107229012976289,10,bert-base-uncased
SentenceTransformer,0.4,8,0.0019946987480715314,0.3925285754112071,0.003969227212886457,0.3925285754112071,0.7557952704644432,10,bert-base-uncased
SentenceTransformer,0.4,9,0.0022397432212026974,0.4061890158907165,0.0044549218171922676,0.4061890158907165,0.7749995406838022,10,bert-base-uncased
SentenceTransformer,0.4,10,0.0023472318510448648,0.39643155840535266,0.004666831854573381,0.39643155840535266,0.7904831763743001,10,bert-base-uncased
SentenceTransformer,0.45,1,0.0022497527744203935,0.45664901031502647,0.004477446707313573,0.45664901031502647,0.748176168041091,10,bert-base-uncased
SentenceTransformer,0.45,2,0.001846665154488703,0.4176191803735712,0.0036770707148809675,0.4176191803735712,0.7193165513638571,10,bert-base-uncased
SentenceTransformer,0.45,3,0.0021829620279499875,0.39197100641204347,0.004341744047085998,0.39197100641204347,0.7772150046988914,10,bert-base-uncased
SentenceTransformer,0.45,4,0.0019240219880778421,0.4114859213827711,0.0038301350667548947,0.4114859213827711,0.7345786753182194,10,bert-base-uncased
SentenceTransformer,0.45,5,0.0017992083483267362,0.45023696682464454,0.003584094167358334,0.45023696682464454,0.6893975608749956,10,bert-base-uncased
SentenceTransformer,0.45,6,0.001983031137335661,0.3983830499024254,0.003946418190529977,0.3983830499024254,0.7506918341899725,10,bert-base-uncased
SentenceTransformer,0.45,7,0.0025757094161359974,0.39308614441037076,0.005117883736926257,0.39308614441037076,0.8107229012976289,10,bert-base-uncased
SentenceTransformer,0.45,8,0.0019946987480715314,0.3925285754112071,0.003969227212886457,0.3925285754112071,0.7557952704644432,10,bert-base-uncased
SentenceTransformer,0.45,9,0.0022397432212026974,0.4061890158907165,0.0044549218171922676,0.4061890158907165,0.7749995406838022,10,bert-base-uncased
SentenceTransformer,0.45,10,0.0023472318510448648,0.39643155840535266,0.004666831854573381,0.39643155840535266,0.7904831763743001,10,bert-base-uncased
SentenceTransformer,0.5,1,0.0022497527744203935,0.45664901031502647,0.004477446707313573,0.45664901031502647,0.748176168041091,10,bert-base-uncased
SentenceTransformer,0.5,2,0.001846665154488703,0.4176191803735712,0.0036770707148809675,0.4176191803735712,0.7193165513638571,10,bert-base-uncased
SentenceTransformer,0.5,3,0.0021829620279499875,0.39197100641204347,0.004341744047085998,0.39197100641204347,0.7772150046988914,10,bert-base-uncased
SentenceTransformer,0.5,4,0.0019227209564852401,0.4112071368831893,0.0038275450904273747,0.4112071368831893,0.7345786753182194,10,bert-base-uncased
SentenceTransformer,0.5,5,0.0017992083483267362,0.45023696682464454,0.003584094167358334,0.45023696682464454,0.6893975608749956,10,bert-base-uncased
SentenceTransformer,0.5,6,0.001983031137335661,0.3983830499024254,0.003946418190529977,0.3983830499024254,0.7506918341899725,10,bert-base-uncased
SentenceTransformer,0.5,7,0.0025757094161359974,0.39308614441037076,0.005117883736926257,0.39308614441037076,0.8107229012976289,10,bert-base-uncased
SentenceTransformer,0.5,8,0.0019946987480715314,0.3925285754112071,0.003969227212886457,0.3925285754112071,0.7557952704644432,10,bert-base-uncased
SentenceTransformer,0.5,9,0.0022397432212026974,0.4061890158907165,0.0044549218171922676,0.4061890158907165,0.7749995406838022,10,bert-base-uncased
SentenceTransformer,0.5,10,0.0023472318510448648,0.39643155840535266,0.004666831854573381,0.39643155840535266,0.7904831763743001,10,bert-base-uncased
SentenceTransformer,0.55,1,0.0022497527744203935,0.45664901031502647,0.004477446707313573,0.45664901031502647,0.748176168041091,10,bert-base-uncased
SentenceTransformer,0.55,2,0.0018442041938386815,0.41706161137440756,0.0036721704220909527,0.41706161137440756,0.7193165513638571,10,bert-base-uncased
SentenceTransformer,0.55,3,0.002181955137632812,0.3908558684137162,0.004339683964527262,0.3908558684137162,0.7777460782196419,10,bert-base-uncased
SentenceTransformer,0.55,4,0.001912111130796538,0.4061890158907165,0.003806304305800108,0.4061890158907165,0.7363601288581261,10,bert-base-uncased
SentenceTransformer,0.55,5,0.0019274071626050949,0.4357401728463897,0.003837838435104804,0.4357401728463897,0.7194285205199945,10,bert-base-uncased
SentenceTransformer,0.55,6,0.001983031137335661,0.3983830499024254,0.003946418190529977,0.3983830499024254,0.7506918341899725,10,bert-base-uncased
SentenceTransformer,0.55,7,0.002570243268867175,0.3922497909116253,0.005107022428067934,0.3922497909116253,0.8107229012976289,10,bert-base-uncased
SentenceTransformer,0.55,8,0.001991871012893327,0.39197100641204347,0.003963600279650888,0.39197100641204347,0.7557952704644432,10,bert-base-uncased
SentenceTransformer,0.55,9,0.002314791227229961,0.3799832729300251,0.004601550617900808,0.3799832729300251,0.7963551439774287,10,bert-base-uncased
SentenceTransformer,0.55,10,0.0023472318510448648,0.39643155840535266,0.004666831854573381,0.39643155840535266,0.7904831763743001,10,bert-base-uncased
SentenceTransformer,0.6,1,0.00228324177548075,0.44633398383049905,0.004543242388082573,0.44633398383049905,0.7574827808423894,10,bert-base-uncased
SentenceTransformer,0.6,2,0.0018627232419310893,0.41929188737106216,0.003708969219747795,0.41929188737106216,0.7206262091715565,10,bert-base-uncased
SentenceTransformer,0.6,3,0.0021715609448655477,0.3967103429049345,0.00431947741304889,0.3967103429049345,0.7733349094523113,10,bert-base-uncased
SentenceTransformer,0.6,4,0.0019395388091231712,0.4126010593810984,0.0038609283184744114,0.4126010593810984,0.7359926758999045,10,bert-base-uncased
SentenceTransformer,0.6,5,0.001972452304637262,0.4126010593810984,0.0039261355949289185,0.4126010593810984,0.7404066178971083,10,bert-base-uncased
SentenceTransformer,0.6,6,0.002065016693554146,0.39503763590744356,0.004108556351300414,0.39503763590744356,0.7626198425290747,10,bert-base-uncased
SentenceTransformer,0.6,7,0.0024893507975872445,0.3696682464454976,0.004945399212316505,0.3696682464454976,0.8158079649241886,10,bert-base-uncased
SentenceTransformer,0.6,8,0.001986067755956077,0.39057708391413437,0.0039520395598877855,0.39057708391413437,0.7559512646448203,10,bert-base-uncased
SentenceTransformer,0.6,9,0.0023267571917949563,0.37719542793420685,0.004624984831211982,0.37719542793420685,0.7988912626966264,10,bert-base-uncased
SentenceTransformer,0.6,10,0.0024734743529093734,0.40814050738778923,0.004917149061157041,0.40814050738778923,0.795330088885484,10,bert-base-uncased
SentenceTransformer,0.65,1,0.0018633398944486893,0.4106495678840256,0.0037098462038299817,0.4106495678840256,0.7264752976282298,10,bert-base-uncased
SentenceTransformer,0.65,2,0.0019321821243437778,0.40786172288820743,0.003846143734834285,0.40786172288820743,0.7380296132418953,10,bert-base-uncased
SentenceTransformer,0.65,3,0.0020928069851314447,0.37580150543629776,0.0041624337268294795,0.37580150543629776,0.777183805862816,10,bert-base-uncased
SentenceTransformer,0.65,4,0.0019742104992771015,0.37496515193755225,0.0039277412421591185,0.37496515193755225,0.7642962599875274,10,bert-base-uncased
SentenceTransformer,0.65,5,0.0017024390375616645,0.3515472539726791,0.003388468726529614,0.3515472539726791,0.7436700161505975,10,bert-base-uncased
SentenceTransformer,0.65,6,0.0019841100276607442,0.3883468079174798,0.003948049003422304,0.3883468079174798,0.7571049282721426,10,bert-base-uncased
SentenceTransformer,0.65,7,0.002469426152398871,0.3571229439643156,0.004904935759125918,0.3571229439643156,0.820619518754487,10,bert-base-uncased
SentenceTransformer,0.65,8,0.0017523204912221362,0.3755227209367159,0.003488363059089814,0.3755227209367159,0.7339959503910775,10,bert-base-uncased
SentenceTransformer,0.65,9,0.0022776946121566654,0.3448564259827154,0.00452549937806395,0.3448564259827154,0.812163594216845,10,bert-base-uncased
SentenceTransformer,0.65,10,0.0027704143662926274,0.38751045441873433,0.0055014970800507405,0.38751045441873433,0.8265552706447031,10,bert-base-uncased
SentenceTransformer,0.7,1,0.001880299633912454,0.36269863395595203,0.0037412041443684956,0.36269863395595203,0.760597464643919,10,bert-base-uncased
SentenceTransformer,0.7,2,0.0017846411596525412,0.3824923334262615,0.0035527060252288738,0.3824923334262615,0.7339744578595588,10,bert-base-uncased
SentenceTransformer,0.7,3,0.002187816461694258,0.3378868134931698,0.004347482979532394,0.3378868134931698,0.8083819486307697,10,bert-base-uncased
SentenceTransformer,0.7,4,0.0024386625708713696,0.37580150543629776,0.004845879115447318,0.37580150543629776,0.8088502778256352,10,bert-base-uncased
SentenceTransformer,0.7,5,0.0020853473728215713,0.3560078059659883,0.004146406799197993,0.3560078059659883,0.7881630229314912,10,bert-base-uncased
SentenceTransformer,0.7,6,0.0023922817534657173,0.3560078059659883,0.004752627063922276,0.3560078059659883,0.8153989135178663,10,bert-base-uncased
SentenceTransformer,0.7,7,0.0022502215691314873,0.32701421800947866,0.004469686721829637,0.32701421800947866,0.8197022729738696,10,bert-base-uncased
SentenceTransformer,0.7,8,0.0019210063848099773,0.3272930025090605,0.003819594127455366,0.3272930025090605,0.7885537016899022,10,bert-base-uncased
SentenceTransformer,0.7,9,0.0025129248485616963,0.36465012545302483,0.004991451947734767,0.36465012545302483,0.8200170345644971,10,bert-base-uncased
SentenceTransformer,0.7,10,0.0025942179435496505,0.34625034848062447,0.0051498515582240065,0.34625034848062447,0.8344676421271644,10,bert-base-uncased
SentenceTransformer,0.75,1,0.00228420521421064,0.3356565374965152,0.004537531680752235,0.3356565374965152,0.8176968811216883,10,bert-base-uncased
SentenceTransformer,0.75,2,0.0028925241847161,0.3261778645107332,0.005734197873935865,0.3261778645107332,0.860187269280274,10,bert-base-uncased
SentenceTransformer,0.75,3,0.003947397356673191,0.3002509060496236,0.0077923487383557925,0.3002509060496236,0.9057930345478578,10,bert-base-uncased
SentenceTransformer,0.75,4,0.0037643616048417938,0.31558405352662394,0.007439977390881427,0.31558405352662394,0.8961484343557423,10,bert-base-uncased
SentenceTransformer,0.75,5,0.002297986216283774,0.3049902425425146,0.004561602481778608,0.3049902425425146,0.8353481426119597,10,bert-base-uncased
SentenceTransformer,0.75,6,0.0028608247422680414,0.3094507945358238,0.005669238253568173,0.3094507945358238,0.8658831367864436,10,bert-base-uncased
SentenceTransformer,0.75,7,0.003226103514551628,0.30275996654586007,0.006384179462459143,0.30275996654586007,0.8836827660749403,10,bert-base-uncased
SentenceTransformer,0.75,8,0.0038097257562906416,0.3005296905492055,0.007524071094794222,0.3005296905492055,0.9022845521043095,10,bert-base-uncased
SentenceTransformer,0.75,9,0.0030367499053351138,0.33983830499024253,0.006019708495986449,0.33983830499024253,0.8612702155458254,10,bert-base-uncased
SentenceTransformer,0.75,10,0.003620789984944164,0.32785057150822416,0.007162477388862835,0.32785057150822416,0.8878176518161363,10,bert-base-uncased
SentenceTransformer,0.8,1,0.0072749918616336175,0.2865904655701143,0.014189781424913558,0.2865904655701143,0.9513721074779103,10,bert-base-uncased
SentenceTransformer,0.8,2,0.00746013874259979,0.28631168107053245,0.0145413870246085,0.28631168107053245,0.9526339270702942,10,bert-base-uncased
SentenceTransformer,0.8,3,0.008227562333818291,0.2743239475885141,0.015975971100377483,0.2743239475885141,0.9588820139749986,10,bert-base-uncased
SentenceTransformer,0.8,4,0.007317899654652815,0.2829662670755506,0.014266839086922299,0.2829662670755506,0.9522706339568825,10,bert-base-uncased
SentenceTransformer,0.8,5,0.008462011058775342,0.2879843880680234,0.01644092884085881,0.2879843880680234,0.9580403387084306,10,bert-base-uncased
SentenceTransformer,0.8,6,0.007404377173246063,0.30275996654586007,0.014455233366831495,0.30275996654586007,0.9495327627643971,10,bert-base-uncased
SentenceTransformer,0.8,7,0.007481059914230817,0.285475327571787,0.014580040721598108,0.285475327571787,0.9529053569441502,10,bert-base-uncased
SentenceTransformer,0.8,8,0.007954987960233008,0.27906328408140507,0.015469015608097667,0.27906328408140507,0.9567265210559212,10,bert-base-uncased
SentenceTransformer,0.8,9,0.006889844111325734,0.28240869807638697,0.013451515453308104,0.28240869807638697,0.9493833550049693,10,bert-base-uncased
SentenceTransformer,0.8,10,0.007130955890923801,0.2899358795650962,0.013919560998460818,0.2899358795650962,0.949803499330785,10,bert-base-uncased
SentenceTransformer,0.85,1,0.017182546893613586,0.2372456091441316,0.03204428211017811,0.2372456091441316,0.983126282835475,10,bert-base-uncased
SentenceTransformer,0.85,2,0.016728807875165216,0.23640925564538612,0.03124654556173772,0.23640925564538612,0.982721737927697,10,bert-base-uncased
SentenceTransformer,0.85,3,0.017265687256083857,0.23557290214664064,0.032173317088029244,0.23557290214664064,0.9833273420012945,10,bert-base-uncased
SentenceTransformer,0.85,4,0.016701873531676306,0.23585168664622247,0.031194690265486727,0.23585168664622247,0.9827342174621272,10,bert-base-uncased
SentenceTransformer,0.85,5,0.019116707728807372,0.23362141064956787,0.03534150095945006,0.23362141064956787,0.9850945827381,10,bert-base-uncased
SentenceTransformer,0.85,6,0.01655895814099668,0.235015333147477,0.030938050499119202,0.235015333147477,0.9826444341449768,10,bert-base-uncased
SentenceTransformer,0.85,7,0.016618058681908042,0.23668804014496794,0.031055673421610943,0.23668804014496794,0.982584116395231,10,bert-base-uncased
SentenceTransformer,0.85,8,0.01920414046716455,0.23585168664622247,0.035516372795969774,0.23585168664622247,0.9850221321076582,10,bert-base-uncased
SentenceTransformer,0.85,9,0.016878549112844594,0.23947588514078616,0.0315345080763583,0.23947588514078616,0.9826555270644703,10,bert-base-uncased
SentenceTransformer,0.85,10,0.016356457980823462,0.23445776414831335,0.030579594211330084,0.23445776414831335,0.9824676407405495,10,bert-base-uncased
SentenceTransformer,0.9,1,0.07531730126920508,0.1257318093114023,0.09420365535248042,0.1257318093114023,0.9980805782738932,10,bert-base-uncased
SentenceTransformer,0.9,2,0.07353180413209696,0.12601059381098412,0.09287035134579823,0.12601059381098412,0.9980258069838941,10,bert-base-uncased
SentenceTransformer,0.9,3,0.08641502203487259,0.1257318093114023,0.10243016125369067,0.1257318093114023,0.998347154995471,10,bert-base-uncased
SentenceTransformer,0.9,4,0.07353180413209696,0.12601059381098412,0.09287035134579823,0.12601059381098412,0.9980258069838941,10,bert-base-uncased
SentenceTransformer,0.9,5,0.07274206672091131,0.124616671313075,0.09186189889025893,0.124616671313075,0.9980247670226916,10,bert-base-uncased
SentenceTransformer,0.9,6,0.07223909221671727,0.12601059381098412,0.09183258837870784,0.12601059381098412,0.9979876750731352,10,bert-base-uncased
SentenceTransformer,0.9,7,0.07353180413209696,0.12601059381098412,0.09287035134579823,0.12601059381098412,0.9980258069838941,10,bert-base-uncased
SentenceTransformer,0.9,8,0.07547169811320754,0.12601059381098412,0.09440267335004177,0.12601059381098412,0.9980805782738932,10,bert-base-uncased
SentenceTransformer,0.9,9,0.0739037608802759,0.12545302481182047,0.09301364200082679,0.12545302481182047,0.9980452195930077,10,bert-base-uncased
SentenceTransformer,0.9,10,0.07369965759008641,0.12601059381098412,0.09300411522633745,0.12601059381098412,0.9980306601361725,10,bert-base-uncased
SentenceTransformer,0.95,1,0.37209302325581395,0.017842207973236688,0.034051609470603886,0.017842207973236688,0.9999625613967095,10,bert-base-uncased
SentenceTransformer,0.95,2,0.37209302325581395,0.017842207973236688,0.034051609470603886,0.017842207973236688,0.9999625613967095,10,bert-base-uncased
SentenceTransformer,0.95,3,0.37209302325581395,0.017842207973236688,0.034051609470603886,0.017842207973236688,0.9999625613967095,10,bert-base-uncased
SentenceTransformer,0.95,4,0.37209302325581395,0.017842207973236688,0.034051609470603886,0.017842207973236688,0.9999625613967095,10,bert-base-uncased
SentenceTransformer,0.95,5,0.37209302325581395,0.017842207973236688,0.034051609470603886,0.017842207973236688,0.9999625613967095,10,bert-base-uncased
SentenceTransformer,0.95,6,0.37209302325581395,0.017842207973236688,0.034051609470603886,0.017842207973236688,0.9999625613967095,10,bert-base-uncased
SentenceTransformer,0.95,7,0.37209302325581395,0.017842207973236688,0.034051609470603886,0.017842207973236688,0.9999625613967095,10,bert-base-uncased
SentenceTransformer,0.95,8,0.37209302325581395,0.017842207973236688,0.034051609470603886,0.017842207973236688,0.9999625613967095,10,bert-base-uncased
SentenceTransformer,0.95,9,0.37209302325581395,0.017842207973236688,0.034051609470603886,0.017842207973236688,0.9999625613967095,10,bert-base-uncased
SentenceTransformer,0.95,10,0.37209302325581395,0.017842207973236688,0.034051609470603886,0.017842207973236688,0.9999625613967095,10,bert-base-uncased
SentenceTransformer,0.1,1,0.002705383147534398,0.36046835795929744,0.0053704599780280485,0.36046835795929744,0.8347699241833618,25,bert-base-uncased
SentenceTransformer,0.1,2,0.003308224613970844,0.331195985503206,0.006551012980710906,0.331195985503206,0.8759267354265904,25,bert-base-uncased
SentenceTransformer,0.1,3,0.0038794532425471145,0.3392807359910789,0.007671191429949163,0.3392807359910789,0.8916752145699951,25,bert-base-uncased
SentenceTransformer,0.1,4,0.002811936512521693,0.34736548647895177,0.005578713135048735,0.34736548647895177,0.8468258477503733,25,bert-base-uncased
SentenceTransformer,0.1,5,0.002985484831419803,0.30889322553666015,0.005913812060333693,0.30889322553666015,0.8717308386281802,25,bert-base-uncased
SentenceTransformer,0.1,6,0.003177087652375819,0.3417897964873153,0.006295654406572951,0.3417897964873153,0.8666554813061774,25,bert-base-uncased
SentenceTransformer,0.1,7,0.0034412269879284902,0.31725676052411483,0.006808602292069893,0.31725676052411483,0.8857574886739559,25,bert-base-uncased
SentenceTransformer,0.1,8,0.0025600807334856214,0.36492890995260663,0.005084492298489607,0.36492890995260663,0.8232055556114053,25,bert-base-uncased
SentenceTransformer,0.1,9,0.0028151707442321096,0.3423473654864789,0.005584420013870098,0.3423473654864789,0.849212558710143,25,bert-base-uncased
SentenceTransformer,0.1,10,0.0034356115923855836,0.37580150543629776,0.006808974915898047,0.37580150543629776,0.8644538834404552,25,bert-base-uncased
SentenceTransformer,0.15,1,0.002705383147534398,0.36046835795929744,0.0053704599780280485,0.36046835795929744,0.8347699241833618,25,bert-base-uncased
SentenceTransformer,0.15,2,0.003308224613970844,0.331195985503206,0.006551012980710906,0.331195985503206,0.8759267354265904,25,bert-base-uncased
SentenceTransformer,0.15,3,0.0038794532425471145,0.3392807359910789,0.007671191429949163,0.3392807359910789,0.8916752145699951,25,bert-base-uncased
SentenceTransformer,0.15,4,0.002811936512521693,0.34736548647895177,0.005578713135048735,0.34736548647895177,0.8468258477503733,25,bert-base-uncased
SentenceTransformer,0.15,5,0.002985484831419803,0.30889322553666015,0.005913812060333693,0.30889322553666015,0.8717308386281802,25,bert-base-uncased
SentenceTransformer,0.15,6,0.003177087652375819,0.3417897964873153,0.006295654406572951,0.3417897964873153,0.8666554813061774,25,bert-base-uncased
SentenceTransformer,0.15,7,0.0034412269879284902,0.31725676052411483,0.006808602292069893,0.31725676052411483,0.8857574886739559,25,bert-base-uncased
SentenceTransformer,0.15,8,0.0025600807334856214,0.36492890995260663,0.005084492298489607,0.36492890995260663,0.8232055556114053,25,bert-base-uncased
SentenceTransformer,0.15,9,0.0028151707442321096,0.3423473654864789,0.005584420013870098,0.3423473654864789,0.849212558710143,25,bert-base-uncased
SentenceTransformer,0.15,10,0.0034356115923855836,0.37580150543629776,0.006808974915898047,0.37580150543629776,0.8644538834404552,25,bert-base-uncased
SentenceTransformer,0.2,1,0.002705383147534398,0.36046835795929744,0.0053704599780280485,0.36046835795929744,0.8347699241833618,25,bert-base-uncased
SentenceTransformer,0.2,2,0.003308224613970844,0.331195985503206,0.006551012980710906,0.331195985503206,0.8759267354265904,25,bert-base-uncased
SentenceTransformer,0.2,3,0.0038794532425471145,0.3392807359910789,0.007671191429949163,0.3392807359910789,0.8916752145699951,25,bert-base-uncased
SentenceTransformer,0.2,4,0.002811936512521693,0.34736548647895177,0.005578713135048735,0.34736548647895177,0.8468258477503733,25,bert-base-uncased
SentenceTransformer,0.2,5,0.002985484831419803,0.30889322553666015,0.005913812060333693,0.30889322553666015,0.8717308386281802,25,bert-base-uncased
SentenceTransformer,0.2,6,0.003177087652375819,0.3417897964873153,0.006295654406572951,0.3417897964873153,0.8666554813061774,25,bert-base-uncased
SentenceTransformer,0.2,7,0.0034412269879284902,0.31725676052411483,0.006808602292069893,0.31725676052411483,0.8857574886739559,25,bert-base-uncased
SentenceTransformer,0.2,8,0.0025600807334856214,0.36492890995260663,0.005084492298489607,0.36492890995260663,0.8232055556114053,25,bert-base-uncased
SentenceTransformer,0.2,9,0.0028151707442321096,0.3423473654864789,0.005584420013870098,0.3423473654864789,0.849212558710143,25,bert-base-uncased
SentenceTransformer,0.2,10,0.0034356115923855836,0.37580150543629776,0.006808974915898047,0.37580150543629776,0.8644538834404552,25,bert-base-uncased
SentenceTransformer,0.25,1,0.002705383147534398,0.36046835795929744,0.0053704599780280485,0.36046835795929744,0.8347699241833618,25,bert-base-uncased
SentenceTransformer,0.25,2,0.003308224613970844,0.331195985503206,0.006551012980710906,0.331195985503206,0.8759267354265904,25,bert-base-uncased
SentenceTransformer,0.25,3,0.0038794532425471145,0.3392807359910789,0.007671191429949163,0.3392807359910789,0.8916752145699951,25,bert-base-uncased
SentenceTransformer,0.25,4,0.002811936512521693,0.34736548647895177,0.005578713135048735,0.34736548647895177,0.8468258477503733,25,bert-base-uncased
SentenceTransformer,0.25,5,0.002985484831419803,0.30889322553666015,0.005913812060333693,0.30889322553666015,0.8717308386281802,25,bert-base-uncased
SentenceTransformer,0.25,6,0.003177087652375819,0.3417897964873153,0.006295654406572951,0.3417897964873153,0.8666554813061774,25,bert-base-uncased
SentenceTransformer,0.25,7,0.0034412269879284902,0.31725676052411483,0.006808602292069893,0.31725676052411483,0.8857574886739559,25,bert-base-uncased
SentenceTransformer,0.25,8,0.0025600807334856214,0.36492890995260663,0.005084492298489607,0.36492890995260663,0.8232055556114053,25,bert-base-uncased
SentenceTransformer,0.25,9,0.0028151707442321096,0.3423473654864789,0.005584420013870098,0.3423473654864789,0.849212558710143,25,bert-base-uncased
SentenceTransformer,0.25,10,0.0034356115923855836,0.37580150543629776,0.006808974915898047,0.37580150543629776,0.8644538834404552,25,bert-base-uncased
SentenceTransformer,0.3,1,0.002705383147534398,0.36046835795929744,0.0053704599780280485,0.36046835795929744,0.8347699241833618,25,bert-base-uncased
SentenceTransformer,0.3,2,0.003308224613970844,0.331195985503206,0.006551012980710906,0.331195985503206,0.8759267354265904,25,bert-base-uncased
SentenceTransformer,0.3,3,0.0038794532425471145,0.3392807359910789,0.007671191429949163,0.3392807359910789,0.8916752145699951,25,bert-base-uncased
SentenceTransformer,0.3,4,0.002811936512521693,0.34736548647895177,0.005578713135048735,0.34736548647895177,0.8468258477503733,25,bert-base-uncased
SentenceTransformer,0.3,5,0.002985484831419803,0.30889322553666015,0.005913812060333693,0.30889322553666015,0.8717308386281802,25,bert-base-uncased
SentenceTransformer,0.3,6,0.003177087652375819,0.3417897964873153,0.006295654406572951,0.3417897964873153,0.8666554813061774,25,bert-base-uncased
SentenceTransformer,0.3,7,0.0034412269879284902,0.31725676052411483,0.006808602292069893,0.31725676052411483,0.8857574886739559,25,bert-base-uncased
SentenceTransformer,0.3,8,0.0025600807334856214,0.36492890995260663,0.005084492298489607,0.36492890995260663,0.8232055556114053,25,bert-base-uncased
SentenceTransformer,0.3,9,0.0028151707442321096,0.3423473654864789,0.005584420013870098,0.3423473654864789,0.849212558710143,25,bert-base-uncased
SentenceTransformer,0.3,10,0.0034356115923855836,0.37580150543629776,0.006808974915898047,0.37580150543629776,0.8644538834404552,25,bert-base-uncased
SentenceTransformer,0.35,1,0.002705383147534398,0.36046835795929744,0.0053704599780280485,0.36046835795929744,0.8347699241833618,25,bert-base-uncased
SentenceTransformer,0.35,2,0.003308224613970844,0.331195985503206,0.006551012980710906,0.331195985503206,0.8759267354265904,25,bert-base-uncased
SentenceTransformer,0.35,3,0.0038794532425471145,0.3392807359910789,0.007671191429949163,0.3392807359910789,0.8916752145699951,25,bert-base-uncased
SentenceTransformer,0.35,4,0.002811936512521693,0.34736548647895177,0.005578713135048735,0.34736548647895177,0.8468258477503733,25,bert-base-uncased
SentenceTransformer,0.35,5,0.002985484831419803,0.30889322553666015,0.005913812060333693,0.30889322553666015,0.8717308386281802,25,bert-base-uncased
SentenceTransformer,0.35,6,0.003177087652375819,0.3417897964873153,0.006295654406572951,0.3417897964873153,0.8666554813061774,25,bert-base-uncased
SentenceTransformer,0.35,7,0.0034412269879284902,0.31725676052411483,0.006808602292069893,0.31725676052411483,0.8857574886739559,25,bert-base-uncased
SentenceTransformer,0.35,8,0.0025600807334856214,0.36492890995260663,0.005084492298489607,0.36492890995260663,0.8232055556114053,25,bert-base-uncased
SentenceTransformer,0.35,9,0.0028151707442321096,0.3423473654864789,0.005584420013870098,0.3423473654864789,0.849212558710143,25,bert-base-uncased
SentenceTransformer,0.35,10,0.0034356115923855836,0.37580150543629776,0.006808974915898047,0.37580150543629776,0.8644538834404552,25,bert-base-uncased
SentenceTransformer,0.4,1,0.002705383147534398,0.36046835795929744,0.0053704599780280485,0.36046835795929744,0.8347699241833618,25,bert-base-uncased
SentenceTransformer,0.4,2,0.003308224613970844,0.331195985503206,0.006551012980710906,0.331195985503206,0.8759267354265904,25,bert-base-uncased
SentenceTransformer,0.4,3,0.0038794532425471145,0.3392807359910789,0.007671191429949163,0.3392807359910789,0.8916752145699951,25,bert-base-uncased
SentenceTransformer,0.4,4,0.002811936512521693,0.34736548647895177,0.005578713135048735,0.34736548647895177,0.8468258477503733,25,bert-base-uncased
SentenceTransformer,0.4,5,0.002985484831419803,0.30889322553666015,0.005913812060333693,0.30889322553666015,0.8717308386281802,25,bert-base-uncased
SentenceTransformer,0.4,6,0.003177087652375819,0.3417897964873153,0.006295654406572951,0.3417897964873153,0.8666554813061774,25,bert-base-uncased
SentenceTransformer,0.4,7,0.0034412269879284902,0.31725676052411483,0.006808602292069893,0.31725676052411483,0.8857574886739559,25,bert-base-uncased
SentenceTransformer,0.4,8,0.0025600807334856214,0.36492890995260663,0.005084492298489607,0.36492890995260663,0.8232055556114053,25,bert-base-uncased
SentenceTransformer,0.4,9,0.0028151707442321096,0.3423473654864789,0.005584420013870098,0.3423473654864789,0.849212558710143,25,bert-base-uncased
SentenceTransformer,0.4,10,0.0034356115923855836,0.37580150543629776,0.006808974915898047,0.37580150543629776,0.8644538834404552,25,bert-base-uncased
SentenceTransformer,0.45,1,0.002705383147534398,0.36046835795929744,0.0053704599780280485,0.36046835795929744,0.8347699241833618,25,bert-base-uncased
SentenceTransformer,0.45,2,0.003308224613970844,0.331195985503206,0.006551012980710906,0.331195985503206,0.8759267354265904,25,bert-base-uncased
SentenceTransformer,0.45,3,0.0038794532425471145,0.3392807359910789,0.007671191429949163,0.3392807359910789,0.8916752145699951,25,bert-base-uncased
SentenceTransformer,0.45,4,0.002811936512521693,0.34736548647895177,0.005578713135048735,0.34736548647895177,0.8468258477503733,25,bert-base-uncased
SentenceTransformer,0.45,5,0.002985484831419803,0.30889322553666015,0.005913812060333693,0.30889322553666015,0.8717308386281802,25,bert-base-uncased
SentenceTransformer,0.45,6,0.003177087652375819,0.3417897964873153,0.006295654406572951,0.3417897964873153,0.8666554813061774,25,bert-base-uncased
SentenceTransformer,0.45,7,0.0034412269879284902,0.31725676052411483,0.006808602292069893,0.31725676052411483,0.8857574886739559,25,bert-base-uncased
SentenceTransformer,0.45,8,0.0025600807334856214,0.36492890995260663,0.005084492298489607,0.36492890995260663,0.8232055556114053,25,bert-base-uncased
SentenceTransformer,0.45,9,0.0028151707442321096,0.3423473654864789,0.005584420013870098,0.3423473654864789,0.849212558710143,25,bert-base-uncased
SentenceTransformer,0.45,10,0.0034356115923855836,0.37580150543629776,0.006808974915898047,0.37580150543629776,0.8644538834404552,25,bert-base-uncased
SentenceTransformer,0.5,1,0.002705383147534398,0.36046835795929744,0.0053704599780280485,0.36046835795929744,0.8347699241833618,25,bert-base-uncased
SentenceTransformer,0.5,2,0.003308224613970844,0.331195985503206,0.006551012980710906,0.331195985503206,0.8759267354265904,25,bert-base-uncased
SentenceTransformer,0.5,3,0.0038794532425471145,0.3392807359910789,0.007671191429949163,0.3392807359910789,0.8916752145699951,25,bert-base-uncased
SentenceTransformer,0.5,4,0.002811936512521693,0.34736548647895177,0.005578713135048735,0.34736548647895177,0.8468258477503733,25,bert-base-uncased
SentenceTransformer,0.5,5,0.002985484831419803,0.30889322553666015,0.005913812060333693,0.30889322553666015,0.8717308386281802,25,bert-base-uncased
SentenceTransformer,0.5,6,0.003177087652375819,0.3417897964873153,0.006295654406572951,0.3417897964873153,0.8666554813061774,25,bert-base-uncased
SentenceTransformer,0.5,7,0.0034412269879284902,0.31725676052411483,0.006808602292069893,0.31725676052411483,0.8857574886739559,25,bert-base-uncased
SentenceTransformer,0.5,8,0.0025600807334856214,0.36492890995260663,0.005084492298489607,0.36492890995260663,0.8232055556114053,25,bert-base-uncased
SentenceTransformer,0.5,9,0.0028151707442321096,0.3423473654864789,0.005584420013870098,0.3423473654864789,0.849212558710143,25,bert-base-uncased
SentenceTransformer,0.5,10,0.0034356115923855836,0.37580150543629776,0.006808974915898047,0.37580150543629776,0.8644538834404552,25,bert-base-uncased
SentenceTransformer,0.55,1,0.002705383147534398,0.36046835795929744,0.0053704599780280485,0.36046835795929744,0.8347699241833618,25,bert-base-uncased
SentenceTransformer,0.55,2,0.0033026736061798428,0.33063841650404235,0.006540020403099065,0.33063841650404235,0.8759267354265904,25,bert-base-uncased
SentenceTransformer,0.55,3,0.003827593003516045,0.3356565374965152,0.007568875827059988,0.3356565374965152,0.8913746657824685,25,bert-base-uncased
SentenceTransformer,0.55,4,0.002811936512521693,0.34736548647895177,0.005578713135048735,0.34736548647895177,0.8468258477503733,25,bert-base-uncased
SentenceTransformer,0.55,5,0.002982798387618288,0.30861444103707836,0.005908490452744086,0.30861444103707836,0.8717308386281802,25,bert-base-uncased
SentenceTransformer,0.55,6,0.003177087652375819,0.3417897964873153,0.006295654406572951,0.3417897964873153,0.8666554813061774,25,bert-base-uncased
SentenceTransformer,0.55,7,0.0034412269879284902,0.31725676052411483,0.006808602292069893,0.31725676052411483,0.8857574886739559,25,bert-base-uncased
SentenceTransformer,0.55,8,0.0025561792259099175,0.364371340953443,0.005076743504040614,0.364371340953443,0.8232055556114053,25,bert-base-uncased
SentenceTransformer,0.55,9,0.0028151707442321096,0.3423473654864789,0.005584420013870098,0.3423473654864789,0.849212558710143,25,bert-base-uncased
SentenceTransformer,0.55,10,0.0034356115923855836,0.37580150543629776,0.006808974915898047,0.37580150543629776,0.8644538834404552,25,bert-base-uncased
SentenceTransformer,0.6,1,0.0027505788127462254,0.3540563144689155,0.005458749903289864,0.3540563144689155,0.8403829414470644,25,bert-base-uncased
SentenceTransformer,0.6,2,0.003324336869842205,0.3334262614998606,0.006583039316596855,0.3334262614998606,0.8756986372695056,25,bert-base-uncased
SentenceTransformer,0.6,3,0.003861368409057611,0.33063841650404235,0.007633587786259542,0.33063841650404235,0.8939381701466658,25,bert-base-uncased
SentenceTransformer,0.6,4,0.002845078691263802,0.3512684694730973,0.00564444056202501,0.3512684694730973,0.846914244452587,25,bert-base-uncased
SentenceTransformer,0.6,5,0.002992115666018739,0.30554781154167826,0.00592619828432234,0.30554781154167826,0.8734020562806204,25,bert-base-uncased
SentenceTransformer,0.6,6,0.003351629936099252,0.3401170894898244,0.006637848248995481,0.3401170894898244,0.8742402650098468,25,bert-base-uncased
SentenceTransformer,0.6,7,0.003410408357191841,0.309172010036242,0.006746398676270197,0.309172010036242,0.88765923105962,25,bert-base-uncased
SentenceTransformer,0.6,8,0.0025415792591491964,0.36241984945637024,0.005047759571328725,0.36241984945637024,0.8231396914019128,25,bert-base-uncased
SentenceTransformer,0.6,9,0.0028051557702768737,0.3392807359910789,0.005564306141997252,0.3392807359910789,0.8500282349466483,25,bert-base-uncased
SentenceTransformer,0.6,10,0.003453482559147903,0.3774742124337887,0.006844346716204775,0.3774742124337887,0.8645575329069723,25,bert-base-uncased
SentenceTransformer,0.65,1,0.0030493639990107845,0.39531642040702536,0.006052044165411159,0.39531642040702536,0.8392923687993613,25,bert-base-uncased
SentenceTransformer,0.65,2,0.0035872809077275,0.3300808475048787,0.007097427781873985,0.3300808475048787,0.8859956397893316,25,bert-base-uncased
SentenceTransformer,0.65,3,0.0038719644352896315,0.331195985503206,0.0076544418958274275,0.331195985503206,0.8940511792640056,25,bert-base-uncased
SentenceTransformer,0.65,4,0.0024192088804874615,0.3353777529969334,0.004803766344485552,0.3353777529969334,0.8280365220508173,25,bert-base-uncased
SentenceTransformer,0.65,5,0.0029362449758923055,0.3061053805408419,0.005816694655315813,0.3061053805408419,0.8707505018679437,25,bert-base-uncased
SentenceTransformer,0.65,6,0.0029799936359457945,0.32896570950655146,0.005906482364394923,0.32896570950655146,0.8631431856715532,25,bert-base-uncased
SentenceTransformer,0.65,7,0.0033177692415396884,0.30387510454418737,0.006563872805393215,0.30387510454418737,0.8864903146679941,25,bert-base-uncased
SentenceTransformer,0.65,8,0.0025527452360254448,0.3610259269584611,0.005069643989633655,0.3610259269584611,0.8245925172018249,25,bert-base-uncased
SentenceTransformer,0.65,9,0.0028718341447404407,0.3512684694730973,0.005697091092417217,0.3512684694730973,0.848344537759778,25,bert-base-uncased
SentenceTransformer,0.65,10,0.0034468219133544664,0.37831056593253415,0.0068314023001235895,0.37831056593253415,0.8639942205889439,25,bert-base-uncased
SentenceTransformer,0.7,1,0.002823165261461668,0.37022581544466127,0.005603600144309582,0.37022581544466127,0.8373965195271782,25,bert-base-uncased
SentenceTransformer,0.7,2,0.003477675922488442,0.30554781154167826,0.006877078496580285,0.30554781154167826,0.891130968207346,25,bert-base-uncased
SentenceTransformer,0.7,3,0.003074942791762014,0.3356565374965152,0.006094058040335173,0.3356565374965152,0.8646844081736791,25,bert-base-uncased
SentenceTransformer,0.7,4,0.0028330109451779944,0.3286869250069696,0.005617602774971888,0.3286869250069696,0.8561435534711652,25,bert-base-uncased
SentenceTransformer,0.7,5,0.0031677820430071,0.3119598550320602,0.006271876602649434,0.3119598550320602,0.8779345538549108,25,bert-base-uncased
SentenceTransformer,0.7,6,0.0031675986256923315,0.33258990800111515,0.006275429824861328,0.33258990800111515,0.8698547486188448,25,bert-base-uncased
SentenceTransformer,0.7,7,0.003578432707760194,0.29300250906049624,0.0070705134026929845,0.29300250906049624,0.8985507447335498,25,bert-base-uncased
SentenceTransformer,0.7,8,0.0034106770221528173,0.3440200724839699,0.0067543898060165525,0.3440200724839699,0.8750067164160996,25,bert-base-uncased
SentenceTransformer,0.7,9,0.0032748571758324197,0.3164204070253694,0.006482621149337316,0.3164204070253694,0.8802502007991755,25,bert-base-uncased
SentenceTransformer,0.7,10,0.0032873461228024223,0.3429049344856426,0.006512260786924651,0.3429049344856426,0.8707217296080074,25,bert-base-uncased
SentenceTransformer,0.75,1,0.003561667317416934,0.3127962085308057,0.007043137648772159,0.3127962085308057,0.8911857394973451,25,bert-base-uncased
SentenceTransformer,0.75,2,0.004184449583939344,0.2935600780596599,0.008251284120783754,0.2935600780596599,0.9131310007927971,25,bert-base-uncased
SentenceTransformer,0.75,3,0.0035202798021102175,0.30192361304711457,0.006959416257273489,0.30192361304711457,0.8937287912912262,25,bert-base-uncased
SentenceTransformer,0.75,4,0.0032638254013544437,0.31251742403122384,0.0064601828560232125,0.31251742403122384,0.8813262139900434,25,bert-base-uncased
SentenceTransformer,0.75,5,0.003993196176899401,0.27488151658767773,0.007872035511981701,0.27488151658767773,0.9147460605403015,25,bert-base-uncased
SentenceTransformer,0.75,6,0.003866897691798487,0.2980206300529691,0.0076347326772272135,0.2980206300529691,0.9045384946838917,25,bert-base-uncased
SentenceTransformer,0.75,7,0.004266902633631292,0.31725676052411483,0.008420554143497194,0.31725676052411483,0.9079405544310494,25,bert-base-uncased
SentenceTransformer,0.75,8,0.003723025767789757,0.30777808753833286,0.007357057177129148,0.30777808753833286,0.8975884339674901,25,bert-base-uncased
SentenceTransformer,0.75,9,0.003997789373201174,0.3105659325341511,0.00789396296073214,0.3105659325341511,0.9037897226180815,25,bert-base-uncased
SentenceTransformer,0.75,10,0.004378369794541784,0.3228324505157513,0.008639566678728238,0.3228324505157513,0.9087177521030615,25,bert-base-uncased
SentenceTransformer,0.8,1,0.007734965681298202,0.28463897407304156,0.01506066305269757,0.28463897407304156,0.9545963338594381,25,bert-base-uncased
SentenceTransformer,0.8,2,0.00953598201579057,0.29328129356007804,0.018471371130581355,0.29328129356007804,0.9621221864282983,25,bert-base-uncased
SentenceTransformer,0.8,3,0.007074401723942384,0.2782269305826596,0.013797966251667714,0.2782269305826596,0.9514428248396813,25,bert-base-uncased
SentenceTransformer,0.8,4,0.008282046634778292,0.29300250906049624,0.016108760958862118,0.29300250906049624,0.9563736275545347,25,bert-base-uncased
SentenceTransformer,0.8,5,0.008577093395987457,0.27376637858935043,0.016633073053405376,0.27376637858935043,0.9606516812879434,25,bert-base-uncased
SentenceTransformer,0.8,6,0.009333345666793084,0.28129356007805967,0.01806721936719967,0.28129356007805967,0.962874078377716,25,bert-base-uncased
SentenceTransformer,0.8,7,0.008642867952447411,0.2865904655701143,0.01677970113197692,0.2865904655701143,0.9591246715889186,25,bert-base-uncased
SentenceTransformer,0.8,8,0.009005130728141693,0.2857541120713688,0.017460033557332787,0.2857541120713688,0.9608978054392051,25,bert-base-uncased
SentenceTransformer,0.8,9,0.008478714805334771,0.280735991078896,0.016460299946875895,0.280735991078896,0.9591777096102468,25,bert-base-uncased
SentenceTransformer,0.8,10,0.00807091613230906,0.28352383607471426,0.015695049963347352,0.28352383607471426,0.9566714031121879,25,bert-base-uncased
SentenceTransformer,0.85,1,0.01653532635003001,0.23808196264287707,0.030922982221095702,0.23808196264287707,0.9823924168802343,25,bert-base-uncased
SentenceTransformer,0.85,2,0.02331450202173726,0.22665179816002232,0.04227988974985699,0.22665179816002232,0.988193667121592,25,bert-base-uncased
SentenceTransformer,0.85,3,0.017085816934759534,0.23334262614998605,0.03184022824536377,0.23334262614998605,0.983308276045915,25,bert-base-uncased
SentenceTransformer,0.85,4,0.01678881542260814,0.235015333147477,0.03133887246974851,0.235015333147477,0.9828860517976943,25,bert-base-uncased
SentenceTransformer,0.85,5,0.025225728381271524,0.22665179816002232,0.045398704489613584,0.22665179816002232,0.9891095262872727,25,bert-base-uncased
SentenceTransformer,0.85,6,0.026182077089873457,0.22553666016169502,0.04691758974656382,0.22553666016169502,0.9895691891387839,25,bert-base-uncased
SentenceTransformer,0.85,7,0.018849051990486563,0.23640925564538612,0.03491436100131752,0.23640925564538612,0.9846983575199422,25,bert-base-uncased
SentenceTransformer,0.85,8,0.019221111263297265,0.23473654864789517,0.03553267360158673,0.23473654864789517,0.9851063689650618,25,bert-base-uncased
SentenceTransformer,0.85,9,0.01668533694947232,0.23668804014496794,0.031173122819900864,0.23668804014496794,0.9826555270644703,25,bert-base-uncased
SentenceTransformer,0.85,10,0.01672339504594015,0.23696682464454977,0.03124195978975999,0.23696682464454977,0.982675286327318,25,bert-base-uncased
SentenceTransformer,0.9,1,0.07819001386962553,0.1257318093114023,0.09641902725815073,0.1257318093114023,0.9981568420954109,25,bert-base-uncased
SentenceTransformer,0.9,2,0.09496164213145346,0.12768330080847504,0.1089179548156956,0.12768330080847504,0.9984868564503421,25,bert-base-uncased
SentenceTransformer,0.9,3,0.08526537650890975,0.12405910231391135,0.10106745400863047,0.12405910231391135,0.9983450750730659,25,bert-base-uncased
SentenceTransformer,0.9,4,0.07371847030105777,0.12628937831056594,0.09309494451294698,0.12628937831056594,0.9980268469450966,25,bert-base-uncased
SentenceTransformer,0.9,5,0.0899100899100899,0.12545302481182047,0.10474860335195531,0.12545302481182047,0.9984209922408495,25,bert-base-uncased
SentenceTransformer,0.9,6,0.043405520959196954,0.13019236130471146,0.06510525582043775,0.13019236130471146,0.9964322397679084,25,bert-base-uncased
SentenceTransformer,0.9,7,0.07748513169073917,0.12712573180931142,0.09628378378378379,0.12712573180931142,0.9981180168771837,25,bert-base-uncased
SentenceTransformer,0.9,8,0.07547169811320754,0.12601059381098412,0.09440267335004177,0.12601059381098412,0.9980805782738932,25,bert-base-uncased
SentenceTransformer,0.9,9,0.0739037608802759,0.12545302481182047,0.09301364200082679,0.12545302481182047,0.9980452195930077,25,bert-base-uncased
SentenceTransformer,0.9,10,0.07503678273663561,0.12796208530805686,0.09460016488046166,0.12796208530805686,0.9980386331720584,25,bert-base-uncased
SentenceTransformer,0.95,1,0.37209302325581395,0.017842207973236688,0.034051609470603886,0.017842207973236688,0.9999625613967095,25,bert-base-uncased
SentenceTransformer,0.95,2,0.37209302325581395,0.017842207973236688,0.034051609470603886,0.017842207973236688,0.9999625613967095,25,bert-base-uncased
SentenceTransformer,0.95,3,0.37209302325581395,0.017842207973236688,0.034051609470603886,0.017842207973236688,0.9999625613967095,25,bert-base-uncased
SentenceTransformer,0.95,4,0.37209302325581395,0.017842207973236688,0.034051609470603886,0.017842207973236688,0.9999625613967095,25,bert-base-uncased
SentenceTransformer,0.95,5,0.37209302325581395,0.017842207973236688,0.034051609470603886,0.017842207973236688,0.9999625613967095,25,bert-base-uncased
SentenceTransformer,0.95,6,0.37209302325581395,0.017842207973236688,0.034051609470603886,0.017842207973236688,0.9999625613967095,25,bert-base-uncased
SentenceTransformer,0.95,7,0.37209302325581395,0.017842207973236688,0.034051609470603886,0.017842207973236688,0.9999625613967095,25,bert-base-uncased
SentenceTransformer,0.95,8,0.37209302325581395,0.017842207973236688,0.034051609470603886,0.017842207973236688,0.9999625613967095,25,bert-base-uncased
SentenceTransformer,0.95,9,0.37209302325581395,0.017842207973236688,0.034051609470603886,0.017842207973236688,0.9999625613967095,25,bert-base-uncased
SentenceTransformer,0.95,10,0.37209302325581395,0.017842207973236688,0.034051609470603886,0.017842207973236688,0.9999625613967095,25,bert-base-uncased
SentenceTransformer,0.1,1,0.00433386718865854,0.32589908001115137,0.008553981918828639,0.32589908001115137,0.9069002465748011,50,bert-base-uncased
SentenceTransformer,0.1,2,0.007415536468707578,0.32589908001115137,0.014501113323285512,0.32589908001115137,0.9457580502530052,50,bert-base-uncased
SentenceTransformer,0.1,3,0.005032146173116339,0.32032339001951493,0.009908631893031618,0.32032339001951493,0.9212461647097485,50,bert-base-uncased
SentenceTransformer,0.1,4,0.004802149171039463,0.35182603847226096,0.009474972408459905,0.35182603847226096,0.9093372223260258,50,bert-base-uncased
SentenceTransformer,0.1,5,0.005261676700873429,0.29188737106216894,0.010337014310890395,0.29188737106216894,0.9313837065118558,50,bert-base-uncased
SentenceTransformer,0.1,6,0.005203476868634952,0.3189294675216058,0.010239885427855352,0.3189294675216058,0.9241837084531166,50,bert-base-uncased
SentenceTransformer,0.1,7,0.004755765773146092,0.30749930303875106,0.00936666723279947,0.30749930303875106,0.9199833051561623,50,bert-base-uncased
SentenceTransformer,0.1,8,0.004273979921198495,0.3211597435182604,0.008435697940503433,0.3211597435182604,0.9069629909006861,50,bert-base-uncased
SentenceTransformer,0.1,9,0.005121127205639746,0.3072205185391692,0.010074323274246483,0.3072205185391692,0.925786635319925,50,bert-base-uncased
SentenceTransformer,0.1,10,0.0041927404638242224,0.3164204070253694,0.008275821840149038,0.3164204070253694,0.9065522062256931,50,bert-base-uncased
SentenceTransformer,0.15,1,0.00433386718865854,0.32589908001115137,0.008553981918828639,0.32589908001115137,0.9069002465748011,50,bert-base-uncased
SentenceTransformer,0.15,2,0.007415536468707578,0.32589908001115137,0.014501113323285512,0.32589908001115137,0.9457580502530052,50,bert-base-uncased
SentenceTransformer,0.15,3,0.005032146173116339,0.32032339001951493,0.009908631893031618,0.32032339001951493,0.9212461647097485,50,bert-base-uncased
SentenceTransformer,0.15,4,0.004802149171039463,0.35182603847226096,0.009474972408459905,0.35182603847226096,0.9093372223260258,50,bert-base-uncased
SentenceTransformer,0.15,5,0.005261676700873429,0.29188737106216894,0.010337014310890395,0.29188737106216894,0.9313837065118558,50,bert-base-uncased
SentenceTransformer,0.15,6,0.005203476868634952,0.3189294675216058,0.010239885427855352,0.3189294675216058,0.9241837084531166,50,bert-base-uncased
SentenceTransformer,0.15,7,0.004755765773146092,0.30749930303875106,0.00936666723279947,0.30749930303875106,0.9199833051561623,50,bert-base-uncased
SentenceTransformer,0.15,8,0.004273979921198495,0.3211597435182604,0.008435697940503433,0.3211597435182604,0.9069629909006861,50,bert-base-uncased
SentenceTransformer,0.15,9,0.005121127205639746,0.3072205185391692,0.010074323274246483,0.3072205185391692,0.925786635319925,50,bert-base-uncased
SentenceTransformer,0.15,10,0.0041927404638242224,0.3164204070253694,0.008275821840149038,0.3164204070253694,0.9065522062256931,50,bert-base-uncased
SentenceTransformer,0.2,1,0.00433386718865854,0.32589908001115137,0.008553981918828639,0.32589908001115137,0.9069002465748011,50,bert-base-uncased
SentenceTransformer,0.2,2,0.007415536468707578,0.32589908001115137,0.014501113323285512,0.32589908001115137,0.9457580502530052,50,bert-base-uncased
SentenceTransformer,0.2,3,0.005032146173116339,0.32032339001951493,0.009908631893031618,0.32032339001951493,0.9212461647097485,50,bert-base-uncased
SentenceTransformer,0.2,4,0.004802149171039463,0.35182603847226096,0.009474972408459905,0.35182603847226096,0.9093372223260258,50,bert-base-uncased
SentenceTransformer,0.2,5,0.005261676700873429,0.29188737106216894,0.010337014310890395,0.29188737106216894,0.9313837065118558,50,bert-base-uncased
SentenceTransformer,0.2,6,0.005203476868634952,0.3189294675216058,0.010239885427855352,0.3189294675216058,0.9241837084531166,50,bert-base-uncased
SentenceTransformer,0.2,7,0.004755765773146092,0.30749930303875106,0.00936666723279947,0.30749930303875106,0.9199833051561623,50,bert-base-uncased
SentenceTransformer,0.2,8,0.004273979921198495,0.3211597435182604,0.008435697940503433,0.3211597435182604,0.9069629909006861,50,bert-base-uncased
SentenceTransformer,0.2,9,0.005121127205639746,0.3072205185391692,0.010074323274246483,0.3072205185391692,0.925786635319925,50,bert-base-uncased
SentenceTransformer,0.2,10,0.0041927404638242224,0.3164204070253694,0.008275821840149038,0.3164204070253694,0.9065522062256931,50,bert-base-uncased
SentenceTransformer,0.25,1,0.00433386718865854,0.32589908001115137,0.008553981918828639,0.32589908001115137,0.9069002465748011,50,bert-base-uncased
SentenceTransformer,0.25,2,0.007415536468707578,0.32589908001115137,0.014501113323285512,0.32589908001115137,0.9457580502530052,50,bert-base-uncased
SentenceTransformer,0.25,3,0.005032146173116339,0.32032339001951493,0.009908631893031618,0.32032339001951493,0.9212461647097485,50,bert-base-uncased
SentenceTransformer,0.25,4,0.004802149171039463,0.35182603847226096,0.009474972408459905,0.35182603847226096,0.9093372223260258,50,bert-base-uncased
SentenceTransformer,0.25,5,0.005261676700873429,0.29188737106216894,0.010337014310890395,0.29188737106216894,0.9313837065118558,50,bert-base-uncased
SentenceTransformer,0.25,6,0.005203476868634952,0.3189294675216058,0.010239885427855352,0.3189294675216058,0.9241837084531166,50,bert-base-uncased
SentenceTransformer,0.25,7,0.004755765773146092,0.30749930303875106,0.00936666723279947,0.30749930303875106,0.9199833051561623,50,bert-base-uncased
SentenceTransformer,0.25,8,0.004273979921198495,0.3211597435182604,0.008435697940503433,0.3211597435182604,0.9069629909006861,50,bert-base-uncased
SentenceTransformer,0.25,9,0.005121127205639746,0.3072205185391692,0.010074323274246483,0.3072205185391692,0.925786635319925,50,bert-base-uncased
SentenceTransformer,0.25,10,0.0041927404638242224,0.3164204070253694,0.008275821840149038,0.3164204070253694,0.9065522062256931,50,bert-base-uncased
SentenceTransformer,0.3,1,0.00433386718865854,0.32589908001115137,0.008553981918828639,0.32589908001115137,0.9069002465748011,50,bert-base-uncased
SentenceTransformer,0.3,2,0.007415536468707578,0.32589908001115137,0.014501113323285512,0.32589908001115137,0.9457580502530052,50,bert-base-uncased
SentenceTransformer,0.3,3,0.005032146173116339,0.32032339001951493,0.009908631893031618,0.32032339001951493,0.9212461647097485,50,bert-base-uncased
SentenceTransformer,0.3,4,0.004802149171039463,0.35182603847226096,0.009474972408459905,0.35182603847226096,0.9093372223260258,50,bert-base-uncased
SentenceTransformer,0.3,5,0.005261676700873429,0.29188737106216894,0.010337014310890395,0.29188737106216894,0.9313837065118558,50,bert-base-uncased
SentenceTransformer,0.3,6,0.005203476868634952,0.3189294675216058,0.010239885427855352,0.3189294675216058,0.9241837084531166,50,bert-base-uncased
SentenceTransformer,0.3,7,0.004755765773146092,0.30749930303875106,0.00936666723279947,0.30749930303875106,0.9199833051561623,50,bert-base-uncased
SentenceTransformer,0.3,8,0.004273979921198495,0.3211597435182604,0.008435697940503433,0.3211597435182604,0.9069629909006861,50,bert-base-uncased
SentenceTransformer,0.3,9,0.005121127205639746,0.3072205185391692,0.010074323274246483,0.3072205185391692,0.925786635319925,50,bert-base-uncased
SentenceTransformer,0.3,10,0.0041927404638242224,0.3164204070253694,0.008275821840149038,0.3164204070253694,0.9065522062256931,50,bert-base-uncased
SentenceTransformer,0.35,1,0.00433386718865854,0.32589908001115137,0.008553981918828639,0.32589908001115137,0.9069002465748011,50,bert-base-uncased
SentenceTransformer,0.35,2,0.007415536468707578,0.32589908001115137,0.014501113323285512,0.32589908001115137,0.9457580502530052,50,bert-base-uncased
SentenceTransformer,0.35,3,0.005032146173116339,0.32032339001951493,0.009908631893031618,0.32032339001951493,0.9212461647097485,50,bert-base-uncased
SentenceTransformer,0.35,4,0.004802149171039463,0.35182603847226096,0.009474972408459905,0.35182603847226096,0.9093372223260258,50,bert-base-uncased
SentenceTransformer,0.35,5,0.005261676700873429,0.29188737106216894,0.010337014310890395,0.29188737106216894,0.9313837065118558,50,bert-base-uncased
SentenceTransformer,0.35,6,0.005203476868634952,0.3189294675216058,0.010239885427855352,0.3189294675216058,0.9241837084531166,50,bert-base-uncased
SentenceTransformer,0.35,7,0.004755765773146092,0.30749930303875106,0.00936666723279947,0.30749930303875106,0.9199833051561623,50,bert-base-uncased
SentenceTransformer,0.35,8,0.004273979921198495,0.3211597435182604,0.008435697940503433,0.3211597435182604,0.9069629909006861,50,bert-base-uncased
SentenceTransformer,0.35,9,0.005121127205639746,0.3072205185391692,0.010074323274246483,0.3072205185391692,0.925786635319925,50,bert-base-uncased
SentenceTransformer,0.35,10,0.0041927404638242224,0.3164204070253694,0.008275821840149038,0.3164204070253694,0.9065522062256931,50,bert-base-uncased
SentenceTransformer,0.4,1,0.00433386718865854,0.32589908001115137,0.008553981918828639,0.32589908001115137,0.9069002465748011,50,bert-base-uncased
SentenceTransformer,0.4,2,0.007415536468707578,0.32589908001115137,0.014501113323285512,0.32589908001115137,0.9457580502530052,50,bert-base-uncased
SentenceTransformer,0.4,3,0.005032146173116339,0.32032339001951493,0.009908631893031618,0.32032339001951493,0.9212461647097485,50,bert-base-uncased
SentenceTransformer,0.4,4,0.004802149171039463,0.35182603847226096,0.009474972408459905,0.35182603847226096,0.9093372223260258,50,bert-base-uncased
SentenceTransformer,0.4,5,0.005261676700873429,0.29188737106216894,0.010337014310890395,0.29188737106216894,0.9313837065118558,50,bert-base-uncased
SentenceTransformer,0.4,6,0.005203476868634952,0.3189294675216058,0.010239885427855352,0.3189294675216058,0.9241837084531166,50,bert-base-uncased
SentenceTransformer,0.4,7,0.004755765773146092,0.30749930303875106,0.00936666723279947,0.30749930303875106,0.9199833051561623,50,bert-base-uncased
SentenceTransformer,0.4,8,0.004273979921198495,0.3211597435182604,0.008435697940503433,0.3211597435182604,0.9069629909006861,50,bert-base-uncased
SentenceTransformer,0.4,9,0.005121127205639746,0.3072205185391692,0.010074323274246483,0.3072205185391692,0.925786635319925,50,bert-base-uncased
SentenceTransformer,0.4,10,0.0041927404638242224,0.3164204070253694,0.008275821840149038,0.3164204070253694,0.9065522062256931,50,bert-base-uncased
SentenceTransformer,0.45,1,0.00433386718865854,0.32589908001115137,0.008553981918828639,0.32589908001115137,0.9069002465748011,50,bert-base-uncased
SentenceTransformer,0.45,2,0.007415536468707578,0.32589908001115137,0.014501113323285512,0.32589908001115137,0.9457580502530052,50,bert-base-uncased
SentenceTransformer,0.45,3,0.005032146173116339,0.32032339001951493,0.009908631893031618,0.32032339001951493,0.9212461647097485,50,bert-base-uncased
SentenceTransformer,0.45,4,0.004802149171039463,0.35182603847226096,0.009474972408459905,0.35182603847226096,0.9093372223260258,50,bert-base-uncased
SentenceTransformer,0.45,5,0.005261676700873429,0.29188737106216894,0.010337014310890395,0.29188737106216894,0.9313837065118558,50,bert-base-uncased
SentenceTransformer,0.45,6,0.005203476868634952,0.3189294675216058,0.010239885427855352,0.3189294675216058,0.9241837084531166,50,bert-base-uncased
SentenceTransformer,0.45,7,0.004755765773146092,0.30749930303875106,0.00936666723279947,0.30749930303875106,0.9199833051561623,50,bert-base-uncased
SentenceTransformer,0.45,8,0.004273979921198495,0.3211597435182604,0.008435697940503433,0.3211597435182604,0.9069629909006861,50,bert-base-uncased
SentenceTransformer,0.45,9,0.005121127205639746,0.3072205185391692,0.010074323274246483,0.3072205185391692,0.925786635319925,50,bert-base-uncased
SentenceTransformer,0.45,10,0.0041927404638242224,0.3164204070253694,0.008275821840149038,0.3164204070253694,0.9065522062256931,50,bert-base-uncased
SentenceTransformer,0.5,1,0.00433386718865854,0.32589908001115137,0.008553981918828639,0.32589908001115137,0.9069002465748011,50,bert-base-uncased
SentenceTransformer,0.5,2,0.007415536468707578,0.32589908001115137,0.014501113323285512,0.32589908001115137,0.9457580502530052,50,bert-base-uncased
SentenceTransformer,0.5,3,0.005032146173116339,0.32032339001951493,0.009908631893031618,0.32032339001951493,0.9212461647097485,50,bert-base-uncased
SentenceTransformer,0.5,4,0.004802149171039463,0.35182603847226096,0.009474972408459905,0.35182603847226096,0.9093372223260258,50,bert-base-uncased
SentenceTransformer,0.5,5,0.005261676700873429,0.29188737106216894,0.010337014310890395,0.29188737106216894,0.9313837065118558,50,bert-base-uncased
SentenceTransformer,0.5,6,0.005203476868634952,0.3189294675216058,0.010239885427855352,0.3189294675216058,0.9241837084531166,50,bert-base-uncased
SentenceTransformer,0.5,7,0.004755765773146092,0.30749930303875106,0.00936666723279947,0.30749930303875106,0.9199833051561623,50,bert-base-uncased
SentenceTransformer,0.5,8,0.004273979921198495,0.3211597435182604,0.008435697940503433,0.3211597435182604,0.9069629909006861,50,bert-base-uncased
SentenceTransformer,0.5,9,0.005121127205639746,0.3072205185391692,0.010074323274246483,0.3072205185391692,0.925786635319925,50,bert-base-uncased
SentenceTransformer,0.5,10,0.0041927404638242224,0.3164204070253694,0.008275821840149038,0.3164204070253694,0.9065522062256931,50,bert-base-uncased
SentenceTransformer,0.55,1,0.00433386718865854,0.32589908001115137,0.008553981918828639,0.32589908001115137,0.9069002465748011,50,bert-base-uncased
SentenceTransformer,0.55,2,0.007308559835683413,0.323390019514915,0.014294075968084779,0.323390019514915,0.9453819309514293,50,bert-base-uncased
SentenceTransformer,0.55,3,0.005032146173116339,0.32032339001951493,0.009908631893031618,0.32032339001951493,0.9212461647097485,50,bert-base-uncased
SentenceTransformer,0.55,4,0.004798362240199697,0.3515472539726791,0.009467500046924563,0.3515472539726791,0.9093372223260258,50,bert-base-uncased
SentenceTransformer,0.55,5,0.005261676700873429,0.29188737106216894,0.010337014310890395,0.29188737106216894,0.9313837065118558,50,bert-base-uncased
SentenceTransformer,0.55,6,0.005203476868634952,0.3189294675216058,0.010239885427855352,0.3189294675216058,0.9241837084531166,50,bert-base-uncased
SentenceTransformer,0.55,7,0.004755765773146092,0.30749930303875106,0.00936666723279947,0.30749930303875106,0.9199833051561623,50,bert-base-uncased
SentenceTransformer,0.55,8,0.004273979921198495,0.3211597435182604,0.008435697940503433,0.3211597435182604,0.9069629909006861,50,bert-base-uncased
SentenceTransformer,0.55,9,0.005121127205639746,0.3072205185391692,0.010074323274246483,0.3072205185391692,0.925786635319925,50,bert-base-uncased
SentenceTransformer,0.55,10,0.004248442481499898,0.3239475885140786,0.008386894214703048,0.3239475885140786,0.9055888554984308,50,bert-base-uncased
SentenceTransformer,0.6,1,0.0043418613274008155,0.326456649010315,0.008569745359274315,0.326456649010315,0.9069134194166997,50,bert-base-uncased
SentenceTransformer,0.6,2,0.00731481423144047,0.32366880401449677,0.01430631030276145,0.32366880401449677,0.9453819309514293,50,bert-base-uncased
SentenceTransformer,0.6,3,0.005072038594432492,0.3253415110119877,0.009988359752131193,0.3253415110119877,0.9206447204809612,50,bert-base-uncased
SentenceTransformer,0.6,4,0.0047828742001676475,0.3515472539726791,0.009437351255070425,0.3515472539726791,0.909042219998246,50,bert-base-uncased
SentenceTransformer,0.6,5,0.005083032631995273,0.290214664064678,0.009991074256427975,0.290214664064678,0.9293665284327126,50,bert-base-uncased
SentenceTransformer,0.6,6,0.005252593887321803,0.3275717870086423,0.010339396179263131,0.3275717870086423,0.9228612244572529,50,bert-base-uncased
SentenceTransformer,0.6,7,0.004677388901285638,0.30387510454418737,0.009212967463010781,0.30387510454418737,0.9195950529738904,50,bert-base-uncased
SentenceTransformer,0.6,8,0.004312972958819151,0.32143852801784223,0.00851173778237118,0.32143852801784223,0.9077277090382682,50,bert-base-uncased
SentenceTransformer,0.6,9,0.004983181185136517,0.3002509060496236,0.009803653840902263,0.3002509060496236,0.9254521144664496,50,bert-base-uncased
SentenceTransformer,0.6,10,0.004242644387940428,0.32562029551156957,0.0083761523484422,0.32562029551156957,0.9049711185441375,50,bert-base-uncased
SentenceTransformer,0.65,1,0.00457856317510145,0.32366880401449677,0.009029398040130658,0.32366880401449677,0.9125004376503394,50,bert-base-uncased
SentenceTransformer,0.65,2,0.007642035098682497,0.3272930025090605,0.014935341674564758,0.3272930025090605,0.9471526382255766,50,bert-base-uncased
SentenceTransformer,0.65,3,0.005000698787603508,0.31920825202118763,0.00984713293629464,0.31920825202118763,0.9210243063198789,50,bert-base-uncased
SentenceTransformer,0.65,4,0.004457888296509131,0.3442988569835517,0.008801813102229317,0.3442988569835517,0.9043922068080713,50,bert-base-uncased
SentenceTransformer,0.65,5,0.005862999831280581,0.31000836353498745,0.011508349245282042,0.31000836353498745,0.9346377451145222,50,bert-base-uncased
SentenceTransformer,0.65,6,0.005474997847480032,0.3013660440479509,0.0107546137392429,0.3013660440479509,0.9319303794506439,50,bert-base-uncased
SentenceTransformer,0.65,7,0.0049599650791069495,0.3231112350153331,0.009769955070008177,0.3231112350153331,0.9193988469603493,50,bert-base-uncased
SentenceTransformer,0.65,8,0.004347494179167144,0.3175355450236967,0.00857755001374366,0.3175355450236967,0.9095750267876673,50,bert-base-uncased
SentenceTransformer,0.65,9,0.005040252979272823,0.30526902704209646,0.009916771570110217,0.30526902704209646,0.9250687154364561,50,bert-base-uncased
SentenceTransformer,0.65,10,0.004220212364892811,0.32143852801784223,0.00833104524631859,0.32143852801784223,0.9056907716962772,50,bert-base-uncased
SentenceTransformer,0.7,1,0.004844208615741839,0.33035963200446056,0.009548404771785068,0.33035963200446056,0.9156116549145273,50,bert-base-uncased
SentenceTransformer,0.7,2,0.006946004643151352,0.3102871480345693,0.013587835651892591,0.3102871480345693,0.9448394178574512,50,bert-base-uncased
SentenceTransformer,0.7,3,0.005414442312441818,0.3178143295232785,0.010647488733742732,0.3178143295232785,0.9274079348346445,50,bert-base-uncased
SentenceTransformer,0.7,4,0.004587326350196865,0.3442988569835517,0.009054019874856583,0.3442988569835517,0.9071019990480889,50,bert-base-uncased
SentenceTransformer,0.7,5,0.0056863088323440645,0.29885698355171453,0.011160272760397688,0.29885698355171453,0.935019410875845,50,bert-base-uncased
SentenceTransformer,0.7,6,0.00528399662290023,0.3035963200446055,0.010387207233845699,0.3035963200446055,0.9289342512262009,50,bert-base-uncased
SentenceTransformer,0.7,7,0.005655161060730039,0.32562029551156957,0.01111724505530068,0.32562029551156957,0.9288080692669626,50,bert-base-uncased
SentenceTransformer,0.7,8,0.004537834782269697,0.32450515751324227,0.008950506926262125,0.32450515751324227,0.9114833555942806,50,bert-base-uncased
SentenceTransformer,0.7,9,0.004798705007004959,0.32562029551156957,0.009458025960985644,0.32562029551156957,0.916029719317938,50,bert-base-uncased
SentenceTransformer,0.7,10,0.0042401306674833385,0.3242263730136604,0.008370790762620066,0.3242263730136604,0.9053215854693848,50,bert-base-uncased
SentenceTransformer,0.75,1,0.005146142968186628,0.30638416504042376,0.010122268530244767,0.30638416504042376,0.9263502942916876,50,bert-base-uncased
SentenceTransformer,0.75,2,0.007804834866513718,0.294954000557569,0.015207267291439085,0.294954000557569,0.9533754194076867,50,bert-base-uncased
SentenceTransformer,0.75,3,0.006472334715636213,0.2971842765542236,0.012668758319072066,0.2971842765542236,0.94327531620887,50,bert-base-uncased
SentenceTransformer,0.75,4,0.005884548883998742,0.33398383049902425,0.011565325262705688,0.33398383049902425,0.9298421373559957,50,bert-base-uncased
SentenceTransformer,0.75,5,0.006682545983856028,0.30972957903540566,0.01308282452411373,0.30972957903540566,0.9427525623777395,50,bert-base-uncased
SentenceTransformer,0.75,6,0.006129911098365357,0.28603289657095066,0.01200259705316355,0.28603289657095066,0.9423341513205947,50,bert-base-uncased
SentenceTransformer,0.75,7,0.006054542336058544,0.29523278505715084,0.011865745642783912,0.29523278505715084,0.9397339016605754,50,bert-base-uncased
SentenceTransformer,0.75,8,0.006235359544313183,0.3094507945358238,0.012224400343604766,0.3094507945358238,0.9386745278489477,50,bert-base-uncased
SentenceTransformer,0.75,9,0.006386634347828602,0.30777808753833286,0.012513601741022852,0.30777808753833286,0.9404597945799302,50,bert-base-uncased
SentenceTransformer,0.75,10,0.0060948625014704974,0.3033175355450237,0.011949609550901163,0.3033175355450237,0.9384956545221153,50,bert-base-uncased
SentenceTransformer,0.8,1,0.010444312138611663,0.28854195706718705,0.020158934205913286,0.28854195706718705,0.9660064415196884,50,bert-base-uncased
SentenceTransformer,0.8,2,0.014569168863604829,0.2927237245609144,0.027756849994052105,0.2927237245609144,0.9753806517991502,50,bert-base-uncased
SentenceTransformer,0.8,3,0.00882515168229454,0.2810147755784778,0.017112880498446597,0.2810147755784778,0.9607549841007265,50,bert-base-uncased
SentenceTransformer,0.8,4,0.008513062455870081,0.2957903540563145,0.01654980931063259,0.2957903540563145,0.9571636514147113,50,bert-base-uncased
SentenceTransformer,0.8,5,0.010660868280222505,0.28157234457764146,0.02054390496918414,0.28157234457764146,0.9675084921498529,50,bert-base-uncased
SentenceTransformer,0.8,6,0.011524832731430642,0.28380262057429606,0.0221501773319698,0.28380262057429606,0.9697326225082963,50,bert-base-uncased
SentenceTransformer,0.8,7,0.010817907597491374,0.2779481460830778,0.020825282770577238,0.2779481460830778,0.9683973123242682,50,bert-base-uncased
SentenceTransformer,0.8,8,0.00915351166607448,0.3016448285475328,0.01776785201119933,0.3016448285475328,0.959398528038914,50,bert-base-uncased
SentenceTransformer,0.8,9,0.013080503273322422,0.2851965430722052,0.025013753896937465,0.2851965430722052,0.9732435315279838,50,bert-base-uncased
SentenceTransformer,0.8,10,0.008797959289916186,0.28268748257596876,0.01706481769759595,0.28268748257596876,0.9603982774082641,50,bert-base-uncased
SentenceTransformer,0.85,1,0.018579421688805366,0.24254251463618623,0.03451490686925991,0.24254251463618623,0.9840691809924211,50,bert-base-uncased
SentenceTransformer,0.85,2,0.023898781630740395,0.22748815165876776,0.04325355808221357,0.22748815165876776,0.988446724347537,50,bert-base-uncased
SentenceTransformer,0.85,3,0.023227419401726793,0.22274881516587677,0.04206813036381825,0.22274881516587677,0.9883524345318424,50,bert-base-uncased
SentenceTransformer,0.85,4,0.017347717568431693,0.23445776414831335,0.03230515115430415,0.23445776414831335,0.9834861094115449,50,bert-base-uncased
SentenceTransformer,0.85,5,0.025598341604372132,0.22720936715918594,0.04601270289343684,0.22720936715918594,0.989245761204802,50,bert-base-uncased
SentenceTransformer,0.85,6,0.02940439992845645,0.2291608586562587,0.05212098154841164,0.2291608586562587,0.9905942442307286,50,bert-base-uncased
SentenceTransformer,0.85,7,0.0217237678959353,0.2313911346529133,0.039718619897592955,0.2313911346529133,0.9870431233778771,50,bert-base-uncased
SentenceTransformer,0.85,8,0.018499327497629704,0.2339001951491497,0.034286881896199425,0.2339001951491497,0.9845690556770962,50,bert-base-uncased
SentenceTransformer,0.85,9,0.019913667692160932,0.23278505715082243,0.03668878245968628,0.23278505715082243,0.985753918140494,50,bert-base-uncased
SentenceTransformer,0.85,10,0.016963236188237203,0.23334262614998605,0.03162727427308281,0.23334262614998605,0.9831855606240183,50,bert-base-uncased
SentenceTransformer,0.9,1,0.0781629116117851,0.1257318093114023,0.09639841829646253,0.1257318093114023,0.9981561487879426,50,bert-base-uncased
SentenceTransformer,0.9,2,0.09265042681657297,0.12405910231391135,0.10607866507747318,0.12405910231391135,0.9984892830264812,50,bert-base-uncased
SentenceTransformer,0.9,3,0.06168478260869565,0.12656816281014777,0.08294509911391248,0.12656816281014777,0.9976060093118126,50,bert-base-uncased
SentenceTransformer,0.9,4,0.07496719160104987,0.1274045163088932,0.09439223381183517,0.1274045163088932,0.9980452195930077,50,bert-base-uncased
SentenceTransformer,0.9,5,0.08972821742605916,0.12517424031223864,0.10452799441275754,0.12517424031223864,0.9984209922408495,50,bert-base-uncased
SentenceTransformer,0.9,6,0.04296731546088873,0.13047114580429328,0.06464534843566545,0.13047114580429328,0.9963864814749978,50,bert-base-uncased
SentenceTransformer,0.9,7,0.08034307719236829,0.12796208530805686,0.09870967741935484,0.12796208530805686,0.9981786812806637,50,bert-base-uncased
SentenceTransformer,0.9,8,0.04418782210345486,0.12907722330638416,0.06583718450053323,0.12907722330638416,0.9965282628522738,50,bert-base-uncased
SentenceTransformer,0.9,9,0.07361156753204075,0.12489545581265682,0.09262896722836762,0.12489545581265682,0.9980455662467419,50,bert-base-uncased
SentenceTransformer,0.9,10,0.07722203447110511,0.1274045163088932,0.0961599158337717,0.1274045163088932,0.9981069239576902,50,bert-base-uncased
SentenceTransformer,0.95,1,0.37209302325581395,0.017842207973236688,0.034051609470603886,0.017842207973236688,0.9999625613967095,50,bert-base-uncased
SentenceTransformer,0.95,2,0.37209302325581395,0.017842207973236688,0.034051609470603886,0.017842207973236688,0.9999625613967095,50,bert-base-uncased
SentenceTransformer,0.95,3,0.37209302325581395,0.017842207973236688,0.034051609470603886,0.017842207973236688,0.9999625613967095,50,bert-base-uncased
SentenceTransformer,0.95,4,0.37209302325581395,0.017842207973236688,0.034051609470603886,0.017842207973236688,0.9999625613967095,50,bert-base-uncased
SentenceTransformer,0.95,5,0.37209302325581395,0.017842207973236688,0.034051609470603886,0.017842207973236688,0.9999625613967095,50,bert-base-uncased
SentenceTransformer,0.95,6,0.37209302325581395,0.017842207973236688,0.034051609470603886,0.017842207973236688,0.9999625613967095,50,bert-base-uncased
SentenceTransformer,0.95,7,0.37209302325581395,0.017842207973236688,0.034051609470603886,0.017842207973236688,0.9999625613967095,50,bert-base-uncased
SentenceTransformer,0.95,8,0.37209302325581395,0.017842207973236688,0.034051609470603886,0.017842207973236688,0.9999625613967095,50,bert-base-uncased
SentenceTransformer,0.95,9,0.37209302325581395,0.017842207973236688,0.034051609470603886,0.017842207973236688,0.9999625613967095,50,bert-base-uncased
SentenceTransformer,0.95,10,0.37209302325581395,0.017842207973236688,0.034051609470603886,0.017842207973236688,0.9999625613967095,50,bert-base-uncased
SentenceTransformer,0.1,1,0.006417387777917829,0.326456649010315,0.012587337418037192,0.326456649010315,0.9371509846872647,100,bert-base-uncased
SentenceTransformer,0.1,2,0.009515284132351967,0.3200446055199331,0.01848110435867509,0.3200446055199331,0.9585748787665228,100,bert-base-uncased
SentenceTransformer,0.1,3,0.0077982354662912735,0.3119598550320602,0.015216105411303976,0.3119598550320602,0.950645174597353,100,bert-base-uncased
SentenceTransformer,0.1,4,0.0074491793590011944,0.33732924449400614,0.0145764692418429,0.33732924449400614,0.9441110983619571,100,bert-base-uncased
SentenceTransformer,0.1,5,0.00923002991059962,0.3105659325341511,0.017927261023495334,0.3105659325341511,0.9585474931215233,100,bert-base-uncased
SentenceTransformer,0.1,6,0.008518047908136853,0.30275996654586007,0.016569907156643603,0.30275996654586007,0.9561801947708671,100,bert-base-uncased
SentenceTransformer,0.1,7,0.010062573221567327,0.30889322553666015,0.019490228500061567,0.30889322553666015,0.9622137030141196,100,bert-base-uncased
SentenceTransformer,0.1,8,0.007298701298701298,0.31335377752996935,0.014265136083560193,0.31335377752996935,0.9470049637348196,100,bert-base-uncased
SentenceTransformer,0.1,9,0.007517316806416333,0.28742681906885975,0.014651442051486106,0.28742681906885975,0.9528138403583291,100,bert-base-uncased
SentenceTransformer,0.1,10,0.0072823653534391805,0.31558405352662394,0.014236218095842948,0.31558405352662394,0.9465071689725495,100,bert-base-uncased
SentenceTransformer,0.15,1,0.006417387777917829,0.326456649010315,0.012587337418037192,0.326456649010315,0.9371509846872647,100,bert-base-uncased
SentenceTransformer,0.15,2,0.009515284132351967,0.3200446055199331,0.01848110435867509,0.3200446055199331,0.9585748787665228,100,bert-base-uncased
SentenceTransformer,0.15,3,0.0077982354662912735,0.3119598550320602,0.015216105411303976,0.3119598550320602,0.950645174597353,100,bert-base-uncased
SentenceTransformer,0.15,4,0.0074491793590011944,0.33732924449400614,0.0145764692418429,0.33732924449400614,0.9441110983619571,100,bert-base-uncased
SentenceTransformer,0.15,5,0.00923002991059962,0.3105659325341511,0.017927261023495334,0.3105659325341511,0.9585474931215233,100,bert-base-uncased
SentenceTransformer,0.15,6,0.008518047908136853,0.30275996654586007,0.016569907156643603,0.30275996654586007,0.9561801947708671,100,bert-base-uncased
SentenceTransformer,0.15,7,0.010062573221567327,0.30889322553666015,0.019490228500061567,0.30889322553666015,0.9622137030141196,100,bert-base-uncased
SentenceTransformer,0.15,8,0.007298701298701298,0.31335377752996935,0.014265136083560193,0.31335377752996935,0.9470049637348196,100,bert-base-uncased
SentenceTransformer,0.15,9,0.007517316806416333,0.28742681906885975,0.014651442051486106,0.28742681906885975,0.9528138403583291,100,bert-base-uncased
SentenceTransformer,0.15,10,0.0072823653534391805,0.31558405352662394,0.014236218095842948,0.31558405352662394,0.9465071689725495,100,bert-base-uncased
SentenceTransformer,0.2,1,0.006417387777917829,0.326456649010315,0.012587337418037192,0.326456649010315,0.9371509846872647,100,bert-base-uncased
SentenceTransformer,0.2,2,0.009515284132351967,0.3200446055199331,0.01848110435867509,0.3200446055199331,0.9585748787665228,100,bert-base-uncased
SentenceTransformer,0.2,3,0.0077982354662912735,0.3119598550320602,0.015216105411303976,0.3119598550320602,0.950645174597353,100,bert-base-uncased
SentenceTransformer,0.2,4,0.0074491793590011944,0.33732924449400614,0.0145764692418429,0.33732924449400614,0.9441110983619571,100,bert-base-uncased
SentenceTransformer,0.2,5,0.00923002991059962,0.3105659325341511,0.017927261023495334,0.3105659325341511,0.9585474931215233,100,bert-base-uncased
SentenceTransformer,0.2,6,0.008518047908136853,0.30275996654586007,0.016569907156643603,0.30275996654586007,0.9561801947708671,100,bert-base-uncased
SentenceTransformer,0.2,7,0.010062573221567327,0.30889322553666015,0.019490228500061567,0.30889322553666015,0.9622137030141196,100,bert-base-uncased
SentenceTransformer,0.2,8,0.007298701298701298,0.31335377752996935,0.014265136083560193,0.31335377752996935,0.9470049637348196,100,bert-base-uncased
SentenceTransformer,0.2,9,0.007517316806416333,0.28742681906885975,0.014651442051486106,0.28742681906885975,0.9528138403583291,100,bert-base-uncased
SentenceTransformer,0.2,10,0.0072823653534391805,0.31558405352662394,0.014236218095842948,0.31558405352662394,0.9465071689725495,100,bert-base-uncased
SentenceTransformer,0.25,1,0.006417387777917829,0.326456649010315,0.012587337418037192,0.326456649010315,0.9371509846872647,100,bert-base-uncased
SentenceTransformer,0.25,2,0.009515284132351967,0.3200446055199331,0.01848110435867509,0.3200446055199331,0.9585748787665228,100,bert-base-uncased
SentenceTransformer,0.25,3,0.0077982354662912735,0.3119598550320602,0.015216105411303976,0.3119598550320602,0.950645174597353,100,bert-base-uncased
SentenceTransformer,0.25,4,0.0074491793590011944,0.33732924449400614,0.0145764692418429,0.33732924449400614,0.9441110983619571,100,bert-base-uncased
SentenceTransformer,0.25,5,0.00923002991059962,0.3105659325341511,0.017927261023495334,0.3105659325341511,0.9585474931215233,100,bert-base-uncased
SentenceTransformer,0.25,6,0.008518047908136853,0.30275996654586007,0.016569907156643603,0.30275996654586007,0.9561801947708671,100,bert-base-uncased
SentenceTransformer,0.25,7,0.010062573221567327,0.30889322553666015,0.019490228500061567,0.30889322553666015,0.9622137030141196,100,bert-base-uncased
SentenceTransformer,0.25,8,0.007298701298701298,0.31335377752996935,0.014265136083560193,0.31335377752996935,0.9470049637348196,100,bert-base-uncased
SentenceTransformer,0.25,9,0.007517316806416333,0.28742681906885975,0.014651442051486106,0.28742681906885975,0.9528138403583291,100,bert-base-uncased
SentenceTransformer,0.25,10,0.0072823653534391805,0.31558405352662394,0.014236218095842948,0.31558405352662394,0.9465071689725495,100,bert-base-uncased
SentenceTransformer,0.3,1,0.006417387777917829,0.326456649010315,0.012587337418037192,0.326456649010315,0.9371509846872647,100,bert-base-uncased
SentenceTransformer,0.3,2,0.009515284132351967,0.3200446055199331,0.01848110435867509,0.3200446055199331,0.9585748787665228,100,bert-base-uncased
SentenceTransformer,0.3,3,0.0077982354662912735,0.3119598550320602,0.015216105411303976,0.3119598550320602,0.950645174597353,100,bert-base-uncased
SentenceTransformer,0.3,4,0.0074491793590011944,0.33732924449400614,0.0145764692418429,0.33732924449400614,0.9441110983619571,100,bert-base-uncased
SentenceTransformer,0.3,5,0.00923002991059962,0.3105659325341511,0.017927261023495334,0.3105659325341511,0.9585474931215233,100,bert-base-uncased
SentenceTransformer,0.3,6,0.008518047908136853,0.30275996654586007,0.016569907156643603,0.30275996654586007,0.9561801947708671,100,bert-base-uncased
SentenceTransformer,0.3,7,0.010062573221567327,0.30889322553666015,0.019490228500061567,0.30889322553666015,0.9622137030141196,100,bert-base-uncased
SentenceTransformer,0.3,8,0.007298701298701298,0.31335377752996935,0.014265136083560193,0.31335377752996935,0.9470049637348196,100,bert-base-uncased
SentenceTransformer,0.3,9,0.007517316806416333,0.28742681906885975,0.014651442051486106,0.28742681906885975,0.9528138403583291,100,bert-base-uncased
SentenceTransformer,0.3,10,0.0072823653534391805,0.31558405352662394,0.014236218095842948,0.31558405352662394,0.9465071689725495,100,bert-base-uncased
SentenceTransformer,0.35,1,0.006417387777917829,0.326456649010315,0.012587337418037192,0.326456649010315,0.9371509846872647,100,bert-base-uncased
SentenceTransformer,0.35,2,0.009515284132351967,0.3200446055199331,0.01848110435867509,0.3200446055199331,0.9585748787665228,100,bert-base-uncased
SentenceTransformer,0.35,3,0.0077982354662912735,0.3119598550320602,0.015216105411303976,0.3119598550320602,0.950645174597353,100,bert-base-uncased
SentenceTransformer,0.35,4,0.0074491793590011944,0.33732924449400614,0.0145764692418429,0.33732924449400614,0.9441110983619571,100,bert-base-uncased
SentenceTransformer,0.35,5,0.00923002991059962,0.3105659325341511,0.017927261023495334,0.3105659325341511,0.9585474931215233,100,bert-base-uncased
SentenceTransformer,0.35,6,0.008518047908136853,0.30275996654586007,0.016569907156643603,0.30275996654586007,0.9561801947708671,100,bert-base-uncased
SentenceTransformer,0.35,7,0.010062573221567327,0.30889322553666015,0.019490228500061567,0.30889322553666015,0.9622137030141196,100,bert-base-uncased
SentenceTransformer,0.35,8,0.007298701298701298,0.31335377752996935,0.014265136083560193,0.31335377752996935,0.9470049637348196,100,bert-base-uncased
SentenceTransformer,0.35,9,0.007517316806416333,0.28742681906885975,0.014651442051486106,0.28742681906885975,0.9528138403583291,100,bert-base-uncased
SentenceTransformer,0.35,10,0.0072823653534391805,0.31558405352662394,0.014236218095842948,0.31558405352662394,0.9465071689725495,100,bert-base-uncased
SentenceTransformer,0.4,1,0.006417387777917829,0.326456649010315,0.012587337418037192,0.326456649010315,0.9371509846872647,100,bert-base-uncased
SentenceTransformer,0.4,2,0.009515284132351967,0.3200446055199331,0.01848110435867509,0.3200446055199331,0.9585748787665228,100,bert-base-uncased
SentenceTransformer,0.4,3,0.0077982354662912735,0.3119598550320602,0.015216105411303976,0.3119598550320602,0.950645174597353,100,bert-base-uncased
SentenceTransformer,0.4,4,0.0074491793590011944,0.33732924449400614,0.0145764692418429,0.33732924449400614,0.9441110983619571,100,bert-base-uncased
SentenceTransformer,0.4,5,0.00923002991059962,0.3105659325341511,0.017927261023495334,0.3105659325341511,0.9585474931215233,100,bert-base-uncased
SentenceTransformer,0.4,6,0.008518047908136853,0.30275996654586007,0.016569907156643603,0.30275996654586007,0.9561801947708671,100,bert-base-uncased
SentenceTransformer,0.4,7,0.010062573221567327,0.30889322553666015,0.019490228500061567,0.30889322553666015,0.9622137030141196,100,bert-base-uncased
SentenceTransformer,0.4,8,0.007298701298701298,0.31335377752996935,0.014265136083560193,0.31335377752996935,0.9470049637348196,100,bert-base-uncased
SentenceTransformer,0.4,9,0.007517316806416333,0.28742681906885975,0.014651442051486106,0.28742681906885975,0.9528138403583291,100,bert-base-uncased
SentenceTransformer,0.4,10,0.0072823653534391805,0.31558405352662394,0.014236218095842948,0.31558405352662394,0.9465071689725495,100,bert-base-uncased
SentenceTransformer,0.45,1,0.006417387777917829,0.326456649010315,0.012587337418037192,0.326456649010315,0.9371509846872647,100,bert-base-uncased
SentenceTransformer,0.45,2,0.009515284132351967,0.3200446055199331,0.01848110435867509,0.3200446055199331,0.9585748787665228,100,bert-base-uncased
SentenceTransformer,0.45,3,0.0077982354662912735,0.3119598550320602,0.015216105411303976,0.3119598550320602,0.950645174597353,100,bert-base-uncased
SentenceTransformer,0.45,4,0.0074491793590011944,0.33732924449400614,0.0145764692418429,0.33732924449400614,0.9441110983619571,100,bert-base-uncased
SentenceTransformer,0.45,5,0.00923002991059962,0.3105659325341511,0.017927261023495334,0.3105659325341511,0.9585474931215233,100,bert-base-uncased
SentenceTransformer,0.45,6,0.008518047908136853,0.30275996654586007,0.016569907156643603,0.30275996654586007,0.9561801947708671,100,bert-base-uncased
SentenceTransformer,0.45,7,0.010062573221567327,0.30889322553666015,0.019490228500061567,0.30889322553666015,0.9622137030141196,100,bert-base-uncased
SentenceTransformer,0.45,8,0.007298701298701298,0.31335377752996935,0.014265136083560193,0.31335377752996935,0.9470049637348196,100,bert-base-uncased
SentenceTransformer,0.45,9,0.007517316806416333,0.28742681906885975,0.014651442051486106,0.28742681906885975,0.9528138403583291,100,bert-base-uncased
SentenceTransformer,0.45,10,0.0072823653534391805,0.31558405352662394,0.014236218095842948,0.31558405352662394,0.9465071689725495,100,bert-base-uncased
SentenceTransformer,0.5,1,0.006417387777917829,0.326456649010315,0.012587337418037192,0.326456649010315,0.9371509846872647,100,bert-base-uncased
SentenceTransformer,0.5,2,0.009515284132351967,0.3200446055199331,0.01848110435867509,0.3200446055199331,0.9585748787665228,100,bert-base-uncased
SentenceTransformer,0.5,3,0.0077982354662912735,0.3119598550320602,0.015216105411303976,0.3119598550320602,0.950645174597353,100,bert-base-uncased
SentenceTransformer,0.5,4,0.0074491793590011944,0.33732924449400614,0.0145764692418429,0.33732924449400614,0.9441110983619571,100,bert-base-uncased
SentenceTransformer,0.5,5,0.00923002991059962,0.3105659325341511,0.017927261023495334,0.3105659325341511,0.9585474931215233,100,bert-base-uncased
SentenceTransformer,0.5,6,0.008518047908136853,0.30275996654586007,0.016569907156643603,0.30275996654586007,0.9561801947708671,100,bert-base-uncased
SentenceTransformer,0.5,7,0.010062573221567327,0.30889322553666015,0.019490228500061567,0.30889322553666015,0.9622137030141196,100,bert-base-uncased
SentenceTransformer,0.5,8,0.007298701298701298,0.31335377752996935,0.014265136083560193,0.31335377752996935,0.9470049637348196,100,bert-base-uncased
SentenceTransformer,0.5,9,0.007517316806416333,0.28742681906885975,0.014651442051486106,0.28742681906885975,0.9528138403583291,100,bert-base-uncased
SentenceTransformer,0.5,10,0.0072823653534391805,0.31558405352662394,0.014236218095842948,0.31558405352662394,0.9465071689725495,100,bert-base-uncased
SentenceTransformer,0.55,1,0.006417387777917829,0.326456649010315,0.012587337418037192,0.326456649010315,0.9371509846872647,100,bert-base-uncased
SentenceTransformer,0.55,2,0.009528594155572301,0.31725676052411483,0.018501507921669363,0.31725676052411483,0.9589936364774018,100,bert-base-uncased
SentenceTransformer,0.55,3,0.0077982354662912735,0.3119598550320602,0.015216105411303976,0.3119598550320602,0.950645174597353,100,bert-base-uncased
SentenceTransformer,0.55,4,0.0074491793590011944,0.33732924449400614,0.0145764692418429,0.33732924449400614,0.9441110983619571,100,bert-base-uncased
SentenceTransformer,0.55,5,0.00923002991059962,0.3105659325341511,0.017927261023495334,0.3105659325341511,0.9585474931215233,100,bert-base-uncased
SentenceTransformer,0.55,6,0.008518047908136853,0.30275996654586007,0.016569907156643603,0.30275996654586007,0.9561801947708671,100,bert-base-uncased
SentenceTransformer,0.55,7,0.010062573221567327,0.30889322553666015,0.019490228500061567,0.30889322553666015,0.9622137030141196,100,bert-base-uncased
SentenceTransformer,0.55,8,0.007298701298701298,0.31335377752996935,0.014265136083560193,0.31335377752996935,0.9470049637348196,100,bert-base-uncased
SentenceTransformer,0.55,9,0.007517316806416333,0.28742681906885975,0.014651442051486106,0.28742681906885975,0.9528138403583291,100,bert-base-uncased
SentenceTransformer,0.55,10,0.007380050058229688,0.3197658210203513,0.014427128536030088,0.3197658210203513,0.9465210351219164,100,bert-base-uncased
SentenceTransformer,0.6,1,0.006558471039345357,0.3342626149986061,0.012864530804059998,0.3342626149986061,0.9370414421072665,100,bert-base-uncased
SentenceTransformer,0.6,2,0.009253183377494995,0.3105659325341511,0.017970930326348222,0.3105659325341511,0.958652182549243,100,bert-base-uncased
SentenceTransformer,0.6,3,0.007650643195666892,0.3150264845274603,0.0149384943848447,0.3150264845274603,0.9491909621825042,100,bert-base-uncased
SentenceTransformer,0.6,4,0.0073663244982380876,0.33509896849735155,0.014415754188604118,0.33509896849735155,0.9438514547150627,100,bert-base-uncased
SentenceTransformer,0.6,5,0.009196275260863822,0.3105659325341511,0.017863585705924327,0.3105659325341511,0.9583939255172854,100,bert-base-uncased
SentenceTransformer,0.6,6,0.008567219723988216,0.3080568720379147,0.016670815512156118,0.3080568720379147,0.9556716537428377,100,bert-base-uncased
SentenceTransformer,0.6,7,0.010063064289279071,0.309172010036242,0.01949170416197975,0.309172010036242,0.9621814642168416,100,bert-base-uncased
SentenceTransformer,0.6,8,0.006930318217111469,0.3010872595483691,0.013548775592131674,0.3010872595483691,0.9463529080608433,100,bert-base-uncased
SentenceTransformer,0.6,9,0.007681167112775912,0.28240869807638697,0.014955561461009242,0.28240869807638697,0.9546341191164628,100,bert-base-uncased
SentenceTransformer,0.6,10,0.007352142030597697,0.3206021745190967,0.014374640633984151,0.3206021745190967,0.9461761146564159,100,bert-base-uncased
SentenceTransformer,0.65,1,0.006128288349846259,0.3200446055199331,0.012026294424220202,0.3200446055199331,0.9354600077719767,100,bert-base-uncased
SentenceTransformer,0.65,2,0.00914639188898629,0.3083356565374965,0.017765783999550235,0.3083356565374965,0.9584653361865246,100,bert-base-uncased
SentenceTransformer,0.65,3,0.0077730090605627085,0.31809311402286033,0.015175193014889244,0.31809311402286033,0.949510230271676,100,bert-base-uncased
SentenceTransformer,0.65,4,0.007357351843010515,0.33509896849735155,0.014398572121633195,0.33509896849735155,0.9437824706219626,100,bert-base-uncased
SentenceTransformer,0.65,5,0.009250732524068647,0.3080568720379147,0.017962076448547998,0.3080568720379147,0.9589752638294907,100,bert-base-uncased
SentenceTransformer,0.65,6,0.007960982930031888,0.2957903540563145,0.015504668936593064,0.2957903540563145,0.9541675231902682,100,bert-base-uncased
SentenceTransformer,0.65,7,0.01022943945924942,0.31558405352662394,0.019816539458021146,0.31558405352662394,0.9620313631499454,100,bert-base-uncased
SentenceTransformer,0.65,8,0.006947654922286541,0.29746306105380543,0.01357817311852587,0.29746306105380543,0.9471318390015263,100,bert-base-uncased
SentenceTransformer,0.65,9,0.0073685712783457145,0.2734875940897686,0.014350497366881217,0.2734875940897686,0.9541890157217868,100,bert-base-uncased
SentenceTransformer,0.65,10,0.007482574825748258,0.32562029551156957,0.014628983673903922,0.32562029551156957,0.9462936302723,100,bert-base-uncased
SentenceTransformer,0.7,1,0.006602551474231543,0.3083356565374965,0.01292826333446329,0.3083356565374965,0.9423150853652154,100,bert-base-uncased
SentenceTransformer,0.7,2,0.00935135594661226,0.30666294954000556,0.01814926949190295,0.30666294954000556,0.9596044403570118,100,bert-base-uncased
SentenceTransformer,0.7,3,0.007396026120054475,0.29523278505715084,0.014430545335622599,0.29523278505715084,0.9507314913771617,100,bert-base-uncased
SentenceTransformer,0.7,4,0.007070540835420971,0.323390019514915,0.013838518801297958,0.323390019514915,0.9435297600497518,100,bert-base-uncased
SentenceTransformer,0.7,5,0.009535818425407834,0.3035963200446055,0.01849084796413896,0.3035963200446055,0.9607893028204094,100,bert-base-uncased
SentenceTransformer,0.7,6,0.009191711654757647,0.3080568720379147,0.017850796420147978,0.3080568720379147,0.9587093804153813,100,bert-base-uncased
SentenceTransformer,0.7,7,0.009766355972982125,0.30554781154167826,0.018927717189510314,0.30554781154167826,0.9614777571364738,100,bert-base-uncased
SentenceTransformer,0.7,8,0.007223321007825264,0.2810147755784778,0.014084605442414504,0.2810147755784778,0.9519745916679002,100,bert-base-uncased
SentenceTransformer,0.7,9,0.008776263890866153,0.29216615556175074,0.017040650406504064,0.29216615556175074,0.9589683307548073,100,bert-base-uncased
SentenceTransformer,0.7,10,0.007055559541747387,0.32896570950655146,0.013814822836604597,0.32896570950655146,0.9424332942885677,100,bert-base-uncased
SentenceTransformer,0.75,1,0.0072338800979437085,0.30638416504042376,0.014134048395290366,0.30638416504042376,0.947715950543605,100,bert-base-uncased
SentenceTransformer,0.75,2,0.011515707874337006,0.31474770002787844,0.022218504924872328,0.31474770002787844,0.9664054399677197,100,bert-base-uncased
SentenceTransformer,0.75,3,0.008961256232296964,0.3016448285475328,0.017405432360913384,0.3016448285475328,0.9585194141690554,100,bert-base-uncased
SentenceTransformer,0.75,4,0.007063346301452824,0.2991357680512963,0.013800820589332338,0.2991357680512963,0.9477114440450608,100,bert-base-uncased
SentenceTransformer,0.75,5,0.010913971647186762,0.3105659325341511,0.021086903026746675,0.3105659325341511,0.9650028789592623,100,bert-base-uncased
SentenceTransformer,0.75,6,0.009927132607458412,0.29662670755505993,0.019211324570273004,0.29662670755505993,0.9632141456909381,100,bert-base-uncased
SentenceTransformer,0.75,7,0.011070637811584887,0.3024811820462782,0.02135952910604957,0.3024811820462782,0.9664016267766438,100,bert-base-uncased
SentenceTransformer,0.75,8,0.00895652994517986,0.2910510175634235,0.017378277153558053,0.2910510175634235,0.959954907282259,100,bert-base-uncased
SentenceTransformer,0.75,9,0.009631111884461458,0.30861444103707836,0.01867928826343365,0.30861444103707836,0.960539365478072,100,bert-base-uncased
SentenceTransformer,0.75,10,0.008231102939063982,0.31948703652076943,0.01604873437664111,0.31948703652076943,0.9521333590781507,100,bert-base-uncased
SentenceTransformer,0.8,1,0.013107520602167282,0.28157234457764146,0.02504898192009127,0.28157234457764146,0.9736387167849392,100,bert-base-uncased
SentenceTransformer,0.8,2,0.016954845726899023,0.29551156955673263,0.032069706229389164,0.29551156955673263,0.9786950081515625,100,bert-base-uncased
SentenceTransformer,0.8,3,0.011116676102957189,0.28463897407304156,0.021397659041611217,0.28463897407304156,0.9685158679013548,100,bert-base-uncased
SentenceTransformer,0.8,4,0.009734445841429497,0.28491775857262336,0.018825696523140686,0.28491775857262336,0.9639597978731407,100,bert-base-uncased
SentenceTransformer,0.8,5,0.014469782884938581,0.29523278505715084,0.02758746450621304,0.29523278505715084,0.9749965594616884,100,bert-base-uncased
SentenceTransformer,0.8,6,0.015743012842984162,0.2754390855868414,0.02978370638329942,0.2754390855868414,0.9785871988402353,100,bert-base-uncased
SentenceTransformer,0.8,7,0.015212949866415214,0.2698633955952049,0.028802237529196483,0.2698633955952049,0.9782779837093544,100,bert-base-uncased
SentenceTransformer,0.8,8,0.013003306368352958,0.2773905770839141,0.024842084238384143,0.2773905770839141,0.9738193233804424,100,bert-base-uncased
SentenceTransformer,0.8,9,0.015224634324901764,0.2840814050738779,0.028900422587140873,0.2840814050738779,0.9771513590732975,100,bert-base-uncased
SentenceTransformer,0.8,10,0.01084664055438385,0.2910510175634235,0.02091388048638795,0.2910510175634235,0.9669961379307476,100,bert-base-uncased
SentenceTransformer,0.85,1,0.019756434157325135,0.22748815165876776,0.03635553575406549,0.22748815165876776,0.9859650302646042,100,bert-base-uncased
SentenceTransformer,0.85,2,0.025862601074007778,0.23362141064956787,0.046569785212148156,0.23362141064956787,0.9890582215346153,100,bert-base-uncased
SentenceTransformer,0.85,3,0.02475278507948429,0.22051853916922218,0.04450946740567763,0.22051853916922218,0.9891965363745496,100,bert-base-uncased
SentenceTransformer,0.85,4,0.018095074357431445,0.23473654864789517,0.03360003192402083,0.23473654864789517,0.9841613908857106,100,bert-base-uncased
SentenceTransformer,0.85,5,0.02841107160287248,0.22720936715918594,0.05050661543705264,0.22720936715918594,0.99033841377491,100,bert-base-uncased
SentenceTransformer,0.85,6,0.025919704903994995,0.2194034011708949,0.046362297496318115,0.2194034011708949,0.989747369158148,100,bert-base-uncased
SentenceTransformer,0.85,7,0.03268079598770426,0.2252578756621132,0.05708028681431246,0.2252578756621132,0.9917094292935579,100,bert-base-uncased
SentenceTransformer,0.85,8,0.024891972491023068,0.2280457206579314,0.044884633323273616,0.2280457206579314,0.9888918277422131,100,bert-base-uncased
SentenceTransformer,0.85,9,0.021487474311282225,0.230275996654586,0.03930712858094604,0.230275996654586,0.9869606197891444,100,bert-base-uncased
SentenceTransformer,0.85,10,0.020683739737777235,0.23529411764705882,0.03802486934582808,0.23529411764705882,0.9861473701287784,100,bert-base-uncased
SentenceTransformer,0.9,1,0.07960628561561044,0.1285196543072205,0.0983152058008104,0.1285196543072205,0.9981523355968667,100,bert-base-uncased
SentenceTransformer,0.9,2,0.0640625,0.1257318093114023,0.08487814058530159,0.1257318093114023,0.9977158985455449,100,bert-base-uncased
SentenceTransformer,0.9,3,0.06558563775879543,0.12628937831056594,0.08633504859919955,0.12628937831056594,0.997762696799658,100,bert-base-uncased
SentenceTransformer,0.9,4,0.07492605980939862,0.12712573180931142,0.09428305592887419,0.12712573180931142,0.9980483394766153,100,bert-base-uncased
SentenceTransformer,0.9,5,0.07459056267228799,0.12824086980763869,0.09432027885995489,0.12824086980763869,0.998021647139084,100,bert-base-uncased
SentenceTransformer,0.9,6,0.05765856104286789,0.12824086980763869,0.07955036748811067,0.12824086980763869,0.9973938572264998,100,bert-base-uncased
SentenceTransformer,0.9,7,0.0834093812739551,0.1274045163088932,0.10081623648797705,0.1274045163088932,0.9982591049469914,100,bert-base-uncased
SentenceTransformer,0.9,8,0.060925209972003735,0.1274045163088932,0.08243145743145742,0.1274045163088932,0.9975581710964969,100,bert-base-uncased
SentenceTransformer,0.9,9,0.0453410566263857,0.12656816281014777,0.06676470588235293,0.12656816281014777,0.996686336955056,100,bert-base-uncased
SentenceTransformer,0.9,10,0.0420816509645581,0.1307499303038751,0.06367092044528917,0.1307499303038751,0.9962991247339866,100,bert-base-uncased
SentenceTransformer,0.95,1,0.34594594594594597,0.017842207973236688,0.033934252386002124,0.017842207973236688,0.9999580548981652,100,bert-base-uncased
SentenceTransformer,0.95,2,0.37209302325581395,0.017842207973236688,0.034051609470603886,0.017842207973236688,0.9999625613967095,100,bert-base-uncased
SentenceTransformer,0.95,3,0.3742690058479532,0.017842207973236688,0.034060670569451834,0.017842207973236688,0.9999629080504436,100,bert-base-uncased
SentenceTransformer,0.95,4,0.37209302325581395,0.017842207973236688,0.034051609470603886,0.017842207973236688,0.9999625613967095,100,bert-base-uncased
SentenceTransformer,0.95,5,0.37209302325581395,0.017842207973236688,0.034051609470603886,0.017842207973236688,0.9999625613967095,100,bert-base-uncased
SentenceTransformer,0.95,6,0.37209302325581395,0.017842207973236688,0.034051609470603886,0.017842207973236688,0.9999625613967095,100,bert-base-uncased
SentenceTransformer,0.95,7,0.37209302325581395,0.017842207973236688,0.034051609470603886,0.017842207973236688,0.9999625613967095,100,bert-base-uncased
SentenceTransformer,0.95,8,0.37209302325581395,0.017842207973236688,0.034051609470603886,0.017842207973236688,0.9999625613967095,100,bert-base-uncased
SentenceTransformer,0.95,9,0.37209302325581395,0.017842207973236688,0.034051609470603886,0.017842207973236688,0.9999625613967095,100,bert-base-uncased
SentenceTransformer,0.95,10,0.37209302325581395,0.017842207973236688,0.034051609470603886,0.017842207973236688,0.9999625613967095,100,bert-base-uncased
SentenceTransformer,0.1,1,0.01694216919096198,0.2865904655701143,0.03199302875637993,0.2865904655701143,0.9793224514104127,250,bert-base-uncased
SentenceTransformer,0.1,2,0.021690676814351727,0.33370504599944245,0.0407336827060505,0.33370504599944245,0.9812848581995568,250,bert-base-uncased
SentenceTransformer,0.1,3,0.018752473941153185,0.31697797602453304,0.035410081128637944,0.31697797602453304,0.9793758360854751,250,bert-base-uncased
SentenceTransformer,0.1,4,0.016408568748366062,0.29746306105380543,0.031101524470224736,0.29746306105380543,0.9778280271624,250,bert-base-uncased
SentenceTransformer,0.1,5,0.02234648398811489,0.30192361304711457,0.04161303337111679,0.30192361304711457,0.983575199421227,250,bert-base-uncased
SentenceTransformer,0.1,6,0.01820269783864388,0.2960691385558963,0.03429678669465525,0.2960691385558963,0.9801433274529305,250,bert-base-uncased
SentenceTransformer,0.1,7,0.022587782587782587,0.3272930025090605,0.04225909794463842,0.3272930025090605,0.9823896436503609,250,bert-base-uncased
SentenceTransformer,0.1,8,0.01640643576127447,0.28854195706718705,0.031047516198704102,0.28854195706718705,0.9784901357946673,250,bert-base-uncased
SentenceTransformer,0.1,9,0.01656324582338902,0.290214664064678,0.03133795926968406,0.290214664064678,0.9785736793446026,250,bert-base-uncased
SentenceTransformer,0.1,10,0.017517704062616473,0.31446891552829664,0.03318671942805867,0.31446891552829664,0.9780692981613832,250,bert-base-uncased
SentenceTransformer,0.15,1,0.01694216919096198,0.2865904655701143,0.03199302875637993,0.2865904655701143,0.9793224514104127,250,bert-base-uncased
SentenceTransformer,0.15,2,0.021690676814351727,0.33370504599944245,0.0407336827060505,0.33370504599944245,0.9812848581995568,250,bert-base-uncased
SentenceTransformer,0.15,3,0.018752473941153185,0.31697797602453304,0.035410081128637944,0.31697797602453304,0.9793758360854751,250,bert-base-uncased
SentenceTransformer,0.15,4,0.016408568748366062,0.29746306105380543,0.031101524470224736,0.29746306105380543,0.9778280271624,250,bert-base-uncased
SentenceTransformer,0.15,5,0.02234648398811489,0.30192361304711457,0.04161303337111679,0.30192361304711457,0.983575199421227,250,bert-base-uncased
SentenceTransformer,0.15,6,0.01820269783864388,0.2960691385558963,0.03429678669465525,0.2960691385558963,0.9801433274529305,250,bert-base-uncased
SentenceTransformer,0.15,7,0.022587782587782587,0.3272930025090605,0.04225909794463842,0.3272930025090605,0.9823896436503609,250,bert-base-uncased
SentenceTransformer,0.15,8,0.01640643576127447,0.28854195706718705,0.031047516198704102,0.28854195706718705,0.9784901357946673,250,bert-base-uncased
SentenceTransformer,0.15,9,0.01656324582338902,0.290214664064678,0.03133795926968406,0.290214664064678,0.9785736793446026,250,bert-base-uncased
SentenceTransformer,0.15,10,0.017517704062616473,0.31446891552829664,0.03318671942805867,0.31446891552829664,0.9780692981613832,250,bert-base-uncased
SentenceTransformer,0.2,1,0.01694216919096198,0.2865904655701143,0.03199302875637993,0.2865904655701143,0.9793224514104127,250,bert-base-uncased
SentenceTransformer,0.2,2,0.021690676814351727,0.33370504599944245,0.0407336827060505,0.33370504599944245,0.9812848581995568,250,bert-base-uncased
SentenceTransformer,0.2,3,0.018752473941153185,0.31697797602453304,0.035410081128637944,0.31697797602453304,0.9793758360854751,250,bert-base-uncased
SentenceTransformer,0.2,4,0.016408568748366062,0.29746306105380543,0.031101524470224736,0.29746306105380543,0.9778280271624,250,bert-base-uncased
SentenceTransformer,0.2,5,0.02234648398811489,0.30192361304711457,0.04161303337111679,0.30192361304711457,0.983575199421227,250,bert-base-uncased
SentenceTransformer,0.2,6,0.01820269783864388,0.2960691385558963,0.03429678669465525,0.2960691385558963,0.9801433274529305,250,bert-base-uncased
SentenceTransformer,0.2,7,0.022587782587782587,0.3272930025090605,0.04225909794463842,0.3272930025090605,0.9823896436503609,250,bert-base-uncased
SentenceTransformer,0.2,8,0.01640643576127447,0.28854195706718705,0.031047516198704102,0.28854195706718705,0.9784901357946673,250,bert-base-uncased
SentenceTransformer,0.2,9,0.01656324582338902,0.290214664064678,0.03133795926968406,0.290214664064678,0.9785736793446026,250,bert-base-uncased
SentenceTransformer,0.2,10,0.017517704062616473,0.31446891552829664,0.03318671942805867,0.31446891552829664,0.9780692981613832,250,bert-base-uncased
SentenceTransformer,0.25,1,0.01694216919096198,0.2865904655701143,0.03199302875637993,0.2865904655701143,0.9793224514104127,250,bert-base-uncased
SentenceTransformer,0.25,2,0.021690676814351727,0.33370504599944245,0.0407336827060505,0.33370504599944245,0.9812848581995568,250,bert-base-uncased
SentenceTransformer,0.25,3,0.018752473941153185,0.31697797602453304,0.035410081128637944,0.31697797602453304,0.9793758360854751,250,bert-base-uncased
SentenceTransformer,0.25,4,0.016408568748366062,0.29746306105380543,0.031101524470224736,0.29746306105380543,0.9778280271624,250,bert-base-uncased
SentenceTransformer,0.25,5,0.02234648398811489,0.30192361304711457,0.04161303337111679,0.30192361304711457,0.983575199421227,250,bert-base-uncased
SentenceTransformer,0.25,6,0.01820269783864388,0.2960691385558963,0.03429678669465525,0.2960691385558963,0.9801433274529305,250,bert-base-uncased
SentenceTransformer,0.25,7,0.022587782587782587,0.3272930025090605,0.04225909794463842,0.3272930025090605,0.9823896436503609,250,bert-base-uncased
SentenceTransformer,0.25,8,0.01640643576127447,0.28854195706718705,0.031047516198704102,0.28854195706718705,0.9784901357946673,250,bert-base-uncased
SentenceTransformer,0.25,9,0.01656324582338902,0.290214664064678,0.03133795926968406,0.290214664064678,0.9785736793446026,250,bert-base-uncased
SentenceTransformer,0.25,10,0.017517704062616473,0.31446891552829664,0.03318671942805867,0.31446891552829664,0.9780692981613832,250,bert-base-uncased
SentenceTransformer,0.3,1,0.01694216919096198,0.2865904655701143,0.03199302875637993,0.2865904655701143,0.9793224514104127,250,bert-base-uncased
SentenceTransformer,0.3,2,0.021690676814351727,0.33370504599944245,0.0407336827060505,0.33370504599944245,0.9812848581995568,250,bert-base-uncased
SentenceTransformer,0.3,3,0.018752473941153185,0.31697797602453304,0.035410081128637944,0.31697797602453304,0.9793758360854751,250,bert-base-uncased
SentenceTransformer,0.3,4,0.016408568748366062,0.29746306105380543,0.031101524470224736,0.29746306105380543,0.9778280271624,250,bert-base-uncased
SentenceTransformer,0.3,5,0.02234648398811489,0.30192361304711457,0.04161303337111679,0.30192361304711457,0.983575199421227,250,bert-base-uncased
SentenceTransformer,0.3,6,0.01820269783864388,0.2960691385558963,0.03429678669465525,0.2960691385558963,0.9801433274529305,250,bert-base-uncased
SentenceTransformer,0.3,7,0.022587782587782587,0.3272930025090605,0.04225909794463842,0.3272930025090605,0.9823896436503609,250,bert-base-uncased
SentenceTransformer,0.3,8,0.01640643576127447,0.28854195706718705,0.031047516198704102,0.28854195706718705,0.9784901357946673,250,bert-base-uncased
SentenceTransformer,0.3,9,0.01656324582338902,0.290214664064678,0.03133795926968406,0.290214664064678,0.9785736793446026,250,bert-base-uncased
SentenceTransformer,0.3,10,0.017517704062616473,0.31446891552829664,0.03318671942805867,0.31446891552829664,0.9780692981613832,250,bert-base-uncased
SentenceTransformer,0.35,1,0.01694216919096198,0.2865904655701143,0.03199302875637993,0.2865904655701143,0.9793224514104127,250,bert-base-uncased
SentenceTransformer,0.35,2,0.021690676814351727,0.33370504599944245,0.0407336827060505,0.33370504599944245,0.9812848581995568,250,bert-base-uncased
SentenceTransformer,0.35,3,0.018752473941153185,0.31697797602453304,0.035410081128637944,0.31697797602453304,0.9793758360854751,250,bert-base-uncased
SentenceTransformer,0.35,4,0.016408568748366062,0.29746306105380543,0.031101524470224736,0.29746306105380543,0.9778280271624,250,bert-base-uncased
SentenceTransformer,0.35,5,0.02234648398811489,0.30192361304711457,0.04161303337111679,0.30192361304711457,0.983575199421227,250,bert-base-uncased
SentenceTransformer,0.35,6,0.01820269783864388,0.2960691385558963,0.03429678669465525,0.2960691385558963,0.9801433274529305,250,bert-base-uncased
SentenceTransformer,0.35,7,0.022587782587782587,0.3272930025090605,0.04225909794463842,0.3272930025090605,0.9823896436503609,250,bert-base-uncased
SentenceTransformer,0.35,8,0.01640643576127447,0.28854195706718705,0.031047516198704102,0.28854195706718705,0.9784901357946673,250,bert-base-uncased
SentenceTransformer,0.35,9,0.01656324582338902,0.290214664064678,0.03133795926968406,0.290214664064678,0.9785736793446026,250,bert-base-uncased
SentenceTransformer,0.35,10,0.017517704062616473,0.31446891552829664,0.03318671942805867,0.31446891552829664,0.9780692981613832,250,bert-base-uncased
SentenceTransformer,0.4,1,0.01694216919096198,0.2865904655701143,0.03199302875637993,0.2865904655701143,0.9793224514104127,250,bert-base-uncased
SentenceTransformer,0.4,2,0.021690676814351727,0.33370504599944245,0.0407336827060505,0.33370504599944245,0.9812848581995568,250,bert-base-uncased
SentenceTransformer,0.4,3,0.018752473941153185,0.31697797602453304,0.035410081128637944,0.31697797602453304,0.9793758360854751,250,bert-base-uncased
SentenceTransformer,0.4,4,0.016408568748366062,0.29746306105380543,0.031101524470224736,0.29746306105380543,0.9778280271624,250,bert-base-uncased
SentenceTransformer,0.4,5,0.02234648398811489,0.30192361304711457,0.04161303337111679,0.30192361304711457,0.983575199421227,250,bert-base-uncased
SentenceTransformer,0.4,6,0.01820269783864388,0.2960691385558963,0.03429678669465525,0.2960691385558963,0.9801433274529305,250,bert-base-uncased
SentenceTransformer,0.4,7,0.022587782587782587,0.3272930025090605,0.04225909794463842,0.3272930025090605,0.9823896436503609,250,bert-base-uncased
SentenceTransformer,0.4,8,0.01640643576127447,0.28854195706718705,0.031047516198704102,0.28854195706718705,0.9784901357946673,250,bert-base-uncased
SentenceTransformer,0.4,9,0.01656324582338902,0.290214664064678,0.03133795926968406,0.290214664064678,0.9785736793446026,250,bert-base-uncased
SentenceTransformer,0.4,10,0.017517704062616473,0.31446891552829664,0.03318671942805867,0.31446891552829664,0.9780692981613832,250,bert-base-uncased
SentenceTransformer,0.45,1,0.01694216919096198,0.2865904655701143,0.03199302875637993,0.2865904655701143,0.9793224514104127,250,bert-base-uncased
SentenceTransformer,0.45,2,0.021690676814351727,0.33370504599944245,0.0407336827060505,0.33370504599944245,0.9812848581995568,250,bert-base-uncased
SentenceTransformer,0.45,3,0.018752473941153185,0.31697797602453304,0.035410081128637944,0.31697797602453304,0.9793758360854751,250,bert-base-uncased
SentenceTransformer,0.45,4,0.016408568748366062,0.29746306105380543,0.031101524470224736,0.29746306105380543,0.9778280271624,250,bert-base-uncased
SentenceTransformer,0.45,5,0.02234648398811489,0.30192361304711457,0.04161303337111679,0.30192361304711457,0.983575199421227,250,bert-base-uncased
SentenceTransformer,0.45,6,0.01820269783864388,0.2960691385558963,0.03429678669465525,0.2960691385558963,0.9801433274529305,250,bert-base-uncased
SentenceTransformer,0.45,7,0.022587782587782587,0.3272930025090605,0.04225909794463842,0.3272930025090605,0.9823896436503609,250,bert-base-uncased
SentenceTransformer,0.45,8,0.01640643576127447,0.28854195706718705,0.031047516198704102,0.28854195706718705,0.9784901357946673,250,bert-base-uncased
SentenceTransformer,0.45,9,0.01656324582338902,0.290214664064678,0.03133795926968406,0.290214664064678,0.9785736793446026,250,bert-base-uncased
SentenceTransformer,0.45,10,0.017517704062616473,0.31446891552829664,0.03318671942805867,0.31446891552829664,0.9780692981613832,250,bert-base-uncased
SentenceTransformer,0.5,1,0.01694216919096198,0.2865904655701143,0.03199302875637993,0.2865904655701143,0.9793224514104127,250,bert-base-uncased
SentenceTransformer,0.5,2,0.021690676814351727,0.33370504599944245,0.0407336827060505,0.33370504599944245,0.9812848581995568,250,bert-base-uncased
SentenceTransformer,0.5,3,0.018752473941153185,0.31697797602453304,0.035410081128637944,0.31697797602453304,0.9793758360854751,250,bert-base-uncased
SentenceTransformer,0.5,4,0.016408568748366062,0.29746306105380543,0.031101524470224736,0.29746306105380543,0.9778280271624,250,bert-base-uncased
SentenceTransformer,0.5,5,0.02234648398811489,0.30192361304711457,0.04161303337111679,0.30192361304711457,0.983575199421227,250,bert-base-uncased
SentenceTransformer,0.5,6,0.01820269783864388,0.2960691385558963,0.03429678669465525,0.2960691385558963,0.9801433274529305,250,bert-base-uncased
SentenceTransformer,0.5,7,0.022587782587782587,0.3272930025090605,0.04225909794463842,0.3272930025090605,0.9823896436503609,250,bert-base-uncased
SentenceTransformer,0.5,8,0.01640643576127447,0.28854195706718705,0.031047516198704102,0.28854195706718705,0.9784901357946673,250,bert-base-uncased
SentenceTransformer,0.5,9,0.01656324582338902,0.290214664064678,0.03133795926968406,0.290214664064678,0.9785736793446026,250,bert-base-uncased
SentenceTransformer,0.5,10,0.017517704062616473,0.31446891552829664,0.03318671942805867,0.31446891552829664,0.9780692981613832,250,bert-base-uncased
SentenceTransformer,0.55,1,0.01694216919096198,0.2865904655701143,0.03199302875637993,0.2865904655701143,0.9793224514104127,250,bert-base-uncased
SentenceTransformer,0.55,2,0.021690676814351727,0.33370504599944245,0.0407336827060505,0.33370504599944245,0.9812848581995568,250,bert-base-uncased
SentenceTransformer,0.55,3,0.018752473941153185,0.31697797602453304,0.035410081128637944,0.31697797602453304,0.9793758360854751,250,bert-base-uncased
SentenceTransformer,0.55,4,0.016408568748366062,0.29746306105380543,0.031101524470224736,0.29746306105380543,0.9778280271624,250,bert-base-uncased
SentenceTransformer,0.55,5,0.02234648398811489,0.30192361304711457,0.04161303337111679,0.30192361304711457,0.983575199421227,250,bert-base-uncased
SentenceTransformer,0.55,6,0.01820269783864388,0.2960691385558963,0.03429678669465525,0.2960691385558963,0.9801433274529305,250,bert-base-uncased
SentenceTransformer,0.55,7,0.022587782587782587,0.3272930025090605,0.04225909794463842,0.3272930025090605,0.9823896436503609,250,bert-base-uncased
SentenceTransformer,0.55,8,0.01640643576127447,0.28854195706718705,0.031047516198704102,0.28854195706718705,0.9784901357946673,250,bert-base-uncased
SentenceTransformer,0.55,9,0.01656324582338902,0.290214664064678,0.03133795926968406,0.290214664064678,0.9785736793446026,250,bert-base-uncased
SentenceTransformer,0.55,10,0.017517704062616473,0.31446891552829664,0.03318671942805867,0.31446891552829664,0.9780692981613832,250,bert-base-uncased
SentenceTransformer,0.6,1,0.01694216919096198,0.2865904655701143,0.03199302875637993,0.2865904655701143,0.9793224514104127,250,bert-base-uncased
SentenceTransformer,0.6,2,0.021712158808933003,0.33175355450236965,0.040756914119359534,0.33175355450236965,0.9814131200812002,250,bert-base-uncased
SentenceTransformer,0.6,3,0.01875309252845126,0.31697797602453304,0.035411183954404596,0.31697797602453304,0.9793765293929434,250,bert-base-uncased
SentenceTransformer,0.6,4,0.016409073433294886,0.29746306105380543,0.031102431061621874,0.29746306105380543,0.9778287204698684,250,bert-base-uncased
SentenceTransformer,0.6,5,0.02234648398811489,0.30192361304711457,0.04161303337111679,0.30192361304711457,0.983575199421227,250,bert-base-uncased
SentenceTransformer,0.6,6,0.018039336728569715,0.29328129356007804,0.03398811062289998,0.29328129356007804,0.9801488739126772,250,bert-base-uncased
SentenceTransformer,0.6,7,0.022587782587782587,0.3272930025090605,0.04225909794463842,0.3272930025090605,0.9823896436503609,250,bert-base-uncased
SentenceTransformer,0.6,8,0.016407476102154372,0.28854195706718705,0.03104937901241975,0.28854195706718705,0.978491522409604,250,bert-base-uncased
SentenceTransformer,0.6,9,0.0170707649229986,0.2991357680512963,0.03229836100115889,0.2991357680512963,0.978582692341691,250,bert-base-uncased
SentenceTransformer,0.6,10,0.0175272014071572,0.313911346529133,0.033200648680524844,0.313911346529133,0.9781202562603064,250,bert-base-uncased
SentenceTransformer,0.65,1,0.01659513122112644,0.28240869807638697,0.03134815640037754,0.28240869807638697,0.9791907229914276,250,bert-base-uncased
SentenceTransformer,0.65,2,0.02232192933258553,0.33286869250069695,0.04183821854687527,0.33286869250069695,0.9818713963177748,250,bert-base-uncased
SentenceTransformer,0.65,3,0.018787628865979383,0.3175355450236967,0.03547623497165639,0.3175355450236967,0.9793789559690826,250,bert-base-uncased
SentenceTransformer,0.65,4,0.016550253430584746,0.2985781990521327,0.031362099005841956,0.2985781990521327,0.9779386097036007,250,bert-base-uncased
SentenceTransformer,0.65,5,0.022362503610182778,0.3022023975466964,0.041643456714239066,0.3022023975466964,0.9835720795376194,250,bert-base-uncased
SentenceTransformer,0.65,6,0.01844148641153633,0.29662670755505993,0.03472414862196694,0.29662670755505993,0.9803683057264077,250,bert-base-uncased
SentenceTransformer,0.65,7,0.02256477281463827,0.3272930025090605,0.04221882585633372,0.3272930025090605,0.9823712710024498,250,bert-base-uncased
SentenceTransformer,0.65,8,0.01632019267334263,0.28714803456927795,0.030885020764929008,0.28714803456927795,0.9784790428751738,250,bert-base-uncased
SentenceTransformer,0.65,9,0.0170389461626575,0.2985781990521327,0.03223815902352392,0.2985781990521327,0.9785819990342227,250,bert-base-uncased
SentenceTransformer,0.65,10,0.01742339312406577,0.3119598550320602,0.03300349500818451,0.3119598550320602,0.9781244161051165,250,bert-base-uncased
SentenceTransformer,0.7,1,0.016667466449125836,0.29049344856425985,0.03152608011618056,0.29049344856425985,0.9786894616918158,250,bert-base-uncased
SentenceTransformer,0.7,2,0.02134810364250845,0.31697797602453304,0.04000211092933664,0.31697797602453304,0.9819313674137864,250,bert-base-uncased
SentenceTransformer,0.7,3,0.018817737245572296,0.3175355450236967,0.035529907198003585,0.3175355450236967,0.9794125813812973,250,bert-base-uncased
SentenceTransformer,0.7,4,0.015116884619835668,0.2913298020630053,0.028742350271608333,0.2913298020630053,0.9763987738164115,250,bert-base-uncased
SentenceTransformer,0.7,5,0.022934875468226326,0.29188737106216894,0.042528128681099966,0.29188737106216894,0.9845378568410208,250,bert-base-uncased
SentenceTransformer,0.7,6,0.017978620019436346,0.2888207415667689,0.03385012497753672,0.2888207415667689,0.9803835584907112,250,bert-base-uncased
SentenceTransformer,0.7,7,0.0228054578485563,0.32896570950655146,0.04265394277865134,0.32896570950655146,0.9824724938928279,250,bert-base-uncased
SentenceTransformer,0.7,8,0.016533107016369897,0.28240869807638697,0.031237472632520275,0.28240869807638697,0.9791113392863023,250,bert-base-uncased
SentenceTransformer,0.7,9,0.01768355234233794,0.30275996654586007,0.03341538461538462,0.30275996654586007,0.9790874201786446,250,bert-base-uncased
SentenceTransformer,0.7,10,0.019428671267581025,0.31000836353498745,0.03656571635263556,0.31000836353498745,0.9805447524771009,250,bert-base-uncased
SentenceTransformer,0.75,1,0.017318857217830552,0.29439643155840534,0.03271324793606047,0.29439643155840534,0.9792292015559206,250,bert-base-uncased
SentenceTransformer,0.75,2,0.0219036787198996,0.31140228603289655,0.04092849421981203,0.31140228603289655,0.9827092583932668,250,bert-base-uncased
SentenceTransformer,0.75,3,0.020032615544271895,0.3013660440479509,0.03756798554275487,0.3013660440479509,0.9816686038832845,250,bert-base-uncased
SentenceTransformer,0.75,4,0.015004152935187419,0.31223863953164205,0.028632418544603938,0.31223863953164205,0.9745119375413168,250,bert-base-uncased
SentenceTransformer,0.75,5,0.025047612159784,0.28965709506551435,0.04610810331055294,0.28965709506551435,0.985980629682642,250,bert-base-uncased
SentenceTransformer,0.75,6,0.020833333333333332,0.2935600780596599,0.038905617852986275,0.2935600780596599,0.9828437600421254,250,bert-base-uncased
SentenceTransformer,0.75,7,0.021248417567435972,0.30415388904376917,0.0397218379086871,0.30415388904376917,0.9825792632429526,250,bert-base-uncased
SentenceTransformer,0.75,8,0.018249414321121787,0.29969333705046,0.034403853231561934,0.29969333705046,0.9799526678991363,250,bert-base-uncased
SentenceTransformer,0.75,9,0.01991864728307462,0.30443267354335096,0.03739085772984078,0.30443267354335096,0.9813739482092388,250,bert-base-uncased
SentenceTransformer,0.75,10,0.018750218432181175,0.2991357680512963,0.03528850739151168,0.2991357680512963,0.9805343528650757,250,bert-base-uncased
SentenceTransformer,0.8,1,0.02363548320151267,0.2857541120713688,0.04365975209779784,0.2857541120713688,0.9853219875877164,250,bert-base-uncased
SentenceTransformer,0.8,2,0.024354961107949154,0.28631168107053245,0.04489126871380177,0.28631168107053245,0.9857383187224562,250,bert-base-uncased
SentenceTransformer,0.8,3,0.02360840886442367,0.2773905770839141,0.04351343668685632,0.2773905770839141,0.9857348521851145,250,bert-base-uncased
SentenceTransformer,0.8,4,0.022882575076425105,0.28380262057429606,0.04235049401976079,0.28380262057429606,0.9849309621755711,250,bert-base-uncased
SentenceTransformer,0.8,5,0.02800415686703495,0.285475327571787,0.051004906233656264,0.285475327571787,0.9876792329800816,250,bert-base-uncased
SentenceTransformer,0.8,6,0.024902106313822843,0.27125731809311404,0.045616502578527895,0.27125731809311404,0.9867924927280713,250,bert-base-uncased
SentenceTransformer,0.8,7,0.02222574293280221,0.27376637858935043,0.04111366966715512,0.27376637858935043,0.9850242120300632,250,bert-base-uncased
SentenceTransformer,0.8,8,0.024211980409393444,0.2687482575968776,0.04442191604073545,0.2687482575968776,0.9865321557737086,250,bert-base-uncased
SentenceTransformer,0.8,9,0.023981691135295694,0.2746027320880959,0.04411106135244066,0.2746027320880959,0.9861033451045387,250,bert-base-uncased
SentenceTransformer,0.8,10,0.02785675310875621,0.27042096459436854,0.05051031035201,0.27042096459436854,0.9882654244445654,250,bert-base-uncased
SentenceTransformer,0.85,1,0.03944667122885913,0.22497909116253137,0.06712414223331253,0.22497909116253137,0.9931879074697987,250,bert-base-uncased
SentenceTransformer,0.85,2,0.03697061663677749,0.2241427376637859,0.0634720138943712,0.2241427376637859,0.9927400308452493,250,bert-base-uncased
SentenceTransformer,0.85,3,0.03125243550775466,0.22358516866462225,0.05483948169168177,0.22358516866462225,0.9913821881685001,250,bert-base-uncased
SentenceTransformer,0.85,4,0.02890563891061651,0.22665179816002232,0.05127234887900861,0.22665179816002232,0.9905318465585777,250,bert-base-uncased
SentenceTransformer,0.85,5,0.05295369877594465,0.2219124616671313,0.08550405499758311,0.2219124616671313,0.9950650374403366,250,bert-base-uncased
SentenceTransformer,0.85,6,0.04250124840481607,0.21354892667967662,0.07089310504396112,0.21354892667967662,0.9940177965094049,250,bert-base-uncased
SentenceTransformer,0.85,7,0.04428064428064428,0.22609422916085867,0.07405716372933979,0.22609422916085867,0.9939321730370646,250,bert-base-uncased
SentenceTransformer,0.85,8,0.04556233062330623,0.22497909116253137,0.07577820554955632,0.22497909116253137,0.9941398186238332,250,bert-base-uncased
SentenceTransformer,0.85,9,0.04090682610861983,0.22888207415667688,0.06940863169463583,0.22888207415667688,0.9933272622709356,250,bert-base-uncased
SentenceTransformer,0.85,10,0.05235069885641677,0.22971842765542236,0.08526931236094583,0.22971842765542236,0.9948293129011,250,bert-base-uncased
SentenceTransformer,0.9,1,0.0884238310708899,0.1307499303038751,0.1054999437633562,0.1307499303038751,0.9983239291952815,250,bert-base-uncased
SentenceTransformer,0.9,2,0.08887093516461321,0.12266517981600224,0.10306863434059499,0.12266517981600224,0.998436245005153,250,bert-base-uncased
SentenceTransformer,0.9,3,0.09379509379509379,0.1268469473097296,0.10784546100971794,0.1268469473097296,0.9984761101845827,250,bert-base-uncased
SentenceTransformer,0.9,4,0.05740971357409714,0.1285196543072205,0.07936644572609107,0.1285196543072205,0.997376177886057,250,bert-base-uncased
SentenceTransformer,0.9,5,0.10284561953842707,0.12796208530805686,0.11403726708074534,0.12796208530805686,0.9986119984483779,250,bert-base-uncased
SentenceTransformer,0.9,6,0.08639941424125938,0.13158628380262058,0.10430939226519337,0.13158628380262058,0.9982698512127508,250,bert-base-uncased
SentenceTransformer,0.9,7,0.09442595673876872,0.12656816281014777,0.10815961882072662,0.12656816281014777,0.9984906696414179,250,bert-base-uncased
SentenceTransformer,0.9,8,0.10772501771793054,0.12712573180931142,0.11662404092071611,0.12712573180931142,0.9986906888460347,250,bert-base-uncased
SentenceTransformer,0.9,9,0.06260364842454395,0.12628937831056594,0.08371061628014413,0.12628937831056594,0.9976486477211157,250,bert-base-uncased
SentenceTransformer,0.9,10,0.07805038695866952,0.13214385280178423,0.09813664596273292,0.13214385280178423,0.9980590857423746,250,bert-base-uncased
SentenceTransformer,0.95,1,0.47058823529411764,0.017842207973236688,0.034380875637926404,0.017842207973236688,0.9999750409311396,250,bert-base-uncased
SentenceTransformer,0.95,2,0.37209302325581395,0.017842207973236688,0.034051609470603886,0.017842207973236688,0.9999625613967095,250,bert-base-uncased
SentenceTransformer,0.95,3,0.3764705882352941,0.017842207973236688,0.03406973649188182,0.017842207973236688,0.9999632547041778,250,bert-base-uncased
SentenceTransformer,0.95,4,0.37209302325581395,0.017842207973236688,0.034051609470603886,0.017842207973236688,0.9999625613967095,250,bert-base-uncased
SentenceTransformer,0.95,5,0.47058823529411764,0.017842207973236688,0.034380875637926404,0.017842207973236688,0.9999750409311396,250,bert-base-uncased
SentenceTransformer,0.95,6,0.37209302325581395,0.017842207973236688,0.034051609470603886,0.017842207973236688,0.9999625613967095,250,bert-base-uncased
SentenceTransformer,0.95,7,0.2727272727272727,0.017563423473654863,0.03300157150340492,0.017563423473654863,0.9999417621726592,250,bert-base-uncased
SentenceTransformer,0.95,8,0.37209302325581395,0.017842207973236688,0.034051609470603886,0.017842207973236688,0.9999625613967095,250,bert-base-uncased
SentenceTransformer,0.95,9,0.37209302325581395,0.017842207973236688,0.034051609470603886,0.017842207973236688,0.9999625613967095,250,bert-base-uncased
SentenceTransformer,0.95,10,0.37209302325581395,0.017842207973236688,0.034051609470603886,0.017842207973236688,0.9999625613967095,250,bert-base-uncased
SentenceTransformer,0.1,1,0.03968069441215221,0.285475327571787,0.06967645357738236,0.285475327571787,0.9914092271597654,500,bert-base-uncased
SentenceTransformer,0.1,2,0.04626411815812337,0.2969054920546418,0.0800541210959522,0.2969054920546418,0.9923892172662678,500,bert-base-uncased
SentenceTransformer,0.1,3,0.043386527543348166,0.3153052690270421,0.07627718765806778,0.3153052690270421,0.9913554958309688,500,bert-base-uncased
SentenceTransformer,0.1,4,0.03644542041510236,0.2868692500696961,0.06467427170736306,0.2868692500696961,0.9905692851618683,500,bert-base-uncased
SentenceTransformer,0.1,5,0.038609895408352496,0.290214664064678,0.06815280369242856,0.290214664064678,0.9910143885565442,500,bert-base-uncased
SentenceTransformer,0.1,6,0.03241556194184358,0.2924449400613326,0.05836207855791699,0.2924449400613326,0.9891455782756264,500,bert-base-uncased
SentenceTransformer,0.1,7,0.043231036012420856,0.29885698355171453,0.07553551296505073,0.29885698355171453,0.9917756401567845,500,bert-base-uncased
SentenceTransformer,0.1,8,0.04361964045152599,0.261778645107332,0.07477900772477503,0.261778645107332,0.9928630929208802,500,bert-base-uncased
SentenceTransformer,0.1,9,0.047438247359692765,0.30303875104544187,0.08203464020225652,0.30303875104544187,0.9924335889442418,500,bert-base-uncased
SentenceTransformer,0.1,10,0.03205069615818176,0.29328129356007804,0.05778632243889042,0.29328129356007804,0.9889864642116418,500,bert-base-uncased
SentenceTransformer,0.15,1,0.03968069441215221,0.285475327571787,0.06967645357738236,0.285475327571787,0.9914092271597654,500,bert-base-uncased
SentenceTransformer,0.15,2,0.04626411815812337,0.2969054920546418,0.0800541210959522,0.2969054920546418,0.9923892172662678,500,bert-base-uncased
SentenceTransformer,0.15,3,0.043386527543348166,0.3153052690270421,0.07627718765806778,0.3153052690270421,0.9913554958309688,500,bert-base-uncased
SentenceTransformer,0.15,4,0.03644542041510236,0.2868692500696961,0.06467427170736306,0.2868692500696961,0.9905692851618683,500,bert-base-uncased
SentenceTransformer,0.15,5,0.038609895408352496,0.290214664064678,0.06815280369242856,0.290214664064678,0.9910143885565442,500,bert-base-uncased
SentenceTransformer,0.15,6,0.03241556194184358,0.2924449400613326,0.05836207855791699,0.2924449400613326,0.9891455782756264,500,bert-base-uncased
SentenceTransformer,0.15,7,0.043231036012420856,0.29885698355171453,0.07553551296505073,0.29885698355171453,0.9917756401567845,500,bert-base-uncased
SentenceTransformer,0.15,8,0.04361964045152599,0.261778645107332,0.07477900772477503,0.261778645107332,0.9928630929208802,500,bert-base-uncased
SentenceTransformer,0.15,9,0.047438247359692765,0.30303875104544187,0.08203464020225652,0.30303875104544187,0.9924335889442418,500,bert-base-uncased
SentenceTransformer,0.15,10,0.03205069615818176,0.29328129356007804,0.05778632243889042,0.29328129356007804,0.9889864642116418,500,bert-base-uncased
SentenceTransformer,0.2,1,0.03968069441215221,0.285475327571787,0.06967645357738236,0.285475327571787,0.9914092271597654,500,bert-base-uncased
SentenceTransformer,0.2,2,0.04626411815812337,0.2969054920546418,0.0800541210959522,0.2969054920546418,0.9923892172662678,500,bert-base-uncased
SentenceTransformer,0.2,3,0.043386527543348166,0.3153052690270421,0.07627718765806778,0.3153052690270421,0.9913554958309688,500,bert-base-uncased
SentenceTransformer,0.2,4,0.03644542041510236,0.2868692500696961,0.06467427170736306,0.2868692500696961,0.9905692851618683,500,bert-base-uncased
SentenceTransformer,0.2,5,0.038609895408352496,0.290214664064678,0.06815280369242856,0.290214664064678,0.9910143885565442,500,bert-base-uncased
SentenceTransformer,0.2,6,0.03241556194184358,0.2924449400613326,0.05836207855791699,0.2924449400613326,0.9891455782756264,500,bert-base-uncased
SentenceTransformer,0.2,7,0.043231036012420856,0.29885698355171453,0.07553551296505073,0.29885698355171453,0.9917756401567845,500,bert-base-uncased
SentenceTransformer,0.2,8,0.04361964045152599,0.261778645107332,0.07477900772477503,0.261778645107332,0.9928630929208802,500,bert-base-uncased
SentenceTransformer,0.2,9,0.047438247359692765,0.30303875104544187,0.08203464020225652,0.30303875104544187,0.9924335889442418,500,bert-base-uncased
SentenceTransformer,0.2,10,0.03205069615818176,0.29328129356007804,0.05778632243889042,0.29328129356007804,0.9889864642116418,500,bert-base-uncased
SentenceTransformer,0.25,1,0.03968069441215221,0.285475327571787,0.06967645357738236,0.285475327571787,0.9914092271597654,500,bert-base-uncased
SentenceTransformer,0.25,2,0.04626411815812337,0.2969054920546418,0.0800541210959522,0.2969054920546418,0.9923892172662678,500,bert-base-uncased
SentenceTransformer,0.25,3,0.043386527543348166,0.3153052690270421,0.07627718765806778,0.3153052690270421,0.9913554958309688,500,bert-base-uncased
SentenceTransformer,0.25,4,0.03644542041510236,0.2868692500696961,0.06467427170736306,0.2868692500696961,0.9905692851618683,500,bert-base-uncased
SentenceTransformer,0.25,5,0.038609895408352496,0.290214664064678,0.06815280369242856,0.290214664064678,0.9910143885565442,500,bert-base-uncased
SentenceTransformer,0.25,6,0.03241556194184358,0.2924449400613326,0.05836207855791699,0.2924449400613326,0.9891455782756264,500,bert-base-uncased
SentenceTransformer,0.25,7,0.043231036012420856,0.29885698355171453,0.07553551296505073,0.29885698355171453,0.9917756401567845,500,bert-base-uncased
SentenceTransformer,0.25,8,0.04361964045152599,0.261778645107332,0.07477900772477503,0.261778645107332,0.9928630929208802,500,bert-base-uncased
SentenceTransformer,0.25,9,0.047438247359692765,0.30303875104544187,0.08203464020225652,0.30303875104544187,0.9924335889442418,500,bert-base-uncased
SentenceTransformer,0.25,10,0.03205069615818176,0.29328129356007804,0.05778632243889042,0.29328129356007804,0.9889864642116418,500,bert-base-uncased
SentenceTransformer,0.3,1,0.03968069441215221,0.285475327571787,0.06967645357738236,0.285475327571787,0.9914092271597654,500,bert-base-uncased
SentenceTransformer,0.3,2,0.04626411815812337,0.2969054920546418,0.0800541210959522,0.2969054920546418,0.9923892172662678,500,bert-base-uncased
SentenceTransformer,0.3,3,0.043386527543348166,0.3153052690270421,0.07627718765806778,0.3153052690270421,0.9913554958309688,500,bert-base-uncased
SentenceTransformer,0.3,4,0.03644542041510236,0.2868692500696961,0.06467427170736306,0.2868692500696961,0.9905692851618683,500,bert-base-uncased
SentenceTransformer,0.3,5,0.038609895408352496,0.290214664064678,0.06815280369242856,0.290214664064678,0.9910143885565442,500,bert-base-uncased
SentenceTransformer,0.3,6,0.03241556194184358,0.2924449400613326,0.05836207855791699,0.2924449400613326,0.9891455782756264,500,bert-base-uncased
SentenceTransformer,0.3,7,0.043231036012420856,0.29885698355171453,0.07553551296505073,0.29885698355171453,0.9917756401567845,500,bert-base-uncased
SentenceTransformer,0.3,8,0.04361964045152599,0.261778645107332,0.07477900772477503,0.261778645107332,0.9928630929208802,500,bert-base-uncased
SentenceTransformer,0.3,9,0.047438247359692765,0.30303875104544187,0.08203464020225652,0.30303875104544187,0.9924335889442418,500,bert-base-uncased
SentenceTransformer,0.3,10,0.03205069615818176,0.29328129356007804,0.05778632243889042,0.29328129356007804,0.9889864642116418,500,bert-base-uncased
SentenceTransformer,0.35,1,0.03968069441215221,0.285475327571787,0.06967645357738236,0.285475327571787,0.9914092271597654,500,bert-base-uncased
SentenceTransformer,0.35,2,0.04626411815812337,0.2969054920546418,0.0800541210959522,0.2969054920546418,0.9923892172662678,500,bert-base-uncased
SentenceTransformer,0.35,3,0.043386527543348166,0.3153052690270421,0.07627718765806778,0.3153052690270421,0.9913554958309688,500,bert-base-uncased
SentenceTransformer,0.35,4,0.03644542041510236,0.2868692500696961,0.06467427170736306,0.2868692500696961,0.9905692851618683,500,bert-base-uncased
SentenceTransformer,0.35,5,0.038609895408352496,0.290214664064678,0.06815280369242856,0.290214664064678,0.9910143885565442,500,bert-base-uncased
SentenceTransformer,0.35,6,0.03241556194184358,0.2924449400613326,0.05836207855791699,0.2924449400613326,0.9891455782756264,500,bert-base-uncased
SentenceTransformer,0.35,7,0.043231036012420856,0.29885698355171453,0.07553551296505073,0.29885698355171453,0.9917756401567845,500,bert-base-uncased
SentenceTransformer,0.35,8,0.04361964045152599,0.261778645107332,0.07477900772477503,0.261778645107332,0.9928630929208802,500,bert-base-uncased
SentenceTransformer,0.35,9,0.047438247359692765,0.30303875104544187,0.08203464020225652,0.30303875104544187,0.9924335889442418,500,bert-base-uncased
SentenceTransformer,0.35,10,0.03205069615818176,0.29328129356007804,0.05778632243889042,0.29328129356007804,0.9889864642116418,500,bert-base-uncased
SentenceTransformer,0.4,1,0.03968069441215221,0.285475327571787,0.06967645357738236,0.285475327571787,0.9914092271597654,500,bert-base-uncased
SentenceTransformer,0.4,2,0.04626411815812337,0.2969054920546418,0.0800541210959522,0.2969054920546418,0.9923892172662678,500,bert-base-uncased
SentenceTransformer,0.4,3,0.043386527543348166,0.3153052690270421,0.07627718765806778,0.3153052690270421,0.9913554958309688,500,bert-base-uncased
SentenceTransformer,0.4,4,0.03644542041510236,0.2868692500696961,0.06467427170736306,0.2868692500696961,0.9905692851618683,500,bert-base-uncased
SentenceTransformer,0.4,5,0.038609895408352496,0.290214664064678,0.06815280369242856,0.290214664064678,0.9910143885565442,500,bert-base-uncased
SentenceTransformer,0.4,6,0.03241556194184358,0.2924449400613326,0.05836207855791699,0.2924449400613326,0.9891455782756264,500,bert-base-uncased
SentenceTransformer,0.4,7,0.043231036012420856,0.29885698355171453,0.07553551296505073,0.29885698355171453,0.9917756401567845,500,bert-base-uncased
SentenceTransformer,0.4,8,0.04361964045152599,0.261778645107332,0.07477900772477503,0.261778645107332,0.9928630929208802,500,bert-base-uncased
SentenceTransformer,0.4,9,0.047438247359692765,0.30303875104544187,0.08203464020225652,0.30303875104544187,0.9924335889442418,500,bert-base-uncased
SentenceTransformer,0.4,10,0.03205069615818176,0.29328129356007804,0.05778632243889042,0.29328129356007804,0.9889864642116418,500,bert-base-uncased
SentenceTransformer,0.45,1,0.03968069441215221,0.285475327571787,0.06967645357738236,0.285475327571787,0.9914092271597654,500,bert-base-uncased
SentenceTransformer,0.45,2,0.04626411815812337,0.2969054920546418,0.0800541210959522,0.2969054920546418,0.9923892172662678,500,bert-base-uncased
SentenceTransformer,0.45,3,0.043386527543348166,0.3153052690270421,0.07627718765806778,0.3153052690270421,0.9913554958309688,500,bert-base-uncased
SentenceTransformer,0.45,4,0.03644542041510236,0.2868692500696961,0.06467427170736306,0.2868692500696961,0.9905692851618683,500,bert-base-uncased
SentenceTransformer,0.45,5,0.038609895408352496,0.290214664064678,0.06815280369242856,0.290214664064678,0.9910143885565442,500,bert-base-uncased
SentenceTransformer,0.45,6,0.03241556194184358,0.2924449400613326,0.05836207855791699,0.2924449400613326,0.9891455782756264,500,bert-base-uncased
SentenceTransformer,0.45,7,0.043231036012420856,0.29885698355171453,0.07553551296505073,0.29885698355171453,0.9917756401567845,500,bert-base-uncased
SentenceTransformer,0.45,8,0.04361964045152599,0.261778645107332,0.07477900772477503,0.261778645107332,0.9928630929208802,500,bert-base-uncased
SentenceTransformer,0.45,9,0.047438247359692765,0.30303875104544187,0.08203464020225652,0.30303875104544187,0.9924335889442418,500,bert-base-uncased
SentenceTransformer,0.45,10,0.03205069615818176,0.29328129356007804,0.05778632243889042,0.29328129356007804,0.9889864642116418,500,bert-base-uncased
SentenceTransformer,0.5,1,0.03968069441215221,0.285475327571787,0.06967645357738236,0.285475327571787,0.9914092271597654,500,bert-base-uncased
SentenceTransformer,0.5,2,0.04626411815812337,0.2969054920546418,0.0800541210959522,0.2969054920546418,0.9923892172662678,500,bert-base-uncased
SentenceTransformer,0.5,3,0.043386527543348166,0.3153052690270421,0.07627718765806778,0.3153052690270421,0.9913554958309688,500,bert-base-uncased
SentenceTransformer,0.5,4,0.03644542041510236,0.2868692500696961,0.06467427170736306,0.2868692500696961,0.9905692851618683,500,bert-base-uncased
SentenceTransformer,0.5,5,0.038609895408352496,0.290214664064678,0.06815280369242856,0.290214664064678,0.9910143885565442,500,bert-base-uncased
SentenceTransformer,0.5,6,0.03241556194184358,0.2924449400613326,0.05836207855791699,0.2924449400613326,0.9891455782756264,500,bert-base-uncased
SentenceTransformer,0.5,7,0.043231036012420856,0.29885698355171453,0.07553551296505073,0.29885698355171453,0.9917756401567845,500,bert-base-uncased
SentenceTransformer,0.5,8,0.04361964045152599,0.261778645107332,0.07477900772477503,0.261778645107332,0.9928630929208802,500,bert-base-uncased
SentenceTransformer,0.5,9,0.047438247359692765,0.30303875104544187,0.08203464020225652,0.30303875104544187,0.9924335889442418,500,bert-base-uncased
SentenceTransformer,0.5,10,0.03205069615818176,0.29328129356007804,0.05778632243889042,0.29328129356007804,0.9889864642116418,500,bert-base-uncased
SentenceTransformer,0.55,1,0.03968069441215221,0.285475327571787,0.06967645357738236,0.285475327571787,0.9914092271597654,500,bert-base-uncased
SentenceTransformer,0.55,2,0.04626411815812337,0.2969054920546418,0.0800541210959522,0.2969054920546418,0.9923892172662678,500,bert-base-uncased
SentenceTransformer,0.55,3,0.043386527543348166,0.3153052690270421,0.07627718765806778,0.3153052690270421,0.9913554958309688,500,bert-base-uncased
SentenceTransformer,0.55,4,0.03644542041510236,0.2868692500696961,0.06467427170736306,0.2868692500696961,0.9905692851618683,500,bert-base-uncased
SentenceTransformer,0.55,5,0.038609895408352496,0.290214664064678,0.06815280369242856,0.290214664064678,0.9910143885565442,500,bert-base-uncased
SentenceTransformer,0.55,6,0.03241556194184358,0.2924449400613326,0.05836207855791699,0.2924449400613326,0.9891455782756264,500,bert-base-uncased
SentenceTransformer,0.55,7,0.043231036012420856,0.29885698355171453,0.07553551296505073,0.29885698355171453,0.9917756401567845,500,bert-base-uncased
SentenceTransformer,0.55,8,0.04361964045152599,0.261778645107332,0.07477900772477503,0.261778645107332,0.9928630929208802,500,bert-base-uncased
SentenceTransformer,0.55,9,0.047438247359692765,0.30303875104544187,0.08203464020225652,0.30303875104544187,0.9924335889442418,500,bert-base-uncased
SentenceTransformer,0.55,10,0.03205069615818176,0.29328129356007804,0.05778632243889042,0.29328129356007804,0.9889864642116418,500,bert-base-uncased
SentenceTransformer,0.6,1,0.03968069441215221,0.285475327571787,0.06967645357738236,0.285475327571787,0.9914092271597654,500,bert-base-uncased
SentenceTransformer,0.6,2,0.04626411815812337,0.2969054920546418,0.0800541210959522,0.2969054920546418,0.9923892172662678,500,bert-base-uncased
SentenceTransformer,0.6,3,0.043386527543348166,0.3153052690270421,0.07627718765806778,0.3153052690270421,0.9913554958309688,500,bert-base-uncased
SentenceTransformer,0.6,4,0.036413871276256594,0.2865904655701143,0.06461751210006915,0.2865904655701143,0.9905699784693366,500,bert-base-uncased
SentenceTransformer,0.6,5,0.038609895408352496,0.290214664064678,0.06815280369242856,0.290214664064678,0.9910143885565442,500,bert-base-uncased
SentenceTransformer,0.6,6,0.03241556194184358,0.2924449400613326,0.05836207855791699,0.2924449400613326,0.9891455782756264,500,bert-base-uncased
SentenceTransformer,0.6,7,0.043231036012420856,0.29885698355171453,0.07553551296505073,0.29885698355171453,0.9917756401567845,500,bert-base-uncased
SentenceTransformer,0.6,8,0.04361964045152599,0.261778645107332,0.07477900772477503,0.261778645107332,0.9928630929208802,500,bert-base-uncased
SentenceTransformer,0.6,9,0.047438247359692765,0.30303875104544187,0.08203464020225652,0.30303875104544187,0.9924335889442418,500,bert-base-uncased
SentenceTransformer,0.6,10,0.031991712623015756,0.2927237245609144,0.05767963085036256,0.2927237245609144,0.9889864642116418,500,bert-base-uncased
SentenceTransformer,0.65,1,0.039903827509985654,0.2868692500696961,0.07006195955606999,0.2868692500696961,0.9914175468493855,500,bert-base-uncased
SentenceTransformer,0.65,2,0.04807650510758531,0.3083356565374965,0.08318291215403129,0.3083356565374965,0.9924086298753815,500,bert-base-uncased
SentenceTransformer,0.65,3,0.04322425445797854,0.31558405352662394,0.07603439011284256,0.31558405352662394,0.9913138973828683,500,bert-base-uncased
SentenceTransformer,0.65,4,0.03631028143119785,0.28631168107053245,0.06444730319098867,0.28631168107053245,0.9905512591676913,500,bert-base-uncased
SentenceTransformer,0.65,5,0.0387444279346211,0.29077223306384165,0.06837774936899728,0.29077223306384165,0.9910296413208478,500,bert-base-uncased
SentenceTransformer,0.65,6,0.03164654192398685,0.28714803456927795,0.05701001826534566,0.28714803456927795,0.9890745142601214,500,bert-base-uncased
SentenceTransformer,0.65,7,0.04331663164700178,0.29885698355171453,0.075666137286042,0.29885698355171453,0.9917926261897589,500,bert-base-uncased
SentenceTransformer,0.65,8,0.04374331053096933,0.26205742960691386,0.07497208486201946,0.26205742960691386,0.9928766124165128,500,bert-base-uncased
SentenceTransformer,0.65,9,0.047411158648389067,0.30275996654586007,0.0819839202808289,0.30275996654586007,0.992436015520381,500,bert-base-uncased
SentenceTransformer,0.65,10,0.03204756822686385,0.29300250906049624,0.05777582320927931,0.29300250906049624,0.9889958238624644,500,bert-base-uncased
SentenceTransformer,0.7,1,0.04022202243677442,0.2868692500696961,0.07055193692149468,0.2868692500696961,0.9914882642111565,500,bert-base-uncased
SentenceTransformer,0.7,2,0.0477982350042557,0.29746306105380543,0.08236202238517946,0.29746306105380543,0.9926315282264536,500,bert-base-uncased
SentenceTransformer,0.7,3,0.04355050622150089,0.3141901310287148,0.076497539453589,0.3141901310287148,0.9914199734255248,500,bert-base-uncased
SentenceTransformer,0.7,4,0.0361721939689134,0.28157234457764146,0.06410866736487987,0.28157234457764146,0.9906708547059805,500,bert-base-uncased
SentenceTransformer,0.7,5,0.03830324909747292,0.2957903540563145,0.06782369674305622,0.2957903540563145,0.9907654911754092,500,bert-base-uncased
SentenceTransformer,0.7,6,0.03219346888478127,0.2913298020630053,0.05797985962770827,0.2913298020630053,0.9891098729410068,500,bert-base-uncased
SentenceTransformer,0.7,7,0.04385573451255629,0.3013660440479509,0.07656891911035557,0.3013660440479509,0.9918300647930495,500,bert-base-uncased
SentenceTransformer,0.7,8,0.04529583844484288,0.2676331195985503,0.07747871353052742,0.2676331195985503,0.9929858083427767,500,bert-base-uncased
SentenceTransformer,0.7,9,0.04734765453748356,0.3010872595483691,0.08182748039549949,0.3010872595483691,0.9924672143564565,500,bert-base-uncased
SentenceTransformer,0.7,10,0.03316471704078407,0.2924449400613326,0.05957350143396655,0.2924449400613326,0.9893989821553058,500,bert-base-uncased
SentenceTransformer,0.75,1,0.048087236324633534,0.2999721215500418,0.08288718561029157,0.2999721215500418,0.9926162754621501,500,bert-base-uncased
SentenceTransformer,0.75,2,0.050059368321063884,0.2938388625592417,0.08554500446392338,0.2938388625592417,0.9930665786628387,500,bert-base-uncased
SentenceTransformer,0.75,3,0.045768159417184484,0.29774184555338723,0.07934031646980165,0.29774184555338723,0.9922810613012064,500,bert-base-uncased
SentenceTransformer,0.75,4,0.037407931497405754,0.28742681906885975,0.06620007705149608,0.28742681906885975,0.9908032764324339,500,bert-base-uncased
SentenceTransformer,0.75,5,0.040223124501954234,0.29551156955673263,0.07080828323313293,0.29551156955673263,0.9912320871016038,500,bert-base-uncased
SentenceTransformer,0.75,6,0.034284406968003396,0.2924449400613326,0.061373742101567985,0.2924449400613326,0.9897570754627047,500,bert-base-uncased
SentenceTransformer,0.75,7,0.04461584352494993,0.29188737106216894,0.07740075404746063,0.29188737106216894,0.9922280232798781,500,bert-base-uncased
SentenceTransformer,0.75,8,0.0483535012894267,0.2718148870922777,0.08210180623973727,0.2718148870922777,0.9933480614949858,500,bert-base-uncased
SentenceTransformer,0.75,9,0.04440073652494141,0.2957903540563145,0.07721136702688935,0.2957903540563145,0.9920841619801971,500,bert-base-uncased
SentenceTransformer,0.75,10,0.03738416546280963,0.2957903540563145,0.06637887887887887,0.2957903540563145,0.9905294199824385,500,bert-base-uncased
SentenceTransformer,0.8,1,0.05043681430312881,0.2768330080847505,0.08532760472610097,0.2768330080847505,0.9935193084396665,500,bert-base-uncased
SentenceTransformer,0.8,2,0.05402880070352863,0.27404516308893223,0.09026215508929801,0.27404516308893223,0.9940337425811768,500,bert-base-uncased
SentenceTransformer,0.8,3,0.04480567323632345,0.27125731809311404,0.07690787653637908,0.27125731809311404,0.9928093615920836,500,bert-base-uncased
SentenceTransformer,0.8,4,0.04707348641004746,0.27376637858935043,0.08033376963350786,0.27376637858935043,0.9931088704184076,500,bert-base-uncased
SentenceTransformer,0.8,5,0.042639766032297716,0.28045720657931417,0.07402501839587933,0.28045720657931417,0.9921701321062716,500,bert-base-uncased
SentenceTransformer,0.8,6,0.03939688715953307,0.2709785335935322,0.06879224317916416,0.2709785335935322,0.9917843065001388,500,bert-base-uncased
SentenceTransformer,0.8,7,0.04790558820785521,0.28631168107053245,0.08207792207792208,0.28631168107053245,0.9929244506318284,500,bert-base-uncased
SentenceTransformer,0.8,8,0.055562074630368455,0.2640089211039866,0.09180359652949445,0.2640089211039866,0.9944199148410436,500,bert-base-uncased
SentenceTransformer,0.8,9,0.0522562901089946,0.28603289657095066,0.08836828732612721,0.28603289657095066,0.9935494673145394,500,bert-base-uncased
SentenceTransformer,0.8,10,0.04744830296183506,0.26930582659604124,0.08068153345026309,0.26930582659604124,0.9932773441332149,500,bert-base-uncased
SentenceTransformer,0.85,1,0.07600496514847703,0.2219124616671313,0.11322901849217638,0.2219124616671313,0.9966454318144238,500,bert-base-uncased
SentenceTransformer,0.85,2,0.0674496644295302,0.2241427376637859,0.1036951054362546,0.2241427376637859,0.9961465970909512,500,bert-base-uncased
SentenceTransformer,0.85,3,0.05981391227292867,0.22581544466127684,0.09457644929651468,0.22581544466127684,0.9955864046565303,500,bert-base-uncased
SentenceTransformer,0.85,4,0.06428457489232732,0.22470030666294954,0.09996899224806202,0.22470030666294954,0.9959330583907017,500,bert-base-uncased
SentenceTransformer,0.85,5,0.06434839129021774,0.220797323668804,0.09965397923875433,0.220797323668804,0.9960079355972826,500,bert-base-uncased
SentenceTransformer,0.85,6,0.050088856710327125,0.2121550041817675,0.0810436634717785,0.2121550041817675,0.994997093308439,500,bert-base-uncased
SentenceTransformer,0.85,7,0.06026475535727346,0.22971842765542236,0.09548088064889919,0.22971842765542236,0.9955458461696323,500,bert-base-uncased
SentenceTransformer,0.85,8,0.07626953125,0.21773069417340396,0.11296738265712013,0.21773069417340396,0.9967210023284732,500,bert-base-uncased
SentenceTransformer,0.85,9,0.0650863800723182,0.22581544466127684,0.10104790419161677,0.22581544466127684,0.9959666838029163,500,bert-base-uncased
SentenceTransformer,0.85,10,0.06028210838901262,0.2263730136604405,0.09521017763967872,0.2263730136604405,0.9956120570328589,500,bert-base-uncased
SentenceTransformer,0.9,1,0.17320503330866024,0.13047114580429328,0.14883129273334395,0.13047114580429328,0.9992255755578612,500,bert-base-uncased
SentenceTransformer,0.9,2,0.10561136976231315,0.12015611931976582,0.11241523213354199,0.12015611931976582,0.9987347138702746,500,bert-base-uncased
SentenceTransformer,0.9,3,0.10652123462520306,0.12796208530805686,0.11626139817629179,0.12796208530805686,0.9986653831234402,500,bert-base-uncased
SentenceTransformer,0.9,4,0.10366826156299841,0.1268469473097296,0.11409227683049147,0.1268469473097296,0.9986362642097699,500,bert-base-uncased
SentenceTransformer,0.9,5,0.1296671490593343,0.12489545581265682,0.1272365805168986,0.12489545581265682,0.9989576122213467,500,bert-base-uncased
SentenceTransformer,0.9,6,0.10650887573964497,0.13047114580429328,0.11727853652424508,0.13047114580429328,0.9986390374396432,500,bert-base-uncased
SentenceTransformer,0.9,7,0.1415596617601002,0.12601059381098412,0.13333333333333333,0.12601059381098412,0.9990498221146363,500,bert-base-uncased
SentenceTransformer,0.9,8,0.15762362637362637,0.12796208530805686,0.14125250038467457,0.12796208530805686,0.9991496583900776,500,bert-base-uncased
SentenceTransformer,0.9,9,0.1350310926858158,0.12712573180931142,0.13095921883974726,0.12712573180931142,0.9989874244424854,500,bert-base-uncased
SentenceTransformer,0.9,10,0.11911573472041613,0.12768330080847504,0.1232508073196986,0.12768330080847504,0.9988258838023616,500,bert-base-uncased
SentenceTransformer,0.95,1,0.47058823529411764,0.017842207973236688,0.034380875637926404,0.017842207973236688,0.9999750409311396,500,bert-base-uncased
SentenceTransformer,0.95,2,0.3742690058479532,0.017842207973236688,0.034060670569451834,0.017842207973236688,0.9999629080504436,500,bert-base-uncased
SentenceTransformer,0.95,3,0.3764705882352941,0.017842207973236688,0.03406973649188182,0.017842207973236688,0.9999632547041778,500,bert-base-uncased
SentenceTransformer,0.95,4,0.3742690058479532,0.017842207973236688,0.034060670569451834,0.017842207973236688,0.9999629080504436,500,bert-base-uncased
SentenceTransformer,0.95,5,0.3165829145728643,0.017563423473654863,0.03328050713153724,0.017563423473654863,0.9999528550921527,500,bert-base-uncased
SentenceTransformer,0.95,6,0.36904761904761907,0.017284638974073042,0.03302263648468708,0.017284638974073042,0.9999632547041778,500,bert-base-uncased
SentenceTransformer,0.95,7,0.4740740740740741,0.017842207973236688,0.03439011284255777,0.017842207973236688,0.9999753875848738,500,bert-base-uncased
SentenceTransformer,0.95,8,0.34594594594594597,0.017842207973236688,0.033934252386002124,0.017842207973236688,0.9999580548981652,500,bert-base-uncased
SentenceTransformer,0.95,9,0.5470085470085471,0.017842207973236688,0.03455723542116631,0.017842207973236688,0.999981627352089,500,bert-base-uncased
SentenceTransformer,0.95,10,0.27510917030567683,0.017563423473654863,0.0330188679245283,0.017563423473654863,0.9999424554801275,500,bert-base-uncased
