model,n_components,min_cluster_size,min_samples,f1,precision,recall,pos_acc,neg_acc,n_clusters,n_noise
All-MPNet-Base-v2,768,2,2,0.5131910603259956,0.6459390862944162,0.4257039308614441,0.4257039308614441,0.9997098508244986,1056,1212
All-MPNet-Base-v2,768,2,3,0.4089705653325027,0.463302752293578,0.3660440479509339,0.3660440479509339,0.9994727396703253,451,2274
All-MPNet-Base-v2,768,2,4,0.0024887277284407123,0.0012461616288548846,0.8625592417061612,0.8625592417061612,0.14039233576326046,3,352
All-MPNet-Base-v2,768,2,5,0.0025457664670916797,0.001274854371740282,0.8232506272651241,0.8232506272651241,0.198054717905324,2,494
All-MPNet-Base-v2,768,2,6,0.002737562908844266,0.0013714004073128554,0.7167549484248675,0.7167549484248675,0.3510104783024228,3,883
All-MPNet-Base-v2,768,2,7,0.002611025902996047,0.0013078006866808537,0.7463061053805409,0.7463061053805409,0.2913458241917855,2,734
All-MPNet-Base-v2,768,2,8,0.0026437795986913827,0.0013244322904099306,0.6885977139671035,0.6885977139671035,0.35436435318053067,4,911
All-MPNet-Base-v2,768,2,9,0.0026774424931448426,0.0013413121442703688,0.6930582659604126,0.6930582659604126,0.35837063038634903,3,913
All-MPNet-Base-v2,768,2,10,0.0026619217856423817,0.001333563771990036,0.6819068859771397,0.6819068859771397,0.3650215289301607,2,940
All-MPNet-Base-v2,768,2,11,0.00461054610080859,0.002324670358928165,0.2762754390855868,0.2762754390855868,0.8525660869345167,3,2673
All-MPNet-Base-v2,768,3,2,0.4940624541856033,0.5210265924551639,0.4697518817953722,0.4697518817953722,0.9994630333657686,523,1734
All-MPNet-Base-v2,768,3,3,0.3985637342908438,0.4300936390054892,0.37134095344298856,0.37134095344298856,0.9993881561591875,344,2399
All-MPNet-Base-v2,768,3,4,0.2839425587467363,0.34238488783943327,0.24254251463618623,0.24254251463618623,0.9994207416101997,176,3051
All-MPNet-Base-v2,768,3,5,0.24003038359285986,0.3764145324597975,0.1761918037357123,0.1761918037357123,0.9996370535403226,120,3383
All-MPNet-Base-v2,768,3,6,0.002737562908844266,0.0013714004073128554,0.7167549484248675,0.7167549484248675,0.3510104783024228,3,883
All-MPNet-Base-v2,768,3,7,0.0033741117574890385,0.0016928174270698453,0.49567884025648173,0.49567884025648173,0.6365190002644968,3,1735
All-MPNet-Base-v2,768,3,8,0.0026437795986913827,0.0013244322904099306,0.6885977139671035,0.6885977139671035,0.35436435318053067,2,915
All-MPNet-Base-v2,768,3,9,0.002643839978547606,0.0013244080961003948,0.7036520769445219,0.7036520769445219,0.34023717355184535,2,868
All-MPNet-Base-v2,768,3,10,0.005892941327733253,0.0029847074444030405,0.22999721215500418,0.22999721215500418,0.9044677773221207,6,2955
All-MPNet-Base-v2,768,3,11,0.0057738160170798985,0.002927823809015801,0.20657931419013104,0.20657931419013104,0.9125226234893263,4,3042
All-MPNet-Base-v2,768,4,2,0.38828019204727315,0.34766313932980597,0.43964315584053526,0.43964315584053526,0.998974251600587,316,2049
All-MPNet-Base-v2,768,4,3,0.3581833761782348,0.367203513909224,0.34959576247560636,0.34959576247560636,0.9992508812804557,227,2606
All-MPNet-Base-v2,768,4,4,0.28347996089931576,0.34104272834182675,0.24254251463618623,0.24254251463618623,0.9994172750728579,142,3098
All-MPNet-Base-v2,768,4,5,0.0027905175076717286,0.0013980101307631498,0.7089489824365766,0.7089489824365766,0.37031354483602064,2,928
All-MPNet-Base-v2,768,4,6,0.002737561451386722,0.0013713996757927953,0.7167549484248675,0.7167549484248675,0.3510101316486886,2,883
All-MPNet-Base-v2,768,4,7,0.0033741149590191155,0.0016928190387872637,0.49567884025648173,0.49567884025648173,0.636519346918231,2,1738
All-MPNet-Base-v2,768,4,8,0.0026437795986913827,0.0013244322904099306,0.6885977139671035,0.6885977139671035,0.35436435318053067,2,915
All-MPNet-Base-v2,768,4,9,0.005412141920988579,0.0027347688159485802,0.2578756621131865,0.2578756621131865,0.8830695356191912,4,2809
All-MPNet-Base-v2,768,4,10,0.005885819389631957,0.002981100402303841,0.22971842765542236,0.22971842765542236,0.9044677773221207,4,2961
All-MPNet-Base-v2,768,4,11,0.0057738160170798985,0.002927823809015801,0.20657931419013104,0.20657931419013104,0.9125226234893263,3,3045
All-MPNet-Base-v2,768,5,2,0.3354574419663177,0.28340703710824844,0.4109283523836075,0.4109283523836075,0.9987080215327434,208,2241
All-MPNet-Base-v2,768,5,3,0.31502227021190443,0.3053375196232339,0.3253415110119877,0.3253415110119877,0.9990796343357751,149,2789
All-MPNet-Base-v2,768,5,4,0.25113601938806424,0.27495854063018244,0.23111235015333148,0.23111235015333148,0.9992422149371014,107,3165
All-MPNet-Base-v2,768,5,5,0.22387788479011447,0.32150313152400833,0.1717312517424031,0.1717312517424031,0.9995493501455772,75,3470
All-MPNet-Base-v2,768,5,6,0.002737561451386722,0.0013713996757927953,0.7167549484248675,0.7167549484248675,0.3510101316486886,2,883
All-MPNet-Base-v2,768,5,7,0.0033741149590191155,0.0016928190387872637,0.49567884025648173,0.49567884025648173,0.636519346918231,2,1738
All-MPNet-Base-v2,768,5,8,0.008051889957503914,0.004112776665403972,0.1906885977139671,0.1906885977139671,0.9425847819704006,9,3170
All-MPNet-Base-v2,768,5,9,0.005412141920988579,0.0027347688159485802,0.2578756621131865,0.2578756621131865,0.8830695356191912,4,2809
All-MPNet-Base-v2,768,5,10,0.005885819389631957,0.002981100402303841,0.22971842765542236,0.22971842765542236,0.9044677773221207,3,2965
All-MPNet-Base-v2,768,5,11,0.0057738160170798985,0.002927823809015801,0.20657931419013104,0.20657931419013104,0.9125226234893263,3,3045
All-MPNet-Base-v2,768,6,2,0.3110458549807996,0.2614391494209227,0.38388625592417064,0.38388625592417064,0.9986515169740734,164,2398
All-MPNet-Base-v2,768,6,3,0.28717277486910997,0.2706637058968665,0.3058265960412601,0.3058265960412601,0.9989752915617894,114,2884
All-MPNet-Base-v2,768,6,4,0.0027808982144119656,0.0013930660465467702,0.7401728463897407,0.7401728463897407,0.34024410662652876,2,835
All-MPNet-Base-v2,768,6,5,0.20936442941071748,0.2896551724137931,0.16392528575411208,0.16392528575411208,0.999500125315325,62,3521
All-MPNet-Base-v2,768,6,6,0.002737561451386722,0.0013713996757927953,0.7167549484248675,0.7167549484248675,0.3510101316486886,2,883
All-MPNet-Base-v2,768,6,7,0.11058758314855875,0.1099476439790576,0.11123501533314747,0.11123501533314747,0.9988803084386265,35,3727
All-MPNet-Base-v2,768,6,8,0.008005038465387037,0.004088848267651197,0.1895734597156398,0.1895734597156398,0.9425851286241348,8,3175
All-MPNet-Base-v2,768,6,9,0.0054063384051886805,0.0027318365392006716,0.25759687761360467,0.25759687761360467,0.8830702289266595,3,2814
All-MPNet-Base-v2,768,6,10,0.005477593376634798,0.002770003907230282,0.24310008363534988,0.24310008363534988,0.89117533988532,2,2892
All-MPNet-Base-v2,768,6,11,0.0057738160170798985,0.002927823809015801,0.20657931419013104,0.20657931419013104,0.9125226234893263,3,3045
All-MPNet-Base-v2,768,7,2,0.28596300326441787,0.23451722291629484,0.3663228324505158,0.3663228324505158,0.9985132021341391,131,2511
All-MPNet-Base-v2,768,7,3,0.0028354013562200903,0.0014203551879765186,0.758572623362141,0.758572623362141,0.33685244649139623,3,783
All-MPNet-Base-v2,768,7,4,0.0027808982144119656,0.0013930660465467702,0.7401728463897407,0.7401728463897407,0.34024410662652876,2,835
All-MPNet-Base-v2,768,7,5,0.004091701300442419,0.00205573659628755,0.4254251463618623,0.4254251463618623,0.7432034202244028,5,2076
All-MPNet-Base-v2,768,7,6,0.09958584337349398,0.07517407986357823,0.1474770002787845,0.1474770002787845,0.9977439774980128,36,3600
All-MPNet-Base-v2,768,7,7,0.10106178840987591,0.0933806146572104,0.11011987733482019,0.11011987733482019,0.9986705829294529,29,3737
All-MPNet-Base-v2,768,7,8,0.004962154069180223,0.0025024089281348427,0.2910510175634235,0.2910510175634235,0.855738661909653,2,2640
All-MPNet-Base-v2,768,7,9,0.005400534787518504,0.002728904210436063,0.25731809311402287,0.25731809311402287,0.8830709222341279,2,2820
All-MPNet-Base-v2,768,7,10,0.005477593376634798,0.002770003907230282,0.24310008363534988,0.24310008363534988,0.89117533988532,2,2892
All-MPNet-Base-v2,768,7,11,0.0057738160170798985,0.002927823809015801,0.20657931419013104,0.20657931419013104,0.9125226234893263,3,3045
All-MPNet-Base-v2,768,8,2,0.26188992731048805,0.20867118980638755,0.3515472539726791,0.3515472539726791,0.9983423018431926,110,2596
All-MPNet-Base-v2,768,8,3,0.002790479481249259,0.0013977688254092743,0.7711179258433231,0.7711179258433231,0.31497686259651275,2,733
All-MPNet-Base-v2,768,8,4,0.0027808982144119656,0.0013930660465467702,0.7401728463897407,0.7401728463897407,0.34024410662652876,2,835
All-MPNet-Base-v2,768,8,5,0.003996535666319396,0.0020073054823900554,0.4438249233342626,0.4438249233342626,0.7256197562122949,3,2014
All-MPNet-Base-v2,768,8,6,0.004559110904504877,0.0022937210253140875,0.36911067744633397,0.36911067744633397,0.8003607278757787,2,2340
All-MPNet-Base-v2,768,8,7,0.09490245437382001,0.08650757228086278,0.10510175634234736,0.10510175634234736,0.9986199714842638,23,3752
All-MPNet-Base-v2,768,8,8,0.004962154069180223,0.0025024089281348427,0.2910510175634235,0.2910510175634235,0.855738661909653,2,2640
All-MPNet-Base-v2,768,8,9,0.005400534787518504,0.002728904210436063,0.25731809311402287,0.25731809311402287,0.8830709222341279,2,2820
All-MPNet-Base-v2,768,8,10,0.005477593376634798,0.002770003907230282,0.24310008363534988,0.24310008363534988,0.89117533988532,2,2892
All-MPNet-Base-v2,768,8,11,0.005766069021404583,0.002923895735458558,0.2063005296905492,0.2063005296905492,0.9125229701430605,2,3052
All-MPNet-Base-v2,768,9,2,0.2539779061518192,0.19952229299363058,0.3493169779760245,0.3493169779760245,0.9982573716783206,89,2678
All-MPNet-Base-v2,768,9,3,0.002790479481249259,0.0013977688254092743,0.7711179258433231,0.7711179258433231,0.31497686259651275,2,733
All-MPNet-Base-v2,768,9,4,0.19106664787938565,0.19316239316239317,0.18901589071647618,0.18901589071647618,0.9990182766248267,46,3386
All-MPNet-Base-v2,768,9,5,0.07028942705256941,0.04459267031402234,0.16587677725118483,0.16587677725118483,0.9955808581967835,29,3477
All-MPNet-Base-v2,768,9,6,0.007745525333465032,0.00393079133805641,0.26233621410649566,0.26233621410649566,0.9173400704331057,8,2926
All-MPNet-Base-v2,768,9,7,0.007481782523618526,0.003801255088958366,0.23557290214664064,0.23557290214664064,0.9232335305677529,5,3017
All-MPNet-Base-v2,768,9,8,0.004962154069180223,0.0025024089281348427,0.2910510175634235,0.2910510175634235,0.855738661909653,2,2640
All-MPNet-Base-v2,768,9,9,0.005400534787518504,0.002728904210436063,0.25731809311402287,0.25731809311402287,0.8830709222341279,2,2820
All-MPNet-Base-v2,768,9,10,0.005477593376634798,0.002770003907230282,0.24310008363534988,0.24310008363534988,0.89117533988532,2,2892
All-MPNet-Base-v2,768,9,11,0.005766069021404583,0.002923895735458558,0.2063005296905492,0.2063005296905492,0.9125229701430605,2,3052
All-MPNet-Base-v2,768,10,2,0.00265586871015154,0.0013300293714819536,0.8430443267354335,0.8430443267354335,0.21288456465317468,2,492
All-MPNet-Base-v2,768,10,3,0.002790479481249259,0.0013977688254092743,0.7711179258433231,0.7711179258433231,0.31497686259651275,2,733
All-MPNet-Base-v2,768,10,4,0.17153052121829998,0.157981220657277,0.18762196821856705,0.18762196821856705,0.9987565530555274,39,3382
All-MPNet-Base-v2,768,10,5,0.06919431279620854,0.043932897013465734,0.16281014775578478,0.16281014775578478,0.9955943776924162,26,3504
All-MPNet-Base-v2,768,10,6,0.0076472234569730495,0.0038809075224436767,0.2589908001115138,0.2589908001115138,0.9173411103943082,6,2944
All-MPNet-Base-v2,768,10,7,0.007481782523618526,0.003801255088958366,0.23557290214664064,0.23557290214664064,0.9232335305677529,5,3017
All-MPNet-Base-v2,768,10,8,0.004962154069180223,0.0025024089281348427,0.2910510175634235,0.2910510175634235,0.855738661909653,2,2640
All-MPNet-Base-v2,768,10,9,0.005400534787518504,0.002728904210436063,0.25731809311402287,0.25731809311402287,0.8830709222341279,2,2820
All-MPNet-Base-v2,768,10,10,0.005477593376634798,0.002770003907230282,0.24310008363534988,0.24310008363534988,0.89117533988532,2,2892
All-MPNet-Base-v2,768,10,11,0.005766069021404583,0.002923895735458558,0.2063005296905492,0.2063005296905492,0.9125229701430605,2,3052
All-MPNet-Base-v2,768,11,2,0.00265586871015154,0.0013300293714819536,0.8430443267354335,0.8430443267354335,0.21288456465317468,2,492
All-MPNet-Base-v2,768,11,3,0.002790479481249259,0.0013977688254092743,0.7711179258433231,0.7711179258433231,0.31497686259651275,2,733
All-MPNet-Base-v2,768,11,4,0.003715461399543586,0.0018643922081401463,0.5199330917201004,0.5199330917201004,0.6538797659255325,2,1716
All-MPNet-Base-v2,768,11,5,0.06829496866397236,0.0432300163132137,0.16253136325620296,0.16253136325620296,0.995527126867987,24,3507
All-MPNet-Base-v2,768,11,6,0.0076472234569730495,0.0038809075224436767,0.2589908001115138,0.2589908001115138,0.9173411103943082,6,2944
All-MPNet-Base-v2,768,11,7,0.007270054636098788,0.003693689235212871,0.22888207415667688,0.22888207415667688,0.9232335305677529,4,3027
All-MPNet-Base-v2,768,11,8,0.004962154069180223,0.0025024089281348427,0.2910510175634235,0.2910510175634235,0.855738661909653,2,2640
All-MPNet-Base-v2,768,11,9,0.005400534787518504,0.002728904210436063,0.25731809311402287,0.25731809311402287,0.8830709222341279,2,2820
All-MPNet-Base-v2,768,11,10,0.005477593376634798,0.002770003907230282,0.24310008363534988,0.24310008363534988,0.89117533988532,2,2892
All-MPNet-Base-v2,768,11,11,0.005766069021404583,0.002923895735458558,0.2063005296905492,0.2063005296905492,0.9125229701430605,2,3052
All-MPNet-Base-v2,2,2,2,0.3390794979079498,0.4242043551088777,0.28240869807638697,0.28240869807638697,0.9995233511155144,1140,700
All-MPNet-Base-v2,2,2,3,0.3717171717171717,0.29146206241089817,0.5129634792305547,0.5129634792305547,0.9984494178470515,544,687
All-MPNet-Base-v2,2,2,4,0.3576100406575924,0.2618092403261292,0.5639810426540285,0.5639810426540285,0.9980226871002866,413,833
All-MPNet-Base-v2,2,2,5,0.33679335675503036,0.23598522994293386,0.5879565096180652,0.5879565096180652,0.997633048303078,320,1010
All-MPNet-Base-v2,2,2,6,0.2710378465147867,0.1740681998413957,0.6119319765821021,0.6119319765821021,0.9963896013586053,258,926
All-MPNet-Base-v2,2,2,7,0.2563776248047666,0.16175182481751824,0.6177864510733203,0.6177864510733203,0.9960190285167762,220,969
All-MPNet-Base-v2,2,2,8,0.22195888505332578,0.13613955252180507,0.6005018120992472,0.6005018120992472,0.9952619367613459,192,1040
All-MPNet-Base-v2,2,2,9,0.1903504138052474,0.11302211302211303,0.6027320880959018,0.6027320880959018,0.9941183260923145,167,1056
All-MPNet-Base-v2,2,2,10,0.20742959277329598,0.12545284562346617,0.5985503206021745,0.5985503206021745,0.9948116335606573,156,1162
All-MPNet-Base-v2,2,2,11,0.20008542546628066,0.12056737588652482,0.5876777251184834,0.5876777251184834,0.9946698521833812,146,1234
All-MPNet-Base-v2,2,3,2,0.37634525491901294,0.30844618674269425,0.48257596877613607,0.48257596877613607,0.998654636857681,604,574
All-MPNet-Base-v2,2,3,3,0.37125976748618256,0.28203272042855076,0.5430722051853917,0.5430722051853917,0.9982809441322442,495,645
All-MPNet-Base-v2,2,3,4,0.3665936288555537,0.2627128880299553,0.6063562865904656,0.6063562865904656,0.997884025606618,364,809
All-MPNet-Base-v2,2,3,5,0.335383417672246,0.23266364225534672,0.6005018120992472,0.6005018120992472,0.9975373718724467,287,995
All-MPNet-Base-v2,2,3,6,0.2674509333173279,0.1704145632553159,0.6211318650683022,0.6211318650683022,0.9962401935991775,231,888
All-MPNet-Base-v2,2,3,7,0.25363661892726763,0.15881277254184836,0.6294954000557569,0.6294954000557569,0.9958540213393106,203,935
All-MPNet-Base-v2,2,3,8,0.190631995867057,0.11272338475637697,0.6172288820741567,0.6172288820741567,0.9939588653745958,176,969
All-MPNet-Base-v2,2,3,9,0.1898033058572114,0.11250129252404095,0.6066350710900474,0.6066350710900474,0.9940493419992145,161,1044
All-MPNet-Base-v2,2,3,10,0.20252927400468385,0.12171367449192141,0.6027320880959018,0.6027320880959018,0.9945918550931927,148,1126
All-MPNet-Base-v2,2,3,11,0.20051025229141076,0.12071221343648672,0.591580708112629,0.591580708112629,0.9946417732309133,135,1233
All-MPNet-Base-v2,2,4,2,0.35818088562147377,0.2582912094686229,0.5840535266239197,0.5840535266239197,0.9979145311352251,425,534
All-MPNet-Base-v2,2,4,3,0.34595097735029473,0.23965609887157444,0.6216894340674658,0.6216894340674658,0.9975474248307377,381,606
All-MPNet-Base-v2,2,4,4,0.3356308061132754,0.22948468394631696,0.6244772790632841,0.6244772790632841,0.9973928172652973,333,748
All-MPNet-Base-v2,2,4,5,0.30563920065699424,0.20253968253968255,0.6225257875662114,0.6225257875662114,0.9969522203691654,262,901
All-MPNet-Base-v2,2,4,6,0.2664518823459221,0.16950053134962806,0.6225257875662114,0.6225257875662114,0.9962072614944312,222,902
All-MPNet-Base-v2,2,4,7,0.24531754574811626,0.1520042686587074,0.6353498745469752,0.6353498745469752,0.9955926444237454,192,916
All-MPNet-Base-v2,2,4,8,0.18883681295270557,0.11145199416587034,0.6177864510733203,0.6177864510733203,0.9938756684783946,169,961
All-MPNet-Base-v2,2,4,9,0.18801795580110497,0.111230274245442,0.607192640089211,0.607192640089211,0.9939671850642159,157,1030
All-MPNet-Base-v2,2,4,10,0.20095474157715965,0.12028133413923842,0.6102592695846111,0.6102592695846111,0.9944500737159165,141,1107
All-MPNet-Base-v2,2,4,11,0.19583654587509639,0.11694290976058933,0.6018957345971564,0.6018957345971564,0.9943485041718043,131,1189
All-MPNet-Base-v2,2,5,2,0.3559030492572322,0.24731065956753231,0.6345135210482297,0.6345135210482297,0.997598729583395,343,564
All-MPNet-Base-v2,2,5,3,0.3307757885763001,0.221946801411002,0.6490103150264845,0.6490103150264845,0.9971709588754275,308,638
All-MPNet-Base-v2,2,5,4,0.327775402593701,0.22015889729108834,0.6412043490381935,0.6412043490381935,0.997175812027706,285,775
All-MPNet-Base-v2,2,5,5,0.2938110749185668,0.1917027969055513,0.6286590465570114,0.6286590465570114,0.9967040162954988,247,864
All-MPNet-Base-v2,2,5,6,0.25810132359653126,0.16225521842048635,0.6306105380540842,0.6306105380540842,0.9959514310386127,209,875
All-MPNet-Base-v2,2,5,7,0.2103536274152388,0.12572860489186685,0.643434625034848,0.643434625034848,0.9944365542202839,183,885
All-MPNet-Base-v2,2,5,8,0.18832736658063443,0.1106924394421336,0.6306105380540842,0.6306105380540842,0.9937002616889039,161,919
All-MPNet-Base-v2,2,5,9,0.1864801864801865,0.10995601759296282,0.6133258990800111,0.6133258990800111,0.9938267903018765,154,1002
All-MPNet-Base-v2,2,5,10,0.20037038709968832,0.1195558430357913,0.618344020072484,0.618344020072484,0.9943377579060451,139,1079
All-MPNet-Base-v2,2,5,11,0.19322593600785398,0.11502497077887579,0.6035684415946473,0.6035684415946473,0.9942257887499077,128,1178
All-MPNet-Base-v2,2,6,2,0.33221005335579895,0.22201369991554848,0.6596041260105938,0.6596041260105938,0.9971258938899853,284,566
All-MPNet-Base-v2,2,6,3,0.3145963756177924,0.20598895409043838,0.665458600501812,0.665458600501812,0.9968104389918894,268,614
All-MPNet-Base-v2,2,6,4,0.29674719421723417,0.19205515430072226,0.6523557290214664,0.6523557290214664,0.9965875406408171,238,733
All-MPNet-Base-v2,2,6,5,0.2800048007681229,0.17840483291274759,0.6504042375243937,0.6504042375243937,0.9962755522800629,220,806
All-MPNet-Base-v2,2,6,6,0.2547238169555766,0.159189076215689,0.6370225815444661,0.6370225815444661,0.9958162360822859,196,881
All-MPNet-Base-v2,2,6,7,0.2073593458359257,0.12334126354744912,0.6504042375243937,0.6504042375243937,0.9942517877799706,175,861
All-MPNet-Base-v2,2,6,8,0.18832736658063443,0.1106924394421336,0.6306105380540842,0.6306105380540842,0.9937002616889039,161,919
All-MPNet-Base-v2,2,6,9,0.20645219837560688,0.1232928679817906,0.6342347365486479,0.6342347365486479,0.99439218254231,149,1006
All-MPNet-Base-v2,2,6,10,0.19790371291526027,0.11770299540387764,0.6211318650683022,0.6211318650683022,0.9942105359856042,135,1070
All-MPNet-Base-v2,2,6,11,0.19353981124551375,0.11505636919186597,0.6088653470867019,0.6088653470867019,0.9941769105733895,127,1159
All-MPNet-Base-v2,2,7,2,0.30885979889963955,0.199738262718796,0.6807917479788124,0.6807917479788124,0.9966083398648674,241,546
All-MPNet-Base-v2,2,7,3,0.2971435487775357,0.1897657880497797,0.6844159464733761,0.6844159464733761,0.9963663755584158,224,621
All-MPNet-Base-v2,2,7,4,0.2870132200753724,0.18271134805788272,0.6688040144967939,0.6688040144967939,0.9962800587786071,207,731
All-MPNet-Base-v2,2,7,5,0.25707990757160515,0.15923312475036613,0.6668525229997212,0.6668525229997212,0.9956217633374158,190,749
All-MPNet-Base-v2,2,7,6,0.24575955761152762,0.15183968462549277,0.6442709785335935,0.6442709785335935,0.995525046945582,184,868
All-MPNet-Base-v2,2,7,7,0.207344180670401,0.12334056169672608,0.6501254530248118,0.6501254530248118,0.9942542143561097,174,867
All-MPNet-Base-v2,2,7,8,0.18737939811963705,0.10987000481463649,0.6361862280457207,0.6361862280457207,0.99359106576264,157,901
All-MPNet-Base-v2,2,7,9,0.19047619047619047,0.11163371088500672,0.6484527460273208,0.6484527460273208,0.9935834393804882,141,974
All-MPNet-Base-v2,2,7,10,0.1984980896754644,0.11780650542118432,0.6300529690549206,0.6300529690549206,0.994133232202884,132,1050
All-MPNet-Base-v2,2,7,11,0.19298863736457325,0.11459804383074429,0.6108168385837748,0.6108168385837748,0.9941318455879473,125,1145
All-MPNet-Base-v2,2,8,2,0.30011538227971096,0.19184782608695652,0.6888764984666853,0.6888764984666853,0.9963916812810103,214,574
All-MPNet-Base-v2,2,8,3,0.28657651906447684,0.18095866314863676,0.6883189294675216,0.6883189294675216,0.9961261445206351,203,623
All-MPNet-Base-v2,2,8,4,0.2666372121279063,0.1662534435261708,0.6729857819905213,0.6729857819905213,0.9958034098941215,189,722
All-MPNet-Base-v2,2,8,5,0.2486418721270372,0.15298579417625507,0.6635071090047393,0.6635071090047393,0.995432143744824,178,792
All-MPNet-Base-v2,2,8,6,0.23489429756609526,0.14310071854828887,0.6551435740172846,0.6551435740172846,0.9951218886527406,171,833
All-MPNet-Base-v2,2,8,7,0.198326359832636,0.1166740511002806,0.6607192640089211,0.6607192640089211,0.9937799920477633,161,807
All-MPNet-Base-v2,2,8,8,0.18433623700373328,0.10767210654661415,0.6400892110398662,0.6400892110398662,0.9934038727461875,150,892
All-MPNet-Base-v2,2,8,9,0.18918261433668504,0.11068937704606918,0.6504042375243937,0.6504042375243937,0.9935023224066921,140,966
All-MPNet-Base-v2,2,8,10,0.19832035692415362,0.11761348897535669,0.6320044605519933,0.6320044605519933,0.9941041132892136,131,1038
All-MPNet-Base-v2,2,8,11,0.19298863736457325,0.11459804383074429,0.6108168385837748,0.6108168385837748,0.9941318455879473,125,1145
All-MPNet-Base-v2,2,9,2,0.28353588626461823,0.17846575737894205,0.6894340674658489,0.6894340674658489,0.9960536938901933,195,592
All-MPNet-Base-v2,2,9,3,0.26579356985669045,0.16458388726402554,0.6902704209645943,0.6902704209645943,0.9956432558689344,180,649
All-MPNet-Base-v2,2,9,4,0.24923823787636212,0.15295385395537525,0.6727069974909395,0.6727069974909395,0.9953676661502682,176,736
All-MPNet-Base-v2,2,9,5,0.2441735937579683,0.14941954812133318,0.6674100919988849,0.6674100919988849,0.9952758029107127,167,785
All-MPNet-Base-v2,2,9,6,0.20364315740308267,0.12011620917651773,0.6685252299972122,0.6685252299972122,0.993910680505546,155,797
All-MPNet-Base-v2,2,9,7,0.19177199903389422,0.11206774876499648,0.664064678003903,0.664064678003903,0.993457604074984,151,803
All-MPNet-Base-v2,2,9,8,0.1854994671823815,0.10804597701149425,0.6551435740172846,0.6551435740172846,0.9932749175570756,142,899
All-MPNet-Base-v2,2,9,9,0.18653177363262724,0.10867062669797854,0.6579314190131029,0.6579314190131029,0.9932898236676451,134,943
All-MPNet-Base-v2,2,9,10,0.19829359002406477,0.11760431804027403,0.6317256760524115,0.6317256760524115,0.9941061932116186,130,1046
All-MPNet-Base-v2,2,9,11,0.1700090470446321,0.09829562791508653,0.6286590465570114,0.6286590465570114,0.9928291208549314,118,1073
All-MPNet-Base-v2,2,10,2,0.24606144151240647,0.1494170403587444,0.6966824644549763,0.6966824644549763,0.9950685039776783,171,586
All-MPNet-Base-v2,2,10,3,0.24040472831638857,0.14560989982321745,0.6888764984666853,0.6888764984666853,0.9949738675082495,166,665
All-MPNet-Base-v2,2,10,4,0.23764119113979756,0.14409392789373815,0.6774463339838305,0.6774463339838305,0.9949964000009707,158,775
All-MPNet-Base-v2,2,10,5,0.21985847568395908,0.13112903225806452,0.6799553944800669,0.6799553944800669,0.9943977290020567,146,719
All-MPNet-Base-v2,2,10,6,0.1992217898832685,0.1167658920683695,0.6780039029829942,0.6780039029829942,0.9936229579061837,142,804
All-MPNet-Base-v2,2,10,7,0.18955241322893537,0.11017025901104872,0.6782826874825759,0.6782826874825759,0.9931879074697987,137,807
All-MPNet-Base-v2,2,10,8,0.18010487119081997,0.10426290088425498,0.6607192640089211,0.6607192640089211,0.992941783318537,131,889
All-MPNet-Base-v2,2,10,9,0.1836798014272417,0.10668108302923819,0.6601616950097574,0.6601616950097574,0.9931262031051161,129,936
All-MPNet-Base-v2,2,10,10,0.19855674611852175,0.11775080402531383,0.6328408140507388,0.6328408140507388,0.9941041132892136,128,1051
All-MPNet-Base-v2,2,10,11,0.16933123170457104,0.09783598594908713,0.6289378310565933,0.6289378310565933,0.9927885623680333,117,1071
All-MPNet-Base-v2,2,11,2,0.23391812865497075,0.140773116875745,0.6913855589629216,0.6913855589629216,0.9947527024258481,158,616
All-MPNet-Base-v2,2,11,3,0.23272280966767372,0.14008069557310907,0.6872037914691943,0.6872037914691943,0.994754435694519,153,693
All-MPNet-Base-v2,2,11,4,0.22740772168010182,0.13684329967094067,0.6724282129913577,0.6724282129913577,0.994726010088317,146,803
All-MPNet-Base-v2,2,11,5,0.18703626982034574,0.10812576206235848,0.6922219124616671,0.6922219124616671,0.9929001848704364,134,720
All-MPNet-Base-v2,2,11,6,0.19211475152845273,0.11176980254457568,0.6833008084750488,0.6833008084750488,0.9932478785658103,129,796
All-MPNet-Base-v2,2,11,7,0.17780685494130047,0.10223188163504138,0.6819068859771397,0.6819068859771397,0.9925538777899993,124,817
All-MPNet-Base-v2,2,11,8,0.16756161365826794,0.09558217160808953,0.6785614719821578,0.6785614719821578,0.9920162178482995,117,836
All-MPNet-Base-v2,2,11,9,0.18216274752475248,0.10575239121648929,0.6565374965151938,0.6565374965151938,0.9930967375377115,124,951
All-MPNet-Base-v2,2,11,10,0.18529161776014894,0.10838068181818182,0.6381377195427934,0.6381377195427934,0.9934721635318192,118,1047
All-MPNet-Base-v2,2,11,11,0.16401522014857764,0.09426024658447184,0.630889322553666,0.630889322553666,0.9924620145504438,113,1045
All-MPNet-Base-v2,5,2,2,0.4558802151475505,0.47630619684082626,0.43713409534429887,0.43713409534429887,0.9994023689622886,1041,670
All-MPNet-Base-v2,5,2,3,0.4476541908276226,0.35995252628009494,0.5918594926122107,0.5918594926122107,0.9986913821535032,554,750
All-MPNet-Base-v2,5,2,4,0.4059875867104783,0.30180485818971364,0.6200167270699749,0.6200167270699749,0.9982164665376884,394,879
All-MPNet-Base-v2,5,2,5,0.38500823723228994,0.27323746054016135,0.651519375522721,0.651519375522721,0.9978452003883909,314,939
All-MPNet-Base-v2,5,2,6,0.35655070891764157,0.24688841201716738,0.6414831335377753,0.6414831335377753,0.9975668374398512,269,1013
All-MPNet-Base-v2,5,2,7,0.33692238672050245,0.23020333094921835,0.6281014775578477,0.6281014775578477,0.997388310766753,241,1125
All-MPNet-Base-v2,5,2,8,0.22304832713754646,0.13417119565217392,0.6607192640089211,0.6607192640089211,0.9946982777895833,198,1035
All-MPNet-Base-v2,5,2,9,0.20434706703910616,0.12113842173350582,0.6526345135210482,0.6526345135210482,0.9941124329788337,171,1088
All-MPNet-Base-v2,5,2,10,0.19917751303684234,0.11745,0.6548647895177028,0.6548647895177028,0.9938812149381414,157,1138
All-MPNet-Base-v2,5,2,11,0.19256236205388746,0.11318907275041613,0.6445497630331753,0.6445497630331753,0.99372071425922,139,1219
All-MPNet-Base-v2,5,3,2,0.45200382693738705,0.36529209621993125,0.5926958461109563,0.5926958461109563,0.998719461105971,594,606
All-MPNet-Base-v2,5,3,3,0.44057672502574663,0.3493385595296423,0.5963200446055199,0.5963200446055199,0.9986189315230614,514,753
All-MPNet-Base-v2,5,3,4,0.399337632909186,0.2904780017750729,0.6386952885419571,0.6386952885419571,0.998060125703577,361,853
All-MPNet-Base-v2,5,3,5,0.37859626936452734,0.2642029784886928,0.6676888764984666,0.6676888764984666,0.9976878195930771,287,896
All-MPNet-Base-v2,5,3,6,0.3517885623148781,0.24175365344467642,0.6456649010315026,0.6456649010315026,0.9974819072749792,252,1002
All-MPNet-Base-v2,5,3,7,0.3413411938098747,0.23199439046378845,0.6456649010315026,0.6456649010315026,0.9973422058201082,226,1071
All-MPNet-Base-v2,5,3,8,0.22263868065967016,0.1338063862138875,0.662391971006412,0.662391971006412,0.9946681189147104,187,1039
All-MPNet-Base-v2,5,3,9,0.201104033970276,0.11861944597505385,0.6601616950097574,0.6601616950097574,0.993900627547255,162,1070
All-MPNet-Base-v2,5,3,10,0.2009908601691296,0.11867655217632521,0.6559799275160301,0.6559799275160301,0.9939425726490897,147,1156
All-MPNet-Base-v2,5,3,11,0.19199077125906394,0.11264201111916848,0.6495678840256481,0.6495678840256481,0.9936371707092847,132,1198
All-MPNet-Base-v2,5,4,2,0.4175494350282486,0.30551608319338586,0.659325341511012,0.659325341511012,0.9981363895250948,414,597
All-MPNet-Base-v2,5,4,3,0.41050617498695424,0.298318796612312,0.6579314190131029,0.6579314190131029,0.9980757251216148,382,732
All-MPNet-Base-v2,5,4,4,0.39518113175532366,0.2840243902439024,0.6492890995260664,0.6492890995260664,0.99796479592668,341,831
All-MPNet-Base-v2,5,4,5,0.37112125667414686,0.25685518423307624,0.6685252299972122,0.6685252299972122,0.9975949163923191,278,889
All-MPNet-Base-v2,5,4,6,0.3440781261472942,0.23355263157894737,0.6531920825202119,0.6531920825202119,0.9973345794379564,240,978
All-MPNet-Base-v2,5,4,7,0.34077197063313225,0.23048180924287118,0.6534708670197937,0.6534708670197937,0.997287087876375,219,1060
All-MPNet-Base-v2,5,4,8,0.21808846049905414,0.13005640612409347,0.6749372734875941,0.6749372734875941,0.994386289428829,182,993
All-MPNet-Base-v2,5,4,9,0.20209995800084,0.11897344607624981,0.6707555059938668,0.6707555059938668,0.9938236704182689,154,1054
All-MPNet-Base-v2,5,4,10,0.20201507069680805,0.11909158971799351,0.6651798160022303,0.6651798160022303,0.9938819082456097,143,1145
All-MPNet-Base-v2,5,4,11,0.18687777377953702,0.10908327109783421,0.651519375522721,0.651519375522721,0.9933834201758713,126,1184
All-MPNet-Base-v2,5,5,2,0.40663219239924486,0.2881572824569567,0.6905492054641762,0.6905492054641762,0.9978788258006055,350,618
All-MPNet-Base-v2,5,5,3,0.3680341126304955,0.24992511233150275,0.6977976024533036,0.6977976024533036,0.9973959371489047,313,659
All-MPNet-Base-v2,5,5,4,0.3770277542861536,0.2602972399150743,0.6835795929746306,0.6835795929746306,0.997584516780294,294,793
All-MPNet-Base-v2,5,5,5,0.36041774683356786,0.24541053056284043,0.6782826874825759,0.6782826874825759,0.9974066834146641,267,850
All-MPNet-Base-v2,5,5,6,0.3371870345414568,0.22612252663622526,0.6626707555059939,0.6626707555059939,0.9971799718725161,232,949
All-MPNet-Base-v2,5,5,7,0.33342788256984823,0.22358535425582501,0.6554223585168665,0.6554223585168665,0.997169918914225,211,1058
All-MPNet-Base-v2,5,5,8,0.22474735714618357,0.134909985463491,0.6727069974909395,0.6727069974909395,0.9946362267711666,179,1013
All-MPNet-Base-v2,5,5,9,0.19960278053624628,0.11719547155143094,0.6724282129913577,0.6724282129913577,0.9937016483038406,151,1039
All-MPNet-Base-v2,5,5,10,0.19533064417552867,0.11438251574728002,0.6682464454976303,0.6682464454976303,0.9935664533475138,139,1120
All-MPNet-Base-v2,5,5,11,0.1877643078658021,0.10973542980886922,0.64984666852523,0.64984666852523,0.9934444312330855,124,1194
All-MPNet-Base-v2,5,6,2,0.35378209576682856,0.23551695463365055,0.7106216894340674,0.7106216894340674,0.9971317870034662,289,579
All-MPNet-Base-v2,5,6,3,0.3376484002951238,0.2223105458399576,0.7017005854474492,0.7017005854474492,0.9969477138706212,272,650
All-MPNet-Base-v2,5,6,4,0.3471386595774451,0.2317175679462034,0.6916643434625035,0.6916643434625035,0.9971484263827064,247,799
All-MPNet-Base-v2,5,6,5,0.34140938668143433,0.22709273413758174,0.6874825759687762,0.6874825759687762,0.9970905352090998,240,824
All-MPNet-Base-v2,5,6,6,0.33379636060563966,0.2222736102118213,0.6699191524951212,0.6699191524951212,0.9970853354030872,225,937
All-MPNet-Base-v2,5,6,7,0.33044580604267904,0.2210704862419902,0.6540284360189573,0.6540284360189573,0.9971345602333396,203,1077
All-MPNet-Base-v2,5,6,8,0.21326557434504512,0.12651385207131347,0.6785614719821578,0.6785614719821578,0.9941744839972504,173,972
All-MPNet-Base-v2,5,6,9,0.19871583799802436,0.11656767588970979,0.6729857819905213,0.6729857819905213,0.993657969933335,148,1041
All-MPNet-Base-v2,5,6,10,0.19279415872002553,0.11249767181970571,0.673543350989685,0.673543350989685,0.9933927798266939,133,1098
All-MPNet-Base-v2,5,6,11,0.18151572594684515,0.10538136735243914,0.6540284360189573,0.6540284360189573,0.9930960442302432,123,1167
All-MPNet-Base-v2,5,7,2,0.32526302446444416,0.21048314330243623,0.7153610259269585,0.7153610259269585,0.9966634578086007,255,592
All-MPNet-Base-v2,5,7,3,0.3201665825340737,0.20691623847973248,0.7072762754390856,0.7072762754390856,0.9966291390889177,236,693
All-MPNet-Base-v2,5,7,4,0.3261791375823602,0.21291091807187873,0.6969612489545581,0.6969612489545581,0.9967962261887883,227,773
All-MPNet-Base-v2,5,7,5,0.3199845231185916,0.20813758389261744,0.6916643434625035,0.6916643434625035,0.9967279354031565,215,822
All-MPNet-Base-v2,5,7,6,0.32123664831155047,0.21077833884729236,0.6749372734875941,0.6749372734875941,0.9968575838997367,202,953
All-MPNet-Base-v2,5,7,7,0.25123359580052496,0.15475651555325615,0.667131307499303,0.667131307499303,0.9954692356943804,194,1000
All-MPNet-Base-v2,5,7,8,0.20773930753564154,0.1225163905710425,0.6824644549763034,0.6824644549763034,0.9939221200787736,163,956
All-MPNet-Base-v2,5,7,9,0.19736842105263158,0.11563322959061527,0.6732645664901031,0.6732645664901031,0.993597305529855,146,1036
All-MPNet-Base-v2,5,7,10,0.1934376496886476,0.1128814348940135,0.6754948424867577,0.6754948424867577,0.993399019593909,132,1085
All-MPNet-Base-v2,5,7,11,0.17890571493798035,0.10359109936109274,0.6554223585168665,0.6554223585168665,0.9929476764320179,121,1157
All-MPNet-Base-v2,5,8,2,0.307316200584342,0.1954641990291262,0.7184276554223585,0.7184276554223585,0.9963230438416444,221,636
All-MPNet-Base-v2,5,8,3,0.3081904305072551,0.19631808112443663,0.7164761639252858,0.7164761639252858,0.9963528560627831,211,713
All-MPNet-Base-v2,5,8,4,0.3157432940586613,0.20365429703290483,0.7022581544466128,0.7022581544466128,0.9965854607184121,204,812
All-MPNet-Base-v2,5,8,5,0.31373533287318817,0.20242914979757085,0.6969612489545581,0.6969612489545581,0.9965854607184121,197,849
All-MPNet-Base-v2,5,8,6,0.24214544386806303,0.14685107140737222,0.6897128519654308,0.6897128519654308,0.9950175458787551,179,904
All-MPNet-Base-v2,5,8,7,0.2184476644924047,0.12957000415454922,0.695567326456649,0.695567326456649,0.9941897367615539,171,928
All-MPNet-Base-v2,5,8,8,0.19564107598664834,0.11385867081086022,0.6944521884583217,0.6944521884583217,0.9932794240556199,154,910
All-MPNet-Base-v2,5,8,9,0.19129359004098043,0.11104627676287086,0.6897128519654308,0.6897128519654308,0.9931345227947362,140,983
All-MPNet-Base-v2,5,8,10,0.18426524517031492,0.10658677396780966,0.6793978254809032,0.6793978254809032,0.9929189041720817,129,1051
All-MPNet-Base-v2,5,8,11,0.17778784789094068,0.10282170000873592,0.6562587120156119,0.6562587120156119,0.9928797323001203,119,1159
All-MPNet-Base-v2,5,9,2,0.2893252087564884,0.1813680413100375,0.7148034569277948,0.7148034569277948,0.9959881763344349,194,699
All-MPNet-Base-v2,5,9,3,0.2852470110534627,0.17879109225874867,0.705045999442431,0.705045999442431,0.9959732702238655,184,780
All-MPNet-Base-v2,5,9,4,0.28899701037575476,0.18297209026128267,0.6872037914691943,0.6872037914691943,0.9961843823479759,177,884
All-MPNet-Base-v2,5,9,5,0.295903330386089,0.18762146808192556,0.6997490939503763,0.6997490939503763,0.9962325672170257,176,881
All-MPNet-Base-v2,5,9,6,0.20594107819567256,0.12059749928414623,0.7044884304432674,0.7044884304432674,0.9936122116404243,158,847
All-MPNet-Base-v2,5,9,7,0.19644813018306995,0.11425581289529964,0.7000278784499582,0.7000278784499582,0.9932520384106204,151,896
All-MPNet-Base-v2,5,9,8,0.1912298811025729,0.11081081081081082,0.69724003345414,0.69724003345414,0.9930430062089151,143,913
All-MPNet-Base-v2,5,9,9,0.18754033635776926,0.10855234244528435,0.6885977139671035,0.6885977139671035,0.9929684756560682,135,993
All-MPNet-Base-v2,5,9,10,0.1842592942778261,0.10658965607771069,0.6791190409813215,0.6791190409813215,0.9929220240556892,128,1059
All-MPNet-Base-v2,5,9,11,0.17715478675812704,0.10225072083315402,0.662391971006412,0.662391971006412,0.9927684564514513,117,1132
All-MPNet-Base-v2,5,10,2,0.26824856352415405,0.16575711749621935,0.7028157234457764,0.7028157234457764,0.9956016574208338,176,774
All-MPNet-Base-v2,5,10,3,0.26502760704240025,0.1629620139645122,0.7092277669361583,0.7092277669361583,0.9954702756555829,166,812
All-MPNet-Base-v2,5,10,4,0.22246881796795243,0.13229859571322986,0.698633955952049,0.698633955952049,0.9943023992251596,157,851
All-MPNet-Base-v2,5,10,5,0.2108843537414966,0.12361277924573624,0.7173125174240312,0.7173125174240312,0.9936763425812462,151,823
All-MPNet-Base-v2,5,10,6,0.18256072221824174,0.10473958975623793,0.7103429049344856,0.7103429049344856,0.9924502283234821,139,832
All-MPNet-Base-v2,5,10,7,0.1880494710177321,0.10852646515027733,0.7036520769445219,0.7036520769445219,0.9928128281294253,135,907
All-MPNet-Base-v2,5,10,8,0.18508124076809454,0.10667007193632146,0.698633955952049,0.698633955952049,0.9927247780809457,130,930
All-MPNet-Base-v2,5,10,9,0.18495169172231132,0.10676141257536606,0.6911067744633398,0.6911067744633398,0.9928100548995519,127,993
All-MPNet-Base-v2,5,10,10,0.17996516325093578,0.10377842366216447,0.6768887649846669,0.6768887649846669,0.992731364501895,122,1061
All-MPNet-Base-v2,5,10,11,0.17603204628908423,0.10152305981004535,0.6615556175076666,0.6615556175076666,0.9927199249286673,115,1134
All-MPNet-Base-v2,5,11,2,0.2576484548315534,0.15807799442896936,0.6961248954558127,0.6961248954558127,0.9953898519892551,158,831
All-MPNet-Base-v2,5,11,3,0.21344942727925947,0.12579713033080908,0.7039308614441037,0.7039308614441037,0.9939172669264952,144,848
All-MPNet-Base-v2,5,11,4,0.2162719731809,0.12784552845528455,0.7014218009478673,0.7014218009478673,0.9940500353066828,142,883
All-MPNet-Base-v2,5,11,5,0.18941422440670505,0.10905558371346512,0.7198215779202677,0.7198215779202677,0.9926876861313894,133,832
All-MPNet-Base-v2,5,11,6,0.18476774694209377,0.10650080940615149,0.6969612489545581,0.6969612489545581,0.99272928457949,134,895
All-MPNet-Base-v2,5,11,7,0.1831831831831832,0.10544289388254142,0.69724003345414,0.69724003345414,0.9926447010683521,126,943
All-MPNet-Base-v2,5,11,8,0.18133822181484877,0.10439885173927727,0.6894340674658489,0.6894340674658489,0.9926457410295546,120,980
All-MPNet-Base-v2,5,11,9,0.1800171943333458,0.1039454372787706,0.6713130749930304,0.6713130749930304,0.992804161786071,117,1082
All-MPNet-Base-v2,5,11,10,0.1762776117226799,0.1013964020631526,0.6741009199888486,0.6741009199888486,0.992571557130442,114,1091
All-MPNet-Base-v2,5,11,11,0.17582417582417584,0.10141761959826974,0.6601616950097574,0.6601616950097574,0.9927268580033508,113,1154
All-MPNet-Base-v2,10,2,2,0.448867953198602,0.49331997327989313,0.4117647058823529,0.4117647058823529,0.999474126285262,1066,676
All-MPNet-Base-v2,10,2,3,0.444257290241078,0.35690121786197565,0.5882352941176471,0.5882352941176471,0.9986820225026805,543,745
All-MPNet-Base-v2,10,2,4,0.4096141449488903,0.30583058305830585,0.6200167270699749,0.6200167270699749,0.998250091949903,402,873
All-MPNet-Base-v2,10,2,5,0.3775994477521788,0.2734316420894776,0.6099804850850292,0.6099804850850292,0.9979845551895278,330,984
All-MPNet-Base-v2,10,2,6,0.27507163323782235,0.1760299625468165,0.6289378310565933,0.6289378310565933,0.9963393365671505,269,1042
All-MPNet-Base-v2,10,2,7,0.24664251880746726,0.1541301016854715,0.6169500975745749,0.6169500975745749,0.9957898903984889,225,1112
All-MPNet-Base-v2,10,2,8,0.20145150648779414,0.11959473574263631,0.6384165040423753,0.6384165040423753,0.9941561113493392,195,1026
All-MPNet-Base-v2,10,2,9,0.19562363238512034,0.1160255411929606,0.623083356565375,0.623083356565375,0.9940971802145301,176,1114
All-MPNet-Base-v2,10,2,10,0.19434214931369267,0.11433354670343197,0.6473376080289935,0.6473376080289935,0.9937647392834598,149,1143
All-MPNet-Base-v2,10,2,11,0.18836657367697882,0.11071953010279001,0.6306105380540842,0.6306105380540842,0.9937019949575748,137,1233
All-MPNet-Base-v2,10,3,2,0.4461071351116894,0.3650399290150843,0.5734597156398105,0.5734597156398105,0.9987596729391349,585,660
All-MPNet-Base-v2,10,3,3,0.4493703819336039,0.35851876453005643,0.6018957345971564,0.6018957345971564,0.998660876624896,516,724
All-MPNet-Base-v2,10,3,4,0.4006926406926407,0.2905939972372222,0.645107332032339,0.645107332032339,0.998041753055666,361,820
All-MPNet-Base-v2,10,3,5,0.28071672354948807,0.17962717416738164,0.6420407025369389,0.6420407025369389,0.9963538960239857,289,884
All-MPNet-Base-v2,10,3,6,0.2568411741942617,0.1601848020962626,0.6476163925285754,0.6476163925285754,0.995778104171527,234,972
All-MPNet-Base-v2,10,3,7,0.24815538194444445,0.15405860559110812,0.6375801505436298,0.6375801505436298,0.995646722406276,211,1069
All-MPNet-Base-v2,10,3,8,0.2004738315744131,0.11855512533115957,0.6487315305269027,0.6487315305269027,0.9940025437451013,178,1011
All-MPNet-Base-v2,10,3,9,0.19875456302340563,0.11747385521372729,0.645107332032339,0.645107332032339,0.9939737714851651,158,1086
All-MPNet-Base-v2,10,3,10,0.19452862302295654,0.11428153350892596,0.6531920825202119,0.6531920825202119,0.9937051148411823,140,1131
All-MPNet-Base-v2,10,3,11,0.18751552280817949,0.11010646055126148,0.6314468915528296,0.6314468915528296,0.9936541567422591,128,1232
All-MPNet-Base-v2,10,4,2,0.4155961642844219,0.3076201955269854,0.640367995539448,0.640367995539448,0.9982078001943341,425,605
All-MPNet-Base-v2,10,4,3,0.4038698328935796,0.29500192727739943,0.6400892110398662,0.6400892110398662,0.9980979109606017,394,684
All-MPNet-Base-v2,10,4,4,0.39962524486840983,0.28771155261221487,0.6540284360189573,0.6540284360189573,0.9979866351119328,348,814
All-MPNet-Base-v2,10,4,5,0.2773004680926705,0.17607223476297967,0.6523557290214664,0.6523557290214664,0.9962041416108236,270,861
All-MPNet-Base-v2,10,4,6,0.2540267910407289,0.1576892001077296,0.65291329802063,0.65291329802063,0.9956633617855163,223,954
All-MPNet-Base-v2,10,4,7,0.2411125052279381,0.14838170001930379,0.6428770560356845,0.6428770560356845,0.9954120378282421,199,1038
All-MPNet-Base-v2,10,4,8,0.20202362304728844,0.11909753419187381,0.6651798160022303,0.6651798160022303,0.9938822548993439,168,986
All-MPNet-Base-v2,10,4,9,0.20532582810132063,0.121539881074431,0.660998048508503,0.660998048508503,0.9940593949575055,154,1075
All-MPNet-Base-v2,10,4,10,0.1841068808402193,0.10685312177849492,0.6646222470030666,0.6646222470030666,0.9930922310391673,135,1064
All-MPNet-Base-v2,10,4,11,0.18727205671433841,0.10977132974634896,0.6370225815444661,0.6370225815444661,0.9935761596520706,126,1217
All-MPNet-Base-v2,10,5,2,0.4033333333333333,0.28765006537501486,0.6746584889880123,0.6746584889880123,0.9979225041711111,349,626
All-MPNet-Base-v2,10,5,3,0.381078967943706,0.2648049549060089,0.6793978254809032,0.6793978254809032,0.9976545408345966,322,659
All-MPNet-Base-v2,10,5,4,0.3892225288102581,0.2745277618775043,0.6685252299972122,0.6685252299972122,0.9978032552865561,301,827
All-MPNet-Base-v2,10,5,5,0.2757158006362672,0.17479644431164562,0.6523557290214664,0.6523557290214664,0.996170516198609,263,873
All-MPNet-Base-v2,10,5,6,0.24918203064139186,0.15311462854225172,0.6688040144967939,0.6688040144967939,0.9954002516012803,213,905
All-MPNet-Base-v2,10,5,7,0.2372949785516023,0.14487305891052502,0.6554223585168665,0.6554223585168665,0.9951894861309041,188,992
All-MPNet-Base-v2,10,5,8,0.20391212259645333,0.11980284989264103,0.6844159464733761,0.6844159464733761,0.9937474065967512,164,940
All-MPNet-Base-v2,10,5,9,0.20478642835504393,0.12120901639344263,0.6596041260105938,0.6596041260105938,0.9940535018440245,149,1089
All-MPNet-Base-v2,10,5,10,0.17740977276102776,0.10233454701220818,0.6660161695009758,0.6660161695009758,0.9927355243467051,131,1043
All-MPNet-Base-v2,10,5,11,0.17108107117998314,0.09848165331083931,0.6509618065235573,0.6509618065235573,0.9925902764320872,119,1118
All-MPNet-Base-v2,10,6,2,0.37034249153180276,0.25366054856671477,0.6858098689712852,0.6858098689712852,0.9974909202720678,298,610
All-MPNet-Base-v2,10,6,3,0.3587320052348408,0.24264778203993312,0.687761360468358,0.687761360468358,0.9973307662468806,277,653
All-MPNet-Base-v2,10,6,4,0.27307692307692305,0.17005406145213167,0.6927794814608308,0.6927794814608308,0.9957957835119697,248,734
All-MPNet-Base-v2,10,6,5,0.26547585821936925,0.16596873255164712,0.6629495400055757,0.6629495400055757,0.9958574878766523,231,854
All-MPNet-Base-v2,10,6,6,0.24812375555215194,0.151875,0.6774463339838305,0.6774463339838305,0.9952959088272947,208,882
All-MPNet-Base-v2,10,6,7,0.2377439911686487,0.1449638967078693,0.6604404795093393,0.6604404795093393,0.9951562073724236,185,993
All-MPNet-Base-v2,10,6,8,0.20323554967106625,0.11932756777766981,0.6846947309729579,0.6846947309729579,0.99371655441441,162,938
All-MPNet-Base-v2,10,6,9,0.20478642835504393,0.12120901639344263,0.6596041260105938,0.6596041260105938,0.9940535018440245,149,1089
All-MPNet-Base-v2,10,6,10,0.17692108476081245,0.1019964166879959,0.6665737385001393,0.6665737385001393,0.9927025922419588,129,1045
All-MPNet-Base-v2,10,6,11,0.17108107117998314,0.09848165331083931,0.6509618065235573,0.6509618065235573,0.9925902764320872,119,1118
All-MPNet-Base-v2,10,7,2,0.3325062034739454,0.21891557753444013,0.6911067744633398,0.6911067744633398,0.9969338477212544,256,619
All-MPNet-Base-v2,10,7,3,0.32730897009966775,0.21486521852918083,0.6866462224700307,0.6866462224700307,0.9968801163924578,239,685
All-MPNet-Base-v2,10,7,4,0.26197510023211645,0.16155898236710262,0.6922219124616671,0.6922219124616671,0.9955330199814679,222,764
All-MPNet-Base-v2,10,7,5,0.2588661661920787,0.15895218718209564,0.6969612489545581,0.6969612489545581,0.9954144644043813,202,818
All-MPNet-Base-v2,10,7,6,0.24109452736318407,0.14673287712711197,0.6754948424867577,0.6754948424867577,0.9951156488855256,189,901
All-MPNet-Base-v2,10,7,7,0.23682895131460563,0.14428406114866923,0.6604404795093393,0.6604404795093393,0.9951295150348924,183,994
All-MPNet-Base-v2,10,7,8,0.20266644652660254,0.1189437984496124,0.6844159464733761,0.6844159464733761,0.9936961018440938,160,940
All-MPNet-Base-v2,10,7,9,0.20424505962888018,0.12077393075356416,0.6612768330080847,0.6612768330080847,0.994013983318329,147,1084
All-MPNet-Base-v2,10,7,10,0.17574602243566245,0.10117766240344435,0.6682464454976303,0.6682464454976303,0.9926183553845551,126,1035
All-MPNet-Base-v2,10,7,11,0.16815240833932424,0.09652127264474064,0.6520769445218846,0.6520769445218846,0.9924103631440523,116,1097
All-MPNet-Base-v2,10,8,2,0.3102935711631364,0.19945855561748546,0.6983551714524673,0.6983551714524673,0.9965147433566411,224,622
All-MPNet-Base-v2,10,8,3,0.24609049463208982,0.1492981203901975,0.6997490939503763,0.6997490939503763,0.9950421582938812,209,664
All-MPNet-Base-v2,10,8,4,0.22853574773649704,0.1360305829882128,0.7142458879286312,0.7142458879286312,0.9943592504375637,196,706
All-MPNet-Base-v2,10,8,5,0.2184823050964783,0.12930813745070927,0.7039308614441037,0.7039308614441037,0.9941061932116186,184,766
All-MPNet-Base-v2,10,8,6,0.213825602005966,0.12653499795333606,0.6894340674658489,0.6894340674658489,0.9940822741039608,172,867
All-MPNet-Base-v2,10,8,7,0.21274395760630735,0.12581532816958826,0.6883189294675216,0.6883189294675216,0.9940531551902904,165,903
All-MPNet-Base-v2,10,8,8,0.20165611300535802,0.11801035678654567,0.6925006969612489,0.6925006969612489,0.9935643734251087,157,916
All-MPNet-Base-v2,10,8,9,0.19435532994923857,0.11374655385492917,0.667131307499303,0.667131307499303,0.9935366411263751,142,1038
All-MPNet-Base-v2,10,8,10,0.17423170421973078,0.10015016267623258,0.6693615834959576,0.6693615834959576,0.9925216389927213,124,1022
All-MPNet-Base-v2,10,8,11,0.16732669734917408,0.09594141232305049,0.6537496515193755,0.6537496515193755,0.9923399924360156,112,1100
All-MPNet-Base-v2,10,9,2,0.23109419247017315,0.13863205970814302,0.6938946194591581,0.6938946194591581,0.99463900000104,192,675
All-MPNet-Base-v2,10,9,3,0.20725806451612902,0.12115212369773252,0.7164761639252858,0.7164761639252858,0.9935373344338434,180,644
All-MPNet-Base-v2,10,9,4,0.22310340319839644,0.13221774610060943,0.7136883189294675,0.7136883189294675,0.9941755239584529,176,731
All-MPNet-Base-v2,10,9,5,0.2077741974956153,0.12169135212613473,0.7100641204349039,0.7100641204349039,0.9936274644047279,166,782
All-MPNet-Base-v2,10,9,6,0.21011441452936924,0.12397109014254167,0.6885977139671035,0.6885977139671035,0.9939495057237732,162,882
All-MPNet-Base-v2,10,9,7,0.20897294546688153,0.12323080770192549,0.6869250069696125,0.6869250069696125,0.9939228133862419,153,947
All-MPNet-Base-v2,10,9,8,0.1982394790787411,0.11581814766109337,0.6874825759687762,0.6874825759687762,0.99347389680049,147,953
All-MPNet-Base-v2,10,9,9,0.1918246540276778,0.11197758580434275,0.6685252299972122,0.6685252299972122,0.9934076859372633,139,1029
All-MPNet-Base-v2,10,9,10,0.17226786158824994,0.09872819174955161,0.6752160579871759,0.6752160579871759,0.9923354859374713,122,992
All-MPNet-Base-v2,10,9,11,0.16813554444404474,0.09652238559392037,0.651519375522721,0.651519375522721,0.9924169495650016,113,1111
All-MPNet-Base-v2,10,10,2,0.22568677678650295,0.13408554185253213,0.7122943964315585,0.7122943964315585,0.9942802133861726,174,671
All-MPNet-Base-v2,10,10,3,0.20100580270793036,0.11669586309122759,0.7242821299135768,0.7242821299135768,0.9931830543175203,163,661
All-MPNet-Base-v2,10,10,4,0.2128994962424643,0.12495758809558431,0.7187064399219404,0.7187064399219404,0.9937418601370045,158,739
All-MPNet-Base-v2,10,10,5,0.18606172974152035,0.10698160535117057,0.7134095344298857,0.7134095344298857,0.9925951295843657,143,782
All-MPNet-Base-v2,10,10,6,0.19498107169340045,0.11335995643492466,0.6964036799553944,0.6964036799553944,0.99322707934176,139,872
All-MPNet-Base-v2,10,10,7,0.19256000617426874,0.11174810767232499,0.695567326456649,0.695567326456649,0.9931251631439136,133,908
All-MPNet-Base-v2,10,10,8,0.1769350063442831,0.10127092999798265,0.6997490939503763,0.6997490939503763,0.992278288071333,126,897
All-MPNet-Base-v2,10,10,9,0.18237288135593221,0.10543047511213692,0.6749372734875941,0.6749372734875941,0.992879038992652,124,993
All-MPNet-Base-v2,10,10,10,0.1711556694876567,0.09791080755323422,0.6793978254809032,0.6793978254809032,0.9922165837066506,118,986
All-MPNet-Base-v2,10,10,11,0.16586887919724852,0.09501949951251219,0.6520769445218846,0.6520769445218846,0.9922775947638647,111,1108
All-MPNet-Base-v2,10,11,2,0.1924139475845591,0.11108237424026898,0.7184276554223585,0.7184276554223585,0.9928513066939183,153,666
All-MPNet-Base-v2,10,11,3,0.19335849056603774,0.11181425391699036,0.7142458879286312,0.7142458879286312,0.9929452498558787,148,720
All-MPNet-Base-v2,10,11,4,0.19005322077445402,0.10943444078113111,0.7217730694173404,0.7217730694173404,0.9926963524747436,137,736
All-MPNet-Base-v2,10,11,5,0.17912958161048426,0.10244078393651557,0.7125731809311402,0.7125731809311402,0.9922366896232324,128,809
All-MPNet-Base-v2,10,11,6,0.18067888857061015,0.10365227394108706,0.7033732924449401,0.7033732924449401,0.9924367088278493,123,861
All-MPNet-Base-v2,10,11,7,0.18078771791376713,0.10374212671359763,0.7025369389461946,0.7025369389461946,0.9924530015533554,120,900
All-MPNet-Base-v2,10,11,8,0.17216956923392754,0.09812792511700467,0.7014218009478673,0.7014218009478673,0.9919839790510215,117,885
All-MPNet-Base-v2,10,11,9,0.17002050533486254,0.09711744620026999,0.6819068859771397,0.6819068859771397,0.9921170940849433,114,970
All-MPNet-Base-v2,10,11,10,0.1668499931252578,0.09515781219368752,0.676609980485085,0.676609980485085,0.9919999251227934,112,1013
All-MPNet-Base-v2,10,11,11,0.16551089725445797,0.09478461725493374,0.6520769445218846,0.6520769445218846,0.9922564488860802,110,1107
All-MPNet-Base-v2,20,2,2,0.45222551928783383,0.483349191246432,0.42486757736269865,0.42486757736269865,0.9994353010670348,1034,687
All-MPNet-Base-v2,20,2,3,0.4480616834439923,0.3637628238567206,0.5832171731251743,0.5832171731251743,0.998731593986667,571,750
All-MPNet-Base-v2,20,2,4,0.39936578996455885,0.3000700770847933,0.5968776136046836,0.5968776136046836,0.9982688112515482,399,907
All-MPNet-Base-v2,20,2,5,0.35251632731463695,0.2433177768349597,0.6395316420407026,0.6395316420407026,0.9975269722604215,312,957
All-MPNet-Base-v2,20,2,6,0.3312480927677754,0.22802226656863775,0.6052411485921383,0.6052411485921383,0.9974520950538405,269,1112
All-MPNet-Base-v2,20,2,7,0.2193243562485235,0.1320400500625782,0.6470588235294118,0.6470588235294118,0.9947111039777476,220,997
All-MPNet-Base-v2,20,2,8,0.2150424739906462,0.12972879599239936,0.6281014775578477,0.6281014775578477,0.9947606754617341,195,1089
All-MPNet-Base-v2,20,2,9,0.20810081008100811,0.12408093168035206,0.6445497630331753,0.6445497630331753,0.9943422644045893,174,1111
All-MPNet-Base-v2,20,2,10,0.18769993602047344,0.10956537976751786,0.6543072205185392,0.6543072205185392,0.9933879266744156,140,1113
All-MPNet-Base-v2,20,2,11,0.1876252402568192,0.10993961468417521,0.6395316420407026,0.6395316420407026,0.9935619468489696,129,1240
All-MPNet-Base-v2,20,3,2,0.4727152463895932,0.39095550692924874,0.5977139671034291,0.5977139671034291,0.9988421765278677,601,627
All-MPNet-Base-v2,20,3,3,0.43922369765066394,0.3466064807351282,0.59938667410092,0.59938667410092,0.9985950124154035,518,724
All-MPNet-Base-v2,20,3,4,0.39238396069141,0.2862996158770807,0.6233621410649568,0.6233621410649568,0.9980677520857288,356,839
All-MPNet-Base-v2,20,3,5,0.35676094537001163,0.2470487229019103,0.6417619180373572,0.6417619180373572,0.9975678774010538,292,964
All-MPNet-Base-v2,20,3,6,0.23201738866703736,0.14170165472956286,0.6398104265402843,0.6398104265402843,0.995181166441284,227,980
All-MPNet-Base-v2,20,3,7,0.21990109534593522,0.1318005540166205,0.6632283245051576,0.6632283245051576,0.9945675893318007,194,970
All-MPNet-Base-v2,20,3,8,0.21316265479337693,0.12785134082563704,0.6406467800390299,0.6406467800390299,0.9945658560631297,182,1026
All-MPNet-Base-v2,20,3,9,0.19713395638629283,0.11582389691526747,0.6615556175076666,0.6615556175076666,0.9937203676054859,156,1019
All-MPNet-Base-v2,20,3,10,0.18823435376868355,0.10986703988803359,0.6565374965151938,0.6565374965151938,0.9933858467520105,134,1108
All-MPNet-Base-v2,20,3,11,0.18707842340511988,0.10949912001141607,0.6417619180373572,0.6417619180373572,0.9935102954425781,124,1231
All-MPNet-Base-v2,20,4,2,0.42310976188217436,0.3206787460454415,0.6216894340674658,0.6216894340674658,0.9983624077597745,435,659
All-MPNet-Base-v2,20,4,3,0.40089806915132464,0.2957074721780604,0.6222470030666295,0.6222470030666295,0.998157188749145,388,726
All-MPNet-Base-v2,20,4,4,0.39593908629441626,0.28633648581383775,0.6414831335377753,0.6414831335377753,0.9980119408345273,340,834
All-MPNet-Base-v2,20,4,5,0.34889543446244475,0.2370659461623136,0.6604404795093393,0.6604404795093393,0.9973571119306776,279,919
All-MPNet-Base-v2,20,4,6,0.2445973027135352,0.1517881150847002,0.6294954000557569,0.6294954000557569,0.9956259231822259,221,1019
All-MPNet-Base-v2,20,4,7,0.20964708969257007,0.12432572614107884,0.6682464454976303,0.6682464454976303,0.994147445005985,182,926
All-MPNet-Base-v2,20,4,8,0.20943848132706466,0.12453188459306926,0.6582102035126847,0.6582102035126847,0.9942462413202238,173,977
All-MPNet-Base-v2,20,4,9,0.19488358723771199,0.11427333140710777,0.6615556175076666,0.6615556175076666,0.9936239978673862,152,1013
All-MPNet-Base-v2,20,4,10,0.18142731006948443,0.10519989315288042,0.6587677725118484,0.6587677725118484,0.9930326065968899,129,1087
All-MPNet-Base-v2,20,4,11,0.18327197878320073,0.10680014762871379,0.6453861165319208,0.6453861165319208,0.9932884370527083,121,1205
All-MPNet-Base-v2,20,5,2,0.3812118210335149,0.27078691216136974,0.6437134095344299,0.6437134095344299,0.9978445070809225,342,661
All-MPNet-Base-v2,20,5,3,0.3803865785289934,0.2717599234815878,0.6336771675494842,0.6336771675494842,0.9978885321051623,329,725
All-MPNet-Base-v2,20,5,4,0.37249465261823655,0.2601814962372731,0.6554223585168665,0.6554223585168665,0.9976826197870645,295,840
All-MPNet-Base-v2,20,5,5,0.25689627786308045,0.15856209150326797,0.6763311959855032,0.6763311959855032,0.995537179826278,257,827
All-MPNet-Base-v2,20,5,6,0.24052752773707348,0.14805747052380647,0.6406467800390299,0.6406467800390299,0.9954161976730521,215,986
All-MPNet-Base-v2,20,5,7,0.20516090634697956,0.12103731942215089,0.6727069974909395,0.6727069974909395,0.9939255866161153,176,905
All-MPNet-Base-v2,20,5,8,0.2110014603708457,0.12540768016833245,0.6646222470030666,0.6646222470030666,0.994236535015667,168,978
All-MPNet-Base-v2,20,5,9,0.18922690482835614,0.11040290313575882,0.6615556175076666,0.6615556175076666,0.9933716339489095,147,1009
All-MPNet-Base-v2,20,5,10,0.1776070416231538,0.10251883745963401,0.6637858935043212,0.6637858935043212,0.9927743495649323,126,1059
All-MPNet-Base-v2,20,5,11,0.17627170155377428,0.10204081632653061,0.64678003902983,0.64678003902983,0.9929227173631576,117,1179
All-MPNet-Base-v2,20,6,2,0.3598258431112095,0.24468085106382978,0.6796766099804851,0.6796766099804851,0.9973910839966263,294,613
All-MPNet-Base-v2,20,6,3,0.3561444379732091,0.2410089664006306,0.6819068859771397,0.6819068859771397,0.9973297262856781,277,713
All-MPNet-Base-v2,20,6,4,0.24746387949585,0.15159123721047016,0.6732645664901031,0.6732645664901031,0.9953146281289399,245,731
All-MPNet-Base-v2,20,6,5,0.2442163321587253,0.1494935600850319,0.6665737385001393,0.6665737385001393,0.995284469254067,220,891
All-MPNet-Base-v2,20,6,6,0.2218983592684876,0.13345396969011536,0.6579314190131029,0.6579314190131029,0.9946878781775581,206,911
All-MPNet-Base-v2,20,6,7,0.20631078268993927,0.12169338677354709,0.6771675494842486,0.6771675494842486,0.9939228133862419,174,904
All-MPNet-Base-v2,20,6,8,0.20760436514810324,0.12289156626506025,0.6682464454976303,0.6682464454976303,0.9940694479157964,164,963
All-MPNet-Base-v2,20,6,9,0.18984843700663087,0.11057979677226538,0.6704767214942849,0.6704767214942849,0.9932943301661893,143,997
All-MPNet-Base-v2,20,6,10,0.17577895355673134,0.10123153751745737,0.6668525229997212,0.6668525229997212,0.9926381146474029,124,1043
All-MPNet-Base-v2,20,6,11,0.1744059461691505,0.10077216727398924,0.6476163925285754,0.6476163925285754,0.9928142147443619,115,1170
All-MPNet-Base-v2,20,7,2,0.2530895207475133,0.15435994852625773,0.7022581544466128,0.7022581544466128,0.9952161784684352,243,587
All-MPNet-Base-v2,20,7,3,0.25139337048987975,0.15242781763206262,0.7167549484248675,0.7167549484248675,0.9950442382162863,229,628
All-MPNet-Base-v2,20,7,4,0.24222427094958512,0.14663376806485726,0.6958461109562308,0.6958461109562308,0.9949645078574268,213,748
All-MPNet-Base-v2,20,7,5,0.23884114903019887,0.1449517224937418,0.6780039029829942,0.6780039029829942,0.9950269055295777,199,881
All-MPNet-Base-v2,20,7,6,0.1956573992468552,0.11424561403508772,0.6807917479788124,0.6807917479788124,0.9934368048509337,177,844
All-MPNet-Base-v2,20,7,7,0.20426496515825707,0.12023721275018533,0.6782826874825759,0.6782826874825759,0.9938288702242815,168,890
All-MPNet-Base-v2,20,7,8,0.19984998749895824,0.11748566949194061,0.6685252299972122,0.6685252299972122,0.9937557262863713,159,949
All-MPNet-Base-v2,20,7,9,0.1867982439100198,0.10852293246659443,0.6701979369947031,0.6701979369947031,0.993154282057584,141,994
All-MPNet-Base-v2,20,7,10,0.1756243610340295,0.10104617453048191,0.6704767214942849,0.6704767214942849,0.9925829967036697,122,1028
All-MPNet-Base-v2,20,7,11,0.1691832039114179,0.09711502744644847,0.6559799275160301,0.6559799275160301,0.9924166029112674,109,1152
All-MPNet-Base-v2,20,8,2,0.2402260092955436,0.14358080505474155,0.734875940897686,0.734875940897686,0.9945495633376238,213,557
All-MPNet-Base-v2,20,8,3,0.24040897158384378,0.14399205561072492,0.7276275439085587,0.7276275439085587,0.9946213206605973,204,644
All-MPNet-Base-v2,20,8,4,0.21242468314980262,0.12481687664811017,0.7125731809311402,0.7125731809311402,0.993787271776181,184,706
All-MPNet-Base-v2,20,8,5,0.20826363332218134,0.12250922509225093,0.6941734039587399,0.6941734039587399,0.9938174306510539,174,810
All-MPNet-Base-v2,20,8,6,0.19049466537342385,0.1106453939066162,0.6844159464733761,0.6844159464733761,0.9931594818635966,163,818
All-MPNet-Base-v2,20,8,7,0.19808126410835214,0.11578153715659018,0.6849735154725397,0.6849735154725397,0.9934953893320086,160,848
All-MPNet-Base-v2,20,8,8,0.19747641798358448,0.11568270978853698,0.6741009199888486,0.6741009199888486,0.9935924523775767,154,938
All-MPNet-Base-v2,20,8,9,0.1868366831240524,0.10855619804842791,0.6699191524951212,0.6699191524951212,0.9931594818635966,140,1001
All-MPNet-Base-v2,20,8,10,0.17467311998844182,0.10033611353168181,0.6741009199888486,0.6741009199888486,0.9924842003894309,120,1012
All-MPNet-Base-v2,20,8,11,0.1691832039114179,0.09711502744644847,0.6559799275160301,0.6559799275160301,0.9924166029112674,109,1152
All-MPNet-Base-v2,20,9,2,0.2236546115244852,0.13236724870705105,0.7206579314190131,0.7206579314190131,0.9941262991282005,183,644
All-MPNet-Base-v2,20,9,3,0.2118301107795446,0.12411381490707032,0.722330638416504,0.722330638416504,0.9936614364706767,175,693
All-MPNet-Base-v2,20,9,4,0.19584048845640145,0.11344946502785393,0.7153610259269585,0.7153610259269585,0.9930488993223959,164,704
All-MPNet-Base-v2,20,9,5,0.19171083234834332,0.11104240282685512,0.7008642319487036,0.7008642319487036,0.9930232469460673,159,785
All-MPNet-Base-v2,20,9,6,0.1862081995087852,0.10770172217851211,0.6869250069696125,0.6869250069696125,0.992923410670626,152,830
All-MPNet-Base-v2,20,9,7,0.19364754098360656,0.1127633209417596,0.6849735154725397,0.6849735154725397,0.9932984900109993,151,864
All-MPNet-Base-v2,20,9,8,0.18676619236451286,0.10851592500564716,0.6696403679955395,0.6696403679955395,0.9931594818635966,142,943
All-MPNet-Base-v2,20,9,9,0.1855065844561163,0.10741834530788558,0.6793978254809032,0.6793978254809032,0.99298026188303,135,986
All-MPNet-Base-v2,20,9,10,0.1739036819062657,0.09979817949668437,0.6754948424867577,0.6754948424867577,0.9924235359859508,119,1002
All-MPNet-Base-v2,20,9,11,0.16832850863085666,0.0965401328195458,0.6565374965151938,0.6565374965151938,0.9923600983525974,108,1148
All-MPNet-Base-v2,20,10,2,0.193160744751873,0.11140106951871658,0.7259548369110678,0.7259548369110678,0.9927996552875268,160,645
All-MPNet-Base-v2,20,10,3,0.20109119251753702,0.11688488198251257,0.719264008921104,0.719264008921104,0.9932426787597978,157,716
All-MPNet-Base-v2,20,10,4,0.1872179894962645,0.10792716728497719,0.7056035684415947,0.7056035684415947,0.9927480038811352,148,751
All-MPNet-Base-v2,20,10,5,0.1803539183820874,0.10359706260631457,0.6961248954558127,0.6961248954558127,0.9925101994194937,143,796
All-MPNet-Base-v2,20,10,6,0.17922412208126492,0.10322771941714673,0.6793978254809032,0.6793978254809032,0.9926609937938582,138,867
All-MPNet-Base-v2,20,10,7,0.17727436174038116,0.10176278743343103,0.6872037914691943,0.6872037914691943,0.9924575080518996,132,862
All-MPNet-Base-v2,20,10,8,0.16956521739130434,0.09675894931674084,0.6849735154725397,0.6849735154725397,0.9920491499530457,123,886
All-MPNet-Base-v2,20,10,9,0.17672367812822246,0.10127975220084773,0.6927794814608308,0.6927794814608308,0.9923559385077874,122,920
All-MPNet-Base-v2,20,10,10,0.17324412322444452,0.09937607749774238,0.6749372734875941,0.6749372734875941,0.9923940704185462,117,1009
All-MPNet-Base-v2,20,10,11,0.16687194285111026,0.0954893274265002,0.660998048508503,0.660998048508503,0.9922145037842455,106,1134
All-MPNet-Base-v2,20,11,2,0.18340857787810383,0.10498687664041995,0.7248396989127405,0.7248396989127405,0.9923164199820919,143,677
All-MPNet-Base-v2,20,11,3,0.1832034018426648,0.10494052693541185,0.7206579314190131,0.7206579314190131,0.99235697846899,138,726
All-MPNet-Base-v2,20,11,4,0.1815631406682732,0.10422860918401057,0.7036520769445219,0.7036520769445219,0.992480387198355,135,791
All-MPNet-Base-v2,20,11,5,0.17648515727275943,0.10106986545631383,0.6952885419570672,0.6952885419570672,0.992310526868611,131,841
All-MPNet-Base-v2,20,11,6,0.1696558067140684,0.09715582205655944,0.6685252299972122,0.6685252299972122,0.9922751681877254,121,926
All-MPNet-Base-v2,20,11,7,0.1722714280673277,0.09861829347123464,0.6805129634792305,0.6805129634792305,0.9922658085369028,121,905
All-MPNet-Base-v2,20,11,8,0.17019627189118713,0.09741045498547919,0.6732645664901031,0.6732645664901031,0.9922429293904476,114,951
All-MPNet-Base-v2,20,11,9,0.16684088073641973,0.09489835059455312,0.6897128519654308,0.6897128519654308,0.9918203584884927,112,940
All-MPNet-Base-v2,20,11,10,0.1664819944598338,0.09504606017475191,0.6701979369947031,0.6701979369947031,0.9920654426785518,110,1035
All-MPNet-Base-v2,20,11,11,0.16368638239339753,0.09335896128348958,0.6635071090047393,0.6635071090047393,0.9919877922420974,103,1109
All-MPNet-Base-v2,50,2,2,0.4414504801490612,0.45427728613569324,0.4293281293560078,0.4293281293560078,0.999358690591783,1045,640
All-MPNet-Base-v2,50,2,3,0.44897093146615746,0.36239082034594966,0.589908001115138,0.589908001115138,0.9987094081476801,556,765
All-MPNet-Base-v2,50,2,4,0.3898305084745763,0.28807461692205194,0.6027320880959018,0.6027320880959018,0.9981478290983224,394,923
All-MPNet-Base-v2,50,2,5,0.2704805218119801,0.17220359646449254,0.6300529690549206,0.6300529690549206,0.9962339538319623,302,952
All-MPNet-Base-v2,50,2,6,0.2506938544321722,0.1573073642308786,0.6169500975745749,0.6169500975745749,0.9958904199813986,257,1046
All-MPNet-Base-v2,50,2,7,0.2235215182593693,0.13496151397650327,0.6501254530248118,0.6501254530248118,0.9948185666353407,205,1033
All-MPNet-Base-v2,50,2,8,0.20158380994280686,0.11967821135663166,0.6386952885419571,0.6386952885419571,0.9941581912717443,187,1038
All-MPNet-Base-v2,50,2,9,0.19623430962343097,0.11544331216462364,0.6537496515193755,0.6537496515193755,0.9937713257044091,164,1053
All-MPNet-Base-v2,50,2,10,0.1916427113277507,0.11265673981191222,0.6412043490381935,0.6412043490381935,0.9937200209517517,148,1143
All-MPNet-Base-v2,50,2,11,0.1772567409144197,0.10307685315638776,0.6322832450515752,0.6322832450515752,0.9931587885561283,132,1171
All-MPNet-Base-v2,50,3,2,0.4659852731069348,0.38461538461538464,0.5910231391134653,0.5910231391134653,0.9988241505336908,595,654
All-MPNet-Base-v2,50,3,3,0.4361453139310064,0.3434294871794872,0.5974351826038472,0.5974351826038472,0.9985797596510999,505,738
All-MPNet-Base-v2,50,3,4,0.4022753533019287,0.295276617954071,0.630889322553666,0.630889322553666,0.9981277231817405,360,878
All-MPNet-Base-v2,50,3,5,0.26450169258133,0.166522178875885,0.6425982715361026,0.6425982715361026,0.9960006558688651,274,916
All-MPNet-Base-v2,50,3,6,0.25183803357840445,0.15677300362046587,0.6398104265402843,0.6398104265402843,0.9957209063053888,233,1005
All-MPNet-Base-v2,50,3,7,0.22437395659432388,0.13534353780642192,0.6557011430164483,0.6557011430164483,0.9947911809903411,198,1024
All-MPNet-Base-v2,50,3,8,0.2031715853605842,0.12021885866230313,0.6554223585168665,0.6554223585168665,0.9940358225035818,173,1017
All-MPNet-Base-v2,50,3,9,0.18745769460481784,0.10934596804162021,0.6562587120156119,0.6562587120156119,0.9933532613009984,152,1020
All-MPNet-Base-v2,50,3,10,0.18530680064881117,0.10797602581834947,0.65291329802063,0.65291329802063,0.9932929435512525,135,1109
All-MPNet-Base-v2,50,3,11,0.1759465478841871,0.10202627477176575,0.6386952885419571,0.6386952885419571,0.9930100741041687,126,1148
All-MPNet-Base-v2,50,4,2,0.426775956284153,0.31692141214662517,0.6531920825202119,0.6531920825202119,0.9982493986424347,418,633
All-MPNet-Base-v2,50,4,3,0.4072785656944073,0.29944910807974817,0.6364650125453025,0.6364650125453025,0.9981485224057908,396,714
All-MPNet-Base-v2,50,4,4,0.39879518072289155,0.28843520478028134,0.6459436855310845,0.6459436855310845,0.9980185272554766,340,844
All-MPNet-Base-v2,50,4,5,0.25945169135529517,0.16180627369872458,0.6543072205185392,0.6543072205185392,0.9957853838999446,260,868
All-MPNet-Base-v2,50,4,6,0.24668094218415418,0.1526535480023852,0.6423194870365208,0.6423194870365208,0.9955666453936826,221,1005
All-MPNet-Base-v2,50,4,7,0.21662999633296662,0.12962861374732568,0.6587677725118484,0.6587677725118484,0.9944999918536372,187,988
All-MPNet-Base-v2,50,4,8,0.20023557126030625,0.11790933861778548,0.6635071090047393,0.6635071090047393,0.993827830263079,162,992
All-MPNet-Base-v2,50,4,9,0.18854121108504632,0.10995177147097014,0.660998048508503,0.660998048508503,0.9933466748800491,150,1015
All-MPNet-Base-v2,50,4,10,0.18032724067900524,0.10453131941359396,0.6559799275160301,0.6559799275160301,0.993012500680308,130,1085
All-MPNet-Base-v2,50,4,11,0.1758359887894959,0.10195903829029386,0.6384165040423753,0.6384165040423753,0.9930079941817638,121,1160
All-MPNet-Base-v2,50,5,2,0.3731805512542583,0.25833422660520955,0.671870643992194,0.671870643992194,0.9976015028132684,337,605
All-MPNet-Base-v2,50,5,3,0.3680837761800563,0.255728092083831,0.6565374965151938,0.6565374965151938,0.9976240353059895,321,705
All-MPNet-Base-v2,50,5,4,0.3507872574148663,0.2378823996821613,0.6676888764984666,0.6676888764984666,0.9973401258977032,284,805
All-MPNet-Base-v2,50,5,5,0.25805389385873445,0.16065327319939865,0.6554223585168665,0.6554223585168665,0.9957420521831732,253,874
All-MPNet-Base-v2,50,5,6,0.2396285145685564,0.14665833853841348,0.654586005018121,0.654586005018121,0.9952640166837509,211,948
All-MPNet-Base-v2,50,5,7,0.21742663656884875,0.1297204115714055,0.6713130749930304,0.6713130749930304,0.9943998089244617,178,965
All-MPNet-Base-v2,50,5,8,0.20213881316837912,0.11896534702339816,0.671870643992194,0.671870643992194,0.9938129241525097,160,980
All-MPNet-Base-v2,50,5,9,0.18423595809656346,0.10694731173144242,0.6643434625034849,0.6643434625034849,0.9931019373437242,142,999
All-MPNet-Base-v2,50,5,10,0.1798095238095238,0.10413449234434982,0.6579314190131029,0.6579314190131029,0.992961889235119,128,1078
All-MPNet-Base-v2,50,5,11,0.17472924187725633,0.10115276311158043,0.6409255645386116,0.6409255645386116,0.9929182108646133,119,1140
All-MPNet-Base-v2,50,6,2,0.35256364543963487,0.23687236489076274,0.689155282966267,0.689155282966267,0.9972392496610593,288,608
All-MPNet-Base-v2,50,6,3,0.35804674705969924,0.24423682339798924,0.6704767214942849,0.6704767214942849,0.9974202029102968,274,736
All-MPNet-Base-v2,50,6,4,0.26104481569875365,0.1611867959130207,0.686088653470867,0.686088653470867,0.9955604056264674,241,779
All-MPNet-Base-v2,50,6,5,0.2553596950929014,0.15760585467851543,0.6724282129913577,0.6724282129913577,0.9955309400590628,220,886
All-MPNet-Base-v2,50,6,6,0.23496642626212386,0.1429955200387456,0.6584889880122665,0.6584889880122665,0.9950927697390702,198,941
All-MPNet-Base-v2,50,6,7,0.2168512622752343,0.1292080795126643,0.6741009199888486,0.6741009199888486,0.9943509307479436,175,952
All-MPNet-Base-v2,50,6,8,0.20096409574468085,0.11808370366752942,0.6741009199888486,0.6741009199888486,0.9937397802145994,157,973
All-MPNet-Base-v2,50,6,9,0.17670271850336158,0.10167781001639965,0.6741009199888486,0.6741009199888486,0.9925944362768973,137,952
All-MPNet-Base-v2,50,6,10,0.17394151025752946,0.1000209161263334,0.6665737385001393,0.6665737385001393,0.9925420915630374,123,1041
All-MPNet-Base-v2,50,6,11,0.17400097374630163,0.10050186034438002,0.6476163925285754,0.6476163925285754,0.9927927222128433,117,1106
All-MPNet-Base-v2,50,7,2,0.34242773001150906,0.2261266094420601,0.705045999442431,0.705045999442431,0.9969997119307469,240,675
All-MPNet-Base-v2,50,7,3,0.3184508492022645,0.20699172033118676,0.6899916364650125,0.6899916364650125,0.9967130292925872,230,711
All-MPNet-Base-v2,50,7,4,0.24997494236744514,0.1523797885990102,0.6952885419570672,0.6952885419570672,0.9951908727458407,207,790
All-MPNet-Base-v2,50,7,5,0.21752608828537745,0.12896044729757714,0.6944521884583217,0.6944521884583217,0.9941675509225669,191,796
All-MPNet-Base-v2,50,7,6,0.21102992345163535,0.1250193249162587,0.6763311959855032,0.6763311959855032,0.9941141662475045,179,881
All-MPNet-Base-v2,50,7,7,0.21238938053097345,0.12599407453609854,0.6757736269863396,0.6757736269863396,0.9941710174599087,171,938
All-MPNet-Base-v2,50,7,8,0.18967975644533508,0.11005276808872194,0.686088653470867,0.686088653470867,0.9931012440362558,150,899
All-MPNet-Base-v2,50,7,9,0.1759140884684224,0.10121899957965531,0.6713130749930304,0.6713130749930304,0.9925878498559481,134,963
All-MPNet-Base-v2,50,7,10,0.1743301236972123,0.10011598044901003,0.6738221354892668,0.6738221354892668,0.9924689476251273,122,1032
All-MPNet-Base-v2,50,7,11,0.17221831116380748,0.09930775147423297,0.6478951770281572,0.6478951770281572,0.9926932325911362,115,1100
All-MPNet-Base-v2,50,8,2,0.2907849829351536,0.18266275995140427,0.7125731809311402,0.7125731809311402,0.9960353212422822,211,612
All-MPNet-Base-v2,50,8,3,0.228686327077748,0.13616772202415794,0.7134095344298857,0.7134095344298857,0.9943724232794622,195,606
All-MPNet-Base-v2,50,8,4,0.20723243638134664,0.12127113813414403,0.7117368274323947,0.7117368274323947,0.9935872525715641,179,667
All-MPNet-Base-v2,50,8,5,0.20671363447990054,0.12140388453487806,0.6952885419570672,0.6952885419570672,0.9937432467519411,172,781
All-MPNet-Base-v2,50,8,6,0.19280305987042384,0.11209439528023599,0.6885977139671035,0.6885977139671035,0.9932177196909374,160,813
All-MPNet-Base-v2,50,8,7,0.1867816091954023,0.10804426752985434,0.6885977139671035,0.6885977139671035,0.9929313837065119,153,847
All-MPNet-Base-v2,50,8,8,0.1816509711595056,0.10463194473873798,0.6883189294675216,0.6883189294675216,0.9926758999044276,144,879
All-MPNet-Base-v2,50,8,9,0.17591857359416732,0.1010406733280816,0.6793978254809032,0.6793978254809032,0.9924838537356966,131,944
All-MPNet-Base-v2,50,8,10,0.1720140390683164,0.09853777416734362,0.6763311959855032,0.6763311959855032,0.9923063670238009,119,1016
All-MPNet-Base-v2,50,8,11,0.17221831116380748,0.09930775147423297,0.6478951770281572,0.6478951770281572,0.9926932325911362,115,1100
All-MPNet-Base-v2,50,9,2,0.2674933569530558,0.1644880174291939,0.7156398104265402,0.7156398104265402,0.9954799819601396,187,627
All-MPNet-Base-v2,50,9,3,0.2057975656630365,0.12015521997288325,0.7164761639252858,0.7164761639252858,0.9934763233766293,172,583
All-MPNet-Base-v2,50,9,4,0.1854656378970034,0.10643380838619326,0.7203791469194313,0.7203791469194313,0.9924796938908865,154,641
All-MPNet-Base-v2,50,9,5,0.1963055729492799,0.1141816526291828,0.6991915249512127,0.6991915249512127,0.993255158294228,157,756
All-MPNet-Base-v2,50,9,6,0.1902678234628442,0.11002050342450814,0.7030945079453582,0.7030945079453582,0.9929279171691702,143,813
All-MPNet-Base-v2,50,9,7,0.18416730537610862,0.10595498068200906,0.7033732924449401,0.7033732924449401,0.9926200886532259,141,827
All-MPNet-Base-v2,50,9,8,0.1763971610970434,0.10113692131522983,0.6894340674658489,0.6894340674658489,0.9923808975766477,133,881
All-MPNet-Base-v2,50,9,9,0.17238452288321426,0.09871592336047312,0.6793978254809032,0.6793978254809032,0.9922869544146873,125,940
All-MPNet-Base-v2,50,9,10,0.17117117117117117,0.09784040557263184,0.6833008084750488,0.6833008084750488,0.9921656256077274,117,995
All-MPNet-Base-v2,50,9,11,0.17384898710865562,0.1001570258456054,0.6579314190131029,0.6579314190131029,0.9926499008743647,114,1086
All-MPNet-Base-v2,50,10,2,0.19128120279116612,0.10980797026636382,0.741287984388068,0.741287984388068,0.9925275321062023,159,534
All-MPNet-Base-v2,50,10,3,0.18740543266805965,0.10760829092714409,0.7251184834123223,0.7251184834123223,0.9925226789539239,152,599
All-MPNet-Base-v2,50,10,4,0.18232551568239616,0.10438827098078868,0.7195427934206858,0.7195427934206858,0.9923236997105095,140,704
All-MPNet-Base-v2,50,10,5,0.1901734968591086,0.10981560651206979,0.7089489824365766,0.7089489824365766,0.9928540799237916,138,783
All-MPNet-Base-v2,50,10,6,0.1797161996686595,0.10318871748211257,0.695567326456649,0.695567326456649,0.9924831604282283,131,844
All-MPNet-Base-v2,50,10,7,0.17935507115834984,0.1029874213836478,0.6938946194591581,0.6938946194591581,0.9924848936968992,129,884
All-MPNet-Base-v2,50,10,8,0.17231667883592364,0.09843489314371971,0.690827989963758,0.690827989963758,0.9921323468492469,123,895
All-MPNet-Base-v2,50,10,9,0.16591560835723065,0.09453413732736822,0.6774463339838305,0.6774463339838305,0.9919316343371617,118,958
All-MPNet-Base-v2,50,10,10,0.16971414745428778,0.09686710858585859,0.6844159464733761,0.6844159464733761,0.9920654426785518,116,983
All-MPNet-Base-v2,50,10,11,0.17372198623114105,0.09999578432612453,0.6612768330080847,0.6612768330080847,0.9925992894291757,110,1090
All-MPNet-Base-v2,50,11,2,0.18138125587712883,0.10363766616254079,0.7259548369110678,0.7259548369110678,0.9921926645989927,144,598
All-MPNet-Base-v2,50,11,3,0.1740996579706257,0.0989517819706499,0.7237245609144132,0.7237245609144132,0.9918054523779233,135,635
All-MPNet-Base-v2,50,11,4,0.17963156065345848,0.10260890283127506,0.7203791469194313,0.7203791469194313,0.9921659722614615,130,737
All-MPNet-Base-v2,50,11,5,0.18685763051463766,0.10777264167094676,0.7019793699470309,0.7019793699470309,0.9927736562574639,128,832
All-MPNet-Base-v2,50,11,6,0.1782276682649618,0.10212471507652231,0.6994703094507946,0.6994703094507946,0.9923531652779141,125,847
All-MPNet-Base-v2,50,11,7,0.17074598092877552,0.09740004712905506,0.6913855589629216,0.6913855589629216,0.9920332038812739,119,884
All-MPNet-Base-v2,50,11,8,0.1686551526008044,0.09596153846153846,0.695567326456649,0.695567326456649,0.9918519039783023,114,894
All-MPNet-Base-v2,50,11,9,0.16670020795599383,0.09474968543867007,0.6927794814608308,0.6927794814608308,0.9917697470433037,111,928
All-MPNet-Base-v2,50,11,10,0.1661191928671985,0.09441078980454909,0.690827989963758,0.690827989963758,0.991760387392481,109,967
All-MPNet-Base-v2,50,11,11,0.170843070285817,0.09806835066864784,0.662391971006412,0.662391971006412,0.9924249226008875,108,1075
MPNet-Personality,768,2,2,0.48354600402955006,0.6078514140987759,0.4014496793978255,0.4014496793978255,0.9996779586809548,1058,1200
MPNet-Personality,768,2,3,0.4069395830162837,0.4480563002680965,0.37273487594089766,0.37273487594089766,0.9994290612998198,441,2149
MPNet-Personality,768,2,4,0.31011508176862507,0.3394100099436526,0.285475327571787,0.285475327571787,0.9993091191077965,275,2711
MPNet-Personality,768,2,5,0.002481785004271283,0.0012425558757758032,0.9269584611095623,0.9269584611095623,0.07352941686255492,3,200
MPNet-Personality,768,2,6,0.21739130434782608,0.2627419992097985,0.18539169222191246,0.18539169222191246,0.9993531441320362,150,3217
MPNet-Personality,768,2,7,0.16966490299823633,0.23091694671147384,0.13409534429885697,0.13409534429885697,0.9994446607178575,121,3427
MPNet-Personality,768,2,8,0.14196841601531346,0.16592095451155853,0.12405910231391135,0.12405910231391135,0.9992245355966587,91,3469
MPNet-Personality,768,2,9,0.12572599931670653,0.1623290692545214,0.10259269584611096,0.10259269584611096,0.9993417045588086,81,3565
MPNet-Personality,768,2,10,0.1081879988176175,0.11513054419628814,0.10203512684694731,0.10203512684694731,0.999024863045776,60,3620
MPNet-Personality,768,2,11,0.10361126867082625,0.1609870740305523,0.07638695288541957,0.07638695288541957,0.9995049784676033,59,3714
MPNet-Personality,768,3,2,0.4521062143750869,0.4509151414309484,0.45330359632004463,0.45330359632004463,0.9993136256063407,512,1617
MPNet-Personality,768,3,3,0.3875177304964539,0.3944556742708634,0.38081962642877054,0.38081962642877054,0.9992730671194426,347,2269
MPNet-Personality,768,3,4,0.0024655852937732915,0.0012343976277498104,0.9481460830777809,0.9481460830777809,0.0460820674983352,2,135
MPNet-Personality,768,3,5,0.002486257846061752,0.001244795290779845,0.9286311681070533,0.9286311681070533,0.07352941686255492,2,200
MPNet-Personality,768,3,6,0.20988235294117646,0.23995695839311335,0.18650683022023976,0.18650683022023976,0.9992654407372908,102,3267
MPNet-Personality,768,3,7,0.17463546965072907,0.22284725227174385,0.14357401728463898,0.14357401728463898,0.9993774098934283,81,3437
MPNet-Personality,768,3,8,0.14132568322512457,0.1541501976284585,0.13047114580429328,0.13047114580429328,0.999109793210648,65,3474
MPNet-Personality,768,3,9,0.12512681772066284,0.15900300816501933,0.1031502648452746,0.1031502648452746,0.9993215986422267,60,3599
MPNet-Personality,768,3,10,0.10288858321870702,0.10154765137116481,0.10426540284360189,0.10426540284360189,0.998852922793627,41,3618
MPNet-Personality,768,3,11,0.09455002355897597,0.10827338129496403,0.0839141343741288,0.0839141343741288,0.9991406453929892,40,3689
MPNet-Personality,768,4,2,0.4229926536924861,0.3933365292425695,0.457485363813772,0.457485363813772,0.9991226193988123,324,1904
MPNet-Personality,768,4,3,0.3291812794775668,0.2906877402819308,0.37942570393086145,0.37942570393086145,0.998848762948817,234,2371
MPNet-Personality,768,4,4,0.0024655852937732915,0.0012343976277498104,0.9481460830777809,0.9481460830777809,0.0460820674983352,2,135
MPNet-Personality,768,4,5,0.002486257846061752,0.001244795290779845,0.9286311681070533,0.9286311681070533,0.07352941686255492,2,200
MPNet-Personality,768,4,6,0.20318048479234213,0.22768166089965397,0.18344020072483969,0.18344020072483969,0.9992262688653295,83,3299
MPNet-Personality,768,4,7,0.16094606287856936,0.16671646250373467,0.15556175076665738,0.15556175076665738,0.9990331827353961,67,3398
MPNet-Personality,768,4,8,0.13876843018213356,0.1441008706094266,0.13381655979927515,0.13381655979927515,0.9990116902038775,52,3468
MPNet-Personality,768,4,9,0.12255713812520702,0.15095879232966136,0.1031502648452746,0.1031502648452746,0.9992786135791895,50,3611
MPNet-Personality,768,4,10,0.100634021313908,0.09749085206481965,0.10398661834402008,0.10398661834402008,0.9988030046559063,34,3627
MPNet-Personality,768,4,11,0.004523242540711321,0.0022790967194363005,0.294954000557569,0.294954000557569,0.8394435098274601,3,2591
MPNet-Personality,768,5,2,0.344954128440367,0.281437125748503,0.44549763033175355,0.44549763033175355,0.9985856527645809,227,2057
MPNet-Personality,768,5,3,0.0024586652868614366,0.0012308995587381431,0.9657095065514357,0.9657095065514357,0.02564717652266786,2,82
MPNet-Personality,768,5,4,0.0024655852937732915,0.0012343976277498104,0.9481460830777809,0.9481460830777809,0.0460820674983352,2,135
MPNet-Personality,768,5,5,0.002486257846061752,0.001244795290779845,0.9286311681070533,0.9286311681070533,0.07352941686255492,2,200
MPNet-Personality,768,5,6,0.20227832512315272,0.22585080783774492,0.1831614162252579,0.1831614162252579,0.9992193357906461,71,3334
MPNet-Personality,768,5,7,0.1613671382546575,0.16216216216216217,0.1605798717591302,0.1605798717591302,0.9989683584871061,56,3407
MPNet-Personality,768,5,8,0.13685126123514063,0.14255511929930534,0.13158628380262058,0.13158628380262058,0.9990158500486875,43,3504
MPNet-Personality,768,5,9,0.004065215680626679,0.0020434909811742085,0.38165597992751604,0.38165597992751604,0.768240139521195,3,2238
MPNet-Personality,768,5,10,0.004295212863012998,0.0021617551174088327,0.32812935600780596,0.32812935600780596,0.8116671860695117,2,2447
MPNet-Personality,768,5,11,0.004523242540711321,0.0022790967194363005,0.294954000557569,0.294954000557569,0.8394435098274601,3,2591
MPNet-Personality,768,6,2,0.29475251209527353,0.22119815668202766,0.441594647337608,0.441594647337608,0.9980667121245264,179,2095
MPNet-Personality,768,6,3,0.2730994799159013,0.22642201834862385,0.3440200724839699,0.3440200724839699,0.9985385078567336,132,2591
MPNet-Personality,768,6,4,0.23583843941478055,0.21383219954648527,0.2628937831056593,0.2628937831056593,0.9987981515036279,89,3002
MPNet-Personality,768,6,5,0.2172085201793722,0.21837137221752606,0.216057987175913,0.216057987175913,0.9990383825414086,70,3216
MPNet-Personality,768,6,6,0.19258137774413323,0.21073558648111332,0.17730694173403957,0.17730694173403957,0.9991742708052038,61,3376
MPNet-Personality,768,6,7,0.0035135313150939824,0.0017632749190412,0.4758851407861723,0.4758851407861723,0.6650014576789522,2,1812
MPNet-Personality,768,6,8,0.13672496025437203,0.14195678271308523,0.1318650683022024,0.1318650683022024,0.9990089169740041,39,3512
MPNet-Personality,768,6,9,0.0040622642966165615,0.002042007436608954,0.3813771954279342,0.3813771954279342,0.7682408328286633,2,2243
MPNet-Personality,768,6,10,0.004295212863012998,0.0021617551174088327,0.32812935600780596,0.32812935600780596,0.8116671860695117,2,2447
MPNet-Personality,768,6,11,0.004523242540711321,0.0022790967194363005,0.294954000557569,0.294954000557569,0.8394435098274601,3,2591
MPNet-Personality,768,7,2,0.26862975340980944,0.198690539818279,0.41455255087817117,0.41455255087817117,0.9979211175561744,140,2249
MPNet-Personality,768,7,3,0.2412232169801831,0.18870003147623543,0.3342626149986061,0.3342626149986061,0.9982130000003466,105,2662
MPNet-Personality,768,7,4,0.22876779577810505,0.20434115325586494,0.25982715361025926,0.25982715361025926,0.9987419935986921,75,3046
MPNet-Personality,768,7,5,0.0029961624228595136,0.0015015727203676547,0.6442709785335935,0.6442709785335935,0.4672826472420402,2,1178
MPNet-Personality,768,7,6,0.18676470588235294,0.1976346093993153,0.17702815723445775,0.17702815723445775,0.9991063266733062,54,3388
MPNet-Personality,768,7,7,0.0035135313150939824,0.0017632749190412,0.4758851407861723,0.4758851407861723,0.6650014576789522,2,1812
MPNet-Personality,768,7,8,0.13571117877337974,0.14138972809667674,0.13047114580429328,0.13047114580429328,0.999014810087485,36,3530
MPNet-Personality,768,7,9,0.0040622642966165615,0.002042007436608954,0.3813771954279342,0.3813771954279342,0.7682408328286633,2,2243
MPNet-Personality,768,7,10,0.004295212863012998,0.0021617551174088327,0.32812935600780596,0.32812935600780596,0.8116671860695117,2,2447
MPNet-Personality,768,7,11,0.004523242540711321,0.0022790967194363005,0.294954000557569,0.294954000557569,0.8394435098274601,3,2591
MPNet-Personality,768,8,2,0.2372827044780902,0.1664793165467626,0.4128798438806802,0.4128798438806802,0.9974295625611194,112,2302
MPNet-Personality,768,8,3,0.22436983162299493,0.1745736434108527,0.313911346529133,0.313911346529133,0.9981544155192716,83,2774
MPNet-Personality,768,8,4,0.21507631364324828,0.18474779823859086,0.25731809311402287,0.25731809311402287,0.99858807934072,61,3075
MPNet-Personality,768,8,5,0.0029961624228595136,0.0015015727203676547,0.6442709785335935,0.6442709785335935,0.4672826472420402,2,1178
MPNet-Personality,768,8,6,0.003335260527078808,0.0016728393072825548,0.5355450236966824,0.5355450236966824,0.6025871461488677,2,1596
MPNet-Personality,768,8,7,0.0035135313150939824,0.0017632749190412,0.4758851407861723,0.4758851407861723,0.6650014576789522,2,1812
MPNet-Personality,768,8,8,0.13482493098939416,0.1407766990291262,0.12935600780596598,0.12935600780596598,0.9990182766248267,34,3544
MPNet-Personality,768,8,9,0.0040622642966165615,0.002042007436608954,0.3813771954279342,0.3813771954279342,0.7682408328286633,2,2243
MPNet-Personality,768,8,10,0.004295212863012998,0.0021617551174088327,0.32812935600780596,0.32812935600780596,0.8116671860695117,2,2447
MPNet-Personality,768,8,11,0.004523242540711321,0.0022790967194363005,0.294954000557569,0.294954000557569,0.8394435098274601,3,2591
MPNet-Personality,768,9,2,0.2259664593339107,0.15745007680491552,0.40005575689991635,0.40005575689991635,0.9973380459752982,96,2398
MPNet-Personality,768,9,3,0.21750450630883236,0.16971401781528364,0.30275996654586007,0.30275996654586007,0.9981582287103475,72,2854
MPNet-Personality,768,9,4,0.0028402123261273256,0.0014229003580289374,0.7231669919152495,0.7231669919152495,0.368936636203892,2,889
MPNet-Personality,768,9,5,0.0029961624228595136,0.0015015727203676547,0.6442709785335935,0.6442709785335935,0.4672826472420402,2,1178
MPNet-Personality,768,9,6,0.003335260527078808,0.0016728393072825548,0.5355450236966824,0.5355450236966824,0.6025871461488677,2,1596
MPNet-Personality,768,9,7,0.14730650982488971,0.14149974319465844,0.1536102592695846,0.1536102592695846,0.9988411365666652,35,3466
MPNet-Personality,768,9,8,0.13408958696916812,0.1401641836424445,0.1285196543072205,0.1285196543072205,0.9990196632397634,33,3552
MPNet-Personality,768,9,9,0.0040622642966165615,0.002042007436608954,0.3813771954279342,0.3813771954279342,0.7682408328286633,2,2243
MPNet-Personality,768,9,10,0.004295212863012998,0.0021617551174088327,0.32812935600780596,0.32812935600780596,0.8116671860695117,2,2447
MPNet-Personality,768,9,11,0.007035543343378833,0.0035890914229193163,0.17702815723445775,0.17702815723445775,0.9388884132029315,4,3184
MPNet-Personality,768,10,2,0.21196190476190477,0.14583770182428182,0.3877892389183161,0.3877892389183161,0.997175812027706,82,2473
MPNet-Personality,768,10,3,0.1979261415317446,0.14688807884433644,0.3033175355450237,0.3033175355450237,0.9978094950537711,59,2856
MPNet-Personality,768,10,4,0.0028402123261273256,0.0014229003580289374,0.7231669919152495,0.7231669919152495,0.368936636203892,2,889
MPNet-Personality,768,10,5,0.15056515248453828,0.12191331376273527,0.1968218567047672,0.1968218567047672,0.9982372657617387,40,3302
MPNet-Personality,768,10,6,0.1483400047092065,0.12838801711840228,0.17563423473654866,0.17563423473654866,0.9985173619789491,36,3388
MPNet-Personality,768,10,7,0.11511111111111111,0.09569554775540366,0.14441037078338445,0.14441037078338445,0.9983031299712312,30,3462
MPNet-Personality,768,10,8,0.005450360626312486,0.0027500483357246796,0.3013660440479509,0.3013660440479509,0.8641106962436255,5,2650
MPNet-Personality,768,10,9,0.09749739311783108,0.09155446756425949,0.10426540284360189,0.10426540284360189,0.9987135679924901,19,3675
MPNet-Personality,768,10,10,0.08608937137086595,0.07866205305651672,0.09506551435740172,0.09506551435740172,0.9986154649857196,18,3675
MPNet-Personality,768,10,11,0.007035543343378833,0.0035890914229193163,0.17702815723445775,0.17702815723445775,0.9388884132029315,4,3184
MPNet-Personality,768,11,2,0.20185922974767595,0.1372529346844587,0.3813771954279342,0.3813771954279342,0.9970191245398605,72,2517
MPNet-Personality,768,11,3,0.19386369807222373,0.14352720450281425,0.2985781990521327,0.2985781990521327,0.9977845359849109,54,2881
MPNet-Personality,768,11,4,0.0028402123261273256,0.0014229003580289374,0.7231669919152495,0.7231669919152495,0.368936636203892,2,889
MPNet-Personality,768,11,5,0.14035831654828793,0.11323982210058159,0.18455533872316698,0.18455533872316698,0.9982029470420557,36,3328
MPNet-Personality,768,11,6,0.13312532501300053,0.10617120106171202,0.17842207973236687,0.17842207973236687,0.9981322296802847,32,3366
MPNet-Personality,768,11,7,0.00426741419415796,0.002145747204550746,0.3802620574296069,0.3802620574296069,0.7801133765702981,2,2273
MPNet-Personality,768,11,8,0.005385235982250908,0.0027171908114172897,0.29774184555338723,0.29774184555338723,0.8641169360108406,3,2670
MPNet-Personality,768,11,9,0.09749739311783108,0.09155446756425949,0.10426540284360189,0.10426540284360189,0.9987135679924901,19,3675
MPNet-Personality,768,11,10,0.08608937137086595,0.07866205305651672,0.09506551435740172,0.09506551435740172,0.9986154649857196,18,3675
MPNet-Personality,768,11,11,0.007035543343378833,0.0035890914229193163,0.17702815723445775,0.17702815723445775,0.9388884132029315,4,3184
MPNet-Personality,2,2,2,0.33529510677652596,0.42245762711864404,0.2779481460830778,0.2779481460830778,0.9995275109603244,1160,704
MPNet-Personality,2,2,3,0.3725451299345368,0.28914549653579674,0.523557290214664,0.523557290214664,0.9983994997093308,529,773
MPNet-Personality,2,2,4,0.3335497484174647,0.23526044647967945,0.5729021466406468,0.5729021466406468,0.9976843530557353,363,847
MPNet-Personality,2,2,5,0.30123140437041784,0.2022557828331103,0.589908001115138,0.589908001115138,0.9971068279346058,293,812
MPNet-Personality,2,2,6,0.2671058355602511,0.17186500319897632,0.5991078896013382,0.5991078896013382,0.9964104005826556,249,825
MPNet-Personality,2,2,7,0.253411982419616,0.15986866107260125,0.6108168385837748,0.6108168385837748,0.996008628904751,218,816
MPNet-Personality,2,2,8,0.2520960797643327,0.1581940988268752,0.6202955115695568,0.6202955115695568,0.9958956197874111,190,861
MPNet-Personality,2,2,9,0.23827772768259695,0.14932542205269478,0.5893504321159744,0.5893504321159744,0.9958252490793743,183,942
MPNet-Personality,2,2,10,0.23435671700005573,0.14644846796657382,0.5862838026205743,0.5862838026205743,0.9957510651802617,170,987
MPNet-Personality,2,2,11,0.22103386809269163,0.1370762427978025,0.5703930861444104,0.5703930861444104,0.9955350999038729,173,1066
MPNet-Personality,2,3,2,0.37261774370208106,0.3068735341872632,0.47421243378868133,0.47421243378868133,0.9986681563533136,598,716
MPNet-Personality,2,3,3,0.37252463407634173,0.2835712205068453,0.5427934206858098,0.5427934206858098,0.998294810281611,474,780
MPNet-Personality,2,3,4,0.32808398950131235,0.22686025408348456,0.5924170616113744,0.5924170616113744,0.997489533657131,327,761
MPNet-Personality,2,3,5,0.2940817571690055,0.1942852024364027,0.6046835795929746,0.6046835795929746,0.9968818496611287,267,770
MPNet-Personality,2,3,6,0.2644018618146648,0.1688020994133992,0.6097017005854475,0.6097017005854475,0.9962668859367086,229,798
MPNet-Personality,2,3,7,0.2553702010968921,0.1605949558094417,0.623083356565375,0.623083356565375,0.9959503910774102,205,799
MPNet-Personality,2,3,8,0.250867569685436,0.15694376356887738,0.624756063562866,0.624756063562866,0.9958269823480452,181,845
MPNet-Personality,2,3,9,0.239403453689168,0.14983507614569444,0.5952049066071926,0.5952049066071926,0.9958006366642482,177,924
MPNet-Personality,2,3,10,0.23178371249587867,0.14434330299089726,0.5879565096180652,0.5879565096180652,0.9956661350153897,166,976
MPNet-Personality,2,3,11,0.21861755010203548,0.13456583354805463,0.5823808196264287,0.5823808196264287,0.9953427070814078,160,1031
MPNet-Personality,2,4,2,0.34562784915043515,0.24593064401981599,0.5812656816281014,0.5812656816281014,0.9977838426774425,393,632
MPNet-Personality,2,4,3,0.33784532573418824,0.23590537254034932,0.5949261221076109,0.5949261221076109,0.9976039293894076,363,664
MPNet-Personality,2,4,4,0.32333039129155633,0.21960235787790988,0.6127683300808475,0.6127683300808475,0.9972922876823875,305,712
MPNet-Personality,2,4,5,0.2848242100578549,0.1844836106078076,0.6244772790632841,0.6244772790632841,0.9965674347242353,251,724
MPNet-Personality,2,4,6,0.26049748973071657,0.1637615666021089,0.6364650125453025,0.6364650125453025,0.9959587107670304,216,702
MPNet-Personality,2,4,7,0.2495167614734633,0.1555785123966942,0.6297741845553387,0.6297741845553387,0.995749678565325,196,760
MPNet-Personality,2,4,8,0.24915414055133397,0.15551862622905416,0.626149986060775,0.626149986060775,0.9957722110580461,180,836
MPNet-Personality,2,4,9,0.23562489663156735,0.1468526663001649,0.5957624756063563,0.5957624756063563,0.9956962938902626,175,914
MPNet-Personality,2,4,10,0.23147843266381296,0.1441065937820294,0.5879565096180652,0.5879565096180652,0.9956578153257696,163,980
MPNet-Personality,2,4,11,0.21533408601046905,0.1319579847789169,0.5848898801226652,0.5848898801226652,0.9952158318147011,157,1016
MPNet-Personality,2,5,2,0.31995892320105623,0.21710133386422456,0.6080289935879565,0.6080289935879565,0.9972735683807423,322,584
MPNet-Personality,2,5,3,0.30692117550123593,0.2036075430445477,0.623083356565375,0.623083356565375,0.996969553055874,291,597
MPNet-Personality,2,5,4,0.2863670982482864,0.1853891034596105,0.6289378310565933,0.6289378310565933,0.9965636215331594,262,633
MPNet-Personality,2,5,5,0.28303666897289137,0.1827485380116959,0.6272651240591023,0.6272651240591023,0.9965119701267678,245,713
MPNet-Personality,2,5,6,0.2582781456953642,0.16168926990373128,0.6414831335377753,0.6414831335377753,0.9958644209513358,209,682
MPNet-Personality,2,5,7,0.25293104406289935,0.15794587092297016,0.6345135210482297,0.6345135210482297,0.9957937035895648,194,759
MPNet-Personality,2,5,8,0.24507348938486664,0.15226949874856255,0.6275439085586841,0.6275439085586841,0.9956557354033646,176,826
MPNet-Personality,2,5,9,0.23103429995228755,0.1426420528934276,0.6074714245887929,0.6074714245887929,0.9954598760435578,170,870
MPNet-Personality,2,5,10,0.23009428306719712,0.14300230321094703,0.5885140786172289,0.5885140786172289,0.9956144836089982,159,981
MPNet-Personality,2,5,11,0.21502178928479876,0.13173765548435734,0.5846110956230833,0.5846110956230833,0.9952088987400177,153,1022
MPNet-Personality,2,6,2,0.28313106796116505,0.18095090359109595,0.6504042375243937,0.6504042375243937,0.9963393365671505,262,487
MPNet-Personality,2,6,3,0.2792259324827544,0.17875566671877444,0.6375801505436298,0.6375801505436298,0.9963577092150615,248,565
MPNet-Personality,2,6,4,0.2689144736842105,0.17035052467068543,0.6381377195427934,0.6381377195427934,0.9961355041714577,233,591
MPNet-Personality,2,6,5,0.25691307700782196,0.16008786984279536,0.6501254530248118,0.6501254530248118,0.9957586915624135,214,625
MPNet-Personality,2,6,6,0.2570330343713442,0.16060985797827904,0.6431558405352662,0.6431558405352662,0.9958203959270959,205,678
MPNet-Personality,2,6,7,0.2560447080291971,0.16094343680550577,0.6258712015611932,0.6258712015611932,0.9959427646952584,193,778
MPNet-Personality,2,6,8,0.2325509732422577,0.1425333669100982,0.6311681070532479,0.6311681070532479,0.9952785761405861,174,797
MPNet-Personality,2,6,9,0.22687030805073777,0.1393056968463886,0.6108168385837748,0.6108168385837748,0.9953073484005224,165,852
MPNet-Personality,2,6,10,0.23009428306719712,0.14300230321094703,0.5885140786172289,0.5885140786172289,0.9956144836089982,159,981
MPNet-Personality,2,6,11,0.21553122465531224,0.13171426801313427,0.5926958461109563,0.5926958461109563,0.9951416479155885,148,1005
MPNet-Personality,2,7,2,0.2697488584474886,0.16959735878848775,0.6587677725118484,0.6587677725118484,0.9959892162956374,232,473
MPNet-Personality,2,7,3,0.2567972596874331,0.15890574286282041,0.6688040144967939,0.6688040144967939,0.9955981908834921,214,490
MPNet-Personality,2,7,4,0.25330527224650584,0.15705299785867238,0.6543072205185392,0.6543072205185392,0.9956332029106434,204,541
MPNet-Personality,2,7,5,0.24197454526717163,0.1484197218710493,0.654586005018121,0.654586005018121,0.9953298808932435,193,580
MPNet-Personality,2,7,6,0.24439473547313115,0.15023023791250958,0.6548647895177028,0.6548647895177028,0.9953940118340652,190,638
MPNet-Personality,2,7,7,0.2544920329980789,0.15959180780951032,0.627822693058266,0.627822693058266,0.9958890333664618,190,776
MPNet-Personality,2,7,8,0.23165313313926766,0.14180317619107166,0.6322832450515752,0.6322832450515752,0.9952418308447639,173,792
MPNet-Personality,2,7,9,0.21926413401136705,0.13350737660129924,0.6130471145804294,0.6130471145804294,0.9950525579059064,160,831
MPNet-Personality,2,7,10,0.22730430136254343,0.1406002115282919,0.592974630610538,0.592974630610538,0.9954931548020381,155,974
MPNet-Personality,2,7,11,0.16142079717605531,0.09297301876403066,0.6119319765821021,0.6119319765821021,0.9925767569364545,140,940
MPNet-Personality,2,8,2,0.2475935553610954,0.1518308080808081,0.6704767214942849,0.6704767214942849,0.9953427070814078,202,447
MPNet-Personality,2,8,3,0.23996484031643714,0.145462080397845,0.6849735154725397,0.6849735154725397,0.9949964000009707,192,456
MPNet-Personality,2,8,4,0.2417604603038409,0.1476026130901023,0.6676888764984666,0.6676888764984666,0.995205432202676,186,523
MPNet-Personality,2,8,5,0.23439200554071435,0.14247910025861552,0.6604404795093393,0.6604404795093393,0.9950574110581848,179,591
MPNet-Personality,2,8,6,0.24088501090682454,0.1480181272738878,0.6465012545302481,0.6465012545302481,0.9953728659562807,177,663
MPNet-Personality,2,8,7,0.23686405337781485,0.14566903891774058,0.6333983830499025,0.6333983830499025,0.9953808389921667,174,745
MPNet-Personality,2,8,8,0.22260157050187776,0.13490186805391347,0.6361862280457207,0.6361862280457207,0.9949270692541363,166,773
MPNet-Personality,2,8,9,0.21355275895450146,0.1292098635272067,0.6149986060775021,0.6149986060775021,0.9948462989340744,158,808
MPNet-Personality,2,8,10,0.21111872369580112,0.12803466492550603,0.6013381655979928,0.6013381655979928,0.9949076566450228,150,905
MPNet-Personality,2,8,11,0.15588011351837752,0.08898723673291975,0.627822693058266,0.627822693058266,0.9920078981586794,134,870
MPNet-Personality,2,9,2,0.23287991399055766,0.13989666404582726,0.6944521884583217,0.6944521884583217,0.9946909980611657,182,397
MPNet-Personality,2,9,3,0.23828404910906226,0.1437795457165917,0.6952885419570672,0.6952885419570672,0.994851498740087,178,451
MPNet-Personality,2,9,4,0.23265700483091786,0.14071173961315958,0.6713130749930304,0.6713130749930304,0.9949024568390102,177,504
MPNet-Personality,2,9,5,0.23412204234122042,0.14252789907811741,0.6551435740172846,0.6551435740172846,0.9950990095062854,175,591
MPNet-Personality,2,9,6,0.23851237129245428,0.14610267352830425,0.6490103150264845,0.6490103150264845,0.9952834292928645,171,656
MPNet-Personality,2,9,7,0.23013120193032724,0.14037777505212806,0.6381377195427934,0.6381377195427934,0.9951409546081201,163,728
MPNet-Personality,2,9,8,0.22078047835770312,0.13359114079803128,0.635628659046557,0.635628659046557,0.9948740312328082,160,792
MPNet-Personality,2,9,9,0.21175123998473866,0.12772567746389735,0.6189015890716476,0.6189015890716476,0.994744382736228,154,803
MPNet-Personality,2,9,10,0.20162616480906267,0.12056815077847582,0.6152773905770839,0.6152773905770839,0.9944195681873095,143,856
MPNet-Personality,2,9,11,0.20250580046403713,0.12147191449089796,0.6083077780875383,0.6083077780875383,0.9945294574210418,138,944
MPNet-Personality,2,10,2,0.23195502357635112,0.13850235529806704,0.7131307499303039,0.7131307499303039,0.9944843924355995,172,390
MPNet-Personality,2,10,3,0.2305216878937588,0.13763801688677202,0.7089489824365766,0.7089489824365766,0.9944767660534478,169,432
MPNet-Personality,2,10,4,0.23235800344234078,0.14022736453344106,0.6774463339838305,0.6774463339838305,0.994835206014581,168,524
MPNet-Personality,2,10,5,0.23037567607074988,0.13958431743032593,0.6590465570114301,0.6590465570114301,0.9949485617856549,166,601
MPNet-Personality,2,10,6,0.23346534653465348,0.14193703725997714,0.6573738500139392,0.6573738500139392,0.9950584510193873,163,653
MPNet-Personality,2,10,7,0.21977498093058734,0.13255506354591984,0.6425982715361026,0.6425982715361026,0.9947710750737593,153,712
MPNet-Personality,2,10,8,0.16149535265172224,0.09202788487751684,0.6587677725118484,0.6587677725118484,0.991918114841529,144,708
MPNet-Personality,2,10,9,0.21015679850222327,0.1262796715041062,0.6258712015611932,0.6258712015611932,0.9946154275471163,148,794
MPNet-Personality,2,10,10,0.20069172658596524,0.11992168379833579,0.6147198215779203,0.6147198215779203,0.9943904492736391,141,859
MPNet-Personality,2,10,11,0.15361056285305927,0.08748401100817861,0.629216615556175,0.629216615556175,0.9918390777901379,129,861
MPNet-Personality,2,11,2,0.22697309816497416,0.13506493506493505,0.7103429049344856,0.7103429049344856,0.9943436510195259,166,404
MPNet-Personality,2,11,3,0.22792747762075702,0.13615635179153093,0.6991915249512127,0.6991915249512127,0.9944840457818653,162,460
MPNet-Personality,2,11,4,0.2245881327153412,0.13442100637222587,0.6821856704767215,0.6821856704767215,0.9945377771106619,162,524
MPNet-Personality,2,11,5,0.22177140485960625,0.13285824770743565,0.6704767214942849,0.6704767214942849,0.9945585763347122,158,587
MPNet-Personality,2,11,6,0.2289588377723971,0.13854539061126414,0.6590465570114301,0.6590465570114301,0.9949045367614152,156,672
MPNet-Personality,2,11,7,0.15707080631427262,0.08898949790329165,0.6685252299972122,0.6685252299972122,0.9914899974798274,139,611
MPNet-Personality,2,11,8,0.15556642216788916,0.08808328411104548,0.6651798160022303,0.6651798160022303,0.9914369594584992,137,681
MPNet-Personality,2,11,9,0.20423874649035414,0.12192484455258178,0.6286590465570114,0.6286590465570114,0.9943703433570572,143,803
MPNet-Personality,2,11,10,0.19771658831430491,0.1177725624066567,0.6155561750766657,0.6155561750766657,0.9942663472368057,137,868
MPNet-Personality,2,11,11,0.19742295909172825,0.11773872857219625,0.6108168385837748,0.6108168385837748,0.9943086389923746,135,926
MPNet-Personality,5,2,2,0.39988160426224656,0.4261829652996845,0.3766378589350432,0.3766378589350432,0.9993694368575423,1016,689
MPNet-Personality,5,2,3,0.4025974025974026,0.31647790716222685,0.5531084471703374,0.5531084471703374,0.9985145887490757,525,737
MPNet-Personality,5,2,4,0.3566350710900474,0.2560456920646494,0.5873989406189016,0.5873989406189016,0.9978777858394029,381,782
MPNet-Personality,5,2,5,0.3196727299291402,0.2165907741041378,0.6099804850850292,0.6099804850850292,0.9972565823477679,315,821
MPNet-Personality,5,2,6,0.3027229786051681,0.20159126653714496,0.6074714245887929,0.6074714245887929,0.9970083782741012,273,879
MPNet-Personality,5,2,7,0.27989255061259255,0.1829393627954779,0.5954836911067745,0.5954836911067745,0.9966929233760052,237,954
MPNet-Personality,5,2,8,0.24267451069125467,0.1522248243559719,0.5979927516030109,0.5979927516030109,0.9958588744915889,204,958
MPNet-Personality,5,2,9,0.23338417955981694,0.1450335161486898,0.5971563981042654,0.5971563981042654,0.9956228032986183,179,1003
MPNet-Personality,5,2,10,0.2233453411473735,0.13835598188116174,0.5790354056314468,0.5790354056314468,0.9955160339484935,174,1080
MPNet-Personality,5,2,11,0.2161850317302145,0.13313953488372093,0.5745748536381378,0.5745748536381378,0.9953482535411545,161,1127
MPNet-Personality,5,3,2,0.38318611026500154,0.30134142446502715,0.5260663507109005,0.5260663507109005,0.9984833899130003,553,610
MPNet-Personality,5,3,3,0.3989223515827961,0.30458419042021745,0.5779202676331195,0.5779202676331195,0.998359287876167,483,702
MPNet-Personality,5,3,4,0.35226990821136195,0.25041147425346816,0.5938109841092836,0.5938109841092836,0.9977897357909234,360,759
MPNet-Personality,5,3,5,0.31752577319587627,0.21311318953998853,0.6225257875662114,0.6225257875662114,0.9971418399617572,295,782
MPNet-Personality,5,3,6,0.2957951983021621,0.19406492037246542,0.6216894340674658,0.6216894340674658,0.9967896397678391,253,834
MPNet-Personality,5,3,7,0.275919518134051,0.1791330393543556,0.6002230275996655,0.6002230275996655,0.9965799142586654,227,930
MPNet-Personality,5,3,8,0.2414083085720693,0.1510877192982456,0.6002230275996655,0.6002230275996655,0.9958065297777291,194,949
MPNet-Personality,5,3,9,0.22903928970173854,0.14150571541190382,0.6005018120992472,0.6005018120992472,0.9954699290018487,172,978
MPNet-Personality,5,3,10,0.22055976981428196,0.13575476558475014,0.5876777251184834,0.5876777251184834,0.9953479068874204,160,1049
MPNet-Personality,5,3,11,0.2158031484028733,0.13202842538336865,0.5904655701143017,0.5904655701143017,0.995173193405398,148,1088
MPNet-Personality,5,4,2,0.35965730765968273,0.25847354303828335,0.5910231391134653,0.5910231391134653,0.9978916519887698,406,640
MPNet-Personality,5,4,3,0.34631761551805706,0.24145134689389774,0.6122107610816838,0.6122107610816838,0.9976084358879518,369,644
MPNet-Personality,5,4,4,0.3540070834362903,0.251227495908347,0.5991078896013382,0.5991078896013382,0.9977796828326324,355,749
MPNet-Personality,5,4,5,0.3148213157340448,0.2103978978978979,0.6250348480624477,0.6250348480624477,0.9970832554806822,289,771
MPNet-Personality,5,4,6,0.2928482951952539,0.19111640571817562,0.626149986060775,0.626149986060775,0.9967047096029671,246,817
MPNet-Personality,5,4,7,0.2707271597265382,0.17419819243381587,0.607192640089211,0.607192640089211,0.9964208001946807,216,891
MPNet-Personality,5,4,8,0.23831004510947298,0.1484476732232198,0.6038472260942291,0.6038472260942291,0.9956928273529209,189,924
MPNet-Personality,5,4,9,0.22453930728333246,0.13778031166856708,0.6063562865904656,0.6063562865904656,0.9952816960241937,167,948
MPNet-Personality,5,4,10,0.22111284451378055,0.13590743463530014,0.5926958461109563,0.5926958461109563,0.9953142814752057,159,1034
MPNet-Personality,5,4,11,0.21462734157034674,0.13066424021838036,0.6005018120992472,0.6005018120992472,0.9950321053355903,144,1053
MPNet-Personality,5,5,2,0.33587786259541985,0.23040232268768146,0.6194591580708113,0.6194591580708113,0.9974271359849802,332,607
MPNet-Personality,5,5,3,0.33127464841134013,0.2259439707673569,0.6205742960691386,0.6205742960691386,0.9973564186232092,324,651
MPNet-Personality,5,5,4,0.31930899972137083,0.21283313213854582,0.6389740730415389,0.6389740730415389,0.9970614162954294,296,683
MPNet-Personality,5,5,5,0.312728275101647,0.20770779934090078,0.6325620295511569,0.6325620295511569,0.9969997119307469,277,754
MPNet-Personality,5,5,6,0.2875293818690045,0.18619384564752345,0.630889322553666,0.630889322553666,0.9965712479153112,240,794
MPNet-Personality,5,5,7,0.26860343448021173,0.17235387045813585,0.6083077780875383,0.6083077780875383,0.9963677621733525,210,893
MPNet-Personality,5,5,8,0.23650525627757504,0.14696723531004605,0.6052411485921383,0.6052411485921383,0.9956318162957067,184,915
MPNet-Personality,5,5,9,0.22453930728333246,0.13778031166856708,0.6063562865904656,0.6063562865904656,0.9952816960241937,167,948
MPNet-Personality,5,5,10,0.2207051151416344,0.13502898821769216,0.6038472260942291,0.6038472260942291,0.9951901794383724,155,1015
MPNet-Personality,5,5,11,0.21279952667389804,0.12926025756214435,0.6016169500975745,0.6016169500975745,0.994960694666351,143,1043
MPNet-Personality,5,6,2,0.2990215264187867,0.19518010729796476,0.6389740730415389,0.6389740730415389,0.9967237755583465,281,561
MPNet-Personality,5,6,3,0.297423887587822,0.19397539244802714,0.637301366044048,0.637301366044048,0.9967071361791062,272,614
MPNet-Personality,5,6,4,0.29045287637698897,0.18607386497294753,0.6615556175076666,0.6615556175076666,0.9964017342393013,257,608
MPNet-Personality,5,6,5,0.2885209440257012,0.18533216921977935,0.6509618065235573,0.6509618065235573,0.9964419460724652,246,690
MPNet-Personality,5,6,6,0.28294501397949673,0.1820434921650144,0.6347923055478115,0.6347923055478115,0.9964533856456929,233,769
MPNet-Personality,5,6,7,0.24873644159236755,0.1561831407787762,0.6105380540841929,0.6105380540841929,0.9958983930172846,203,867
MPNet-Personality,5,6,8,0.2341038947423599,0.14415752098127824,0.6225257875662114,0.6225257875662114,0.9954044114460903,179,875
MPNet-Personality,5,6,9,0.2233263330430774,0.1367971887550201,0.6077502090883747,0.6077502090883747,0.9952314312327388,165,942
MPNet-Personality,5,6,10,0.2186430440910006,0.1334070388796757,0.6055199330917201,0.6055199330917201,0.9951090624645763,150,1006
MPNet-Personality,5,6,11,0.20936211496483143,0.12673244068592907,0.6016169500975745,0.6016169500975745,0.9948452589728719,140,1048
MPNet-Personality,5,7,2,0.2831288716142354,0.18099231306778477,0.64984666852523,0.64984666852523,0.9963434964119605,251,558
MPNet-Personality,5,7,3,0.2727117583480289,0.1713121783876501,0.6682464454976303,0.6682464454976303,0.9959805499522831,231,548
MPNet-Personality,5,7,4,0.2796836841493197,0.1766953199617956,0.6704767214942849,0.6704767214942849,0.9961153982548757,229,622
MPNet-Personality,5,7,5,0.27298017850933115,0.1723128704177947,0.6565374965151938,0.6565374965151938,0.9960786529590536,217,703
MPNet-Personality,5,7,6,0.2663719902291497,0.1682957301388991,0.6384165040423753,0.6384165040423753,0.9960769196903827,211,756
MPNet-Personality,5,7,7,0.24297646165527714,0.15083159383206518,0.6244772790632841,0.6244772790632841,0.995628349758365,193,827
MPNet-Personality,5,7,8,0.2332349438144063,0.14322055456626812,0.627822693058266,0.627822693058266,0.9953298808932435,175,866
MPNet-Personality,5,7,9,0.22116744092102605,0.13504347289880989,0.6105380540841929,0.6105380540841929,0.9951374880707784,162,932
MPNet-Personality,5,7,10,0.21598891857128721,0.13129247609310157,0.6085865625871202,0.6085865625871202,0.9949929334636289,148,991
MPNet-Personality,5,7,11,0.20797077063602712,0.12565353781805508,0.6030108725954837,0.6030108725954837,0.9947825146469869,136,1056
MPNet-Personality,5,8,2,0.25783367667787055,0.16003768759674272,0.6629495400055757,0.6629495400055757,0.9956734147438073,211,552
MPNet-Personality,5,8,3,0.2547846245080597,0.15793343135944393,0.6587677725118484,0.6587677725118484,0.9956325096031751,205,602
MPNet-Personality,5,8,4,0.24672160887368474,0.15153444543486566,0.6635071090047393,0.6635071090047393,0.9953804923384325,193,648
MPNet-Personality,5,8,5,0.2514107593916268,0.15572569906790945,0.6520769445218846,0.6520769445218846,0.995604083996973,191,709
MPNet-Personality,5,8,6,0.24502346658035282,0.15190635451505016,0.6331195985503206,0.6331195985503206,0.9956047773044414,187,770
MPNet-Personality,5,8,7,0.24467970184725074,0.15173846050780465,0.6314468915528296,0.6314468915528296,0.9956106704179223,178,824
MPNet-Personality,5,8,8,0.23210155728015625,0.14228103339634532,0.6294954000557569,0.6294954000557569,0.9952813493704595,173,859
MPNet-Personality,5,8,9,0.21898602952065951,0.13305338932213556,0.618344020072484,0.618344020072484,0.9949901602337555,157,925
MPNet-Personality,5,8,10,0.2146475825094683,0.13031533683707597,0.6083077780875383,0.6083077780875383,0.9949520283229967,144,996
MPNet-Personality,5,8,11,0.20754807461756103,0.12533302444109812,0.6032896570950655,0.6032896570950655,0.9947648353065441,133,1067
MPNet-Personality,5,9,2,0.24220705905453832,0.14698522402287892,0.687761360468358,0.687761360468358,0.9950369584878687,185,542
MPNet-Personality,5,9,3,0.24453844239860661,0.14883692755027866,0.6849735154725397,0.6849735154725397,0.9951291683811583,184,577
MPNet-Personality,5,9,4,0.2366614358571989,0.14358821779232372,0.6727069974909395,0.6727069974909395,0.9950109594578058,177,621
MPNet-Personality,5,9,5,0.24292078447437146,0.1487893614352026,0.6612768330080847,0.6612768330080847,0.9952959088272947,174,706
MPNet-Personality,5,9,6,0.24129353233830847,0.14819530205614617,0.6490103150264845,0.6490103150264845,0.995361426383053,172,761
MPNet-Personality,5,9,7,0.24206914753233044,0.1493032946998307,0.6392528575411207,0.6392528575411207,0.9954709689630512,167,834
MPNet-Personality,5,9,8,0.23985161632220456,0.14807302231237324,0.630889322553666,0.630889322553666,0.995486568381089,163,901
MPNet-Personality,5,9,9,0.21662934475708304,0.1312297257446181,0.6202955115695568,0.6202955115695568,0.994893790495656,154,907
MPNet-Personality,5,9,10,0.2129355167889596,0.1289430320150659,0.6108168385837748,0.6108168385837748,0.9948691780805298,141,988
MPNet-Personality,5,9,11,0.20663362561951965,0.1246191872161867,0.6044047950933928,0.6044047950933928,0.9947208102823044,131,1066
MPNet-Personality,5,10,2,0.23218325791855204,0.13971297294231097,0.6866462224700307,0.6866462224700307,0.9947426494675572,173,532
MPNet-Personality,5,10,3,0.2322164826311549,0.1398880895283773,0.683022023975467,0.683022023975467,0.9947780081484426,169,577
MPNet-Personality,5,10,4,0.23016063294174058,0.13898540653231412,0.6690827989963758,0.6690827989963758,0.9948459522803402,162,651
MPNet-Personality,5,10,5,0.2348133751931031,0.1429611650485437,0.6568162810147756,0.6568162810147756,0.9951038626585638,164,736
MPNet-Personality,5,10,6,0.23509232166279892,0.14351709270095472,0.6495678840256481,0.6495678840256481,0.9951797798263473,159,791
MPNet-Personality,5,10,7,0.23516157115788394,0.1440401505646173,0.6400892110398662,0.6400892110398662,0.995270256450966,155,849
MPNet-Personality,5,10,8,0.22339903893301952,0.13553876361040043,0.6350710900473934,0.6350710900473934,0.9949634678962244,151,877
MPNet-Personality,5,10,9,0.21451104100946372,0.1298624985309672,0.6161137440758294,0.6161137440758294,0.9948667515043905,146,944
MPNet-Personality,5,10,10,0.20924597329785719,0.1261168384879725,0.6138834680791748,0.6138834680791748,0.9947107573240135,138,990
MPNet-Personality,5,10,11,0.20445904717202534,0.12292583813071453,0.607192640089211,0.607192640089211,0.9946130009709772,129,1050
MPNet-Personality,5,11,2,0.2251498101642194,0.1346722118857393,0.686088653470867,0.686088653470867,0.9945183645015483,159,557
MPNet-Personality,5,11,3,0.2263468052526565,0.13577154308617234,0.6799553944800669,0.6799553944800669,0.9946182007769897,156,616
MPNet-Personality,5,11,4,0.22581402997697694,0.13579339963833634,0.6699191524951212,0.6699191524951212,0.9946986244433175,153,663
MPNet-Personality,5,11,5,0.22509225092250923,0.13554783203236284,0.6632283245051576,0.6632283245051576,0.9947405695451522,148,748
MPNet-Personality,5,11,6,0.21817182634182083,0.1305277001479533,0.664064678003903,0.664064678003903,0.9944996451999031,144,748
MPNet-Personality,5,11,7,0.22205243302612102,0.13397487610925435,0.6481739615277391,0.6481739615277391,0.9947901410291387,142,839
MPNet-Personality,5,11,8,0.2010002586875916,0.11888611210282042,0.64984666852523,0.64984666852523,0.9940112100884556,134,821
MPNet-Personality,5,11,9,0.19810990549527477,0.11749442109087135,0.6311681070532479,0.6311681070532479,0.994105153250416,132,891
MPNet-Personality,5,11,10,0.1989505314616316,0.11854623196151791,0.618344020072484,0.618344020072484,0.994282986616046,129,971
MPNet-Personality,5,11,11,0.1957025950724257,0.11607142857142858,0.6233621410649568,0.6233621410649568,0.9940971802145301,122,1003
MPNet-Personality,10,2,2,0.411968777103209,0.4277994596217352,0.39726791190409816,0.39726791190409816,0.9993392779826694,999,715
MPNet-Personality,10,2,3,0.36292958741938336,0.26564924987066735,0.5726233621410649,0.5726233621410649,0.9980317000973751,511,649
MPNet-Personality,10,2,4,0.33644404771565367,0.23729395604395603,0.5779202676331195,0.5779202676331195,0.9976902461692162,383,794
MPNet-Personality,10,2,5,0.31728713601179503,0.21567448386450191,0.5999442431000837,0.5999442431000837,0.997287087876375,307,833
MPNet-Personality,10,2,6,0.2954318106035345,0.19416199158485273,0.6175076665737385,0.6175076665737385,0.9968132122217627,265,858
MPNet-Personality,10,2,7,0.2668598683813319,0.17031442663378546,0.6161137440758294,0.6161137440758294,0.9962679258979111,229,912
MPNet-Personality,10,2,8,0.2533301332053282,0.16140377704717487,0.5885140786172289,0.5885140786172289,0.9961979018436086,210,1035
MPNet-Personality,10,2,9,0.22866875446404045,0.14239770083481593,0.5801505436297741,0.5801505436297741,0.9956553887496303,189,1054
MPNet-Personality,10,2,10,0.21910800873874353,0.13544137022397892,0.5731809311402286,0.5731809311402286,0.9954505163927351,171,1131
MPNet-Personality,10,2,11,0.21406760593560828,0.13249336870026526,0.5570114301644828,0.5570114301644828,0.9954650758495703,158,1214
MPNet-Personality,10,3,2,0.389123493665671,0.3085592943482522,0.5266239197100642,0.5266239197100642,0.9985326147432526,576,629
MPNet-Personality,10,3,3,0.3793199813693526,0.28483491885842194,0.5676052411485921,0.5676052411485921,0.998227906110916,486,687
MPNet-Personality,10,3,4,0.33372156223309263,0.23127421437795953,0.5991078896013382,0.5991078896013382,0.997523852376814,345,755
MPNet-Personality,10,3,5,0.31803628601921025,0.21350783339701948,0.623083356565375,0.623083356565375,0.9971459998065673,286,791
MPNet-Personality,10,3,6,0.30348021521487434,0.20079307858687814,0.6211318650683022,0.6211318650683022,0.9969258746853684,254,856
MPNet-Personality,10,3,7,0.26202302343247824,0.16575484252550643,0.6250348480624477,0.6250348480624477,0.9960883592636104,219,865
MPNet-Personality,10,3,8,0.2425603593486805,0.15186669479012865,0.6021745190967382,0.6021745190967382,0.995818316004691,196,975
MPNet-Personality,10,3,9,0.22575652452366973,0.13960396039603962,0.5896292166155562,0.5896292166155562,0.9954813685750764,173,1028
MPNet-Personality,10,3,10,0.21065412050387008,0.12867737948084054,0.580429328129356,0.580429328129356,0.9951128756556522,156,1080
MPNet-Personality,10,3,11,0.20949533481107274,0.12850999241082722,0.5664901031502648,0.5664901031502648,0.9952231115431187,145,1165
MPNet-Personality,10,4,2,0.36394732341371644,0.26248920685827065,0.5932534151101199,0.5932534151101199,0.9979273573233894,405,608
MPNet-Personality,10,4,3,0.35342902711323765,0.24751479950854463,0.6177864510733203,0.6177864510733203,0.9976645937928875,365,653
MPNet-Personality,10,4,4,0.3334842311754942,0.22861280645494983,0.6161137440758294,0.6161137440758294,0.9974150031042842,328,727
MPNet-Personality,10,4,5,0.3165144061841181,0.21159447524194305,0.627822693058266,0.627822693058266,0.9970912285165682,280,776
MPNet-Personality,10,4,6,0.27546154786648736,0.17641531595019966,0.6281014775578477,0.6281014775578477,0.9963538960239857,242,819
MPNet-Personality,10,4,7,0.25759375530290174,0.16158103888731196,0.6347923055478115,0.6347923055478115,0.9959042861307654,211,827
MPNet-Personality,10,4,8,0.2401870175057084,0.14918619571824138,0.6158349595762476,0.6158349595762476,0.9956328562569092,186,928
MPNet-Personality,10,4,9,0.22552521008403362,0.13893742315408011,0.5985503206021745,0.5985503206021745,0.9953874254131159,168,1016
MPNet-Personality,10,4,10,0.2118380062305296,0.12920625191541527,0.5876777251184834,0.5876777251184834,0.9950750903986275,152,1063
MPNet-Personality,10,4,11,0.2099480925263317,0.1281373031496063,0.5807081126289378,0.5807081126289378,0.9950868766255894,139,1143
MPNet-Personality,10,5,2,0.32881623288162326,0.22133204633204634,0.6392528575411207,0.6392528575411207,0.9972035443264397,318,569
MPNet-Personality,10,5,3,0.32838589981447125,0.22067708832837826,0.6414831335377753,0.6414831335377753,0.9971830917561235,305,627
MPNet-Personality,10,5,4,0.31874412211531505,0.215220789370848,0.6141622525787567,0.6141622525787567,0.9972153305534015,292,721
MPNet-Personality,10,5,5,0.31183830606352264,0.20695318915959485,0.6322832450515752,0.6322832450515752,0.9969872323963167,271,766
MPNet-Personality,10,5,6,0.2601893316705402,0.16329870499501922,0.6398104265402843,0.6398104265402843,0.995923698739879,230,753
MPNet-Personality,10,5,7,0.25759882704562115,0.16145906970168244,0.6367437970448843,0.6367437970448843,0.9958879934052594,208,829
MPNet-Personality,10,5,8,0.23996967892143592,0.1489047171079156,0.6177864510733203,0.6177864510733203,0.9956092838029856,182,931
MPNet-Personality,10,5,9,0.22391540973410046,0.1375270597223991,0.6021745190967382,0.6021745190967382,0.9953042285169148,163,1001
MPNet-Personality,10,5,10,0.21008612535470703,0.12787878787878787,0.5882352941176471,0.5882352941176471,0.9950116527652741,151,1054
MPNet-Personality,10,5,11,0.20925452448989823,0.12756723716381418,0.5818232506272651,0.5818232506272651,0.9950522112521722,136,1136
MPNet-Personality,10,6,2,0.31917909943968137,0.21058257616247997,0.6590465570114301,0.6590465570114301,0.9969279546077734,283,551
MPNet-Personality,10,6,3,0.3111942223368584,0.20241590470598103,0.6727069974909395,0.6727069974909395,0.9967040162954988,265,580
MPNet-Personality,10,6,4,0.2979869214001795,0.19348930147364915,0.6478951770281572,0.6478951770281572,0.996641965277082,259,653
MPNet-Personality,10,6,5,0.29613458327982534,0.19237507299574538,0.6428770560356845,0.6428770560356845,0.9966440451994871,244,738
MPNet-Personality,10,6,6,0.25765235264707514,0.16088525045095045,0.6465012545302481,0.6465012545302481,0.9958072230851974,224,718
MPNet-Personality,10,6,7,0.2552008009789743,0.1594051837954277,0.6395316420407026,0.6395316420407026,0.9958065297777291,204,811
MPNet-Personality,10,6,8,0.23943814154511076,0.14849561080211754,0.6177864510733203,0.6177864510733203,0.9955950709998845,181,930
MPNet-Personality,10,6,9,0.22384655261793676,0.1374896516589187,0.6018957345971564,0.6018957345971564,0.9953049218243831,162,1006
MPNet-Personality,10,6,10,0.20968616051633246,0.12734889287851586,0.5932534151101199,0.5932534151101199,0.9949450952483133,148,1032
MPNet-Personality,10,6,11,0.20311981413873217,0.12237202925045704,0.5971563981042654,0.5971563981042654,0.9946747053356596,129,1073
MPNet-Personality,10,7,2,0.3020058029519364,0.19515774027879676,0.6674100919988849,0.6674100919988849,0.9965774876825262,250,562
MPNet-Personality,10,7,3,0.2881486302585646,0.1828901907766261,0.6788402564817396,0.6788402564817396,0.9962287540259498,236,564
MPNet-Personality,10,7,4,0.27249268880096333,0.17152757724516315,0.662391971006412,0.662391971006412,0.9960218017466496,224,597
MPNet-Personality,10,7,5,0.24755802961873752,0.15250727919767065,0.6570950655143574,0.6570950655143574,0.9954595293898235,211,654
MPNet-Personality,10,7,6,0.245088279981139,0.1509032258064516,0.6520769445218846,0.6520769445218846,0.9954376902045707,207,714
MPNet-Personality,10,7,7,0.24939375976720374,0.15457581830327322,0.645107332032339,0.645107332032339,0.9956127503403273,199,797
MPNet-Personality,10,7,8,0.23434908789386402,0.14393023107772615,0.6303317535545023,0.6303317535545023,0.9953382005828636,175,881
MPNet-Personality,10,7,9,0.21432060173879067,0.12992242553443478,0.6116531920825202,0.6116531920825202,0.9949066166838203,155,960
MPNet-Personality,10,7,10,0.20932712817529572,0.12669444281438882,0.6018957345971564,0.6018957345971564,0.9948410991280618,144,1015
MPNet-Personality,10,7,11,0.2002676387799363,0.11999557619995577,0.6049623640925564,0.6049623640925564,0.994483352474397,126,1043
MPNet-Personality,10,8,2,0.26910971223021585,0.16853220696937699,0.6674100919988849,0.6674100919988849,0.9959056727457021,214,560
MPNet-Personality,10,8,3,0.26849194082578937,0.16738935921260925,0.6780039029829942,0.6780039029829942,0.9958065297777291,207,573
MPNet-Personality,10,8,4,0.2583509284824861,0.16030636925557645,0.6651798160022303,0.6651798160022303,0.9956675216303263,200,617
MPNet-Personality,10,8,5,0.24039800995024876,0.1463089686913341,0.673543350989685,0.673543350989685,0.9951132223093864,190,657
MPNet-Personality,10,8,6,0.2390300816719931,0.14609946669973956,0.6568162810147756,0.6568162810147756,0.9952265780804604,185,746
MPNet-Personality,10,8,7,0.2363543266769073,0.14476572790566392,0.643434625034848,0.643434625034848,0.9952733763345736,176,829
MPNet-Personality,10,8,8,0.23187660668380464,0.14215469961545735,0.6286590465570114,0.6286590465570114,0.9952827359853962,170,884
MPNet-Personality,10,8,9,0.21362513920495813,0.12926286183054025,0.6149986060775021,0.6149986060775021,0.9948487255102136,154,943
MPNet-Personality,10,8,10,0.20809801856992438,0.12561391344542672,0.6060775020908837,0.6060775020908837,0.9947540890407849,140,1007
MPNet-Personality,10,8,11,0.198812383844794,0.1187073725235466,0.6113744075829384,0.6113744075829384,0.9943561305539561,123,1022
MPNet-Personality,10,9,2,0.25712343807183563,0.15823680823680825,0.6855310844717034,0.6855310844717034,0.9954654225033045,192,553
MPNet-Personality,10,9,3,0.25380032867707475,0.15555555555555556,0.6888764984666853,0.6888764984666853,0.9953499868098254,187,590
MPNet-Personality,10,9,4,0.23042355865761546,0.13905718077433502,0.671870643992194,0.671870643992194,0.9948275796324292,179,617
MPNet-Personality,10,9,5,0.2247986217814406,0.1349357182783678,0.6729857819905213,0.6729857819905213,0.9946351868099641,170,675
MPNet-Personality,10,9,6,0.2190316885047858,0.1314190131028715,0.6570950655143574,0.6570950655143574,0.9945998281290785,166,731
MPNet-Personality,10,9,7,0.2197473093121198,0.13203621436203114,0.654586005018121,0.654586005018121,0.9946493996130651,158,791
MPNet-Personality,10,9,8,0.22247323445634024,0.13502235469448584,0.6314468915528296,0.6314468915528296,0.9949700543171736,159,880
MPNet-Personality,10,9,9,0.20980280621918848,0.12639214118453368,0.6169500975745749,0.6169500975745749,0.9946975844821149,149,935
MPNet-Personality,10,9,10,0.20684131172257822,0.1244542722685264,0.6119319765821021,0.6119319765821021,0.994646973036926,138,990
MPNet-Personality,10,9,11,0.19484037120909373,0.11587620154219921,0.6116531920825202,0.6116531920825202,0.9941970164899715,122,1008
MPNet-Personality,10,10,2,0.22774480712166173,0.1365886213225071,0.6846947309729579,0.6846947309729579,0.9946182007769897,175,541
MPNet-Personality,10,10,3,0.22057911980873107,0.13111216379809465,0.6944521884583217,0.6944521884583217,0.9942774401562993,168,547
MPNet-Personality,10,10,4,0.21964058812851697,0.1311724212694455,0.6746584889880123,0.6746584889880123,0.9944434872949673,165,616
MPNet-Personality,10,10,5,0.21796959826275789,0.13009666792677,0.6715918594926122,0.6715918594926122,0.9944161016499677,160,689
MPNet-Personality,10,10,6,0.20473255463126588,0.12108697868869175,0.6621131865068303,0.6621131865068303,0.99402403627662,146,734
MPNet-Personality,10,10,7,0.2084066127330285,0.1237145690870178,0.6607192640089211,0.6607192640089211,0.9941807237644654,144,772
MPNet-Personality,10,10,8,0.2101825874994251,0.12585371227142542,0.6370225815444661,0.6370225815444661,0.9944982585849664,144,852
MPNet-Personality,10,10,9,0.20351702002621944,0.12145246573864249,0.6275439085586841,0.6275439085586841,0.9943554372464878,136,926
MPNet-Personality,10,10,10,0.19667797506278362,0.11679748822605965,0.6222470030666295,0.6222470030666295,0.9941491782746559,130,948
MPNet-Personality,10,10,11,0.19216336504057946,0.11391029951890745,0.6138834680791748,0.6138834680791748,0.9940621681873788,117,1024
MPNet-Personality,10,11,2,0.20718552937271822,0.121703952819613,0.6961248954558127,0.6961248954558127,0.9937532997102322,153,526
MPNet-Personality,10,11,3,0.20695122460049234,0.12168792934249265,0.6913855589629216,0.6913855589629216,0.9937948981583327,151,562
MPNet-Personality,10,11,4,0.20705169803158122,0.12254199098730029,0.667131307499303,0.667131307499303,0.9940600882649738,150,646
MPNet-Personality,10,11,5,0.20096515622443972,0.11775700934579439,0.6849735154725397,0.6849735154725397,0.9936187980613737,138,634
MPNet-Personality,10,11,6,0.19888108358221512,0.11711086891905281,0.6590465570114301,0.6590465570114301,0.9938219371495981,136,737
MPNet-Personality,10,11,7,0.20280677734040733,0.1197877179681577,0.6607192640089211,0.6607192640089211,0.9939630252194058,133,774
MPNet-Personality,10,11,8,0.2055881957213975,0.1225013361838589,0.6389740730415389,0.6389740730415389,0.9943086389923746,133,864
MPNet-Personality,10,11,9,0.1944908537891445,0.11490180198420732,0.6328408140507388,0.6328408140507388,0.9939384128042796,124,919
MPNet-Personality,10,11,10,0.19059709703355762,0.11235282378766713,0.627822693058266,0.627822693058266,0.9938323367616232,120,945
MPNet-Personality,10,11,11,0.18747879199185613,0.11056080844464455,0.6161137440758294,0.6161137440758294,0.9938368432601674,114,1005
MPNet-Personality,20,2,2,0.4055596196049744,0.4267241379310345,0.38639531642040703,0.38639531642040703,0.9993545307469729,1025,681
MPNet-Personality,20,2,3,0.3661154627212068,0.28027835356825587,0.5277390577083915,0.5277390577083915,0.998314916198193,521,721
MPNet-Personality,20,2,4,0.33826138379657006,0.24266666666666667,0.5581265681628101,0.5581265681628101,0.9978341074688973,396,849
MPNet-Personality,20,2,5,0.30144167758846657,0.2040011826155514,0.5770839141343741,0.5770839141343741,0.9972000777890979,315,865
MPNet-Personality,20,2,6,0.2925014310246136,0.19674655886033304,0.5698355171452467,0.5698355171452467,0.99710717458834,278,959
MPNet-Personality,20,2,7,0.26173775671406,0.16922699787546985,0.577362698633956,0.577362698633956,0.9964755714846798,225,1001
MPNet-Personality,20,2,8,0.23997273037154868,0.1506956831965751,0.5887928631168107,0.5887928631168107,0.9958737806021584,195,1013
MPNet-Personality,20,2,9,0.23223920863309352,0.14544174586413236,0.5759687761360468,0.5759687761360468,0.995791970320894,177,1086
MPNet-Personality,20,2,10,0.2107963655799038,0.13039740792170865,0.5497630331753555,0.5497630331753555,0.9954411567419125,171,1177
MPNet-Personality,20,2,11,0.205286299085258,0.12537037037037038,0.566211318650683,0.566211318650683,0.995088263240526,152,1167
MPNet-Personality,20,3,2,0.37970540098199673,0.2998868961059945,0.5174240312238639,0.5174240312238639,0.9984979493698355,567,633
MPNet-Personality,20,3,3,0.382443334613907,0.2917216117216117,0.5550599386674101,0.5550599386674101,0.9983242758490156,488,730
MPNet-Personality,20,3,4,0.33328033073620605,0.23312201089978868,0.5843323111235015,0.5843323111235015,0.9976098225028885,353,774
MPNet-Personality,20,3,5,0.30395748042806864,0.20472136222910217,0.589908001115138,0.589908001115138,0.9971505063051115,289,839
MPNet-Personality,20,3,6,0.29376148037281447,0.19429445644348453,0.6018957345971564,0.6018957345971564,0.9968964091179638,251,891
MPNet-Personality,20,3,7,0.2609502598366741,0.16768704778564045,0.5879565096180652,0.5879565096180652,0.9963712287106943,210,962
MPNet-Personality,20,3,8,0.2399821408639357,0.15002442258042006,0.59938667410092,0.59938667410092,0.9957774108640587,187,984
MPNet-Personality,20,3,9,0.2301625623692258,0.14250597927185757,0.5979927516030109,0.5979927516030109,0.9955257402530503,168,1010
MPNet-Personality,20,3,10,0.22076359260474784,0.13732562095951004,0.5625871201561193,0.5625871201561193,0.9956054706119097,161,1159
MPNet-Personality,20,3,11,0.20390774203026296,0.12367827016751812,0.580429328129356,0.580429328129356,0.9948861641135042,141,1139
MPNet-Personality,20,4,2,0.3528526016396185,0.25206167084976694,0.5879565096180652,0.5879565096180652,0.9978306409315556,410,593
MPNet-Personality,20,4,3,0.34210526315789475,0.23958449681670949,0.5979927516030109,0.5979927516030109,0.9976399813777614,374,652
MPNet-Personality,20,4,4,0.3316874363194608,0.2307021369385085,0.589908001115138,0.589908001115138,0.9975540112516869,343,752
MPNet-Personality,20,4,5,0.29794216175565735,0.1973731884057971,0.6074714245887929,0.6074714245887929,0.9969283012615076,276,787
MPNet-Personality,20,4,6,0.29154441184315816,0.1916031203435884,0.6094229160858656,0.6094229160858656,0.9968028126097376,243,872
MPNet-Personality,20,4,7,0.2422522420252015,0.1520917967357993,0.5949261221076109,0.5949261221076109,0.9958758605245633,203,905
MPNet-Personality,20,4,8,0.23924880542282476,0.14939976406911387,0.6002230275996655,0.6002230275996655,0.9957507185265275,183,984
MPNet-Personality,20,4,9,0.2293014057405527,0.14184631662478508,0.5979927516030109,0.5979927516030109,0.9955014744916583,167,1006
MPNet-Personality,20,4,10,0.21540249313331924,0.1328771586836103,0.5684415946473376,0.5684415946473376,0.9953874254131159,155,1128
MPNet-Personality,20,4,11,0.20206932723024842,0.12187967330035661,0.5907443546138834,0.5907443546138834,0.9947076374404059,137,1108
MPNet-Personality,20,5,2,0.325840195860227,0.22199757379700769,0.6122107610816838,0.6122107610816838,0.9973321528618172,340,574
MPNet-Personality,20,5,3,0.32183237289371946,0.21794111835605612,0.6149986060775021,0.6149986060775021,0.9972558890402995,319,648
MPNet-Personality,20,5,4,0.3050542764295098,0.20283192350128723,0.6149986060775021,0.6149986060775021,0.9969945121247343,292,729
MPNet-Personality,20,5,5,0.29567454139308197,0.19524405506883605,0.6088653470867019,0.6088653470867019,0.9968794230849894,266,791
MPNet-Personality,20,5,6,0.28683315144122745,0.18632193494578816,0.6228045720657931,0.6228045720657931,0.9966180461694243,232,832
MPNet-Personality,20,5,7,0.24128389596015495,0.15052130083546228,0.6077502090883747,0.6077502090883747,0.9957351191084898,195,894
MPNet-Personality,20,5,8,0.23563187259628407,0.14622831787010893,0.6063562865904656,0.6063562865904656,0.995597844229758,178,947
MPNet-Personality,20,5,9,0.24091756596417876,0.15107709750566894,0.5943685531084472,0.5943685531084472,0.9958470882646271,164,1042
MPNet-Personality,20,5,10,0.21221065713841852,0.13031035359959298,0.5712294396431559,0.5712294396431559,0.9952595101852066,152,1107
MPNet-Personality,20,5,11,0.2018313620755437,0.12174213221333641,0.589908001115138,0.589908001115138,0.9947083307478742,134,1120
MPNet-Personality,20,6,2,0.3005536514632217,0.19680621493310316,0.635628659046557,0.635628659046557,0.9967743870035355,282,539
MPNet-Personality,20,6,3,0.29741435883974277,0.19448974336966784,0.6317256760524115,0.6317256760524115,0.9967466547048018,266,617
MPNet-Personality,20,6,4,0.2954999034314041,0.1921145153189352,0.6398104265402843,0.6398104265402843,0.9966544448115122,252,712
MPNet-Personality,20,6,5,0.28858494846697347,0.18800675675675677,0.6205742960691386,0.6205742960691386,0.9966672709996766,243,765
MPNet-Personality,20,6,6,0.28172890473509726,0.18161290322580645,0.627822693058266,0.627822693058266,0.9964821579056291,223,819
MPNet-Personality,20,6,7,0.23732856290995827,0.14730820995962315,0.6102592695846111,0.6102592695846111,0.9956075505343147,189,885
MPNet-Personality,20,6,8,0.22982446892625585,0.14170566822672906,0.6077502090883747,0.6077502090883747,0.9954227840940014,175,926
MPNet-Personality,20,6,9,0.2373824495019754,0.14828976640711902,0.594647337608029,0.594647337608029,0.9957531451026667,162,1034
MPNet-Personality,20,6,10,0.20434972996642825,0.12377696569609808,0.5854474491218288,0.5854474491218288,0.9948466455878086,147,1051
MPNet-Personality,20,6,11,0.19883040935672514,0.11927167436939697,0.5971563981042654,0.5971563981042654,0.9945169778866116,131,1092
MPNet-Personality,20,7,2,0.27377146240378925,0.1737953844997369,0.6445497630331753,0.6445497630331753,0.9961899288077226,238,541
MPNet-Personality,20,7,3,0.2712992700729927,0.171591076968533,0.6476163925285754,0.6476163925285754,0.9961122783712683,226,617
MPNet-Personality,20,7,4,0.2701507303730431,0.17071197411003236,0.6470588235294118,0.6470588235294118,0.996091479147218,217,693
MPNet-Personality,20,7,5,0.260351640799496,0.16383162750468502,0.6336771675494842,0.6336771675494842,0.995978470029878,208,738
MPNet-Personality,20,7,6,0.23904761904761904,0.14752171357669955,0.6297741845553387,0.6297741845553387,0.9954747821541271,194,781
MPNet-Personality,20,7,7,0.2311138897572158,0.1421157173063369,0.618344020072484,0.618344020072484,0.9953586531531797,181,842
MPNet-Personality,20,7,8,0.22897541416059936,0.14121168738205245,0.6049623640925564,0.6049623640925564,0.9954252106701406,172,922
MPNet-Personality,20,7,9,0.23667271827034164,0.14742974640164497,0.5996654586005018,0.5996654586005018,0.9956879742006425,160,1020
MPNet-Personality,20,7,10,0.20396737294270958,0.1233364464160635,0.5890716476163925,0.5890716476163925,0.9947936075664804,146,1039
MPNet-Personality,20,7,11,0.19565511946163228,0.1167403255362725,0.6038472260942291,0.6038472260942291,0.9943190386043999,128,1050
MPNet-Personality,20,8,2,0.26490600853419444,0.16699382042893493,0.640367995539448,0.640367995539448,0.9960280415138646,216,589
MPNet-Personality,20,8,3,0.26272375287582067,0.16446536461992411,0.6526345135210482,0.6526345135210482,0.9958772471395001,206,654
MPNet-Personality,20,8,4,0.2465650493774152,0.15267530741110003,0.640367995539448,0.640367995539448,0.9955808581967835,193,728
MPNet-Personality,20,8,5,0.2332825976661593,0.14259132915710476,0.6409255645386116,0.6409255645386116,0.9952078587788151,186,729
MPNet-Personality,20,8,6,0.22182066809923814,0.1344662206169696,0.6331195985503206,0.6331195985503206,0.9949326157138831,179,768
MPNet-Personality,20,8,7,0.22686868686868686,0.1385308086103744,0.626149986060775,0.626149986060775,0.9951582872948287,173,827
MPNet-Personality,20,8,8,0.2298504362276693,0.1412342842555364,0.6169500975745749,0.6169500975745749,0.9953354273529902,169,902
MPNet-Personality,20,8,9,0.22365988909426987,0.13707596450374473,0.607192640089211,0.607192640089211,0.9952470306507766,154,985
MPNet-Personality,20,8,10,0.19633943427620631,0.11705093833780161,0.6085865625871202,0.6085865625871202,0.9942916529594003,136,1004
MPNet-Personality,20,8,11,0.19191251047316665,0.11398638030382399,0.6066350710900474,0.6066350710900474,0.9941366987402257,125,1032
MPNet-Personality,20,9,2,0.26113896242888524,0.1636312297049273,0.6462224700306662,0.6462224700306662,0.9958928465575377,199,653
MPNet-Personality,20,9,3,0.2417279411764706,0.1479652434831531,0.6598829105101757,0.6598829105101757,0.9952751096032444,186,657
MPNet-Personality,20,9,4,0.22040971168437026,0.1327924118621793,0.6478951770281572,0.6478951770281572,0.9947388362764813,173,707
MPNet-Personality,20,9,5,0.2152671044664897,0.1292216506374413,0.6442709785335935,0.6442709785335935,0.9946015613977495,169,716
MPNet-Personality,20,9,6,0.21005189838841848,0.12552369552206322,0.6431558405352662,0.6431558405352662,0.9944285811843979,162,741
MPNet-Personality,20,9,7,0.22384258103181343,0.13634704307617426,0.624756063562866,0.624756063562866,0.9950792502434376,161,880
MPNet-Personality,20,9,8,0.2220998347769489,0.13535945319174905,0.618344020072484,0.618344020072484,0.9950886098942602,160,915
MPNet-Personality,20,9,9,0.21322994911558033,0.1290473955889254,0.6133258990800111,0.6133258990800111,0.9948528853550237,150,949
MPNet-Personality,20,9,10,0.1921602787456446,0.11386981882000723,0.6149986060775021,0.6149986060775021,0.9940489953454803,132,986
MPNet-Personality,20,9,11,0.19068368992112947,0.11300485487036463,0.6099804850850292,0.6099804850850292,0.9940465687693412,123,1031
MPNet-Personality,20,10,2,0.23116845321821797,0.13992953611274223,0.6643434625034849,0.6643434625034849,0.9949225627555921,175,591
MPNet-Personality,20,10,3,0.21777436407174808,0.12994715841690932,0.671870643992194,0.671870643992194,0.994406395345411,168,606
MPNet-Personality,20,10,4,0.20322000513830607,0.12004856579147064,0.6615556175076666,0.6615556175076666,0.9939703049478235,159,626
MPNet-Personality,20,10,5,0.20321132596685082,0.12021857923497267,0.6562587120156119,0.6562587120156119,0.99402819612143,154,675
MPNet-Personality,20,10,6,0.204889715652405,0.12179453425306724,0.6448285475327572,0.6448285475327572,0.9942185090214901,153,737
MPNet-Personality,20,10,7,0.20684430977631227,0.12309732166534076,0.6470588235294118,0.6470588235294118,0.9942684271592108,145,807
MPNet-Personality,20,10,8,0.20880733944954127,0.12496568385219349,0.6345135210482297,0.6345135210482297,0.994475379438511,144,876
MPNet-Personality,20,10,9,0.19719042663891778,0.11675309339220619,0.6339559520490661,0.6339559520490661,0.9940365158110501,138,903
MPNet-Personality,20,10,10,0.18652327339942867,0.10980857694019884,0.6189015890716476,0.6189015890716476,0.993761272746118,127,969
MPNet-Personality,20,10,11,0.18943549432039045,0.1120821833793315,0.6113744075829384,0.6113744075829384,0.993977584676241,122,1028
MPNet-Personality,20,11,2,0.20429034671988028,0.1200469047735379,0.6849735154725397,0.6849735154725397,0.9937567662475738,156,536
MPNet-Personality,20,11,3,0.1987218626612936,0.1163489037178265,0.6805129634792305,0.6805129634792305,0.9935733864221972,149,574
MPNet-Personality,20,11,4,0.19192081757463586,0.11214557765552265,0.6649010315026485,0.6649010315026485,0.9934544841913764,144,649
MPNet-Personality,20,11,5,0.1974188760153383,0.11584244653053324,0.6674100919988849,0.6674100919988849,0.993665942969221,140,694
MPNet-Personality,20,11,6,0.19187004945518876,0.11210298816012028,0.6651798160022303,0.6651798160022303,0.9934489377316297,137,691
MPNet-Personality,20,11,7,0.1950269374222959,0.11454023268266562,0.6559799275160301,0.6559799275160301,0.993694368575423,133,793
MPNet-Personality,20,11,8,0.18989882439683775,0.11130317871890906,0.6462224700306662,0.6462224700306662,0.9935841326879565,128,843
MPNet-Personality,20,11,9,0.1892433606146651,0.11129119394921665,0.6317256760524115,0.6317256760524115,0.9937273006801693,127,908
MPNet-Personality,20,11,10,0.1789394120221188,0.10436194895591647,0.6269863395595205,0.6269863395595205,0.9933092362767586,119,936
MPNet-Personality,20,11,11,0.1789311241065627,0.10472025478918097,0.6141622525787567,0.6141622525787567,0.9934711235706166,117,1013
MPNet-Personality,50,2,2,0.4041420118343195,0.43050740624015127,0.38081962642877054,0.38081962642877054,0.9993735967023524,1013,730
MPNet-Personality,50,2,3,0.34767025089605735,0.25617324706193056,0.5408419291887371,0.5408419291887371,0.9980472995154127,508,710
MPNet-Personality,50,2,4,0.33521535731569607,0.23584156168425832,0.5793141901310287,0.5793141901310287,0.9976659804078243,375,821
MPNet-Personality,50,2,5,0.30515493359988577,0.20510605624340147,0.5957624756063563,0.5957624756063563,0.9971290137735929,309,817
MPNet-Personality,50,2,6,0.2667992789208678,0.17168,0.5982715361025926,0.5982715361025926,0.9964107472363898,253,864
MPNet-Personality,50,2,7,0.25494959310093523,0.16297849211895332,0.585168664622247,0.585168664622247,0.9962630727456327,227,974
MPNet-Personality,50,2,8,0.2409052333804809,0.15112152186257807,0.5935321996097017,0.5935321996097017,0.9958543679930447,197,1001
MPNet-Personality,50,2,9,0.22984183165579028,0.1433597792342187,0.5793141901310287,0.5793141901310287,0.9956956005827943,176,1086
MPNet-Personality,50,2,10,0.22189844045113594,0.13758029978586725,0.5731809311402286,0.5731809311402286,0.9955323266739996,161,1126
MPNet-Personality,50,2,11,0.21452093460875019,0.13201235203293876,0.5720657931419013,0.5720657931419013,0.99532294781856,152,1173
MPNet-Personality,50,3,2,0.37060142314065697,0.2849220623501199,0.529969333705046,0.529969333705046,0.9983461150342684,555,609
MPNet-Personality,50,3,3,0.3408525602538811,0.2461595639246779,0.5539448006690828,0.5539448006690828,0.9978906120275672,471,678
MPNet-Personality,50,3,4,0.32649675765344593,0.22377260981912145,0.6035684415946473,0.6035684415946473,0.9973966304563731,337,748
MPNet-Personality,50,3,5,0.3039126478616925,0.20289719626168223,0.6052411485921383,0.6052411485921383,0.9970433903012524,285,794
MPNet-Personality,50,3,6,0.26716943809111704,0.1716441620333598,0.6024533035963201,0.6024533035963201,0.9963847482063269,241,859
MPNet-Personality,50,3,7,0.24992610983034816,0.15858964741185297,0.5893504321159744,0.5893504321159744,0.9961119317175341,213,962
MPNet-Personality,50,3,8,0.239117174069761,0.149245465872906,0.601059381098411,0.601059381098411,0.995739625607034,188,986
MPNet-Personality,50,3,9,0.225696297086757,0.139557901682613,0.5896292166155562,0.5896292166155562,0.9954796353064055,167,1043
MPNet-Personality,50,3,10,0.22285503348626273,0.1374219562955255,0.5890716476163925,0.5890716476163925,0.9954023315236853,150,1078
MPNet-Personality,50,3,11,0.20784274595889043,0.1265722792732576,0.5807081126289378,0.5807081126289378,0.995017199225021,139,1134
MPNet-Personality,50,4,2,0.33954154727793695,0.2376072184471427,0.594647337608029,0.594647337608029,0.9976275018433313,405,591
MPNet-Personality,50,4,3,0.33636083743842365,0.23232323232323232,0.6091441315862838,0.6091441315862838,0.9974971600392828,363,662
MPNet-Personality,50,4,4,0.3297549418819871,0.22449596774193548,0.6208530805687204,0.6208530805687204,0.9973331928230198,326,734
MPNet-Personality,50,4,5,0.30612244897959184,0.2038081153526204,0.6147198215779203,0.6147198215779203,0.997013924733848,278,790
MPNet-Personality,50,4,6,0.26283020008462793,0.16779870330348873,0.6060775020908837,0.6060775020908837,0.9962623794381644,234,842
MPNet-Personality,50,4,7,0.24707846410684475,0.1556877539175856,0.5982715361025926,0.5982715361025926,0.9959656438417137,203,926
MPNet-Personality,50,4,8,0.23861123396727113,0.1488173229432453,0.6016169500975745,0.6016169500975745,0.995721252959123,182,995
MPNet-Personality,50,4,9,0.22602159644293882,0.1394968964390722,0.5952049066071926,0.5952049066071926,0.9954345703209633,161,1033
MPNet-Personality,50,4,10,0.2210471747019181,0.13577023498694518,0.5943685531084472,0.5943685531084472,0.9952955621735605,147,1062
MPNet-Personality,50,4,11,0.20706323369833285,0.12578654042068677,0.585168664622247,0.585168664622247,0.9949430153259082,136,1114
MPNet-Personality,50,5,2,0.3153203342618384,0.21015501717256102,0.6311681070532479,0.6311681070532479,0.9970503233759359,326,555
MPNet-Personality,50,5,3,0.3126595377716454,0.20773744041070774,0.6317256760524115,0.6317256760524115,0.9970042184292911,299,616
MPNet-Personality,50,5,4,0.30905959352394075,0.20525256222547583,0.6253136325620295,0.6253136325620295,0.9969893123187218,288,716
MPNet-Personality,50,5,5,0.30377657013138887,0.20164383561643837,0.6155561750766657,0.6155561750766657,0.996969553055874,268,796
MPNet-Personality,50,5,6,0.25888414027281775,0.16385060026678525,0.6163925285754112,0.6163925285754112,0.9960887059173446,226,825
MPNet-Personality,50,5,7,0.24655805415328133,0.15521849042975805,0.5991078896013382,0.5991078896013382,0.9959455379251319,198,926
MPNet-Personality,50,5,8,0.23399795775783308,0.14494007989347538,0.6069138555896292,0.6069138555896292,0.9955479260920372,176,960
MPNet-Personality,50,5,9,0.22238319449474828,0.13653113087674715,0.5991078896013382,0.5991078896013382,0.995288629098877,156,1004
MPNet-Personality,50,5,10,0.2147016373861544,0.1306797528171574,0.6013381655979928,0.6013381655979928,0.9950258655683752,142,1031
MPNet-Personality,50,5,11,0.20053171287504748,0.12084453853636208,0.5887928631168107,0.5887928631168107,0.9946736653744571,131,1078
MPNet-Personality,50,6,2,0.2993618255656546,0.19470065403320477,0.6473376080289935,0.6473376080289935,0.9966707375370183,268,583
MPNet-Personality,50,6,3,0.2931904554233381,0.18878369704749678,0.6559799275160301,0.6559799275160301,0.9964949840937934,255,623
MPNet-Personality,50,6,4,0.2880428020405624,0.1853928085208617,0.6453861165319208,0.6453861165319208,0.996473838216009,247,682
MPNet-Personality,50,6,5,0.26365436124374053,0.1666298667844263,0.6311681070532479,0.6311681070532479,0.9960748397679777,234,753
MPNet-Personality,50,6,6,0.2559899834955324,0.16082665903890161,0.6269863395595205,0.6269863395595205,0.9959320184294991,220,792
MPNet-Personality,50,6,7,0.243001182898665,0.15226598898771707,0.6013381655979928,0.6013381655979928,0.9958370353063362,193,919
MPNet-Personality,50,6,8,0.23219863412568162,0.1433145993987714,0.6113744075829384,0.6113744075829384,0.9954557161987477,171,944
MPNet-Personality,50,6,9,0.2215127954276299,0.13584691170898067,0.5996654586005018,0.5996654586005018,0.9952567369553333,154,1003
MPNet-Personality,50,6,10,0.2147016373861544,0.1306797528171574,0.6013381655979928,0.6013381655979928,0.9950258655683752,142,1031
MPNet-Personality,50,6,11,0.1846511427710584,0.10918253079507279,0.5979927516030109,0.5979927516030109,0.9939332129982671,125,1054
MPNet-Personality,50,7,2,0.2727170742652008,0.1707043044730005,0.6777251184834123,0.6777251184834123,0.9959060193994362,233,535
MPNet-Personality,50,7,3,0.2661890327914026,0.16588817145212253,0.6732645664901031,0.6732645664901031,0.9957905837059572,226,563
MPNet-Personality,50,7,4,0.24677888611803825,0.15165059702445566,0.6621131865068303,0.6621131865068303,0.9953943584877993,213,625
MPNet-Personality,50,7,5,0.24847512038523276,0.15374428921406344,0.6473376080289935,0.6473376080289935,0.9955694186235559,210,700
MPNet-Personality,50,7,6,0.2384407605529368,0.14718190139924153,0.6275439085586841,0.6275439085586841,0.995478595345203,196,772
MPNet-Personality,50,7,7,0.2398409893992933,0.14953528399311533,0.6055199330917201,0.6055199330917201,0.9957177864217812,187,899
MPNet-Personality,50,7,8,0.22868096570303595,0.14043907095132038,0.6152773905770839,0.6152773905770839,0.9953174013588133,164,930
MPNet-Personality,50,7,9,0.2222222222222222,0.13619485178425325,0.6032896570950655,0.6032896570950655,0.9952421774984981,153,994
MPNet-Personality,50,7,10,0.21015829853355347,0.12724172399600164,0.6032896570950655,0.6032896570950655,0.9948546186236945,141,1006
MPNet-Personality,50,7,11,0.18201662328939636,0.10714109216703731,0.6044047950933928,0.6044047950933928,0.9937370069847261,122,1020
MPNet-Personality,50,8,2,0.237890625,0.144201740365832,0.6791190409813215,0.6791190409813215,0.9949884269650847,203,525
MPNet-Personality,50,8,3,0.24038987518026755,0.14628979542428278,0.6738221354892668,0.6738221354892668,0.995110449079513,200,583
MPNet-Personality,50,8,4,0.23487403292997422,0.14284852506484888,0.6601616950097574,0.6601616950097574,0.9950743970911592,192,635
MPNet-Personality,50,8,5,0.23138191955396256,0.1408399490939943,0.6478951770281572,0.6478951770281572,0.9950854900106527,181,712
MPNet-Personality,50,8,6,0.22905113202747393,0.14009210853871049,0.6275439085586841,0.6275439085586841,0.9952102853549544,177,807
MPNet-Personality,50,8,7,0.23261390887290168,0.14305867265149086,0.6219682185670476,0.6219682185670476,0.995367319496534,173,862
MPNet-Personality,50,8,8,0.2235205237975321,0.1364027538726334,0.6186228045720658,0.6186228045720658,0.9951298616886266,162,909
MPNet-Personality,50,8,9,0.218970736629667,0.13367830961621388,0.6049623640925564,0.6049623640925564,0.9951250085363482,150,987
MPNet-Personality,50,8,10,0.2062852538275584,0.12427184466019417,0.6066350710900474,0.6066350710900474,0.9946844116402164,137,998
MPNet-Personality,50,8,11,0.17281455280444669,0.10040650406504065,0.619737942570393,0.619737942570393,0.9930956975765091,116,958
MPNet-Personality,50,9,2,0.22239326300538778,0.13275675675675674,0.6846947309729579,0.6846947309729579,0.9944382874889548,181,529
MPNet-Personality,50,9,3,0.22574584116218321,0.13507732806844358,0.6866462224700307,0.6866462224700307,0.9945329239583836,174,576
MPNet-Personality,50,9,4,0.22503503035964503,0.13516243056724458,0.6715918594926122,0.6715918594926122,0.9946566793414827,172,642
MPNet-Personality,50,9,5,0.22167950403907571,0.13329567918667043,0.6579314190131029,0.6579314190131029,0.9946805984491405,170,689
MPNet-Personality,50,9,6,0.22117101896992808,0.13374197314652655,0.6386952885419571,0.6386952885419571,0.9948560052386313,163,792
MPNet-Personality,50,9,7,0.22465317487941922,0.13671023965141613,0.6297741845553387,0.6297741845553387,0.9950549844820455,160,845
MPNet-Personality,50,9,8,0.21501229330376512,0.12998367917929587,0.6216894340674658,0.6216894340674658,0.9948258463637584,152,898
MPNet-Personality,50,9,9,0.21417061379950192,0.1298247691214776,0.6113744075829384,0.6113744075829384,0.9949045367614152,145,967
MPNet-Personality,50,9,10,0.20304333749595302,0.1217145392037263,0.6119319765821021,0.6119319765821021,0.9945093515044598,132,981
MPNet-Personality,50,9,11,0.17112217541171965,0.09918749722505883,0.6228045720657931,0.6228045720657931,0.9929667423873973,114,946
MPNet-Personality,50,10,2,0.22067363530778164,0.1313899675514655,0.6885977139671035,0.6885977139671035,0.9943394911747159,168,553
MPNet-Personality,50,10,3,0.21220633299284986,0.1252197498618715,0.6950097574574854,0.6950097574574854,0.9939626785656717,159,557
MPNet-Personality,50,10,4,0.18875023996928394,0.10944874877549203,0.6852522999721216,0.6852522999721216,0.9930669253165728,158,613
MPNet-Personality,50,10,5,0.20866381940207443,0.12366341236634124,0.6674100919988849,0.6674100919988849,0.994119019399783,155,665
MPNet-Personality,50,10,6,0.208597794283142,0.12438264977453296,0.6459436855310845,0.6459436855310845,0.994345730941931,152,758
MPNet-Personality,50,10,7,0.2133471972776255,0.12845028740538386,0.629216615556175,0.629216615556175,0.9946913447148998,148,864
MPNet-Personality,50,10,8,0.20492539996404818,0.12215376372890437,0.635628659046557,0.635628659046557,0.9943200785656023,141,866
MPNet-Personality,50,10,9,0.20518737308473325,0.12294673967147834,0.619737942570393,0.619737942570393,0.9945027650835107,136,942
MPNet-Personality,50,10,10,0.19966128888492735,0.1188265874489417,0.6244772790632841,0.6244772790632841,0.9942417348216795,129,950
MPNet-Personality,50,10,11,0.1712357654997891,0.09927091668889482,0.6225257875662114,0.6225257875662114,0.9929764486919541,113,955
MPNet-Personality,50,11,2,0.20919443272880642,0.12324206132286439,0.6913855589629216,0.6913855589629216,0.9938839881680147,152,540
MPNet-Personality,50,11,3,0.1828755349109396,0.10524543234823609,0.6969612489545581,0.6969612489545581,0.9926322215339219,141,540
MPNet-Personality,50,11,4,0.17316780701135642,0.09912383413413009,0.6844159464733761,0.6844159464733761,0.9922654618831687,141,607
MPNet-Personality,50,11,5,0.17762483526138526,0.10223776813182182,0.6763311959855032,0.6763311959855032,0.9926152355009475,137,632
MPNet-Personality,50,11,6,0.17977615723589283,0.10450671019223794,0.6425982715361026,0.6425982715361026,0.9931532420963816,135,771
MPNet-Personality,50,11,7,0.2022291573785109,0.12036299952236905,0.6322832450515752,0.6322832450515752,0.9942542143561097,136,856
MPNet-Personality,50,11,8,0.17031898102264803,0.09807237064592493,0.64678003902983,0.64678003902983,0.99260379592772,124,801
MPNet-Personality,50,11,9,0.1754185692541857,0.1015731723438946,0.6425982715361026,0.6425982715361026,0.9929324236677144,119,862
MPNet-Personality,50,11,10,0.1770614156973282,0.10323118229793538,0.6216894340674658,0.6216894340674658,0.9932846238616325,116,979
MPNet-Personality,50,11,11,0.18339100346020762,0.10759340712455895,0.6205742960691386,0.6205742960691386,0.9935997321059943,113,981
SciBERT (SciVocab),768,2,2,0.31231454005934717,0.4664819944598338,0.23473654864789517,0.23473654864789517,0.999666172453993,916,1636
SciBERT (SciVocab),768,2,3,0.002490266497665987,0.0012466964469151263,0.9930303875104545,0.9930303875104545,0.010792717359691034,2,18
SciBERT (SciVocab),768,2,4,0.1262558606831882,0.1580712788259958,0.10510175634234736,0.10510175634234736,0.9993039193017839,189,3290
SciBERT (SciVocab),768,2,5,0.0025206176845577527,0.0012623196257342403,0.7911904098132144,0.7911904098132144,0.2216223186766979,2,525
SciBERT (SciVocab),768,2,6,0.00249363758570661,0.0012497313631124106,0.5349874546975188,0.5349874546975188,0.46836802008373074,5,1237
SciBERT (SciVocab),768,2,7,0.0024789911335874127,0.0012423845466076144,0.5330359632004461,0.5330359632004461,0.46717102473963706,3,1238
SciBERT (SciVocab),768,2,8,0.002459826708532474,0.0012328533424320132,0.515751324226373,0.515751324226373,0.48045826237042516,2,1290
SciBERT (SciVocab),768,2,9,0.0024513308116736647,0.0012287243183745772,0.49233342626149984,0.49233342626149984,0.5023796045582193,2,1363
SciBERT (SciVocab),768,2,10,0.0024997784512858687,0.001253075828501327,0.4914970727627544,0.4914970727627544,0.5128908390857632,2,1387
SciBERT (SciVocab),768,2,11,0.00278539051473718,0.0014020843318015657,0.20797323668804016,0.20797323668804016,0.8158162846138087,3,2572
SciBERT (SciVocab),768,3,2,0.274036955840902,0.3126116470167917,0.24393643713409535,0.24393643713409535,0.9993330382154543,413,2213
SciBERT (SciVocab),768,3,3,0.002490266497665987,0.0012466964469151263,0.9930303875104545,0.9930303875104545,0.010792717359691034,2,18
SciBERT (SciVocab),768,3,4,0.12831423895253682,0.15537059056678557,0.10928352383607472,0.10928352383607472,0.9992612808924808,123,3370
SciBERT (SciVocab),768,3,5,0.0025206176845577527,0.0012623196257342403,0.7911904098132144,0.7911904098132144,0.2216223186766979,2,525
SciBERT (SciVocab),768,3,6,0.00249363758570661,0.0012497313631124106,0.5349874546975188,0.5349874546975188,0.46836802008373074,3,1241
SciBERT (SciVocab),768,3,7,0.0024789911335874127,0.0012423845466076144,0.5330359632004461,0.5330359632004461,0.46717102473963706,3,1238
SciBERT (SciVocab),768,3,8,0.002459826708532474,0.0012328533424320132,0.515751324226373,0.515751324226373,0.48045826237042516,2,1290
SciBERT (SciVocab),768,3,9,0.006682346734662475,0.0036271655610175153,0.042375243936437136,0.042375243936437136,0.9855258199834092,16,3667
SciBERT (SciVocab),768,3,10,0.002611704085388296,0.0013127846278396182,0.24728185112907722,0.24728185112907722,0.7660863798707883,2,2332
SciBERT (SciVocab),768,3,11,0.002618964179328644,0.0013168721690001684,0.23334262614998605,0.23334262614998605,0.7799580756973893,2,2405
SciBERT (SciVocab),768,4,2,0.2045602605863192,0.19202544031311156,0.21884583217173126,0.21884583217173126,0.998855002716032,225,2577
SciBERT (SciVocab),768,4,3,0.15977554636739516,0.16985871271585556,0.1508224142737664,0.1508224142737664,0.999083447526851,145,3113
SciBERT (SciVocab),768,4,4,0.12553905126976522,0.14697083021690352,0.10956230833565654,0.10956230833565654,0.9992092828323551,101,3400
SciBERT (SciVocab),768,4,5,0.0025206176845577527,0.0012623196257342403,0.7911904098132144,0.7911904098132144,0.2216223186766979,2,525
SciBERT (SciVocab),768,4,6,0.002493639205881818,0.0012497321769891678,0.5349874546975188,0.5349874546975188,0.4683683667374649,2,1244
SciBERT (SciVocab),768,4,7,0.00247899274064835,0.0012423853538881399,0.5330359632004461,0.5330359632004461,0.4671713713933712,2,1241
SciBERT (SciVocab),768,4,8,0.002459826708532474,0.0012328533424320132,0.515751324226373,0.515751324226373,0.48045826237042516,2,1290
SciBERT (SciVocab),768,4,9,0.004600167546038418,0.0023623532963508056,0.08725954836911068,0.08725954836911068,0.9541786161097616,8,3330
SciBERT (SciVocab),768,4,10,0.004479104179164167,0.0023057033218597143,0.07805965988291051,0.07805965988291051,0.9580001268752667,6,3377
SciBERT (SciVocab),768,4,11,0.003652576165109002,0.001861224141517031,0.09729579035405632,0.09729579035405632,0.9351195938050204,4,3212
SciBERT (SciVocab),768,5,2,0.18388531883341572,0.16514983351831297,0.2074156676888765,0.2074156676888765,0.9986962353057816,153,2760
SciBERT (SciVocab),768,5,3,0.0025593545341645826,0.001281720809242636,0.8026205742960691,0.8026205742960691,0.22234474505871102,2,519
SciBERT (SciVocab),768,5,4,0.0025769226212338423,0.0012912050237670772,0.6063562865904656,0.6063562865904656,0.41682511631099417,4,1042
SciBERT (SciVocab),768,5,5,0.0025565291910756983,0.001281271146875377,0.5447449121828827,0.5447449121828827,0.4720137774060109,3,1238
SciBERT (SciVocab),768,5,6,0.0033890024556125532,0.0017102756684089506,0.1837189852244215,0.1837189852244215,0.8666565212673799,9,2719
SciBERT (SciVocab),768,5,7,0.0026927117559890253,0.0013534297139341741,0.25759687761360467,0.25759687761360467,0.7636563371942471,3,2333
SciBERT (SciVocab),768,5,8,0.0032187995903345977,0.0016258082853691466,0.1594647337608029,0.1594647337608029,0.8782368359111082,4,2811
SciBERT (SciVocab),768,5,9,0.0033540536232787954,0.001698132405208074,0.13493169779760245,0.13493169779760245,0.9013648797475529,4,2961
SciBERT (SciVocab),768,5,10,0.004089348922020809,0.002095053612765402,0.0850292723724561,0.0850292723724561,0.9496395321145219,5,3309
SciBERT (SciVocab),768,5,11,0.003652576165109002,0.001861224141517031,0.09729579035405632,0.09729579035405632,0.9351195938050204,4,3212
SciBERT (SciVocab),768,6,2,0.002549226334241037,0.001276477737086368,0.8725954836911067,0.8725954836911067,0.15106927077573826,2,334
SciBERT (SciVocab),768,6,3,0.0025593545341645826,0.001281720809242636,0.8026205742960691,0.8026205742960691,0.22234474505871102,2,519
SciBERT (SciVocab),768,6,4,0.0025414973483022245,0.0012729951066324375,0.7201003624198494,0.7201003624198494,0.29750967423908636,2,724
SciBERT (SciVocab),768,6,5,0.0028181009883583904,0.001414181612187342,0.3883468079174798,0.3883468079174798,0.6590213341107621,5,1836
SciBERT (SciVocab),768,6,6,0.003286318577471489,0.001658456571277297,0.17814329523278505,0.17814329523278505,0.8666565212673799,6,2734
SciBERT (SciVocab),768,6,7,0.002692735297417568,0.0013534416086620263,0.25759687761360467,0.25759687761360467,0.763658417116652,2,2338
SciBERT (SciVocab),768,6,8,0.0032187995903345977,0.0016258082853691466,0.1594647337608029,0.1594647337608029,0.8782368359111082,4,2811
SciBERT (SciVocab),768,6,9,0.0033540536232787954,0.001698132405208074,0.13493169779760245,0.13493169779760245,0.9013648797475529,4,2961
SciBERT (SciVocab),768,6,10,0.003978097600566994,0.0020306819706951583,0.0970170058544745,0.0970170058544745,0.940714238420812,4,3241
SciBERT (SciVocab),768,6,11,0.003652576165109002,0.001861224141517031,0.09729579035405632,0.09729579035405632,0.9351195938050204,4,3212
SciBERT (SciVocab),768,7,2,0.002549226334241037,0.001276477737086368,0.8725954836911067,0.8725954836911067,0.15106927077573826,2,334
SciBERT (SciVocab),768,7,3,0.0025593545341645826,0.001281720809242636,0.8026205742960691,0.8026205742960691,0.22234474505871102,2,519
SciBERT (SciVocab),768,7,4,0.0025414973483022245,0.0012729951066324375,0.7201003624198494,0.7201003624198494,0.29750967423908636,2,724
SciBERT (SciVocab),768,7,5,0.0027735749010894244,0.001391635181083117,0.3981042654028436,0.3981042654028436,0.6447828786334078,4,1795
SciBERT (SciVocab),768,7,6,0.002663274798916578,0.001336571126964961,0.3607471424588793,0.3607471424588793,0.6648361038477525,2,1902
SciBERT (SciVocab),768,7,7,0.002692735297417568,0.0013534416086620263,0.25759687761360467,0.25759687761360467,0.763658417116652,2,2338
SciBERT (SciVocab),768,7,8,0.0032187995903345977,0.0016258082853691466,0.1594647337608029,0.1594647337608029,0.8782368359111082,4,2811
SciBERT (SciVocab),768,7,9,0.004107020302730628,0.002094102346496787,0.10593810984109284,0.10593810984109284,0.9372272485087823,5,3202
SciBERT (SciVocab),768,7,10,0.003978097600566994,0.0020306819706951583,0.0970170058544745,0.0970170058544745,0.940714238420812,4,3241
SciBERT (SciVocab),768,7,11,0.0034919085345248378,0.0017758512867761139,0.10370783384443825,0.10370783384443825,0.9275129709160984,3,3161
SciBERT (SciVocab),768,8,2,0.002549226334241037,0.001276477737086368,0.8725954836911067,0.8725954836911067,0.15106927077573826,2,334
SciBERT (SciVocab),768,8,3,0.0025593545341645826,0.001281720809242636,0.8026205742960691,0.8026205742960691,0.22234474505871102,2,519
SciBERT (SciVocab),768,8,4,0.0025414973483022245,0.0012729951066324375,0.7201003624198494,0.7201003624198494,0.29750967423908636,2,724
SciBERT (SciVocab),768,8,5,0.0027541788545879025,0.0013819033038014036,0.39531642040702536,0.39531642040702536,0.6447828786334078,3,1802
SciBERT (SciVocab),768,8,6,0.003265872913827243,0.0016481391600459922,0.17702815723445775,0.17702815723445775,0.8666603344584558,4,2747
SciBERT (SciVocab),768,8,7,0.006087513731233981,0.0031740349621144325,0.07415667688876498,0.07415667688876498,0.971040893701059,7,3484
SciBERT (SciVocab),768,8,8,0.0032187995903345977,0.0016258082853691466,0.1594647337608029,0.1594647337608029,0.8782368359111082,4,2811
SciBERT (SciVocab),768,8,9,0.004107020302730628,0.002094102346496787,0.10593810984109284,0.10593810984109284,0.9372272485087823,5,3202
SciBERT (SciVocab),768,8,10,0.003978097600566994,0.0020306819706951583,0.0970170058544745,0.0970170058544745,0.940714238420812,4,3241
SciBERT (SciVocab),768,8,11,0.003491924923614142,0.001775859764364414,0.10370783384443825,0.10370783384443825,0.9275133175698326,2,3168
SciBERT (SciVocab),768,9,2,0.002549226334241037,0.001276477737086368,0.8725954836911067,0.8725954836911067,0.15106927077573826,2,334
SciBERT (SciVocab),768,9,3,0.00414810439934387,0.002091359127538012,0.2506272651240591,0.2506272651240591,0.8512976809211837,13,2484
SciBERT (SciVocab),768,9,4,0.0030552367404341994,0.0015350357701236557,0.3161416225257876,0.3161416225257876,0.744304392484131,4,2099
SciBERT (SciVocab),768,9,5,0.002693383530074064,0.0013509542713891535,0.4268190688597714,0.4268190688597714,0.6076774095814399,2,1673
SciBERT (SciVocab),768,9,6,0.003265872913827243,0.0016481391600459922,0.17702815723445775,0.17702815723445775,0.8666603344584558,4,2747
SciBERT (SciVocab),768,9,7,0.0035607304235983008,0.001802246297857177,0.14664064678003902,0.14664064678003902,0.8990086743163902,4,2947
SciBERT (SciVocab),768,9,8,0.0032187995903345977,0.0016258082853691466,0.1594647337608029,0.1594647337608029,0.8782368359111082,4,2811
SciBERT (SciVocab),768,9,9,0.004107020302730628,0.002094102346496787,0.10593810984109284,0.10593810984109284,0.9372272485087823,5,3202
SciBERT (SciVocab),768,9,10,0.0034276832460732984,0.0017393614592370887,0.11681070532478394,0.11681070532478394,0.916638789928877,3,3084
SciBERT (SciVocab),768,9,11,0.003491924923614142,0.001775859764364414,0.10370783384443825,0.10370783384443825,0.9275133175698326,2,3168
SciBERT (SciVocab),768,10,2,0.002549226334241037,0.001276477737086368,0.8725954836911067,0.8725954836911067,0.15106927077573826,2,334
SciBERT (SciVocab),768,10,3,0.0034348447460593925,0.0017281870985328758,0.2757178700864232,0.2757178700864232,0.8019612281664479,10,2288
SciBERT (SciVocab),768,10,4,0.0030552367404341994,0.0015350357701236557,0.3161416225257876,0.3161416225257876,0.744304392484131,4,2099
SciBERT (SciVocab),768,10,5,0.002693383530074064,0.0013509542713891535,0.4268190688597714,0.4268190688597714,0.6076774095814399,2,1673
SciBERT (SciVocab),768,10,6,0.003265872913827243,0.0016481391600459922,0.17702815723445775,0.17702815723445775,0.8666603344584558,4,2747
SciBERT (SciVocab),768,10,7,0.0029947755205177217,0.0015100607799463928,0.17842207973236687,0.17842207973236687,0.8533016861584284,2,2690
SciBERT (SciVocab),768,10,8,0.0031851793492329683,0.0016088275172039374,0.15779202676331197,0.15779202676331197,0.87824030244845,3,2820
SciBERT (SciVocab),768,10,9,0.003305773668854345,0.0016736900831230987,0.1329802063005297,0.1329802063005297,0.9013693862460971,2,2979
SciBERT (SciVocab),768,10,10,0.003403224882809624,0.001726950810961156,0.11597435182603848,0.11597435182603848,0.9166398298900795,2,3093
SciBERT (SciVocab),768,10,11,0.003491924923614142,0.001775859764364414,0.10370783384443825,0.10370783384443825,0.9275133175698326,2,3168
SciBERT (SciVocab),768,11,2,0.0025778614189256783,0.0012911690235625033,0.7435182603847226,0.7435182603847226,0.28488697181670475,2,692
SciBERT (SciVocab),768,11,3,0.0033968063768266953,0.0017090492234136249,0.27265124059102314,0.27265124059102314,0.8019671212799288,8,2308
SciBERT (SciVocab),768,11,4,0.0030552367404341994,0.0015350357701236557,0.3161416225257876,0.3161416225257876,0.744304392484131,4,2099
SciBERT (SciVocab),768,11,5,0.002693383530074064,0.0013509542713891535,0.4268190688597714,0.4268190688597714,0.6076774095814399,2,1673
SciBERT (SciVocab),768,11,6,0.0032351889808126034,0.001632655180111197,0.17535545023696683,0.17535545023696683,0.8666655342644684,3,2757
SciBERT (SciVocab),768,11,7,0.0029947755205177217,0.0015100607799463928,0.17842207973236687,0.17842207973236687,0.8533016861584284,2,2690
SciBERT (SciVocab),768,11,8,0.0031851793492329683,0.0016088275172039374,0.15779202676331197,0.15779202676331197,0.87824030244845,3,2820
SciBERT (SciVocab),768,11,9,0.003305773668854345,0.0016736900831230987,0.1329802063005297,0.1329802063005297,0.9013693862460971,2,2979
SciBERT (SciVocab),768,11,10,0.003403224882809624,0.001726950810961156,0.11597435182603848,0.11597435182603848,0.9166398298900795,2,3093
SciBERT (SciVocab),768,11,11,0.003491924923614142,0.001775859764364414,0.10370783384443825,0.10370783384443825,0.9275133175698326,2,3168
SciBERT (SciVocab),2,2,2,0.1854210898796886,0.25375302663438254,0.14608307778087537,0.14608307778087537,0.999465806595642,1174,648
SciBERT (SciVocab),2,2,3,0.20562286789789436,0.17785917785917785,0.24365765263451353,0.24365765263451353,0.9985995189139477,588,918
SciBERT (SciVocab),2,2,4,0.16305577307926564,0.11851758158360738,0.26122107610816836,0.26122107610816836,0.9975841701265599,400,1081
SciBERT (SciVocab),2,2,5,0.1227151136870263,0.07668733022219126,0.3069417340395874,0.3069417340395874,0.9954047580998245,277,1061
SciBERT (SciVocab),2,2,6,0.12847064178425124,0.08070626921152334,0.31474770002787844,0.31474770002787844,0.9955420329785564,234,1200
SciBERT (SciVocab),2,2,7,0.06902274124154886,0.03878699962007391,0.3130749930303875,0.3130749930303875,0.9903526265780112,196,1156
SciBERT (SciVocab),2,2,8,0.06775879278961892,0.037867104183757175,0.321717312517424,0.321717312517424,0.9898357658603616,159,1184
SciBERT (SciVocab),2,2,9,0.0702273644558052,0.039931153184165236,0.2910510175634235,0.2910510175634235,0.9912986446185648,154,1364
SciBERT (SciVocab),2,2,10,0.07105327255645638,0.040593193384223916,0.28463897407304156,0.28463897407304156,0.991634898740711,141,1441
SciBERT (SciVocab),2,2,11,0.08249027237354085,0.04834837718455925,0.280735991078896,0.280735991078896,0.9931289763349895,138,1524
SciBERT (SciVocab),2,3,2,0.18903394255874673,0.17775595384237663,0.20183997769724005,0.20183997769724005,0.9988390566442601,664,733
SciBERT (SciVocab),2,3,3,0.20013492241960873,0.1677030337290371,0.2481182046278227,0.2481182046278227,0.9984688304561651,511,910
SciBERT (SciVocab),2,3,4,0.17809845648004383,0.13243683781581092,0.2718148870922777,0.2718148870922777,0.9977859225998476,341,1078
SciBERT (SciVocab),2,3,5,0.12327773749093546,0.07705718270571828,0.3080568720379147,0.3080568720379147,0.9954120378282421,241,1070
SciBERT (SciVocab),2,3,6,0.12310504246855176,0.07625707625707626,0.31920825202118763,0.31920825202118763,0.9951919127070433,203,1161
SciBERT (SciVocab),2,3,7,0.0702985571251399,0.039427252985884904,0.3239475885140786,0.3239475885140786,0.9901862327856089,169,1129
SciBERT (SciVocab),2,3,8,0.06996109895453441,0.03926049732237268,0.3208809590186786,0.3208809590186786,0.9902361509233295,148,1177
SciBERT (SciVocab),2,3,9,0.06984084792504236,0.03964541682384006,0.29300250906049624,0.29300250906049624,0.9911745425817314,140,1341
SciBERT (SciVocab),2,3,10,0.07163852621505229,0.04082427642086401,0.29216615556175074,0.29216615556175074,0.9914643451034987,125,1409
SciBERT (SciVocab),2,3,11,0.08092440571139556,0.04702477844094773,0.2899358795650962,0.2899358795650962,0.9926939258986045,120,1504
SciBERT (SciVocab),2,4,2,0.18579654510556623,0.14166544709498025,0.2698633955952049,0.2698633955952049,0.997966875849085,434,680
SciBERT (SciVocab),2,4,3,0.16534867002156722,0.11587550380653829,0.28854195706718705,0.28854195706718705,0.9972624754612488,374,772
SciBERT (SciVocab),2,4,4,0.16741194006432886,0.11648471615720524,0.29746306105380543,0.29746306105380543,0.9971945313293512,310,1022
SciBERT (SciVocab),2,4,5,0.12271919909575327,0.07604055496264675,0.3178143295232785,0.3178143295232785,0.9951981524742584,219,1029
SciBERT (SciVocab),2,4,6,0.11972010827927881,0.07328664332166084,0.32673543350989687,0.32673543350989687,0.9948625916595805,188,1113
SciBERT (SciVocab),2,4,7,0.07098792503581557,0.039652469297099556,0.33844438249233344,0.33844438249233344,0.9898076869078938,159,1077
SciBERT (SciVocab),2,4,8,0.06960570875665215,0.03903679837205359,0.3208809590186786,0.3208809590186786,0.9901779130959888,143,1165
SciBERT (SciVocab),2,4,9,0.06928918293517583,0.039230882787127254,0.29634792305547814,0.29634792305547814,0.990975563338317,135,1322
SciBERT (SciVocab),2,4,10,0.07217562735990911,0.04100227790432802,0.3010872595483691,0.3010872595483691,0.9912435266748315,115,1369
SciBERT (SciVocab),2,4,11,0.08044873026239963,0.04665359593619107,0.29188737106216894,0.29188737106216894,0.9925833433574038,112,1504
SciBERT (SciVocab),2,5,2,0.16538662292148237,0.11288680781758957,0.309172010036242,0.309172010036242,0.9969789127066966,331,671
SciBERT (SciVocab),2,5,3,0.14398422090729784,0.09242700007913271,0.32562029551156957,0.32562029551156957,0.9960242283227887,280,757
SciBERT (SciVocab),2,5,4,0.13369015067775902,0.08447287163652405,0.32032339001951493,0.32032339001951493,0.9956831210483641,249,958
SciBERT (SciVocab),2,5,5,0.12040517961570593,0.07407645358175394,0.32143852801784223,0.32143852801784223,0.9950040263831224,212,1016
SciBERT (SciVocab),2,5,6,0.08290086048146784,0.04710806697108067,0.3451352104822972,0.3451352104822972,0.9913190971888809,173,1019
SciBERT (SciVocab),2,5,7,0.08428770949720671,0.04817786293058716,0.33649289099526064,0.33649289099526064,0.9917336950549498,155,1120
SciBERT (SciVocab),2,5,8,0.06918429003021148,0.038796462575814046,0.31920825202118763,0.31920825202118763,0.9901661268690269,137,1178
SciBERT (SciVocab),2,5,9,0.07011333643844124,0.03945069536655252,0.31474770002787844,0.31474770002787844,0.9904708355013636,122,1240
SciBERT (SciVocab),2,5,10,0.07214187902875656,0.04098049631934431,0.3010872595483691,0.3010872595483691,0.9912386735225531,113,1373
SciBERT (SciVocab),2,5,11,0.07466996699669967,0.04258656523273597,0.30275996654586007,0.30275996654586007,0.9915364490802063,101,1457
SciBERT (SciVocab),2,6,2,0.15877966101694915,0.10490011645614979,0.326456649010315,0.326456649010315,0.9965362358881598,269,705
SciBERT (SciVocab),2,6,3,0.13830447289751255,0.08669212275491443,0.3417897964873153,0.3417897964873153,0.9955226203694427,234,714
SciBERT (SciVocab),2,6,4,0.12685240071132187,0.07862391449565798,0.32812935600780596,0.32812935600780596,0.9952186050445745,212,948
SciBERT (SciVocab),2,6,5,0.11433853938597771,0.06925615937757869,0.3275717870086423,0.3275717870086423,0.9945259908837001,191,982
SciBERT (SciVocab),2,6,6,0.0807969368550847,0.045719951525834523,0.34708670197936997,0.34708670197936997,0.9909918560638231,161,999
SciBERT (SciVocab),2,6,7,0.08301217557382082,0.047291520945053234,0.3392807359910789,0.3392807359910789,0.9915010903993209,147,1093
SciBERT (SciVocab),2,6,8,0.06895517013743023,0.03863613436901039,0.32032339001951493,0.32032339001951493,0.9900891697400409,132,1175
SciBERT (SciVocab),2,6,9,0.06988494551652767,0.03922506577373834,0.3200446055199331,0.3200446055199331,0.9902524436488356,116,1219
SciBERT (SciVocab),2,6,10,0.07121893954216396,0.040326452232357174,0.30443267354335096,0.30443267354335096,0.990991509410089,109,1362
SciBERT (SciVocab),2,6,11,0.07302954836104193,0.04152792130745971,0.3024811820462782,0.3024811820462782,0.9913190971888809,99,1446
SciBERT (SciVocab),2,7,2,0.146716765074253,0.09332321699544764,0.3429049344856426,0.3429049344856426,0.9958574878766523,230,658
SciBERT (SciVocab),2,7,3,0.08659198680503058,0.04938271604938271,0.3512684694730973,0.3512684694730973,0.9915919136776737,201,656
SciBERT (SciVocab),2,7,4,0.12361829429063989,0.07555004648280136,0.33983830499024253,0.33983830499024253,0.9948293129011,187,903
SciBERT (SciVocab),2,7,5,0.07507852138197632,0.04209991532599492,0.3465291329802063,0.3465291329802063,0.9901959390901657,163,866
SciBERT (SciVocab),2,7,6,0.07957813998082454,0.04494098112117821,0.34708670197936997,0.34708670197936997,0.9908282355012943,147,1002
SciBERT (SciVocab),2,7,7,0.06906923633933047,0.03836752374764071,0.3456927794814608,0.3456927794814608,0.9892263485956884,139,1011
SciBERT (SciVocab),2,7,8,0.06835181079083519,0.03823004166942258,0.3222748815165877,0.3222748815165877,0.9899186161028286,125,1168
SciBERT (SciVocab),2,7,9,0.06988494551652767,0.03922506577373834,0.3200446055199331,0.3200446055199331,0.9902524436488356,116,1219
SciBERT (SciVocab),2,7,10,0.07138704050649267,0.04037119579116583,0.3080568720379147,0.3080568720379147,0.9908947930182551,107,1353
SciBERT (SciVocab),2,7,11,0.07288146823030545,0.04135493815556976,0.30666294954000556,0.30666294954000556,0.9911606764323646,96,1413
SciBERT (SciVocab),2,8,2,0.1328812122496556,0.08203048341728265,0.34959576247560636,0.34959576247560636,0.9951354081483733,193,698
SciBERT (SciVocab),2,8,3,0.08182794648960062,0.046322228773584904,0.3504321159743518,0.3504321159743518,0.9910289480133795,170,735
SciBERT (SciVocab),2,8,4,0.11704180064308682,0.07006544574602651,0.3551714524672428,0.3551714524672428,0.9941384320088965,160,898
SciBERT (SciVocab),2,8,5,0.07332612776608453,0.04082860853314751,0.3593532199609702,0.3593532199609702,0.989502631621823,138,826
SciBERT (SciVocab),2,8,6,0.06945298094652735,0.03859409445151675,0.3465291329802063,0.3465291329802063,0.9892662137751181,134,983
SciBERT (SciVocab),2,8,7,0.06851657748110554,0.038020020203875474,0.34625034848062447,0.34625034848062447,0.9891064064036651,130,1034
SciBERT (SciVocab),2,8,8,0.06784007460076932,0.037879527482182956,0.32450515751324227,0.32450515751324227,0.9897511823492239,121,1165
SciBERT (SciVocab),2,8,9,0.06982057452706614,0.03919288645690835,0.31948703652076943,0.31948703652076943,0.9902611099921899,114,1233
SciBERT (SciVocab),2,8,10,0.0718057702215353,0.04059121191160945,0.3108447170337329,0.3108447170337329,0.990864287489648,104,1353
SciBERT (SciVocab),2,8,11,0.07357859531772576,0.041692987997473153,0.3127962085308057,0.3127962085308057,0.9910601468494549,95,1387
SciBERT (SciVocab),2,9,2,0.08254301689784066,0.04641467481934408,0.37245609144131586,0.37245609144131586,0.9904850483044646,164,623
SciBERT (SciVocab),2,9,3,0.07920178482895389,0.04455290221370054,0.3562865904655701,0.3562865904655701,0.9904992611075656,154,742
SciBERT (SciVocab),2,9,4,0.10948389942655491,0.06503170361054342,0.3459715639810427,0.3459715639810427,0.9938150040749146,143,959
SciBERT (SciVocab),2,9,5,0.0721767548392503,0.04010678586949774,0.36018957345971564,0.36018957345971564,0.9892807732319533,127,844
SciBERT (SciVocab),2,9,6,0.06905314329908298,0.038323573596590735,0.34848062447727907,0.34848062447727907,0.9891265123202471,126,985
SciBERT (SciVocab),2,9,7,0.06691848160947253,0.03701618161341948,0.3482018399776972,0.3482018399776972,0.9887361802155701,118,1035
SciBERT (SciVocab),2,9,8,0.06767638594145178,0.037777489289887056,0.32450515751324227,0.32450515751324227,0.9897224100892876,115,1184
SciBERT (SciVocab),2,9,9,0.07037369207772795,0.03941332083179855,0.32812935600780596,0.32812935600780596,0.9900558909815604,107,1226
SciBERT (SciVocab),2,9,10,0.06953279876912152,0.03889440582588547,0.3275717870086423,0.3275717870086423,0.9899349088283347,99,1259
SciBERT (SciVocab),2,9,11,0.07357859531772576,0.041692987997473153,0.3127962085308057,0.3127962085308057,0.9910601468494549,95,1387
SciBERT (SciVocab),2,10,2,0.07877553465524471,0.04412899761736971,0.3666016169500976,0.3666016169500976,0.9901259150358631,153,653
SciBERT (SciVocab),2,10,3,0.07797087834664161,0.04357384256980674,0.37022581544466127,0.37022581544466127,0.9898953903026391,141,704
SciBERT (SciVocab),2,10,4,0.06649720386375191,0.036584342572651245,0.36465012545302483,0.36465012545302483,0.9880595121264676,127,844
SciBERT (SciVocab),2,10,5,0.06525037936267071,0.035880176897616335,0.359632004460552,0.359632004460552,0.9879839416124182,120,866
SciBERT (SciVocab),2,10,6,0.05810103097625702,0.031722829153203055,0.3448564259827154,0.3448564259827154,0.986911394958892,110,1011
SciBERT (SciVocab),2,10,7,0.06533604452054795,0.0361360205984196,0.3403958739894062,0.3403958739894062,0.9887101811855072,110,1085
SciBERT (SciVocab),2,10,8,0.06365693130399012,0.03506188223965561,0.3451352104822972,0.3451352104822972,0.9881891606230477,101,1128
SciBERT (SciVocab),2,10,9,0.07009235140895098,0.039209192966188695,0.3300808475048787,0.3300808475048787,0.9899425352104864,101,1231
SciBERT (SciVocab),2,10,10,0.06842843645317376,0.03813018506700702,0.3331474770002788,0.3331474770002788,0.9895501231834044,94,1206
SciBERT (SciVocab),2,10,11,0.0736704730831974,0.041717474042050035,0.31474770002787844,0.31474770002787844,0.991009882058,94,1377
SciBERT (SciVocab),2,11,2,0.07603731824167204,0.042266243069831184,0.37831056593253415,0.37831056593253415,0.9893407443279649,137,601
SciBERT (SciVocab),2,11,3,0.07639392795982933,0.04263591006285233,0.36688040144967937,0.36688040144967937,0.9897563821552364,129,745
SciBERT (SciVocab),2,11,4,0.0654481280726081,0.03597760408004878,0.3618622804572066,0.3618622804572066,0.9879433831255202,120,870
SciBERT (SciVocab),2,11,5,0.06365669624204291,0.03490566037735849,0.3610259269584611,0.3610259269584611,0.9875880630479945,108,893
SciBERT (SciVocab),2,11,6,0.05781957506095437,0.0315365520036476,0.34708670197936997,0.34708670197936997,0.9867463877814265,102,1019
SciBERT (SciVocab),2,11,7,0.05961661493258773,0.032577170084938885,0.35071090047393366,0.35071090047393366,0.9870497097988264,95,1070
SciBERT (SciVocab),2,11,8,0.06200278440731901,0.03403662963670606,0.3476442709785336,0.3476442709785336,0.9877319243476756,92,1114
SciBERT (SciVocab),2,11,9,0.06871378910776361,0.03834093039795687,0.33063841650404235,0.33063841650404235,0.9896880913696047,94,1221
SciBERT (SciVocab),2,11,10,0.06701292835770338,0.037281321649549296,0.3309172010036242,0.3309172010036242,0.9893743697401796,88,1222
SciBERT (SciVocab),2,11,11,0.07240428397357788,0.04090727924924816,0.31474770002787844,0.31474770002787844,0.9908240756564842,90,1372
SciBERT (SciVocab),5,2,2,0.23647678314983245,0.2764925373134328,0.20657931419013104,0.20657931419013104,0.9993278384094417,1095,688
SciBERT (SciVocab),5,2,3,0.18720804886812792,0.13810470510271702,0.29049344856425985,0.29049344856425985,0.9977457107666836,514,920
SciBERT (SciVocab),5,2,4,0.18207414359455654,0.1265354929883683,0.32450515751324227,0.32450515751324227,0.9972146372459332,357,1103
SciBERT (SciVocab),5,2,5,0.16146558930064084,0.10762373479431703,0.3231112350153331,0.3231112350153331,0.9966686576146132,273,1208
SciBERT (SciVocab),5,2,6,0.1353856917963967,0.08559421999410204,0.32366880401449677,0.32366880401449677,0.9957004537350727,208,1254
SciBERT (SciVocab),5,2,7,0.13321432556063817,0.08326940511890647,0.33286869250069695,0.33286869250069695,0.9954432366643176,192,1352
SciBERT (SciVocab),5,2,8,0.1287829305464838,0.08001352722353737,0.3298020630052969,0.3298020630052969,0.9952848159078012,168,1372
SciBERT (SciVocab),5,2,9,0.11643383286766573,0.07118896757361162,0.31948703652076943,0.31948703652076943,0.9948168333666698,147,1424
SciBERT (SciVocab),5,2,10,0.11151771956856703,0.06740003492229789,0.3228324505157513,0.3228324505157513,0.9944455672173723,134,1469
SciBERT (SciVocab),5,2,11,0.10935334321082063,0.06598984771573604,0.3189294675216058,0.3189294675216058,0.9943869827362973,121,1564
SciBERT (SciVocab),5,3,2,0.2369281045751634,0.20377434250150572,0.2829662670755506,0.2829662670755506,0.9986251712902764,580,813
SciBERT (SciVocab),5,3,3,0.1802996806681405,0.12763737537676792,0.3069417340395874,0.3069417340395874,0.9973914306503605,461,858
SciBERT (SciVocab),5,3,4,0.1789682831702112,0.12157568486302739,0.3390019514914971,0.3390019514914971,0.9969543002915705,313,1053
SciBERT (SciVocab),5,3,5,0.15511056030265474,0.10124318801089918,0.33147477000278786,0.33147477000278786,0.9963410698358214,236,1172
SciBERT (SciVocab),5,3,6,0.13653958944281525,0.08645918443140459,0.32450515751324227,0.32450515751324227,0.9957365057234264,191,1271
SciBERT (SciVocab),5,3,7,0.1283022895874473,0.07933993399339934,0.33509896849735155,0.33509896849735155,0.9951648737157779,170,1293
SciBERT (SciVocab),5,3,8,0.12686049613230194,0.07844042749703127,0.33147477000278786,0.33147477000278786,0.9951575939873603,151,1374
SciBERT (SciVocab),5,3,9,0.11594347630698557,0.07062043795620437,0.32366880401449677,0.32366880401449677,0.9947034775955959,133,1404
SciBERT (SciVocab),5,3,10,0.11067832034961049,0.06670483824792442,0.32478394201282407,0.32478394201282407,0.9943495441330069,121,1471
SciBERT (SciVocab),5,3,11,0.10340702671569714,0.06147281921618205,0.3253415110119877,0.3253415110119877,0.9938236704182689,110,1521
SciBERT (SciVocab),5,4,2,0.19741074931345626,0.1373662371696877,0.35071090047393366,0.35071090047393366,0.9972614355000463,405,758
SciBERT (SciVocab),5,4,3,0.17799717912552893,0.11913527801378268,0.35182603847226096,0.35182603847226096,0.996765374006447,340,855
SciBERT (SciVocab),5,4,4,0.1767103347889374,0.11957057027479563,0.33844438249233344,0.33844438249233344,0.9969012622702422,301,1055
SciBERT (SciVocab),5,4,5,0.150119241872725,0.09686563537701466,0.3334262614998606,0.3334262614998606,0.9961344642102552,221,1145
SciBERT (SciVocab),5,4,6,0.13353895362120174,0.08397385245312837,0.32589908001115137,0.32589908001115137,0.9955794715818469,182,1256
SciBERT (SciVocab),5,4,7,0.1274212124384881,0.07844021914276507,0.3392807359910789,0.3392807359910789,0.995043544908818,164,1269
SciBERT (SciVocab),5,4,8,0.11896722939424031,0.07237358786926841,0.33398383049902425,0.33398383049902425,0.9946771319117989,141,1327
SciBERT (SciVocab),5,4,9,0.11792937949948577,0.07153041825095056,0.3356565374965152,0.3356565374965152,0.99458249544237,124,1400
SciBERT (SciVocab),5,4,10,0.11057327258921792,0.06662853874749786,0.32478394201282407,0.32478394201282407,0.9943426110583234,119,1473
SciBERT (SciVocab),5,4,11,0.10334588965211611,0.06143956159763937,0.3250627265124059,0.3250627265124059,0.9938254036869398,106,1533
SciBERT (SciVocab),5,5,2,0.17590719007149602,0.11602455734495952,0.36353498745469753,0.36353498745469753,0.9965559951510076,307,779
SciBERT (SciVocab),5,5,3,0.15768772348033372,0.1002804517547184,0.36883189294675217,0.36883189294675217,0.9958852201753859,261,826
SciBERT (SciVocab),5,5,4,0.1510209012927389,0.09639855016580551,0.34848062447727907,0.34848062447727907,0.9959382581967142,237,1004
SciBERT (SciVocab),5,5,5,0.15743593104804351,0.1029134532990574,0.33482018399776975,0.33482018399776975,0.9963708820569601,215,1169
SciBERT (SciVocab),5,5,6,0.13189474843113508,0.0821729885451677,0.33398383049902425,0.33398383049902425,0.995361426383053,170,1218
SciBERT (SciVocab),5,5,7,0.12331269664061707,0.07537688442211055,0.33872316699191524,0.33872316699191524,0.99483347274591,154,1263
SciBERT (SciVocab),5,5,8,0.11493606856821695,0.06907228101778878,0.34206858098689713,0.34206858098689713,0.9942673871980082,133,1330
SciBERT (SciVocab),5,5,9,0.07829524636004243,0.04424907360313885,0.33955952049066074,0.33955952049066074,0.99088023356142,116,1323
SciBERT (SciVocab),5,5,10,0.11032518395442678,0.06648357935690583,0.3239475885140786,0.3239475885140786,0.9943439976732601,116,1485
SciBERT (SciVocab),5,5,11,0.07640878701050621,0.04332237824917837,0.323390019514915,0.323390019514915,0.9911201179454665,103,1467
SciBERT (SciVocab),5,6,2,0.15486166915394328,0.09750632453921214,0.37608028993587955,0.37608028993587955,0.9956716814751364,231,804
SciBERT (SciVocab),5,6,3,0.15296790353585368,0.09668630338733432,0.3660440479509339,0.3660440479509339,0.99574759864292,213,938
SciBERT (SciVocab),5,6,4,0.1431056737190639,0.08958684654300168,0.35545023696682465,0.35545023696682465,0.9955084075663417,191,1052
SciBERT (SciVocab),5,6,5,0.12386211013281599,0.07538144829256478,0.34708670197936997,0.34708670197936997,0.9947062508254692,178,1085
SciBERT (SciVocab),5,6,6,0.12850419480253733,0.07869181129001943,0.35015333147477,0.35015333147477,0.9949024568390102,161,1173
SciBERT (SciVocab),5,6,7,0.12283164544269527,0.07488232777064613,0.3415110119877335,0.3415110119877335,0.9947537423870507,147,1260
SciBERT (SciVocab),5,6,8,0.11475333177460836,0.06894033037419935,0.34206858098689713,0.34206858098689713,0.9942556009710465,130,1330
SciBERT (SciVocab),5,6,9,0.07831034815314881,0.04425872093023256,0.33955952049066074,0.33955952049066074,0.9908823134838249,115,1328
SciBERT (SciVocab),5,6,10,0.10963565048910733,0.066006600660066,0.323390019514915,0.323390019514915,0.9943100256073113,112,1485
SciBERT (SciVocab),5,6,11,0.07562370062370062,0.04279883810714417,0.32450515751324227,0.32450515751324227,0.990975563338317,99,1461
SciBERT (SciVocab),5,7,2,0.14822900180101511,0.09215526601520087,0.378589350432116,0.378589350432116,0.9953624663442556,207,814
SciBERT (SciVocab),5,7,3,0.14109683219630864,0.087064351912283,0.3718985224421522,0.3718985224421522,0.9951510075664111,188,889
SciBERT (SciVocab),5,7,4,0.1394455119407082,0.08681979764834565,0.3540563144689155,0.3540563144689155,0.995369399418939,177,1077
SciBERT (SciVocab),5,7,5,0.11379325903532915,0.0678832902670112,0.3515472539726791,0.3515472539726791,0.993997690592823,161,1084
SciBERT (SciVocab),5,7,6,0.12265758091993186,0.0743012147658922,0.3512684694730973,0.3512684694730973,0.9945582296809781,152,1164
SciBERT (SciVocab),5,7,7,0.12172182134859418,0.07408529197964624,0.34095344298856983,0.34095344298856983,0.9947013976731908,141,1272
SciBERT (SciVocab),5,7,8,0.11502522892917212,0.06909131728124825,0.34318371898522443,0.34318371898522443,0.9942504011650338,126,1339
SciBERT (SciVocab),5,7,9,0.07559861762527771,0.04250372991915617,0.3415110119877335,0.3415110119877335,0.9904337435518072,111,1291
SciBERT (SciVocab),5,7,10,0.07485067988308552,0.04223887554232852,0.3284081405073878,0.3284081405073878,0.9907405321065489,103,1398
SciBERT (SciVocab),5,7,11,0.07550602683647942,0.04273315681082671,0.3239475885140786,0.3239475885140786,0.9909766032995195,98,1467
SciBERT (SciVocab),5,8,2,0.134818401937046,0.08158002695891696,0.388068023417898,0.388068023417898,0.9945675893318007,173,776
SciBERT (SciVocab),5,8,3,0.135156717907766,0.08231503434859262,0.3774742124337887,0.3774742124337887,0.9947672618826834,167,909
SciBERT (SciVocab),5,8,4,0.12330386270152711,0.07424276930084263,0.36353498745469753,0.36353498745469753,0.9943634102823737,154,1019
SciBERT (SciVocab),5,8,5,0.10887045846840399,0.06411782207676286,0.36046835795929744,0.36046835795929744,0.993457604074984,140,1084
SciBERT (SciVocab),5,8,6,0.11191226630974482,0.06621027894145295,0.36130471145804294,0.36130471145804294,0.993663863046816,136,1152
SciBERT (SciVocab),5,8,7,0.11921492609643809,0.07214922571562647,0.3429049344856426,0.3429049344856426,0.9945166312328775,128,1300
SciBERT (SciVocab),5,8,8,0.11875487900078063,0.0719735052338991,0.3392807359910789,0.3392807359910789,0.994560309603383,124,1356
SciBERT (SciVocab),5,8,9,0.07536804419616679,0.042375234261123065,0.3403958739894062,0.3403958739894062,0.9904347835130097,110,1298
SciBERT (SciVocab),5,8,10,0.07402985074626865,0.041716835469934134,0.3284081405073878,0.3284081405073878,0.990619549953323,102,1392
SciBERT (SciVocab),5,8,11,0.07238231183275344,0.04051264980026631,0.3392807359910789,0.3392807359910789,0.990008399419979,93,1392
SciBERT (SciVocab),5,9,2,0.12781463141175373,0.07677198495987429,0.3813771954279342,0.3813771954279342,0.994297199419147,155,822
SciBERT (SciVocab),5,9,3,0.1297149015381601,0.07868306887739941,0.36911067744633397,0.36911067744633397,0.9946258271591415,149,982
SciBERT (SciVocab),5,9,4,0.11867073960936776,0.07114712248182474,0.3574017284638974,0.3574017284638974,0.994198056451174,138,1092
SciBERT (SciVocab),5,9,5,0.10140978557043004,0.05907250644092749,0.35795929746306104,0.35795929746306104,0.9929102378287274,126,1109
SciBERT (SciVocab),5,9,6,0.11096273960801206,0.06562054208273894,0.35907443546138834,0.35907443546138834,0.9936423705152974,120,1205
SciBERT (SciVocab),5,9,7,0.10894941634241245,0.06447321291511027,0.3512684694730973,0.3512684694730973,0.993662129778145,114,1264
SciBERT (SciVocab),5,9,8,0.10489020722613604,0.061539205259595865,0.354892667967661,0.354892667967661,0.9932704110585314,109,1282
SciBERT (SciVocab),5,9,9,0.07540295189279318,0.04239730546199521,0.3403958739894062,0.3403958739894062,0.9904399833190223,109,1306
SciBERT (SciVocab),5,9,10,0.07306338028169014,0.041175011516246765,0.3239475885140786,0.3239475885140786,0.9906198966070573,101,1400
SciBERT (SciVocab),5,9,11,0.07219235540851894,0.040374004691578286,0.34067465848898804,0.34067465848898804,0.989931442290993,91,1388
SciBERT (SciVocab),5,10,2,0.12566957007778656,0.07543898892741305,0.37608028993587955,0.37608028993587955,0.994268773812945,145,898
SciBERT (SciVocab),5,10,3,0.12204705770960564,0.07350593065693431,0.3593532199609702,0.3593532199609702,0.994367916780918,138,1034
SciBERT (SciVocab),5,10,4,0.11759890859481582,0.070260283649405,0.36046835795929744,0.36046835795929744,0.9940687546083281,128,1114
SciBERT (SciVocab),5,10,5,0.10069786697157276,0.05864254224834681,0.3560078059659883,0.3560078059659883,0.9928939451032214,117,1168
SciBERT (SciVocab),5,10,6,0.11048681106583744,0.06528791565287916,0.35907443546138834,0.35907443546138834,0.9936077051418801,114,1235
SciBERT (SciVocab),5,10,7,0.11134253232665105,0.0659335012076674,0.35768051296347925,0.35768051296347925,0.9936992217277014,106,1281
SciBERT (SciVocab),5,10,8,0.10891863699582754,0.06451779002111117,0.3493169779760245,0.3493169779760245,0.9937019949575748,106,1328
SciBERT (SciVocab),5,10,9,0.07465235423273969,0.041910631741140215,0.3412322274881517,0.3412322274881517,0.9903002818641512,104,1301
SciBERT (SciVocab),5,10,10,0.07305964757985992,0.04116814159292036,0.3242263730136604,0.3242263730136604,0.9906101903025004,100,1397
SciBERT (SciVocab),5,10,11,0.07131874630396215,0.03989018622035524,0.33621410649567884,0.33621410649567884,0.989937682058208,89,1406
SciBERT (SciVocab),5,11,2,0.12155297532656023,0.07258545040897026,0.37357122943964316,0.37357122943964316,0.9940649414172522,133,961
SciBERT (SciVocab),5,11,3,0.11892812331959132,0.07085268834427892,0.36994703094507947,0.36994703094507947,0.99396753171795,122,1047
SciBERT (SciVocab),5,11,4,0.11362736906908227,0.06745327346768298,0.36018957345971564,0.36018957345971564,0.9938080710002312,115,1154
SciBERT (SciVocab),5,11,5,0.09732718894009217,0.056079530971195515,0.36799553944800667,0.36799553944800667,0.9922980473341808,104,1155
SciBERT (SciVocab),5,11,6,0.10745623154655466,0.06314760508308895,0.36018957345971564,0.36018957345971564,0.9933553412234034,103,1246
SciBERT (SciVocab),5,11,7,0.10347718471795281,0.06038579815487839,0.36130471145804294,0.36130471145804294,0.9930093807967004,98,1281
SciBERT (SciVocab),5,11,8,0.10644917178172034,0.06267637011733254,0.35294117647058826,0.35294117647058826,0.9934368048509337,100,1325
SciBERT (SciVocab),5,11,9,0.07386921224016416,0.04134487350199734,0.34625034848062447,0.34625034848062447,0.9900170657633333,94,1340
SciBERT (SciVocab),5,11,10,0.07007463737501761,0.0389748731123504,0.3468079174797881,0.3468079174797881,0.9893667433580278,90,1319
SciBERT (SciVocab),5,11,11,0.06963457404683787,0.03874846548522144,0.34318371898522443,0.34318371898522443,0.9894138882658751,84,1388
SciBERT (SciVocab),10,2,2,0.24708549222797926,0.294708381614523,0.21271257318093115,0.21271257318093115,0.9993670102814031,1041,800
SciBERT (SciVocab),10,2,3,0.19408181026979981,0.14108566367202327,0.3108447170337329,0.3108447170337329,0.9976469144524448,491,935
SciBERT (SciVocab),10,2,4,0.1622439158531555,0.1076740578519938,0.32896570950655146,0.32896570950655146,0.9966100731335383,346,1144
SciBERT (SciVocab),10,2,5,0.1546124726041044,0.1014821272885789,0.32450515751324227,0.32450515751324227,0.99642738661563,263,1281
SciBERT (SciVocab),10,2,6,0.1299444537956573,0.08134307389716212,0.3228324505157513,0.3228324505157513,0.995466462464507,213,1325
SciBERT (SciVocab),10,2,7,0.11522593320235756,0.06993382221427294,0.32701421800947866,0.32701421800947866,0.9945922017469269,183,1355
SciBERT (SciVocab),10,2,8,0.08162272932513633,0.04661958419298524,0.3275717870086423,0.3275717870086423,0.9916702574215964,160,1358
SciBERT (SciVocab),10,2,9,0.07634257084703304,0.04300126993085932,0.33983830499024253,0.33983830499024253,0.9905956308456653,135,1318
SciBERT (SciVocab),10,2,10,0.10020548244655271,0.05942134190604584,0.31948703652076943,0.31948703652076943,0.9937117012621316,125,1494
SciBERT (SciVocab),10,2,11,0.0727426105577366,0.04116178306528604,0.31251742403122384,0.31251742403122384,0.9909478310395834,108,1496
SciBERT (SciVocab),10,3,2,0.21635399673735725,0.17055135830252371,0.2957903540563145,0.2957903540563145,0.9982112667316758,565,834
SciBERT (SciVocab),10,3,3,0.17987633501967398,0.1263252876156102,0.31223863953164205,0.31223863953164205,0.9973148201751086,440,920
SciBERT (SciVocab),10,3,4,0.16170269727595207,0.10639422230051084,0.3367716754948425,0.3367716754948425,0.9964828512130974,293,1142
SciBERT (SciVocab),10,3,5,0.14594659900930287,0.09315955888023444,0.3367716754948425,0.3367716754948425,0.995923698739879,230,1197
SciBERT (SciVocab),10,3,6,0.12851808504709358,0.08031485093340764,0.32143852801784223,0.32143852801784223,0.9954231307477356,189,1331
SciBERT (SciVocab),10,3,7,0.11713174860967568,0.07112120487688262,0.33175355450236965,0.33175355450236965,0.9946123076635087,164,1348
SciBERT (SciVocab),10,3,8,0.07960166410063223,0.04510022271714922,0.33872316699191524,0.33872316699191524,0.9910823326884418,138,1302
SciBERT (SciVocab),10,3,9,0.07720001252230535,0.04348286077020736,0.3437412879843881,0.3437412879843881,0.9905977107680702,123,1317
SciBERT (SciVocab),10,3,10,0.10020299745173411,0.059286517428191764,0.323390019514915,0.323390019514915,0.993619491368842,112,1480
SciBERT (SciVocab),10,3,11,0.09819279744453682,0.058237309249455,0.3127962085308057,0.3127962085308057,0.993710314647195,102,1566
SciBERT (SciVocab),10,4,2,0.1782389745154891,0.1227019644920685,0.32562029551156957,0.32562029551156957,0.997105094665935,371,812
SciBERT (SciVocab),10,4,3,0.17650913857132455,0.11945594322885866,0.3378868134931698,0.3378868134931698,0.9969029955389132,329,990
SciBERT (SciVocab),10,4,4,0.15599873377651155,0.10091743119266056,0.3434625034848062,0.3434625034848062,0.9961951286137352,271,1113
SciBERT (SciVocab),10,4,5,0.14561878952122856,0.09287140881855892,0.3370504599944243,0.3370504599944243,0.9959063660531704,217,1220
SciBERT (SciVocab),10,4,6,0.11447020839448195,0.0694156036784337,0.3261778645107332,0.3261778645107332,0.9945627361795223,179,1268
SciBERT (SciVocab),10,4,7,0.1191397638759614,0.07226910733388803,0.3390019514914971,0.3390019514914971,0.9945887352095851,158,1318
SciBERT (SciVocab),10,4,8,0.1055557931653907,0.062342123875921994,0.3440200724839699,0.3440200724839699,0.9935661066937796,135,1337
SciBERT (SciVocab),10,4,9,0.07637025384781469,0.042935423458417145,0.3451352104822972,0.3451352104822972,0.9904337435518072,115,1311
SciBERT (SciVocab),10,4,10,0.100846805234796,0.05956049507451377,0.3286869250069696,0.3286869250069696,0.993546694084666,109,1466
SciBERT (SciVocab),10,4,11,0.0981970943462279,0.05824033220866857,0.3127962085308057,0.3127962085308057,0.9937106613009291,101,1569
SciBERT (SciVocab),10,5,2,0.17227997227997227,0.11463617080143872,0.3465291329802063,0.3465291329802063,0.9966721241519549,298,872
SciBERT (SciVocab),10,5,3,0.16104868913857678,0.10479872258172955,0.3476442709785336,0.3476442709785336,0.9963074444236067,267,958
SciBERT (SciVocab),10,5,4,0.14916701250963418,0.0947289156626506,0.35071090047393366,0.35071090047393366,0.9958325288077919,229,1079
SciBERT (SciVocab),10,5,5,0.12159745678521756,0.07398005439709882,0.3412322274881517,0.3412322274881517,0.9946889181387606,203,1148
SciBERT (SciVocab),10,5,6,0.11100191866722822,0.06669665954335845,0.33063841650404235,0.33063841650404235,0.9942469346276922,170,1235
SciBERT (SciVocab),10,5,7,0.1180003875217981,0.07140763322975904,0.33955952049066074,0.33955952049066074,0.9945093515044598,152,1310
SciBERT (SciVocab),10,5,8,0.10492550542354281,0.06182234158957525,0.3465291329802063,0.3465291329802063,0.9934610706123257,123,1334
SciBERT (SciVocab),10,5,9,0.07663470993117011,0.043063853299720276,0.3476442709785336,0.3476442709785336,0.9903942250261117,111,1305
SciBERT (SciVocab),10,5,10,0.10066112177436554,0.05942189545775003,0.32896570950655146,0.32896570950655146,0.9935252015531474,107,1466
SciBERT (SciVocab),10,5,11,0.07293885727003911,0.04116422624174562,0.3197658210203513,0.3197658210203513,0.9907384521841438,94,1467
SciBERT (SciVocab),10,6,2,0.15614881788747023,0.09998435299640118,0.3562865904655701,0.3562865904655701,0.9960120954420927,238,894
SciBERT (SciVocab),10,6,3,0.1414007824984846,0.08811813186813187,0.35768051296347925,0.35768051296347925,0.9953974783714069,214,994
SciBERT (SciVocab),10,6,4,0.12368962711215356,0.07466481738326398,0.36018957345971564,0.36018957345971564,0.9944493804084482,183,1051
SciBERT (SciVocab),10,6,5,0.11108190976784932,0.06589409135789638,0.3534987454697519,0.3534987454697519,0.9937688991282698,174,1107
SciBERT (SciVocab),10,6,6,0.11262438666483239,0.06739846322722283,0.3423473654864789,0.3423473654864789,0.9941096597489603,157,1219
SciBERT (SciVocab),10,6,7,0.11286329879893646,0.06753717013222144,0.34318371898522443,0.34318371898522443,0.9941082731340236,142,1281
SciBERT (SciVocab),10,6,8,0.10378994302700024,0.06091591955415556,0.3504321159743518,0.3504321159743518,0.9932825439392274,118,1315
SciBERT (SciVocab),10,6,9,0.07651650175158257,0.04299775513728199,0.34708670197936997,0.34708670197936997,0.9903942250261117,110,1310
SciBERT (SciVocab),10,6,10,0.10051919312281897,0.059313947064436746,0.32924449400613326,0.32924449400613326,0.9935071755589705,105,1466
SciBERT (SciVocab),10,6,11,0.07183142237372173,0.04040720984555311,0.3231112350153331,0.3231112350153331,0.9904587026206676,91,1443
SciBERT (SciVocab),10,7,2,0.14097011693373754,0.08747060799462546,0.3629774184555339,0.3629774184555339,0.9952914023287505,205,871
SciBERT (SciVocab),10,7,3,0.11862624846679516,0.07037056286055818,0.3774742124337887,0.3774742124337887,0.9937994046568769,177,895
SciBERT (SciVocab),10,7,4,0.11958706376758634,0.07151051625239006,0.36492890995260663,0.36492890995260663,0.9941082731340236,166,1059
SciBERT (SciVocab),10,7,5,0.10836825291457496,0.06365763306687464,0.3640925564538612,0.3640925564538612,0.9933407817665683,157,1080
SciBERT (SciVocab),10,7,6,0.11214615175906666,0.06692934635936741,0.3456927794814608,0.3456927794814608,0.9940073968973797,148,1204
SciBERT (SciVocab),10,7,7,0.11033431926145021,0.06573396699951942,0.34318371898522443,0.34318371898522443,0.9939349462669379,141,1278
SciBERT (SciVocab),10,7,8,0.10441103584999174,0.061284848484848484,0.3523836074714246,0.3523836074714246,0.9932884370527083,116,1312
SciBERT (SciVocab),10,7,9,0.07711518547846745,0.043286490922145864,0.35294117647058826,0.35294117647058826,0.9903002818641512,107,1291
SciBERT (SciVocab),10,7,10,0.0990956887486856,0.0583514959381811,0.3284081405073878,0.3284081405073878,0.9934101125134025,100,1472
SciBERT (SciVocab),10,7,11,0.07183142237372173,0.04040720984555311,0.3231112350153331,0.3231112350153331,0.9904587026206676,91,1443
SciBERT (SciVocab),10,8,2,0.12308255872521635,0.07363576594345825,0.37468636743797046,0.37468636743797046,0.9941387786626307,168,873
SciBERT (SciVocab),10,8,3,0.11086148441648626,0.06494687470087106,0.37831056593253415,0.37831056593253415,0.9932274259954942,157,908
SciBERT (SciVocab),10,8,4,0.11168370364112529,0.06581371035993429,0.3685531084471703,0.3685531084471703,0.9934950426782745,147,1043
SciBERT (SciVocab),10,8,5,0.10399584016639335,0.06070794807135519,0.36241984945637024,0.36241984945637024,0.9930274067908773,137,1099
SciBERT (SciVocab),10,8,6,0.07752795183683499,0.043563809589561256,0.35182603847226096,0.35182603847226096,0.9903952649873142,132,1134
SciBERT (SciVocab),10,8,7,0.10329914741134313,0.06060313164508022,0.34959576247560636,0.34959576247560636,0.9932617447151771,121,1260
SciBERT (SciVocab),10,8,8,0.0795524406737981,0.044705475902573844,0.3607471424588793,0.3607471424588793,0.9904146775964278,111,1224
SciBERT (SciVocab),10,8,9,0.07701212453542923,0.04322993262423475,0.3523836074714246,0.3523836074714246,0.9903023617865563,106,1298
SciBERT (SciVocab),10,8,10,0.07422117413429316,0.04175831849446598,0.3334262614998606,0.3334262614998606,0.9904860882656671,96,1374
SciBERT (SciVocab),10,8,11,0.0717904361794143,0.04036824735105089,0.3239475885140786,0.3239475885140786,0.9904243839009846,89,1445
SciBERT (SciVocab),10,9,2,0.1263873801539697,0.07608324803821222,0.3730136604404795,0.3730136604404795,0.9943675701271838,153,900
SciBERT (SciVocab),10,9,3,0.11578274760383386,0.06833266291230893,0.3788681349316978,0.3788681349316978,0.9935768529595389,142,946
SciBERT (SciVocab),10,9,4,0.10221800947867299,0.05915394067052835,0.37580150543629776,0.37580150543629776,0.9925677439393661,128,1030
SciBERT (SciVocab),10,9,5,0.10175093448750738,0.05923584387025838,0.36046835795929744,0.36046835795929744,0.9928814655687912,121,1161
SciBERT (SciVocab),10,9,6,0.0762325151361508,0.04268251953777303,0.3562865904655701,0.3562865904655701,0.9900635173637122,111,1162
SciBERT (SciVocab),10,9,7,0.07670394914390237,0.042974262482360054,0.35656537496515195,0.35656537496515195,0.9901262616895973,109,1194
SciBERT (SciVocab),10,9,8,0.0790165739098526,0.044375751330929074,0.36018957345971564,0.36018957345971564,0.9903550531541503,104,1248
SciBERT (SciVocab),10,9,9,0.07675134254510348,0.04303257890997666,0.35461388346807915,0.35461388346807915,0.9901942058214949,101,1302
SciBERT (SciVocab),10,9,10,0.07388919701731682,0.04153531714414383,0.3342626149986061,0.3342626149986061,0.9904087844829469,95,1362
SciBERT (SciVocab),10,9,11,0.0717904361794143,0.04036824735105089,0.3239475885140786,0.3239475885140786,0.9904243839009846,89,1445
SciBERT (SciVocab),10,10,2,0.11648551509115317,0.06895314262278274,0.37496515193755225,0.37496515193755225,0.993704421533714,135,865
SciBERT (SciVocab),10,10,3,0.11509385882952518,0.0678891728042487,0.3777529969333705,0.3777529969333705,0.9935508539294761,127,947
SciBERT (SciVocab),10,10,4,0.09655025098793121,0.05534242102685495,0.37803178143295235,0.37803178143295235,0.9919763526688697,113,1023
SciBERT (SciVocab),10,10,5,0.09568952747741076,0.055173591834991674,0.36018957345971564,0.36018957345971564,0.9923302861314587,105,1162
SciBERT (SciVocab),10,10,6,0.07468150534485284,0.04172393481248773,0.35545023696682465,0.35545023696682465,0.9898489387022601,103,1153
SciBERT (SciVocab),10,10,7,0.07592419279363594,0.04241137069106355,0.3618622804572066,0.3618622804572066,0.9898406190126401,98,1193
SciBERT (SciVocab),10,10,8,0.0785066081978196,0.04406686950873474,0.3593532199609702,0.3593532199609702,0.9903068682851005,98,1272
SciBERT (SciVocab),10,10,9,0.07543839002000706,0.04216966547153054,0.3574017284638974,0.3574017284638974,0.9899057899146643,95,1291
SciBERT (SciVocab),10,10,10,0.07304548631156756,0.040990315100259175,0.33509896849735155,0.33509896849735155,0.9902514036876331,93,1351
SciBERT (SciVocab),10,10,11,0.0709124721807262,0.039809680290271786,0.3242263730136604,0.3242263730136604,0.9902760161027593,88,1428
SciBERT (SciVocab),10,11,2,0.09287904829306103,0.05282527025990953,0.38416504042375244,0.38416504042375244,0.9914348795360941,118,800
SciBERT (SciVocab),10,11,3,0.09932925264816919,0.05718264686022957,0.3777529969333705,0.3777529969333705,0.9922554089248777,111,957
SciBERT (SciVocab),10,11,4,0.09154641982031038,0.05213784548590921,0.37496515193755225,0.37496515193755225,0.991523622892042,102,1054
SciBERT (SciVocab),10,11,5,0.09365183724158083,0.05388592324828717,0.3574017284638974,0.3574017284638974,0.9921971710975369,99,1178
SciBERT (SciVocab),10,11,6,0.07262060716523323,0.04044152631078123,0.35545023696682465,0.35545023696682465,0.9895130312338482,97,1139
SciBERT (SciVocab),10,11,7,0.0748509991819563,0.041806729545380374,0.3571229439643156,0.3571229439643156,0.9898222463647289,91,1244
SciBERT (SciVocab),10,11,8,0.07630293403662301,0.04274680993955675,0.354892667967661,0.354892667967661,0.9901179419999772,89,1309
SciBERT (SciVocab),10,11,9,0.07250306853538092,0.040386694651148,0.3540563144689155,0.3540563144689155,0.9895393769176452,87,1299
SciBERT (SciVocab),10,11,10,0.07081113084665483,0.03961183055675156,0.3334262614998606,0.3334262614998606,0.9899480816702332,84,1383
SciBERT (SciVocab),10,11,11,0.07135766072019493,0.03999460443784987,0.33063841650404235,0.33063841650404235,0.9901314614956098,84,1417
SciBERT (SciVocab),20,2,2,0.24237427864798022,0.2966101694915254,0.2049066071926401,0.2049066071926401,0.9993957825413393,1063,768
SciBERT (SciVocab),20,2,3,0.21615277925957538,0.17507777393708954,0.28240869807638697,0.28240869807638697,0.9983454217268001,536,1038
SciBERT (SciVocab),20,2,4,0.18408123157549952,0.13031884057971013,0.31335377752996935,0.31335377752996935,0.9973997503399806,352,1209
SciBERT (SciVocab),20,2,5,0.1457537086221416,0.0949367088607595,0.31363256202955114,0.31363256202955114,0.9962821387010122,270,1264
SciBERT (SciVocab),20,2,6,0.10581774344778319,0.06299840510366826,0.33035963200446056,0.33035963200446056,0.9938902279352299,196,1238
SciBERT (SciVocab),20,2,7,0.1073006330555176,0.06412629286880783,0.3284081405073878,0.3284081405073878,0.994040329002126,176,1303
SciBERT (SciVocab),20,2,8,0.08753296742462043,0.05018184790159781,0.3423473654864789,0.3423473654864789,0.9919427272566551,148,1316
SciBERT (SciVocab),20,2,9,0.08833031282010874,0.051433815095205324,0.31251742403122384,0.31251742403122384,0.9928332806997414,139,1444
SciBERT (SciVocab),20,2,10,0.07597674732999865,0.043229106572824125,0.31335377752996935,0.31335377752996935,0.9913762950550191,124,1488
SciBERT (SciVocab),20,2,11,0.07636717392814954,0.043619765826552886,0.30638416504042376,0.30638416504042376,0.991647031621407,110,1540
SciBERT (SciVocab),20,3,2,0.2186695278969957,0.17774289202860633,0.2840814050738779,0.2840814050738779,0.9983658742971162,578,807
SciBERT (SciVocab),20,3,3,0.22005658597925182,0.1762928139691068,0.2927237245609144,0.2927237245609144,0.9982993167801554,481,1042
SciBERT (SciVocab),20,3,4,0.16738348727349645,0.11202340505851265,0.3309172010036242,0.3309172010036242,0.9967383350151817,294,1100
SciBERT (SciVocab),20,3,5,0.11503570739239528,0.06955709867538075,0.3323111235015333,0.3323111235015333,0.9944726062086378,218,1127
SciBERT (SciVocab),20,3,6,0.10392609699769054,0.061379136145491286,0.33872316699191524,0.33872316699191524,0.9935591736190962,173,1189
SciBERT (SciVocab),20,3,7,0.1069024324566915,0.06370687349558705,0.3320323390019515,0.3320323390019515,0.9939321730370646,163,1281
SciBERT (SciVocab),20,3,8,0.11321104317213267,0.06788511749347259,0.34067465848898804,0.34067465848898804,0.9941834969943388,143,1404
SciBERT (SciVocab),20,3,9,0.08830577051498606,0.05139460448102423,0.31335377752996935,0.31335377752996935,0.9928083216308811,126,1453
SciBERT (SciVocab),20,3,10,0.07718713547742043,0.043833749716102655,0.3228324505157513,0.3228324505157513,0.9912435266748315,109,1464
SciBERT (SciVocab),20,3,11,0.07629427792915532,0.04353302369519011,0.3083356565374965,0.3083356565374965,0.991576314259636,100,1532
SciBERT (SciVocab),20,4,2,0.2186277995023107,0.16046966731898238,0.3429049344856426,0.3429049344856426,0.9977692832206073,396,849
SciBERT (SciVocab),20,4,3,0.1888497472813601,0.13018688628444727,0.3437412879843881,0.3437412879843881,0.9971442665378963,336,953
SciBERT (SciVocab),20,4,4,0.16021220159151195,0.1051074567127817,0.3367716754948425,0.3367716754948425,0.9964346663440475,282,1066
SciBERT (SciVocab),20,4,5,0.11486550259556394,0.06913594273703345,0.3392807359910789,0.3392807359910789,0.9943197319118682,207,1093
SciBERT (SciVocab),20,4,6,0.10438466426604533,0.06154460985113398,0.3434625034848062,0.3434625034848062,0.9934877629498569,164,1167
SciBERT (SciVocab),20,4,7,0.10699698099804653,0.0636320430902466,0.335935321996097,0.335935321996097,0.9938531359856735,156,1271
SciBERT (SciVocab),20,4,8,0.11875062369025047,0.07231844424187177,0.33175355450236965,0.33175355450236965,0.9947083307478742,135,1420
SciBERT (SciVocab),20,4,9,0.08854007924413289,0.051277525263668855,0.3239475885140786,0.3239475885140786,0.99254729136905,118,1422
SciBERT (SciVocab),20,4,10,0.07640213031757512,0.04330811374902165,0.3239475885140786,0.3239475885140786,0.9911017452975555,102,1447
SciBERT (SciVocab),20,4,11,0.07800812139346014,0.044717605259933846,0.30526902704209646,0.30526902704209646,0.9918910758502636,99,1572
SciBERT (SciVocab),20,5,2,0.17348760330578514,0.11371121511527128,0.36576526345135213,0.36576526345135213,0.9964551189143637,296,793
SciBERT (SciVocab),20,5,3,0.17014167334937183,0.11189241452052387,0.354892667967661,0.354892667967661,0.9964974106699326,265,969
SciBERT (SciVocab),20,5,4,0.14074737077646005,0.08803975085730283,0.35071090047393366,0.35071090047393366,0.9954827551900131,229,1020
SciBERT (SciVocab),20,5,5,0.11445000927471712,0.06864326639595038,0.3440200724839699,0.3440200724839699,0.994195976528769,194,1082
SciBERT (SciVocab),20,5,6,0.10533978503832483,0.06222806840028332,0.3429049344856426,0.3429049344856426,0.9935744263833998,163,1176
SciBERT (SciVocab),20,5,7,0.10763123070136744,0.06393124770738354,0.3401170894898244,0.3401170894898244,0.993807724346497,150,1268
SciBERT (SciVocab),20,5,8,0.1175830157866086,0.07148014440433213,0.331195985503206,0.331195985503206,0.9946504395742676,130,1427
SciBERT (SciVocab),20,5,9,0.10857681432610744,0.06533204786479896,0.3211597435182604,0.3211597435182604,0.9942867998071219,115,1505
SciBERT (SciVocab),20,5,10,0.07636996421183964,0.04328247115742464,0.3242263730136604,0.3242263730136604,0.991088572455657,99,1453
SciBERT (SciVocab),20,5,11,0.07795250434844343,0.04466319557435731,0.3061053805408419,0.3061053805408419,0.9918584903992516,97,1568
SciBERT (SciVocab),20,6,2,0.16118562067487294,0.1032804897190394,0.36688040144967937,0.36688040144967937,0.9960391344333581,237,874
SciBERT (SciVocab),20,6,3,0.16183816183816183,0.10427226647356988,0.36130471145804294,0.36130471145804294,0.9961407039774702,220,1029
SciBERT (SciVocab),20,6,4,0.1382287114995204,0.0854469991435536,0.36158349595762473,0.36158349595762473,0.9951877528622333,193,1048
SciBERT (SciVocab),20,6,5,0.11419219929084462,0.06822008581826082,0.35015333147477,0.35015333147477,0.9940531551902904,171,1107
SciBERT (SciVocab),20,6,6,0.11855570573469781,0.07169128378772842,0.3423473654864789,0.3423473654864789,0.9944878589729412,159,1222
SciBERT (SciVocab),20,6,7,0.10716446288134128,0.06341089235489644,0.3456927794814608,0.3456927794814608,0.9936510368586516,144,1244
SciBERT (SciVocab),20,6,8,0.1173197989361183,0.07110743019403691,0.33509896849735155,0.33509896849735155,0.9945568430660413,127,1416
SciBERT (SciVocab),20,6,9,0.08468677494199536,0.04867275076051173,0.32562029551156957,0.32562029551156957,0.9920862419026021,109,1419
SciBERT (SciVocab),20,6,10,0.07636996421183964,0.04328247115742464,0.3242263730136604,0.3242263730136604,0.991088572455657,99,1453
SciBERT (SciVocab),20,6,11,0.07718761941153993,0.044087301587301585,0.30972957903540566,0.30972957903540566,0.9916494581975461,94,1536
SciBERT (SciVocab),20,7,2,0.15097028834557613,0.09396110542476971,0.38388625592417064,0.38388625592417064,0.9953971317176727,211,838
SciBERT (SciVocab),20,7,3,0.14758635961027458,0.09207708779443255,0.3716197379425704,0.3716197379425704,0.9954435833180517,189,996
SciBERT (SciVocab),20,7,4,0.09157445627666586,0.05229379605419539,0.36799553944800667,0.36799553944800667,0.9917073493711528,168,987
SciBERT (SciVocab),20,7,5,0.11168050892383813,0.06635518924877946,0.3523836074714246,0.3523836074714246,0.9938347633377624,160,1088
SciBERT (SciVocab),20,7,6,0.10254098360655738,0.060106664104165666,0.34875940897686086,0.34875940897686086,0.9932187596521399,142,1170
SciBERT (SciVocab),20,7,7,0.10657956938415918,0.06300172746672086,0.3456927794814608,0.3456927794814608,0.9936070118344118,139,1255
SciBERT (SciVocab),20,7,8,0.11530815109343936,0.06911650593060636,0.3476442709785336,0.3476442709785336,0.994177950534592,119,1384
SciBERT (SciVocab),20,7,9,0.08543107751551024,0.04897992558976246,0.33398383049902425,0.33398383049902425,0.9919364874894401,105,1376
SciBERT (SciVocab),20,7,10,0.07539733815738467,0.04263948262632906,0.3253415110119877,0.3253415110119877,0.9909169788572421,98,1433
SciBERT (SciVocab),20,7,11,0.07643660479267084,0.04355957297592145,0.3116810705324784,0.3116810705324784,0.9914903441335615,93,1521
SciBERT (SciVocab),20,8,2,0.13985230455818692,0.08555583250249252,0.38277111792584334,0.38277111792584334,0.9949128564510353,175,897
SciBERT (SciVocab),20,8,3,0.14286475824937364,0.08832059056156077,0.37357122943964316,0.37357122943964316,0.9952050855489418,169,1035
SciBERT (SciVocab),20,8,4,0.08916641487897405,0.05068702290076336,0.37022581544466127,0.37022581544466127,0.99137802832369,149,1007
SciBERT (SciVocab),20,8,5,0.10207598903251078,0.05938112382080846,0.3632562029551157,0.3632562029551157,0.9928450669267032,136,1114
SciBERT (SciVocab),20,8,6,0.10043788709613792,0.058496461722268175,0.354892667967661,0.354892667967661,0.9928974116405631,128,1175
SciBERT (SciVocab),20,8,7,0.10074205517018874,0.05889009382809185,0.3482018399776972,0.3482018399776972,0.9930807914659397,122,1276
SciBERT (SciVocab),20,8,8,0.11364983809914717,0.06793893129770992,0.34736548647895177,0.34736548647895177,0.9940743010680748,116,1385
SciBERT (SciVocab),20,8,9,0.08513970457376757,0.04880039170882977,0.3334262614998606,0.3334262614998606,0.9919188081489974,102,1387
SciBERT (SciVocab),20,8,10,0.07465007776049767,0.042120343839541545,0.32785057150822416,0.32785057150822416,0.9907290925333212,96,1415
SciBERT (SciVocab),20,8,11,0.07643660479267084,0.04355957297592145,0.3116810705324784,0.3116810705324784,0.9914903441335615,93,1521
SciBERT (SciVocab),20,9,2,0.12915319368292796,0.07762505633168093,0.38416504042375244,0.38416504042375244,0.9943238917566782,155,920
SciBERT (SciVocab),20,9,3,0.12385871068892373,0.07420299464058788,0.3744075829383886,0.3744075829383886,0.9941914700302248,146,1001
SciBERT (SciVocab),20,9,4,0.0873729855672772,0.04942339373970346,0.3763590744354614,0.3763590744354614,0.9909991357922407,132,985
SciBERT (SciVocab),20,9,5,0.10264423076923077,0.05993543255509287,0.3571229439643156,0.3571229439643156,0.9930350331730291,123,1156
SciBERT (SciVocab),20,9,6,0.09473528760245145,0.05459806800289374,0.35768051296347925,0.35768051296347925,0.9922987406416491,112,1183
SciBERT (SciVocab),20,9,7,0.09778848769870574,0.056815102520097555,0.35071090047393366,0.35071090047393366,0.9927604834155653,109,1278
SciBERT (SciVocab),20,9,8,0.08659150043365134,0.04944924320469134,0.3479230554781154,0.3479230554781154,0.9916837769172291,103,1339
SciBERT (SciVocab),20,9,9,0.08511699134584565,0.04879144210354401,0.3331474770002788,0.3331474770002788,0.9919240079550099,101,1395
SciBERT (SciVocab),20,9,10,0.07454436337218484,0.042034767740096894,0.32896570950655146,0.32896570950655146,0.9906777877806638,95,1410
SciBERT (SciVocab),20,9,11,0.07614942528735633,0.043400272957691555,0.3102871480345693,0.3102871480345693,0.9914958905933082,91,1537
SciBERT (SciVocab),20,10,2,0.12165599508815016,0.0721831902159771,0.38667410091998883,0.38667410091998883,0.993819857227193,144,914
SciBERT (SciVocab),20,10,3,0.10933709008374423,0.06359539308963445,0.3894619459158071,0.3894619459158071,0.9928693326880952,133,955
SciBERT (SciVocab),20,10,4,0.07913749027453595,0.04394926082528317,0.3969891274045163,0.3969891274045163,0.9892617072765739,113,947
SciBERT (SciVocab),20,10,5,0.09492179130062138,0.05443374974400983,0.3705045999442431,0.3705045999442431,0.99199715189292,104,1159
SciBERT (SciVocab),20,10,6,0.09270153670624309,0.053147996729354045,0.36241984945637024,0.36241984945637024,0.9919714995165914,100,1188
SciBERT (SciVocab),20,10,7,0.09395272537469242,0.05422853453841188,0.3512684694730973,0.3512684694730973,0.9923822841915845,100,1284
SciBERT (SciVocab),20,10,8,0.0840285455824706,0.047753236862147753,0.34959576247560636,0.34959576247560636,0.9913315767233111,96,1338
SciBERT (SciVocab),20,10,9,0.08262655711635304,0.04688498702861225,0.3476442709785336,0.3476442709785336,0.9912123278387561,96,1369
SciBERT (SciVocab),20,10,10,0.07431514423836456,0.04190720547359419,0.32785057150822416,0.32785057150822416,0.9906798677030689,94,1419
SciBERT (SciVocab),20,10,11,0.07611674431351055,0.04338996289787151,0.30972957903540566,0.30972957903540566,0.9915090634352067,88,1564
SciBERT (SciVocab),20,11,2,0.07839294463498285,0.04343760369219631,0.4014496793978255,0.4014496793978255,0.9890072634356921,117,850
SciBERT (SciVocab),20,11,3,0.07484418237773813,0.04124857468643101,0.40340117089489824,0.40340117089489824,0.9883409949586147,106,891
SciBERT (SciVocab),20,11,4,0.07607672235224491,0.04210087536473531,0.39420128240869806,0.39420128240869806,0.9888474560642391,98,994
SciBERT (SciVocab),20,11,5,0.09278600923002187,0.052988268864933415,0.37273487594089766,0.37273487594089766,0.9917167090219754,96,1167
SciBERT (SciVocab),20,11,6,0.09209774221206059,0.05281704568735915,0.3593532199609702,0.3593532199609702,0.991986752280895,96,1218
SciBERT (SciVocab),20,11,7,0.09144650415997664,0.05260948062308435,0.3493169779760245,0.3493169779760245,0.9921781051421575,94,1301
SciBERT (SciVocab),20,11,8,0.08341162260099315,0.047411984590151425,0.3465291329802063,0.3465291329802063,0.9913426696428045,92,1368
SciBERT (SciVocab),20,11,9,0.08172470978441128,0.0463803034295825,0.3434625034848062,0.3434625034848062,0.9912189142597053,91,1409
SciBERT (SciVocab),20,11,10,0.07315693545345987,0.041225429431556576,0.32450515751324227,0.32450515751324227,0.9906157367622472,89,1444
SciBERT (SciVocab),20,11,11,0.0758216282558298,0.04319285298116139,0.31000836353498745,0.31000836353498745,0.991460878566157,84,1587
SciBERT (SciVocab),50,2,2,0.24076029567053855,0.26232741617357,0.22247003066629495,0.22247003066629495,0.9992221090205194,1016,731
SciBERT (SciVocab),50,2,3,0.22211340710997943,0.17119565217391305,0.3161416225257876,0.3161416225257876,0.9980968709993993,505,956
SciBERT (SciVocab),50,2,4,0.17884212223834867,0.12580828133862734,0.309172010036242,0.309172010036242,0.9973286863244755,351,1200
SciBERT (SciVocab),50,2,5,0.14712207463630614,0.09514849055060133,0.3242263730136604,0.3242263730136604,0.9961660097000647,266,1235
SciBERT (SciVocab),50,2,6,0.13241239892183287,0.08290556219675128,0.3286869250069696,0.3286869250069696,0.9954789419989372,211,1326
SciBERT (SciVocab),50,2,7,0.12192513368983957,0.07543174750215047,0.3178143295232785,0.3178143295232785,0.9951562073724236,188,1425
SciBERT (SciVocab),50,2,8,0.07817826763313805,0.04435514159092616,0.32924449400613326,0.32924449400613326,0.9911793957340098,161,1366
SciBERT (SciVocab),50,2,9,0.07879986811737553,0.04468459036009423,0.3331474770002788,0.3331474770002788,0.9911436903993902,137,1428
SciBERT (SciVocab),50,2,10,0.11095346197502838,0.06681095859201458,0.32701421800947866,0.32701421800947866,0.9943204252193365,132,1608
SciBERT (SciVocab),50,2,11,0.10254119958912063,0.06105084024675601,0.3200446055199331,0.3200446055199331,0.9938794816694705,114,1602
SciBERT (SciVocab),50,3,2,0.247185570754146,0.21844244758237055,0.28463897407304156,0.28463897407304156,0.9987336739090721,583,853
SciBERT (SciVocab),50,3,3,0.21261835567638512,0.16016949152542373,0.3161416225257876,0.3161416225257876,0.9979387968966171,459,948
SciBERT (SciVocab),50,3,4,0.17312758750470456,0.11858115075273253,0.3206021745190967,0.3206021745190967,0.9970368038803032,302,1154
SciBERT (SciVocab),50,3,5,0.1394313120931826,0.08767142959718532,0.3403958739894062,0.3403958739894062,0.9955954176536187,227,1155
SciBERT (SciVocab),50,3,6,0.13322705534046914,0.08370895041854476,0.3261778645107332,0.3261778645107332,0.9955604056264674,192,1326
SciBERT (SciVocab),50,3,7,0.13180183315929922,0.08321734671452641,0.31669919152495124,0.31669919152495124,0.9956616285168455,172,1452
SciBERT (SciVocab),50,3,8,0.11070144294232782,0.06615167011206616,0.3390019514914971,0.3390019514914971,0.9940493419992145,145,1401
SciBERT (SciVocab),50,3,9,0.07698122716391584,0.04339334540676822,0.34067465848898804,0.34067465848898804,0.9906614950551578,123,1360
SciBERT (SciVocab),50,3,10,0.10584735603605204,0.06294888043937473,0.3323111235015333,0.3323111235015333,0.9938489761408634,115,1552
SciBERT (SciVocab),50,3,11,0.1021261610247832,0.060637741766858336,0.323390019514915,0.323390019514915,0.9937706323969407,103,1590
SciBERT (SciVocab),50,4,2,0.19303433546903237,0.13683475020379643,0.3275717870086423,0.3275717870086423,0.9974306025223219,393,834
SciBERT (SciVocab),50,4,3,0.1834027456424495,0.1267725770337989,0.33147477000278786,0.33147477000278786,0.9971609059171366,340,939
SciBERT (SciVocab),50,4,4,0.17840650883236825,0.12102227525855211,0.3392807359910789,0.3392807359910789,0.9969359276436593,284,1137
SciBERT (SciVocab),50,4,5,0.13903924221921515,0.08714396777157396,0.3437412879843881,0.3437412879843881,0.9955226203694427,215,1144
SciBERT (SciVocab),50,4,6,0.12900075946620376,0.08008351855593723,0.33147477000278786,0.33147477000278786,0.9952654032986876,180,1312
SciBERT (SciVocab),50,4,7,0.1171875,0.07162790697674419,0.3219960970170059,0.3219960970170059,0.9948105935994548,163,1393
SciBERT (SciVocab),50,4,8,0.10975887688591093,0.06560592850915431,0.3356565374965152,0.3356565374965152,0.9940555817664296,138,1420
SciBERT (SciVocab),50,4,9,0.07705108480643034,0.043415186469464295,0.34206858098689713,0.34206858098689713,0.9906282162966774,115,1365
SciBERT (SciVocab),50,4,10,0.1056319290465632,0.06280651795601962,0.3320323390019515,0.3320323390019515,0.9938392698363067,109,1562
SciBERT (SciVocab),50,4,11,0.10036856089826005,0.05930014685775054,0.326456649010315,0.326456649010315,0.9935605602340328,99,1567
SciBERT (SciVocab),50,5,2,0.17688302672683096,0.11776668515437234,0.3551714524672428,0.3551714524672428,0.9966915367610686,303,828
SciBERT (SciVocab),50,5,3,0.15972179097062658,0.10274848194311281,0.3585168664622247,0.3585168664622247,0.9961070785652557,264,901
SciBERT (SciVocab),50,5,4,0.1434389140271493,0.08997374583126375,0.3534987454697519,0.3534987454697519,0.9955541658592524,227,1044
SciBERT (SciVocab),50,5,5,0.13844168957199754,0.08665730337078652,0.3440200724839699,0.3440200724839699,0.9954914215333673,211,1139
SciBERT (SciVocab),50,5,6,0.11278299921292652,0.06762158560959361,0.33955952049066074,0.33955952049066074,0.9941782971883262,169,1247
SciBERT (SciVocab),50,5,7,0.12055995616001594,0.07339560839500182,0.33732924449400614,0.33732924449400614,0.9947045175567983,156,1352
SciBERT (SciVocab),50,5,8,0.10883211033507205,0.06467034410296822,0.34318371898522443,0.34318371898522443,0.9938281769168131,129,1401
SciBERT (SciVocab),50,5,9,0.07701972609624325,0.04339976636341109,0.3417897964873153,0.3417897964873153,0.9906323761414875,111,1381
SciBERT (SciVocab),50,5,10,0.10422888802320045,0.06169296987087518,0.3356565374965152,0.3356565374965152,0.9936520768198541,107,1537
SciBERT (SciVocab),50,5,11,0.10006430868167203,0.059124531360826835,0.3253415110119877,0.3253415110119877,0.9935622935027038,95,1583
SciBERT (SciVocab),50,6,2,0.15826748609891717,0.10016298710920137,0.37691664343462505,0.37691664343462505,0.9957895437447547,234,848
SciBERT (SciVocab),50,6,3,0.13720918182289238,0.08426680244399186,0.36911067744633397,0.36911067744633397,0.9950123460727425,202,938
SciBERT (SciVocab),50,6,4,0.13574564883880866,0.08376860799164272,0.35768051296347925,0.35768051296347925,0.9951354081483733,190,1107
SciBERT (SciVocab),50,6,5,0.13360535676919857,0.08223324103290618,0.3560078059659883,0.3560078059659883,0.9950594909805898,180,1154
SciBERT (SciVocab),50,6,6,0.11001080302484696,0.06559665038381018,0.34067465848898804,0.34067465848898804,0.9939657984492792,159,1232
SciBERT (SciVocab),50,6,7,0.11909871244635194,0.07217591771590708,0.3403958739894062,0.3403958739894062,0.9945589229884464,144,1353
SciBERT (SciVocab),50,6,8,0.07926577535012226,0.044727976489140564,0.3479230554781154,0.3479230554781154,0.9907602913693967,122,1308
SciBERT (SciVocab),50,6,9,0.07639466469519145,0.04294223576672669,0.3456927794814608,0.3456927794814608,0.9904198774024404,107,1354
SciBERT (SciVocab),50,6,10,0.1034293668536719,0.06093439363817097,0.3417897964873153,0.3417897964873153,0.9934503243465663,102,1490
SciBERT (SciVocab),50,6,11,0.0772288842544317,0.04372532378879008,0.33035963200446056,0.33035963200446056,0.9910161218252151,92,1480
SciBERT (SciVocab),50,7,2,0.14600638977635783,0.09023892582110182,0.3822135489266797,0.3822135489266797,0.9952085520862834,199,832
SciBERT (SciVocab),50,7,3,0.12237162710946665,0.07300134589502019,0.37803178143295235,0.37803178143295235,0.9940309693513034,181,886
SciBERT (SciVocab),50,7,4,0.1196028215842207,0.07129084092126406,0.37106216894340677,0.37106216894340677,0.9939893709032028,164,1017
SciBERT (SciVocab),50,7,5,0.09129794544562092,0.05221576097854422,0.3629774184555339,0.3629774184555339,0.9918075323003284,160,1054
SciBERT (SciVocab),50,7,6,0.10994584372045044,0.06499313989531988,0.35656537496515195,0.35656537496515195,0.9936215712912471,147,1189
SciBERT (SciVocab),50,7,7,0.10616640026920166,0.06251548025957299,0.35182603847226096,0.35182603847226096,0.9934395780808071,128,1270
SciBERT (SciVocab),50,7,8,0.07724374693477194,0.04339291249095981,0.3512684694730973,0.3512684694730973,0.9903709992259222,118,1265
SciBERT (SciVocab),50,7,9,0.0764515632219313,0.04297389015859824,0.3459715639810427,0.3459715639810427,0.9904195307487063,104,1358
SciBERT (SciVocab),50,7,10,0.10345555039871736,0.06095257034901064,0.3417897964873153,0.3417897964873153,0.9934524042689714,101,1496
SciBERT (SciVocab),50,7,11,0.07725573077548366,0.04372791519434629,0.331195985503206,0.331195985503206,0.9909939359862281,91,1472
SciBERT (SciVocab),50,8,2,0.1222676062659904,0.07286539696126686,0.37970448843044324,0.37970448843044324,0.9939924907868104,164,853
SciBERT (SciVocab),50,8,3,0.08133317490494296,0.045516507630415266,0.38165597992751604,0.38165597992751604,0.9900482645994086,150,844
SciBERT (SciVocab),50,8,4,0.1123378531547794,0.06612632203222299,0.3730136604404795,0.3730136604404795,0.993449631039098,146,1024
SciBERT (SciVocab),50,8,5,0.08474954564295507,0.04784706221198157,0.3705045999442431,0.3705045999442431,0.9908320486923701,136,1055
SciBERT (SciVocab),50,8,6,0.08324808184143223,0.04701549127938468,0.3629774184555339,0.3629774184555339,0.9908514613014837,130,1142
SciBERT (SciVocab),50,8,7,0.10382042759243301,0.060869983639688194,0.3526623919710064,0.3526623919710064,0.9932343590701777,120,1282
SciBERT (SciVocab),50,8,8,0.07545580359829111,0.042291996897237866,0.34959576247560636,0.34959576247560636,0.990156073910736,111,1294
SciBERT (SciVocab),50,8,9,0.07535579613185744,0.04229101955831655,0.345413994981879,0.345413994981879,0.99027358952662,102,1355
SciBERT (SciVocab),50,8,10,0.10269865067466268,0.0603671970624235,0.3437412879843881,0.3437412879843881,0.9933470215337833,97,1492
SciBERT (SciVocab),50,8,11,0.0765812186010563,0.04329146186054979,0.33147477000278786,0.33147477000278786,0.9908913264809134,90,1468
SciBERT (SciVocab),50,9,2,0.10833737275811925,0.06334734753649204,0.37385001393922496,0.37385001393922496,0.9931265497588503,144,847
SciBERT (SciVocab),50,9,3,0.07717763194794997,0.04290480496398615,0.3836074714245888,0.3836074714245888,0.9893594636296101,131,840
SciBERT (SciVocab),50,9,4,0.1027733073842584,0.05935500605222203,0.38277111792584334,0.38277111792584334,0.9924571613981654,124,989
SciBERT (SciVocab),50,9,5,0.08073213570394108,0.04538211044134968,0.3652076944521885,0.3652076944521885,0.9904476097011741,123,1062
SciBERT (SciVocab),50,9,6,0.07641383405076443,0.042760316300086386,0.35879565096180654,0.35879565096180654,0.990012559264789,115,1129
SciBERT (SciVocab),50,9,7,0.0773511236818643,0.043469246717346234,0.35071090047393366,0.35071090047393366,0.9904039313306685,109,1274
SciBERT (SciVocab),50,9,8,0.07391857130185388,0.041344182046702385,0.34848062447727907,0.34848062447727907,0.9899525881687774,102,1307
SciBERT (SciVocab),50,9,9,0.07450062983624257,0.041740883885061336,0.34625034848062447,0.34625034848062447,0.9901158620775721,100,1345
SciBERT (SciVocab),50,9,10,0.07779437391087876,0.043784370731023856,0.34848062447727907,0.34848062447727907,0.9905366997108561,93,1402
SciBERT (SciVocab),50,9,11,0.07661329295402558,0.04331196269852834,0.33147477000278786,0.33147477000278786,0.9908958329794576,88,1484
SciBERT (SciVocab),50,10,2,0.07126590756865371,0.03942142391368783,0.3707833844438249,0.3707833844438249,0.9887656457829747,126,810
SciBERT (SciVocab),50,10,3,0.07485918814683278,0.04156652492758982,0.37608028993587955,0.37608028993587955,0.9892173355985999,121,880
SciBERT (SciVocab),50,10,4,0.10080900719531745,0.058185574109140985,0.37691664343462505,0.37691664343462505,0.992413829681394,112,1069
SciBERT (SciVocab),50,10,5,0.07903906106730241,0.04438570594898905,0.36046835795929744,0.36046835795929744,0.9903498533481377,110,1135
SciBERT (SciVocab),50,10,6,0.07592603603067959,0.042494426142224886,0.3560078059659883,0.3560078059659883,0.9900253854529534,107,1189
SciBERT (SciVocab),50,10,7,0.07488308766944889,0.041888804265041886,0.3526623919710064,0.3526623919710064,0.989969920855486,100,1274
SciBERT (SciVocab),50,10,8,0.07280327440564313,0.04063249303350398,0.34959576247560636,0.34959576247560636,0.9897362762386545,97,1315
SciBERT (SciVocab),50,10,9,0.0739321404356926,0.041337025316455694,0.34959576247560636,0.34959576247560636,0.9899186161028286,95,1340
SciBERT (SciVocab),50,10,10,0.07659963436928702,0.042999350049601474,0.3504321159743518,0.3504321159743518,0.9903020151328221,91,1377
SciBERT (SciVocab),50,10,11,0.0747023529042189,0.04209445585215606,0.33147477000278786,0.33147477000278786,0.9906205899145256,84,1467
SciBERT (SciVocab),50,11,2,0.06964942260887577,0.0383901812473241,0.37496515193755225,0.37496515193755225,0.988321235695767,111,855
SciBERT (SciVocab),50,11,3,0.07219842287647685,0.04001572802613272,0.36883189294675217,0.36883189294675217,0.9889975571311352,108,934
SciBERT (SciVocab),50,11,4,0.07559651701911116,0.04206386660374391,0.37273487594089766,0.37273487594089766,0.9894450871019506,100,1057
SciBERT (SciVocab),50,11,5,0.07689297004365497,0.04310112056163089,0.3560078059659883,0.3560078059659883,0.9901720199825078,98,1203
SciBERT (SciVocab),50,11,6,0.07359813084112149,0.041105275176981045,0.3512684694730973,0.3512684694730973,0.9898108067915014,96,1229
SciBERT (SciVocab),50,11,7,0.07318437398804793,0.04091238233164374,0.3465291329802063,0.3465291329802063,0.9898988568399808,91,1310
SciBERT (SciVocab),50,11,8,0.07074994946432181,0.039462663488177306,0.3415110119877335,0.3415110119877335,0.9896638256082126,89,1355
SciBERT (SciVocab),50,11,9,0.07233695018084238,0.04039482685604456,0.3456927794814608,0.3456927794814608,0.9897886209525143,87,1373
SciBERT (SciVocab),50,11,10,0.07406732288248875,0.041562958164274265,0.33983830499024253,0.33983830499024253,0.9902555635324432,83,1440
SciBERT (SciVocab),50,11,11,0.06757762654189707,0.03735049516588792,0.35433509896849735,0.35433509896849735,0.9886443169760147,80,1371
BERT Base,768,2,2,0.3036200856364344,0.5029013539651838,0.21745190967382214,0.21745190967382214,0.9997327299709539,885,1830
BERT Base,768,2,3,0.13229668024188573,0.11868910540301152,0.14942849177585726,0.14942849177585726,0.998620318137998,295,2919
BERT Base,768,2,4,0.002348431371205216,0.0011758215404863493,0.8597713967103429,0.8597713967103429,0.0918493734060428,2,283
BERT Base,768,2,5,0.002338833297931321,0.0011710271751253862,0.8502927237245609,0.8502927237245609,0.09817996389948012,2,299
BERT Base,768,2,6,0.0022736218601509288,0.001138704625964323,0.6835795929746306,0.6835795929746306,0.2543921894753846,2,726
BERT Base,768,2,7,0.0022589779800656126,0.001131460640255861,0.6481739615277391,0.6481739615277391,0.2884789978101884,3,829
BERT Base,768,2,8,0.002289951962931067,0.0011486644866888736,0.35656537496515195,0.35656537496515195,0.6144558766994266,4,1796
BERT Base,768,2,9,0.002213495793842426,0.0011101696887473786,0.35907443546138834,0.35907443546138834,0.598264720737485,3,1760
BERT Base,768,2,10,0.0021807339957795493,0.001093659887771468,0.3621410649567884,0.3621410649567884,0.5887105971699882,3,1727
BERT Base,768,2,11,0.0021676040603524154,0.0010872244524262273,0.3442988569835517,0.3442988569835517,0.6066572076417736,2,1792
BERT Base,768,3,2,0.12986140277194455,0.09293099302716999,0.21550041817674936,0.21550041817674936,0.9973844975756772,368,2363
BERT Base,768,3,3,0.07112573561981902,0.046005239030779306,0.15667688876498467,0.15667688876498467,0.995960097381967,207,2958
BERT Base,768,3,4,0.002294040383676032,0.0011486848994263453,0.7914691943127962,0.7914691943127962,0.14422181956465144,2,428
BERT Base,768,3,5,0.002308688373006903,0.0011562305244858465,0.7075550599386674,0.7075550599386674,0.23995267483221092,2,676
BERT Base,768,3,6,0.0022736218601509288,0.001138704625964323,0.6835795929746306,0.6835795929746306,0.2543921894753846,2,726
BERT Base,768,3,7,0.002321018828981738,0.0011644567591120164,0.3423473654864789,0.3423473654864789,0.6348554089942084,3,1853
BERT Base,768,3,8,0.002289951962931067,0.0011486644866888736,0.35656537496515195,0.35656537496515195,0.6144558766994266,3,1798
BERT Base,768,3,9,0.002213495793842426,0.0011101696887473786,0.35907443546138834,0.35907443546138834,0.598264720737485,2,1762
BERT Base,768,3,10,0.0021807339957795493,0.001093659887771468,0.3621410649567884,0.3621410649567884,0.5887105971699882,3,1727
BERT Base,768,3,11,0.0023199262095759845,0.0011658072934589783,0.2313911346529133,0.2313911346529133,0.753486556594862,3,2333
BERT Base,768,4,2,0.0024116165575004712,0.0012074443940081707,0.8898801226651798,0.8898801226651798,0.08469270706407513,2,242
BERT Base,768,4,3,0.0023385127463331932,0.0011708895138997863,0.8383049902425426,0.8383049902425426,0.11078949347996324,2,329
BERT Base,768,4,4,0.002294040383676032,0.0011486848994263453,0.7914691943127962,0.7914691943127962,0.14422181956465144,2,428
BERT Base,768,4,5,0.002308688373006903,0.0011562305244858465,0.7075550599386674,0.7075550599386674,0.23995267483221092,2,676
BERT Base,768,4,6,0.0022736218601509288,0.001138704625964323,0.6835795929746306,0.6835795929746306,0.2543921894753846,2,726
BERT Base,768,4,7,0.002321018828981738,0.0011644567591120164,0.3423473654864789,0.3423473654864789,0.6348554089942084,3,1853
BERT Base,768,4,8,0.002289951962931067,0.0011486644866888736,0.35656537496515195,0.35656537496515195,0.6144558766994266,3,1798
BERT Base,768,4,9,0.002213495793842426,0.0011101696887473786,0.35907443546138834,0.35907443546138834,0.598264720737485,2,1762
BERT Base,768,4,10,0.0021807339957795493,0.001093659887771468,0.3621410649567884,0.3621410649567884,0.5887105971699882,3,1727
BERT Base,768,4,11,0.0023199262095759845,0.0011658072934589783,0.2313911346529133,0.2313911346529133,0.753486556594862,3,2333
BERT Base,768,5,2,0.06043907208248156,0.0359503039915411,0.1895734597156398,0.1895734597156398,0.9936787691573853,133,2767
BERT Base,768,5,3,0.0023751858223788605,0.0011899694446195585,0.594647337608029,0.594647337608029,0.37936848702631065,11,1015
BERT Base,768,5,4,0.002320205269505396,0.001161960918458209,0.7253972679119041,0.7253972679119041,0.22463404631917866,2,630
BERT Base,768,5,5,0.002308688373006903,0.0011562305244858465,0.7075550599386674,0.7075550599386674,0.23995267483221092,2,676
BERT Base,768,5,6,0.0022736218601509288,0.001138704625964323,0.6835795929746306,0.6835795929746306,0.2543921894753846,2,726
BERT Base,768,5,7,0.002321018828981738,0.0011644567591120164,0.3423473654864789,0.3423473654864789,0.6348554089942084,3,1853
BERT Base,768,5,8,0.0022899540129250806,0.001148665518300514,0.35656537496515195,0.35656537496515195,0.6144562233531607,2,1802
BERT Base,768,5,9,0.002213495793842426,0.0011101696887473786,0.35907443546138834,0.35907443546138834,0.598264720737485,2,1762
BERT Base,768,5,10,0.0021783657919844145,0.0010924509630883738,0.3640925564538612,0.3640925564538612,0.5860361636108562,2,1718
BERT Base,768,5,11,0.0023199262095759845,0.0011658072934589783,0.2313911346529133,0.2313911346529133,0.753486556594862,3,2333
BERT Base,768,6,2,0.05704683146862424,0.03390097760958688,0.179816002230276,0.179816002230276,0.9936281577121963,100,2901
BERT Base,768,6,3,0.002368720550538732,0.0011866239190772574,0.6208530805687204,0.6208530805687204,0.3501885622987025,7,946
BERT Base,768,6,4,0.002320205269505396,0.001161960918458209,0.7253972679119041,0.7253972679119041,0.22463404631917866,2,630
BERT Base,768,6,5,0.0024900664751795584,0.0012485556427537631,0.4413158628380262,0.4413158628380262,0.5610386161860255,7,1568
BERT Base,768,6,6,0.0022736218601509288,0.001138704625964323,0.6835795929746306,0.6835795929746306,0.2543921894753846,2,726
BERT Base,768,6,7,0.002321018828981738,0.0011644567591120164,0.3423473654864789,0.3423473654864789,0.6348554089942084,2,1858
BERT Base,768,6,8,0.0022899540129250806,0.001148665518300514,0.35656537496515195,0.35656537496515195,0.6144562233531607,2,1802
BERT Base,768,6,9,0.002213495793842426,0.0011101696887473786,0.35907443546138834,0.35907443546138834,0.598264720737485,2,1762
BERT Base,768,6,10,0.0021783657919844145,0.0010924509630883738,0.3640925564538612,0.3640925564538612,0.5860361636108562,2,1718
BERT Base,768,6,11,0.0021676040603524154,0.0010872244524262273,0.3442988569835517,0.3442988569835517,0.6066572076417736,2,1792
BERT Base,768,7,2,0.0023633315506095716,0.0011835531530247842,0.7410091998884862,0.7410091998884862,0.22241338249807693,5,608
BERT Base,768,7,3,0.002347068336886317,0.001175592662032758,0.6701979369947031,0.6701979369947031,0.29195212157285116,4,794
BERT Base,768,7,4,0.002320205269505396,0.001161960918458209,0.7253972679119041,0.7253972679119041,0.22463404631917866,2,630
BERT Base,768,7,5,0.002308688373006903,0.0011562305244858465,0.7075550599386674,0.7075550599386674,0.23995267483221092,2,676
BERT Base,768,7,6,0.0023080109020949123,0.0011574723550877276,0.38528017842207973,0.38528017842207973,0.5865811032809736,2,1717
BERT Base,768,7,7,0.002321018828981738,0.0011644567591120164,0.3423473654864789,0.3423473654864789,0.6348554089942084,2,1858
BERT Base,768,7,8,0.0022899540129250806,0.001148665518300514,0.35656537496515195,0.35656537496515195,0.6144562233531607,2,1802
BERT Base,768,7,9,0.002213495793842426,0.0011101696887473786,0.35907443546138834,0.35907443546138834,0.598264720737485,2,1762
BERT Base,768,7,10,0.0021783657919844145,0.0010924509630883738,0.3640925564538612,0.3640925564538612,0.5860361636108562,2,1718
BERT Base,768,7,11,0.0021676040603524154,0.0010872244524262273,0.3442988569835517,0.3442988569835517,0.6066572076417736,2,1792
BERT Base,768,8,2,0.0023597854853631504,0.0011817772968736782,0.7398940618901589,0.7398940618901589,0.22241546242048196,4,615
BERT Base,768,8,3,0.002334398994773231,0.0011692468993684795,0.6665737385001393,0.6665737385001393,0.2919545481489904,2,808
BERT Base,768,8,4,0.0023864136302338243,0.0011960071158497768,0.5096180652355728,0.5096180652355728,0.47080152929761365,3,1324
BERT Base,768,8,5,0.0024508068943494585,0.001228870409384216,0.4343462503484806,0.4343462503484806,0.561041736069633,3,1594
BERT Base,768,8,6,0.0023080109020949123,0.0011574723550877276,0.38528017842207973,0.38528017842207973,0.5865811032809736,2,1717
BERT Base,768,8,7,0.002321018828981738,0.0011644567591120164,0.3423473654864789,0.3423473654864789,0.6348554089942084,2,1858
BERT Base,768,8,8,0.0022899540129250806,0.001148665518300514,0.35656537496515195,0.35656537496515195,0.6144562233531607,2,1802
BERT Base,768,8,9,0.002213495793842426,0.0011101696887473786,0.35907443546138834,0.35907443546138834,0.598264720737485,2,1762
BERT Base,768,8,10,0.0021783657919844145,0.0010924509630883738,0.3640925564538612,0.3640925564538612,0.5860361636108562,2,1718
BERT Base,768,8,11,0.0021676040603524154,0.0010872244524262273,0.3442988569835517,0.3442988569835517,0.6066572076417736,2,1792
BERT Base,768,9,2,0.002346465031313616,0.001175106445318588,0.7357122943964316,0.7357122943964316,0.22241580907421613,2,631
BERT Base,768,9,3,0.002334398994773231,0.0011692468993684795,0.6665737385001393,0.6665737385001393,0.2919545481489904,2,808
BERT Base,768,9,4,0.0023864136302338243,0.0011960071158497768,0.5096180652355728,0.5096180652355728,0.47080152929761365,3,1324
BERT Base,768,9,5,0.0024508068943494585,0.001228870409384216,0.4343462503484806,0.4343462503484806,0.561041736069633,3,1594
BERT Base,768,9,6,0.0023080109020949123,0.0011574723550877276,0.38528017842207973,0.38528017842207973,0.5865811032809736,2,1717
BERT Base,768,9,7,0.002321018828981738,0.0011644567591120164,0.3423473654864789,0.3423473654864789,0.6348554089942084,2,1858
BERT Base,768,9,8,0.0022899540129250806,0.001148665518300514,0.35656537496515195,0.35656537496515195,0.6144562233531607,2,1802
BERT Base,768,9,9,0.002213495793842426,0.0011101696887473786,0.35907443546138834,0.35907443546138834,0.598264720737485,2,1762
BERT Base,768,9,10,0.0021783657919844145,0.0010924509630883738,0.3640925564538612,0.3640925564538612,0.5860361636108562,2,1718
BERT Base,768,9,11,0.0041697808898155065,0.0024274067967390307,0.014775578477836632,0.014775578477836632,0.9924495350160136,6,3857
BERT Base,768,10,2,0.002346465031313616,0.001175106445318588,0.7357122943964316,0.7357122943964316,0.22241580907421613,2,631
BERT Base,768,10,3,0.002334398994773231,0.0011692468993684795,0.6665737385001393,0.6665737385001393,0.2919545481489904,2,808
BERT Base,768,10,4,0.002323855615611817,0.0011642047732942024,0.5940897686088653,0.5940897686088653,0.36621193785330514,2,1025
BERT Base,768,10,5,0.0024508068943494585,0.001228870409384216,0.4343462503484806,0.4343462503484806,0.561041736069633,3,1594
BERT Base,768,10,6,0.0023080109020949123,0.0011574723550877276,0.38528017842207973,0.38528017842207973,0.5865811032809736,2,1717
BERT Base,768,10,7,0.002321018828981738,0.0011644567591120164,0.3423473654864789,0.3423473654864789,0.6348554089942084,2,1858
BERT Base,768,10,8,0.0022899540129250806,0.001148665518300514,0.35656537496515195,0.35656537496515195,0.6144562233531607,2,1802
BERT Base,768,10,9,0.002213495793842426,0.0011101696887473786,0.35907443546138834,0.35907443546138834,0.598264720737485,2,1762
BERT Base,768,10,10,0.004037054392098908,0.0023182646133465806,0.015611931976582102,0.015611931976582102,0.9916456450064703,4,3852
BERT Base,768,10,11,0.00415996232486951,0.0024207545446240978,0.014775578477836632,0.014775578477836632,0.9924287357919633,5,3857
BERT Base,768,11,2,0.002346465031313616,0.001175106445318588,0.7357122943964316,0.7357122943964316,0.22241580907421613,2,631
BERT Base,768,11,3,0.002334398994773231,0.0011692468993684795,0.6665737385001393,0.6665737385001393,0.2919545481489904,2,808
BERT Base,768,11,4,0.002323855615611817,0.0011642047732942024,0.5940897686088653,0.5940897686088653,0.36621193785330514,2,1025
BERT Base,768,11,5,0.0024225320651220664,0.0012146930533755058,0.4293281293560078,0.4293281293560078,0.5610427760308355,2,1604
BERT Base,768,11,6,0.0023080109020949123,0.0011574723550877276,0.38528017842207973,0.38528017842207973,0.5865811032809736,2,1717
BERT Base,768,11,7,0.0025130387866434865,0.0012674209917811134,0.14608307778087537,0.14608307778087537,0.8568618200083682,2,2831
BERT Base,768,11,8,0.00577958754761592,0.003780393504596615,0.012266517981600222,0.012266517981600222,0.9959805499522831,5,3926
BERT Base,768,11,9,0.00530351069349167,0.0033430232558139534,0.01282408698076387,0.01282408698076387,0.995245990689574,5,3915
BERT Base,768,11,10,0.004037054392098908,0.0023182646133465806,0.015611931976582102,0.015611931976582102,0.9916456450064703,4,3852
BERT Base,768,11,11,0.00415996232486951,0.0024207545446240978,0.014775578477836632,0.014775578477836632,0.9924287357919633,5,3857
BERT Base,2,2,2,0.17025057757241868,0.23480392156862745,0.13353777529969335,0.13353777529969335,0.9994588735209585,1194,653
BERT Base,2,2,3,0.19490418118466898,0.15990709308558157,0.24951212712573181,0.24951212712573181,0.9983700341419263,579,924
BERT Base,2,2,4,0.19353738596640804,0.139400638663719,0.3164204070253694,0.3164204070253694,0.9975709972846613,368,1069
BERT Base,2,2,5,0.17077175697865354,0.11660381204770157,0.3189294675216058,0.3189294675216058,0.9969955520859368,290,1151
BERT Base,2,2,6,0.17726782689049747,0.1224598361527822,0.3208809590186786,0.3208809590186786,0.9971408000005546,245,1353
BERT Base,2,2,7,0.17182994454713493,0.11692493459448582,0.3239475885140786,0.3239475885140786,0.9969577668289121,211,1432
BERT Base,2,2,8,0.12905405405405404,0.08085796937839554,0.31948703652076943,0.31948703652076943,0.9954841418049497,177,1429
BERT Base,2,2,9,0.15525052403813644,0.10248169969648277,0.3200446055199331,0.3200446055199331,0.9965147433566411,174,1524
BERT Base,2,2,10,0.13981950797379156,0.0898260662377889,0.3153052690270421,0.3153052690270421,0.9960273482063963,156,1504
BERT Base,2,2,11,0.14679260133805588,0.09597735654858908,0.3119598550320602,0.3119598550320602,0.9963462696418339,149,1632
BERT Base,2,3,2,0.22322001282873638,0.2067490494296578,0.24254251463618623,0.24254251463618623,0.998842869835336,657,739
BERT Base,2,3,3,0.18808657345336144,0.14325309992706053,0.27376637858935043,0.27376637858935043,0.9979641026192116,499,887
BERT Base,2,3,4,0.188050930460333,0.13294864396999423,0.3211597435182604,0.3211597435182604,0.9973955904951706,324,1069
BERT Base,2,3,5,0.1720725276312938,0.11612714508580343,0.3320323390019515,0.3320323390019515,0.9968575838997367,256,1134
BERT Base,2,3,6,0.17310233445896345,0.11748878923766816,0.3286869250069696,0.3286869250069696,0.9969300345301785,220,1320
BERT Base,2,3,7,0.16808231475726815,0.11171286946943272,0.3392807359910789,0.3392807359910789,0.9966454318144238,185,1380
BERT Base,2,3,8,0.12763889638788403,0.07914825231016473,0.32952327850571506,0.32952327850571506,0.9952328178476755,160,1395
BERT Base,2,3,9,0.15522468503671766,0.1023454157782516,0.3211597435182604,0.3211597435182604,0.9964974106699326,161,1530
BERT Base,2,3,10,0.1410418548629931,0.0899523736365033,0.326456649010315,0.326456649010315,0.9958931932112719,140,1462
BERT Base,2,3,11,0.14335377030529042,0.09269249632172634,0.3161416225257876,0.3161416225257876,0.9961521435506979,134,1610
BERT Base,2,4,2,0.1874783211932015,0.13606041535556954,0.3013660440479509,0.3013660440479509,0.9976205687686478,425,715
BERT Base,2,4,3,0.17846491916496626,0.12419442927362097,0.31697797602453304,0.31697797602453304,0.997220530359414,356,822
BERT Base,2,4,4,0.18043882484194868,0.12304727125177521,0.3381655979927516,0.3381655979927516,0.9970031784680886,293,993
BERT Base,2,4,5,0.1678968062357729,0.11154903758020165,0.3392807359910789,0.3392807359910789,0.9966398853546771,237,1111
BERT Base,2,4,6,0.159796573875803,0.10513339790437616,0.33286869250069695,0.33286869250069695,0.9964769580996164,198,1275
BERT Base,2,4,7,0.1625681244184501,0.10672833580591674,0.34095344298856983,0.34095344298856983,0.9964516523770219,168,1373
BERT Base,2,4,8,0.12614799957774728,0.07780454456670356,0.3331474770002788,0.3331474770002788,0.9950899965091969,153,1366
BERT Base,2,4,9,0.11764112903225807,0.07180212883775303,0.3253415110119877,0.3253415110119877,0.994770381766291,143,1435
BERT Base,2,4,10,0.14077232598642725,0.08971218616044091,0.32673543350989687,0.32673543350989687,0.9958775937932343,136,1467
BERT Base,2,4,11,0.1431772908366534,0.09216959204937085,0.3206021745190967,0.3206021745190967,0.9960734531530411,127,1589
BERT Base,2,5,2,0.17452210710637678,0.11819349738116415,0.3334262614998606,0.3334262614998606,0.9969068087299889,327,690
BERT Base,2,5,3,0.17042234516259613,0.11241655540720961,0.35210482297184276,0.35210482297184276,0.9965431689628432,285,773
BERT Base,2,5,4,0.16802388707926166,0.1110413489999103,0.3451352104822972,0.3451352104822972,0.9965643148406277,247,967
BERT Base,2,5,5,0.16500885679247854,0.10918762960959337,0.33760802899358794,0.33760802899358794,0.9965750611063869,226,1126
BERT Base,2,5,6,0.15376266280752532,0.09809956143725475,0.35545023696682465,0.35545023696682465,0.9959365249280433,175,1164
BERT Base,2,5,7,0.16277843679978912,0.10658496591007163,0.3442988569835517,0.3442988569835517,0.9964114405438581,166,1359
BERT Base,2,5,8,0.12695761119231572,0.07810392446528358,0.3390019514914971,0.3390019514914971,0.9950244789534385,146,1376
BERT Base,2,5,9,0.11761308950914341,0.07107543767812481,0.34067465848898804,0.34067465848898804,0.9944635932115492,133,1376
BERT Base,2,5,10,0.1397524723159827,0.0887218045112782,0.32896570950655146,0.32896570950655146,0.9957985567418431,132,1457
BERT Base,2,5,11,0.11087965154814886,0.06678072426575421,0.326456649010315,0.326456649010315,0.9943273582940199,118,1496
BERT Base,2,6,2,0.16810845706907682,0.10938418885995127,0.3629774184555339,0.3629774184555339,0.9963251237640495,268,645
BERT Base,2,6,3,0.16360122202132302,0.10536460006424671,0.36576526345135213,0.36576526345135213,0.9961382774013311,238,770
BERT Base,2,6,4,0.16279944813746394,0.10502467837203658,0.3618622804572066,0.3618622804572066,0.9961656630463306,208,946
BERT Base,2,6,5,0.16179112137541699,0.10507457711857346,0.3515472539726791,0.3515472539726791,0.9962769388949996,198,1087
BERT Base,2,6,6,0.15295017353961998,0.0969281240679988,0.36241984945637024,0.36241984945637024,0.9958013299717166,170,1155
BERT Base,2,6,7,0.13844387336650446,0.08611073323357367,0.35294117647058826,0.35294117647058826,0.9953423604276737,151,1292
BERT Base,2,6,8,0.12523210233133897,0.07683058034301626,0.33844438249233344,0.33844438249233344,0.9949433619796424,143,1360
BERT Base,2,6,9,0.11709869203329369,0.07059295790801698,0.34318371898522443,0.34318371898522443,0.9943817829302848,129,1362
BERT Base,2,6,10,0.1382203834275392,0.08737291881538235,0.33063841650404235,0.33063841650404235,0.9957056535410852,128,1458
BERT Base,2,6,11,0.11082169074117926,0.06675034230944774,0.3261778645107332,0.3261778645107332,0.9943294382164249,117,1501
BERT Base,2,7,2,0.15887148060357287,0.10021881838074398,0.38304990242542514,0.38304990242542514,0.9957236795352621,217,656
BERT Base,2,7,3,0.16027543630535437,0.10181763330567917,0.3763590744354614,0.3763590744354614,0.9958717006797533,203,784
BERT Base,2,7,4,0.15678485892867575,0.09917233224948271,0.3741287984388068,0.3741287984388068,0.9957742909804511,183,940
BERT Base,2,7,5,0.15311454235895028,0.09698051465119738,0.36353498745469753,0.36353498745469753,0.9957909303596914,169,1093
BERT Base,2,7,6,0.12916276086634762,0.07846780961515405,0.36492890995260663,0.36492890995260663,0.9946708921445837,155,1116
BERT Base,2,7,7,0.13871511722787358,0.08617193836171938,0.35545023696682465,0.35545023696682465,0.9953128948602691,149,1280
BERT Base,2,7,8,0.12535583570557138,0.07665526888405347,0.3437412879843881,0.3437412879843881,0.994851498740087,136,1339
BERT Base,2,7,9,0.11661614247821145,0.07024251069900142,0.34318371898522443,0.34318371898522443,0.9943516240554119,126,1366
BERT Base,2,7,10,0.13795510061649413,0.08716102006320277,0.33063841650404235,0.33063841650404235,0.9956942139678576,126,1464
BERT Base,2,7,11,0.10956368852079766,0.06568290247420393,0.3300808475048787,0.3300808475048787,0.994161657809086,115,1482
BERT Base,2,8,2,0.15548299932447646,0.09741129999294632,0.38500139392249794,0.38500139392249794,0.9955642188175433,201,679
BERT Base,2,8,3,0.1458011608711859,0.09011321748288573,0.38165597992751604,0.38165597992751604,0.9952082054325493,187,751
BERT Base,2,8,4,0.14078223882145452,0.08648269708750239,0.37831056593253415,0.37831056593253415,0.9950310653743878,168,910
BERT Base,2,8,5,0.14779961251037918,0.09220886862826357,0.37217730694173407,0.37217730694173407,0.9954439299717859,156,1055
BERT Base,2,8,6,0.1282477046298105,0.07774290958612115,0.3660440479509339,0.3660440479509339,0.994600521436547,148,1119
BERT Base,2,8,7,0.13414330528307525,0.08165615906886518,0.3755227209367159,0.3755227209367159,0.9947485425810381,135,1189
BERT Base,2,8,8,0.12455981487071134,0.07599287950402063,0.3451352104822972,0.3451352104822972,0.9947818213395185,131,1348
BERT Base,2,8,9,0.1162218436494416,0.06999145055571387,0.3423473654864789,0.3423473654864789,0.9943436510195259,124,1369
BERT Base,2,8,10,0.1379668648617445,0.08699767035527083,0.3331474770002788,0.3331474770002788,0.995652615519757,124,1455
BERT Base,2,8,11,0.10866477272727272,0.06462172007813738,0.3412322274881517,0.3412322274881517,0.993858335791686,111,1444
BERT Base,2,9,2,0.13400734417473414,0.08083074444827983,0.39169222191246167,0.39169222191246167,0.9944615132891442,178,613
BERT Base,2,9,3,0.13729274931947538,0.08346371404501143,0.38667410091998883,0.38667410091998883,0.9947201169748361,173,754
BERT Base,2,9,4,0.13777487042721281,0.08405992877317942,0.38165597992751604,0.38165597992751604,0.9948289662473658,154,915
BERT Base,2,9,5,0.14446928563824124,0.08928218961773801,0.37831056593253415,0.37831056593253415,0.9952016190116001,143,1040
BERT Base,2,9,6,0.1255074263336358,0.07572614107883817,0.3663228324505158,0.3663228324505158,0.9944403674113598,141,1126
BERT Base,2,9,7,0.1345667778788798,0.08218585983328187,0.37106216894340677,0.37106216894340677,0.994847338895277,127,1236
BERT Base,2,9,8,0.12219681860193608,0.07401296405421331,0.35015333147477,0.35015333147477,0.9945526832212312,125,1339
BERT Base,2,9,9,0.1142109064644276,0.06813897118233235,0.3526623919710064,0.3526623919710064,0.9940028903988355,120,1310
BERT Base,2,9,10,0.133966072110402,0.0832768208327682,0.3423473654864789,0.3423473654864789,0.9953139348214716,118,1412
BERT Base,2,9,11,0.10871302957633892,0.06465585547514659,0.3412322274881517,0.3412322274881517,0.9938618023290278,110,1452
BERT Base,2,10,2,0.1314593190462937,0.0788492571364977,0.39503763590744356,0.39503763590744356,0.9942614940845274,167,647
BERT Base,2,10,3,0.1363159400934847,0.08222567466482536,0.3983830499024254,0.3983830499024254,0.9944708729399668,157,765
BERT Base,2,10,4,0.1339222111411882,0.08070978820835718,0.39308614441037076,0.39308614441037076,0.994432741029208,142,879
BERT Base,2,10,5,0.14020984496528685,0.08625561978163135,0.3744075829383886,0.3744075829383886,0.995068157323944,136,1056
BERT Base,2,10,6,0.12629506352257278,0.07591298467087466,0.3755227209367159,0.3755227209367159,0.9943159187207923,131,1123
BERT Base,2,10,7,0.02894379471796015,0.015017825780600923,0.3981042654028436,0.3981042654028436,0.9675327579112448,110,987
BERT Base,2,10,8,0.11943010135781221,0.07207571123550119,0.3482018399776972,0.3482018399776972,0.9944258079545246,121,1324
BERT Base,2,10,9,0.11359965073128138,0.06734651620250544,0.36269863395595203,0.36269863395595203,0.9937543396714347,116,1275
BERT Base,2,10,10,0.1347903321311299,0.08352234823215476,0.3490381934764427,0.3490381934764427,0.9952376709999539,115,1405
BERT Base,2,10,11,0.048944080334214865,0.02627842370614261,0.3560078059659883,0.3560078059659883,0.9835970386064797,99,1332
BERT Base,2,11,2,0.12575327897908542,0.0747589694958116,0.3955952049066072,0.3955952049066072,0.9939120671204826,149,658
BERT Base,2,11,3,0.12845867731107685,0.07671054770030879,0.3947588514078617,0.3947588514078617,0.9940919804085175,141,755
BERT Base,2,11,4,0.08991159320333564,0.05065169015576984,0.39977697240033455,0.39977697240033455,0.9906829875866764,126,854
BERT Base,2,11,5,0.1357654590722016,0.08301230272151112,0.37245609144131586,0.37245609144131586,0.9948840841910991,128,1088
BERT Base,2,11,6,0.12540207915714885,0.0752910882221227,0.37496515193755225,0.37496515193755225,0.9942736269652234,123,1157
BERT Base,2,11,7,0.029216949460121586,0.015156586682286982,0.4039587398940619,0.4039587398940619,0.9673615109665642,104,981
BERT Base,2,11,8,0.11913456271681577,0.07122973636810218,0.36381377195427933,0.36381377195427933,0.9941013400593401,113,1311
BERT Base,2,11,9,0.11169889862110832,0.06613607188703466,0.35907443546138834,0.35907443546138834,0.9936954085366255,111,1296
BERT Base,2,11,10,0.13440374288904247,0.0830377085796873,0.3523836074714246,0.3523836074714246,0.9951614071784362,111,1409
BERT Base,2,11,11,0.02310283716251816,0.011891945200075608,0.40340117089489824,0.40340117089489824,0.9583211282331093,85,1080
BERT Base,5,2,2,0.23902983883835965,0.2794776119402985,0.2088095901867856,0.2088095901867856,0.9993306116393151,1056,731
BERT Base,5,2,3,0.2350287120590648,0.18588807785888078,0.31948703652076943,0.31948703652076943,0.9982601449081939,525,925
BERT Base,5,2,4,0.2187120291616039,0.16451068616422948,0.3261778645107332,0.3261778645107332,0.9979401835115538,385,1183
BERT Base,5,2,5,0.21114789299454237,0.155467720685112,0.32896570950655146,0.32896570950655146,0.9977779495639616,316,1393
BERT Base,5,2,6,0.14117375231053605,0.08903460837887067,0.34067465848898804,0.34067465848898804,0.9956657883616555,235,1393
BERT Base,5,2,7,0.17235885001731902,0.11467551622418878,0.3468079174797881,0.3468079174797881,0.9966707375370183,209,1528
BERT Base,5,2,8,0.025649601972458216,0.013280028499614068,0.3741287984388068,0.3741287984388068,0.9654344628583056,148,1212
BERT Base,5,2,9,0.024800691389673824,0.012847858019598769,0.3560078059659883,0.3560078059659883,0.9659873755643089,136,1377
BERT Base,5,2,10,0.02484305362534145,0.012863778933576845,0.36130471145804294,0.36130471145804294,0.9655245928291902,125,1403
BERT Base,5,2,11,0.023710004198076187,0.012256220102465397,0.3621410649567884,0.3621410649567884,0.9637095138770689,119,1415
BERT Base,5,3,2,0.25829758410476406,0.21703661544298994,0.3189294675216058,0.3189294675216058,0.9985693600390748,590,761
BERT Base,5,3,3,0.2369706028898854,0.18439826302729528,0.33147477000278786,0.33147477000278786,0.9981769480119929,481,939
BERT Base,5,3,4,0.21392461197339246,0.1568678459937565,0.33621410649567884,0.33621410649567884,0.9977529904951012,345,1154
BERT Base,5,3,5,0.15965589221329624,0.1032564228440517,0.35182603847226096,0.35182603847226096,0.996200675073482,257,1281
BERT Base,5,3,6,0.14032561745486766,0.08755441918319397,0.35321996097017005,0.35321996097017005,0.9954227840940014,202,1366
BERT Base,5,3,7,0.13330529857022708,0.08214031223683359,0.3534987454697519,0.3534987454697519,0.995088263240526,173,1459
BERT Base,5,3,8,0.026316796083081514,0.013625786007822945,0.3836074714245888,0.3836074714245888,0.9654701681929253,135,1204
BERT Base,5,3,9,0.02527016437216412,0.013089320076972418,0.3640925564538612,0.3640925564538612,0.9658650067961465,122,1345
BERT Base,5,3,10,0.0238082186774836,0.012307430741185028,0.3632562029551157,0.3632562029551157,0.9637511123251695,116,1405
BERT Base,5,3,11,0.023929849482339442,0.012368921437581188,0.3663228324505158,0.3663228324505158,0.9636290902107412,105,1406
BERT Base,5,4,2,0.2273649271620874,0.16985810717729716,0.3437412879843881,0.3437412879843881,0.9979110645978834,417,818
BERT Base,5,4,3,0.22012578616352202,0.16028495102404275,0.3512684694730973,0.3512684694730973,0.9977117387007348,361,972
BERT Base,5,4,4,0.21540323277724954,0.15610122776246554,0.34736548647895177,0.34736548647895177,0.9976649404466217,318,1151
BERT Base,5,4,5,0.14960814130307637,0.09466360743098216,0.35656537496515195,0.35656537496515195,0.995759731523616,237,1250
BERT Base,5,4,6,0.1313343944139241,0.08049087476400252,0.35656537496515195,0.35656537496515195,0.9949350422900223,191,1351
BERT Base,5,4,7,0.1710111907793339,0.11256175017642908,0.35572902146640645,0.35572902146640645,0.9965126634342362,168,1505
BERT Base,5,4,8,0.02620162118963352,0.013563696181085686,0.38388625592417064,0.38388625592417064,0.9652847084451436,132,1212
BERT Base,5,4,9,0.023917016016338815,0.012355505372562449,0.37217730694173407,0.37217730694173407,0.9630071934116378,115,1327
BERT Base,5,4,10,0.023971951186366972,0.012388568432092292,0.36883189294675217,0.36883189294675217,0.9634387773106812,107,1360
BERT Base,5,4,11,0.02438360143796071,0.012602163856280907,0.3744075829383886,0.3744075829383886,0.9635230141680847,98,1388
BERT Base,5,5,2,0.21294845360824743,0.15120637151557742,0.35991078896013384,0.35991078896013384,0.9974878003884602,340,865
BERT Base,5,5,3,0.20718299535792817,0.14634146341463414,0.35461388346807915,0.35461388346807915,0.9974278292924486,299,1034
BERT Base,5,5,4,0.1970358814352574,0.13679194194736272,0.35210482297184276,0.35210482297184276,0.9972371697386543,262,1192
BERT Base,5,5,5,0.14107290233837688,0.08788044968467233,0.3574017284638974,0.3574017284638974,0.9953874254131159,221,1236
BERT Base,5,5,6,0.1316662413881092,0.08058470764617691,0.359632004460552,0.359632004460552,0.994897950340466,184,1346
BERT Base,5,5,7,0.17168575021510357,0.11256726262801597,0.36158349595762473,0.36158349595762473,0.9964554655680978,165,1484
BERT Base,5,5,8,0.0264643846888685,0.013696886626199334,0.3900195149149707,0.3900195149149707,0.9650777561658433,128,1185
BERT Base,5,5,9,0.02406553561036752,0.012432012432012432,0.37468636743797046,0.37468636743797046,0.9629898607249292,114,1319
BERT Base,5,5,10,0.024344062753583987,0.012578850758923996,0.3763590744354614,0.3763590744354614,0.9632640638286588,103,1343
BERT Base,5,5,11,0.023575093606989322,0.012165776596981814,0.3791469194312796,0.3791469194312796,0.9617193747891912,96,1367
BERT Base,5,6,2,0.2041904761904762,0.14049066890333403,0.37357122943964316,0.37357122943964316,0.9971581326872632,268,958
BERT Base,5,6,3,0.201193139448173,0.13733075435203096,0.37608028993587955,0.37608028993587955,0.9970624562566319,240,1096
BERT Base,5,6,4,0.14185575575055817,0.08716181725370087,0.38081962642877054,0.38081962642877054,0.9950407716789446,207,1117
BERT Base,5,6,5,0.14514740692920164,0.08992733817745484,0.37608028993587955,0.37608028993587955,0.9952674832210926,200,1232
BERT Base,5,6,6,0.12936802973977696,0.07867132867132867,0.36381377195427933,0.36381377195427933,0.9947020909806591,178,1316
BERT Base,5,6,7,0.17009406422315926,0.11083868785931687,0.3654864789517703,0.3654864789517703,0.9963542426777199,157,1480
BERT Base,5,6,8,0.026484933267798404,0.013707207780136779,0.39057708391413437,0.39057708391413437,0.9650545303656538,124,1192
BERT Base,5,6,9,0.024553056260763043,0.012680279094501545,0.38555896292166153,0.38555896292166153,0.9626709392894915,107,1283
BERT Base,5,6,10,0.024573427957221367,0.012696347244167674,0.38081962642877054,0.38081962642877054,0.9631770537413817,101,1331
BERT Base,5,6,11,0.02360030128044188,0.012178341672623303,0.3799832729300251,0.3799832729300251,0.9616750031112172,94,1365
BERT Base,5,7,2,0.197983241016901,0.132825154835636,0.3886255924170616,0.3886255924170616,0.9968451043653065,227,1020
BERT Base,5,7,3,0.18854319668847644,0.1239575103151611,0.3936437134095344,0.3936437134095344,0.996540742386704,201,1076
BERT Base,5,7,4,0.18068495791299877,0.11740146960587843,0.39197100641204347,0.39197100641204347,0.9963358700298087,184,1180
BERT Base,5,7,5,0.1338497744655815,0.08120649651972157,0.38054084192918874,0.38054084192918874,0.9946462797294575,170,1214
BERT Base,5,7,6,0.12004419889502763,0.07133102216619393,0.378589350432116,0.378589350432116,0.9938711619798504,154,1256
BERT Base,5,7,7,0.1682568334192883,0.10943396226415095,0.36381377195427933,0.36381377195427933,0.9963185373431002,152,1485
BERT Base,5,7,8,0.026436264024916507,0.013678416449048141,0.39280735991078897,0.39280735991078897,0.9647799806081901,120,1165
BERT Base,5,7,9,0.024456208489620743,0.01262982433645339,0.3844438249233343,0.3844438249233343,0.9626283008801885,103,1288
BERT Base,5,7,10,0.02464640304223432,0.012732832916319155,0.38304990242542514,0.38304990242542514,0.9630688977763203,99,1320
BERT Base,5,7,11,0.02356914018529743,0.012162319151407915,0.37942570393086145,0.37942570393086145,0.9616802029172299,92,1377
BERT Base,5,8,2,0.182000375775036,0.11736672051696284,0.4050738778923892,0.4050738778923892,0.9962121146467096,191,1017
BERT Base,5,8,3,0.18180656701162642,0.11792491920112703,0.3967103429049345,0.3967103429049345,0.99631021765348,184,1121
BERT Base,5,8,4,0.17072150158407556,0.10865926038654695,0.3981042654028436,0.3981042654028436,0.9959392981579167,166,1185
BERT Base,5,8,5,0.13251477944520237,0.07917187415095366,0.4061890158907165,0.4061890158907165,0.9941256058207322,151,1170
BERT Base,5,8,6,0.12082699364539515,0.07196545658084119,0.3763590744354614,0.3763590744354614,0.9939651051418108,144,1313
BERT Base,5,8,7,0.158156240646513,0.10070132642171063,0.3682743239475885,0.3682743239475885,0.9959105258979805,140,1473
BERT Base,5,8,8,0.02647877294405352,0.013699825479930192,0.39392249790911626,0.39392249790911626,0.9647359555839503,118,1166
BERT Base,5,8,9,0.02450091546741909,0.012651868091714626,0.3861165319208252,0.3861165319208252,0.9625319311420889,98,1289
BERT Base,5,8,10,0.02472012835106526,0.012770646959678465,0.3844438249233343,0.3844438249233343,0.9630456719761308,98,1313
BERT Base,5,8,11,0.02356914018529743,0.012162319151407915,0.37942570393086145,0.37942570393086145,0.9616802029172299,92,1377
BERT Base,5,9,2,0.17340900857384373,0.11067437379576107,0.4003345413994982,0.4003345413994982,0.9959999625613967,168,1081
BERT Base,5,9,3,0.16334293948126802,0.10295720409794376,0.39503763590744356,0.39503763590744356,0.9957202129979205,158,1146
BERT Base,5,9,4,0.16078631895915005,0.10097045811331526,0.3944800669082799,0.3944800669082799,0.9956325096031751,144,1253
BERT Base,5,9,5,0.1308472358521426,0.07859869750729845,0.3902982994145526,0.3902982994145526,0.9943107189147797,141,1266
BERT Base,5,9,6,0.025175153363950254,0.012977699439245876,0.4187343183718985,0.4187343183718985,0.960400010676935,119,1007
BERT Base,5,9,7,0.025897475554639032,0.013360521299703,0.42012824086980766,0.42012824086980766,0.961421599231538,110,1054
BERT Base,5,9,8,0.025032799790081342,0.012921809956385505,0.39894061890158905,0.39894061890158905,0.9621065870102606,106,1172
BERT Base,5,9,9,0.024552999301768557,0.012678447551936908,0.3872316699191525,0.3872316699191525,0.9625035055358868,97,1282
BERT Base,5,9,10,0.0246521801491681,0.01273560876209883,0.383328686925007,0.383328686925007,0.963050178474675,96,1329
BERT Base,5,9,11,0.02355627043013542,0.012155179337980026,0.37970448843044324,0.37970448843044324,0.9616292448183067,91,1373
BERT Base,5,10,2,0.16563644688644688,0.10421317969031328,0.40340117089489824,0.40340117089489824,0.9956883208543766,158,1076
BERT Base,5,10,3,0.15430459988080403,0.09576328177538669,0.3969891274045163,0.3969891274045163,0.9953388938903319,145,1153
BERT Base,5,10,4,0.1565820378033777,0.09793634137810424,0.3902982994145526,0.3902982994145526,0.9955299000978604,136,1293
BERT Base,5,10,5,0.12470908532033549,0.07401230063588032,0.395873989406189,0.395873989406189,0.9938413497587116,131,1260
BERT Base,5,10,6,0.025887279011032834,0.013341211327185073,0.4343462503484806,0.4343462503484806,0.9600575167875737,107,972
BERT Base,5,10,7,0.026044483359515164,0.013435955573663047,0.42291608586562585,0.42291608586562585,0.9613865872043867,107,1054
BERT Base,5,10,8,0.025201814809331813,0.01300720924797296,0.40340117089489824,0.40340117089489824,0.9619377666417191,100,1172
BERT Base,5,10,9,0.024871801661062128,0.012842481360628544,0.39280735991078897,0.39280735991078897,0.9624556673205712,95,1280
BERT Base,5,10,10,0.023301616321103585,0.012008771028197486,0.3908558684137162,0.3908558684137162,0.9600148783782706,91,1310
BERT Base,5,10,11,0.02355627043013542,0.012155179337980026,0.37970448843044324,0.37970448843044324,0.9616292448183067,91,1373
BERT Base,5,11,2,0.15401750198886238,0.09510086455331412,0.40479509339280734,0.40479509339280734,0.9952106320086885,146,1071
BERT Base,5,11,3,0.15124824099650805,0.09301282051282052,0.40451630889322554,0.40451630889322554,0.9950951963152095,134,1148
BERT Base,5,11,4,0.15451786379851978,0.09549822298275636,0.40451630889322554,0.40451630889322554,0.995235937731283,130,1260
BERT Base,5,11,5,0.02703533536610696,0.013932896021374621,0.45358238081962643,0.45358238081962643,0.9600838624713708,108,866
BERT Base,5,11,6,0.026190319610679996,0.013493024792268403,0.44410370783384445,0.44410370783384445,0.9596259328885304,100,918
BERT Base,5,11,7,0.027420266719877615,0.014131580526013592,0.4597156398104265,0.4597156398104265,0.960120954420927,94,955
BERT Base,5,11,8,0.02580153597063127,0.013314270395853811,0.41538890437691667,0.41538890437691667,0.9617224946727987,96,1128
BERT Base,5,11,9,0.025082334343301278,0.012949092294020565,0.3981042654028436,0.3981042654028436,0.9622667410354477,92,1253
BERT Base,5,11,10,0.02331751367741085,0.012013822263353173,0.3944800669082799,0.3944800669082799,0.9596612915694158,86,1267
BERT Base,5,11,11,0.02348110383616711,0.012115439396097423,0.37942570393086145,0.37942570393086145,0.9615301018503336,86,1379
BERT Base,10,2,2,0.2509459663992735,0.27450331125827815,0.23111235015333148,0.23111235015333148,0.9992404816684306,1051,687
BERT Base,10,2,3,0.2623767739139855,0.21456413890857548,0.33760802899358794,0.33760802899358794,0.9984632839964184,524,988
BERT Base,10,2,4,0.2227763923524522,0.16657458563535912,0.33621410649567884,0.33621410649567884,0.9979082913680101,378,1240
BERT Base,10,2,5,0.19929001898786428,0.1415669716162327,0.33649289099526064,0.33649289099526064,0.9974628413195998,290,1394
BERT Base,10,2,6,0.18214232654880405,0.12415189873417722,0.3417897964873153,0.3417897964873153,0.997001791853152,238,1443
BERT Base,10,2,7,0.1688115064345193,0.10909090909090909,0.3730136604404795,0.3730136604404795,0.9962121146467096,199,1493
BERT Base,10,2,8,0.16692913385826771,0.10782877604166667,0.3693894619459158,0.3693894619459158,0.9961996351122794,175,1596
BERT Base,10,2,9,0.15530187412245894,0.09942160387681725,0.35461388346807915,0.35461388346807915,0.9960058556748776,155,1721
BERT Base,10,2,10,0.11842169438618738,0.07176637502955782,0.33844438249233344,0.33844438249233344,0.9945568430660413,138,1749
BERT Base,10,2,11,0.02337252652710066,0.01207440947433725,0.36353498745469753,0.36353498745469753,0.9630144731400554,114,1418
BERT Base,10,3,2,0.2505408913890091,0.2047021389429026,0.3228324505157513,0.3228324505157513,0.9984404048499631,560,786
BERT Base,10,3,3,0.25383514011045205,0.20045226942335648,0.3459715639810427,0.3459715639810427,0.9982840640158518,467,978
BERT Base,10,3,4,0.21767764298093586,0.1579278259776185,0.35015333147477,0.35015333147477,0.9976784599422545,329,1193
BERT Base,10,3,5,0.19812828121433462,0.1362494767685224,0.3629774184555339,0.3629774184555339,0.9971387200781496,250,1299
BERT Base,10,3,6,0.18003913894324852,0.12164544564152792,0.34625034848062447,0.34625034848062447,0.9968912093119513,214,1439
BERT Base,10,3,7,0.1684981684981685,0.10838658146964857,0.37831056593253415,0.37831056593253415,0.9961303043654451,182,1477
BERT Base,10,3,8,0.1651036525172754,0.10601378654623247,0.3730136604404795,0.3730136604404795,0.9960887059173446,156,1586
BERT Base,10,3,9,0.15257048092868988,0.09686395427540047,0.35907443546138834,0.35907443546138834,0.9958370353063362,132,1712
BERT Base,10,3,10,0.12045770096232106,0.07271676300578035,0.35071090047393366,0.35071090047393366,0.9944389807964231,123,1718
BERT Base,10,3,11,0.025009453291944036,0.012912013075456278,0.39643155840535266,0.39643155840535266,0.9623159658657001,103,1352
BERT Base,10,4,2,0.2355440605948642,0.1761292996270203,0.35545023696682465,0.35545023696682465,0.997932557129402,409,860
BERT Base,10,4,3,0.22389513772030822,0.1640706126687435,0.3523836074714246,0.3523836074714246,0.9977675499519365,359,1032
BERT Base,10,4,4,0.201233981964879,0.14047487575924902,0.35461388346807915,0.35461388346807915,0.9973019939869443,304,1133
BERT Base,10,4,5,0.19926860213448766,0.13605788830004076,0.37217730694173407,0.37217730694173407,0.9970614162954294,237,1279
BERT Base,10,4,6,0.17735952740761093,0.11767386746878133,0.35991078896013384,0.35991078896013384,0.9966443918532213,202,1381
BERT Base,10,4,7,0.16609454983438723,0.10593025042249193,0.3844438249233343,0.3844438249233343,0.9959652971879795,172,1460
BERT Base,10,4,8,0.1644439006484767,0.10533740888784388,0.37468636743797046,0.37468636743797046,0.9960429476244339,147,1585
BERT Base,10,4,9,0.14688561721404303,0.0921622965963192,0.36158349595762473,0.36158349595762473,0.9955711518922268,128,1681
BERT Base,10,4,10,0.12047636632200887,0.07219118216518228,0.36381377195427933,0.36381377195427933,0.994185923570478,113,1670
BERT Base,10,4,11,0.025025025025025027,0.012919428099982774,0.39726791190409816,0.39726791190409816,0.9622584213458276,100,1350
BERT Base,10,5,2,0.2117776728074319,0.14755896873285793,0.37496515193755225,0.37496515193755225,0.9973065004854885,315,904
BERT Base,10,5,3,0.20407851523714962,0.14054281506417,0.37245609144131586,0.37245609144131586,0.99716783899182,286,1041
BERT Base,10,5,4,0.1980227458559429,0.13500912223798905,0.37134095344298856,0.37134095344298856,0.9970416570325816,253,1175
BERT Base,10,5,5,0.19358088658606792,0.13046852265011155,0.37496515193755225,0.37496515193755225,0.996892595926888,227,1258
BERT Base,10,5,6,0.17769477054429028,0.11679088119245945,0.37134095344298856,0.37134095344298856,0.996508156935692,190,1349
BERT Base,10,5,7,0.16378803900834216,0.10375883885374024,0.3886255924170616,0.3886255924170616,0.9958259423868426,161,1443
BERT Base,10,5,8,0.16270983213429258,0.10364316810509433,0.37831056593253415,0.37831056593253415,0.9959316717757649,143,1563
BERT Base,10,5,9,0.11511801351232781,0.06830842921851409,0.36576526345135213,0.36576526345135213,0.9937966314270036,119,1585
BERT Base,10,5,10,0.027551942186088526,0.014257194332180942,0.40814050738778923,0.40814050738778923,0.9649113623734411,98,1259
BERT Base,10,5,11,0.02408618088457161,0.012436677721491308,0.38054084192918874,0.38054084192918874,0.9624258550994325,96,1336
BERT Base,10,6,2,0.19668477503830617,0.13109274904837062,0.3936437134095344,0.3936437134095344,0.9967556677018903,254,928
BERT Base,10,6,3,0.1935261232659259,0.1286002568336085,0.3908558684137162,0.3908558684137162,0.9967067895253721,236,1032
BERT Base,10,6,4,0.1905996316256225,0.12617413294797689,0.3894619459158071,0.3894619459158071,0.9966461251218921,216,1139
BERT Base,10,6,5,0.19035691922354414,0.12683107732245502,0.3813771954279342,0.3813771954279342,0.9967352151315741,201,1262
BERT Base,10,6,6,0.17556346381969157,0.11495641667385864,0.37134095344298856,0.37134095344298856,0.9964450659560727,185,1354
BERT Base,10,6,7,0.16200174570846668,0.10236799529342551,0.388068023417898,0.388068023417898,0.9957687445207044,152,1460
BERT Base,10,6,8,0.15701430549146286,0.09898901738308241,0.37942570393086145,0.37942570393086145,0.9957056535410852,135,1562
BERT Base,10,6,9,0.11512972668601378,0.06815384615384615,0.3705045999442431,0.3705045999442431,0.9937009549963722,115,1566
BERT Base,10,6,10,0.02794130073514914,0.014457550377956123,0.414831335377753,0.414831335377753,0.9648375251280625,96,1235
BERT Base,10,6,11,0.024068555710330966,0.012427279927894464,0.38054084192918874,0.38054084192918874,0.9623970828394962,93,1341
BERT Base,10,7,2,0.19358615754894945,0.1262514848124894,0.414831335377753,0.414831335377753,0.9964301598455033,221,934
BERT Base,10,7,3,0.18320897861934918,0.11818475974761365,0.4073041538890438,0.4073041538890438,0.996221127643798,203,1021
BERT Base,10,7,4,0.17965112669936062,0.11555662034818719,0.40340117089489824,0.40340117089489824,0.9961608098940522,188,1133
BERT Base,10,7,5,0.1826408360948254,0.11838083436596447,0.3994981879007527,0.3994981879007527,0.9963005113489233,173,1269
BERT Base,10,7,6,0.16321070234113713,0.10199958196892636,0.40814050738778923,0.40814050738778923,0.9955319800202653,157,1341
BERT Base,10,7,7,0.1572730340870739,0.0985131421323374,0.3897407304153889,0.3897407304153889,0.9955652587787458,145,1461
BERT Base,10,7,8,0.15491998638066054,0.09725685785536159,0.38054084192918874,0.38054084192918874,0.9956078971880489,129,1568
BERT Base,10,7,9,0.11505718462464529,0.06801891108738753,0.3730136604404795,0.3730136604404795,0.9936447970914365,112,1548
BERT Base,10,7,10,0.02812818522709208,0.014552209923368682,0.41929188737106216,0.41929188737106216,0.9646940104821156,93,1214
BERT Base,10,7,11,0.024323705933083407,0.012558270557125592,0.38528017842207973,0.38528017842207973,0.9623308719762694,90,1336
BERT Base,10,8,2,0.17343475716793447,0.10975338813596978,0.41315862838026207,0.41315862838026207,0.9958328754615261,194,921
BERT Base,10,8,3,0.17595273264401773,0.11163592742540111,0.4151101198773348,0.4151101198773348,0.9958924999038036,183,1030
BERT Base,10,8,4,0.16658167601563828,0.10453705020622955,0.4098132143852802,0.4098132143852802,0.9956349361793143,170,1118
BERT Base,10,8,5,0.1705779965188164,0.1086890010708276,0.39615277390577086,0.39615277390577086,0.9959604440357012,160,1299
BERT Base,10,8,6,0.15851602023608768,0.09847256015139227,0.4061890158907165,0.4061890158907165,0.9953759858398883,145,1370
BERT Base,10,8,7,0.15473718719265653,0.0962283384301733,0.3947588514078617,0.3947588514078617,0.9953898519892551,134,1449
BERT Base,10,8,8,0.15476325650051095,0.09716974406501747,0.3799832729300251,0.3799832729300251,0.995609977110454,128,1575
BERT Base,10,8,9,0.11429796355841372,0.06753470463066166,0.3716197379425704,0.3716197379425704,0.9936198380225761,109,1561
BERT Base,10,8,10,0.028093195390697285,0.014533815537548107,0.41901310287148036,0.41901310287148036,0.9646721712968628,89,1231
BERT Base,10,8,11,0.024799993270015395,0.012785815898129835,0.4109283523836075,0.4109283523836075,0.9605473385139578,83,1237
BERT Base,10,9,2,0.16505068312031732,0.1028492962581531,0.4176191803735712,0.4176191803735712,0.9954702756555829,166,971
BERT Base,10,9,3,0.15691236950332174,0.09675531569022694,0.414831335377753,0.414831335377753,0.9951846329786257,152,1087
BERT Base,10,9,4,0.15975820379965458,0.09905628806639448,0.4126010593810984,0.4126010593810984,0.9953336940843194,145,1191
BERT Base,10,9,5,0.16577634282359846,0.1049970255800119,0.3936437134095344,0.3936437134095344,0.9958276756555136,140,1365
BERT Base,10,9,6,0.1549522480952892,0.09594046907182247,0.4025648173961528,0.4025648173961528,0.9952830826391303,133,1415
BERT Base,10,9,7,0.15328584435755985,0.09486873508353222,0.39894061890158905,0.39894061890158905,0.9952671365673584,124,1466
BERT Base,10,9,8,0.14671093587881304,0.09012684046146982,0.39420128240869806,0.39420128240869806,0.9950515179447039,116,1497
BERT Base,10,9,9,0.11480978260869565,0.06771850738792888,0.37691664343462505,0.37691664343462505,0.9935477340458685,107,1546
BERT Base,10,9,10,0.025824220332118265,0.013298515805544664,0.44438249233342625,0.44438249233342625,0.9590016095132877,84,1131
BERT Base,10,9,11,0.026055340682275576,0.013426542387927207,0.43852801784220796,0.43852801784220796,0.959932721443272,81,1185
BERT Base,10,10,2,0.15624058640425745,0.09527891739636274,0.433788681349317,0.433788681349317,0.9948781910776182,146,946
BERT Base,10,10,3,0.15167984189723321,0.09217558397886266,0.4279342068580987,0.4279342068580987,0.9947592888467974,140,1062
BERT Base,10,10,4,0.1584716900808855,0.09792831305491614,0.4151101198773348,0.4151101198773348,0.9952452973821057,139,1215
BERT Base,10,10,5,0.16509998290890446,0.10375196906773593,0.4039587398940619,0.4039587398940619,0.9956609352093772,132,1354
BERT Base,10,10,6,0.15072608913370056,0.09186351706036745,0.419570671870644,0.419570671870644,0.9948424857429985,121,1376
BERT Base,10,10,7,0.14425273390036453,0.08735578055097716,0.4137161973794257,0.4137161973794257,0.9946254805054073,112,1408
BERT Base,10,10,8,0.14484679665738162,0.08815160138039596,0.40591023139113463,0.40591023139113463,0.9947790481096452,111,1458
BERT Base,10,10,9,0.11398120652483423,0.06672699561821299,0.39057708391413437,0.39057708391413437,0.9932073200789122,100,1506
BERT Base,10,10,10,0.02607232968881413,0.013425613605510166,0.4494006133258991,0.4494006133258991,0.9589364386112635,82,1126
BERT Base,10,10,11,0.02605222022810166,0.013424363301626266,0.4390855868413716,0.4390855868413716,0.9598751769233996,79,1187
BERT Base,10,11,2,0.144183908045977,0.08632935087815889,0.43713409534429887,0.43713409534429887,0.9942472812814264,140,918
BERT Base,10,11,3,0.15008777062609713,0.09095207139057976,0.429049344856426,0.429049344856426,0.9946677722609761,134,1078
BERT Base,10,11,4,0.1503632202209175,0.09151474774392829,0.42124337886813495,0.42124337886813495,0.9948001939874297,130,1174
BERT Base,10,11,5,0.15399812831444318,0.0946507317696683,0.4128798438806802,0.4128798438806802,0.9950893032017285,120,1317
BERT Base,10,11,6,0.14386848481968928,0.08671248568155784,0.4220797323668804,0.4220797323668804,0.9944722595549036,111,1372
BERT Base,10,11,7,0.14437937985984448,0.08720357163564678,0.41929188737106216,0.41929188737106216,0.9945426302629403,107,1415
BERT Base,10,11,8,0.14333530222484742,0.08703449100364637,0.40591023139113463,0.40591023139113463,0.9947055575180008,105,1474
BERT Base,10,11,9,0.02966453581567817,0.015364455692150723,0.42821299135768054,0.42821299135768054,0.9658771396768424,88,1189
BERT Base,10,11,10,0.02613671262547077,0.013458513321181552,0.4507945358238082,0.4507945358238082,0.958911132888669,81,1119
BERT Base,10,11,11,0.026091253500247075,0.013442753727733318,0.441594647337608,0.441594647337608,0.9597018500563139,76,1178
BERT Base,20,2,2,0.2523334406179594,0.2984392843547773,0.21856704767214943,0.21856704767214943,0.9993611171679222,1064,758
BERT Base,20,2,3,0.2323867331454585,0.190104628480227,0.29885698355171453,0.29885698355171453,0.9984168323960394,530,1016
BERT Base,20,2,4,0.22070098576122674,0.1640656805536708,0.3370504599944243,0.3370504599944243,0.9978646129975044,373,1181
BERT Base,20,2,5,0.20852282297456629,0.149390611801617,0.3451352104822972,0.3451352104822972,0.9975564378278261,293,1334
BERT Base,20,2,6,0.1918946460766638,0.13347873500545257,0.3412322274881517,0.3412322274881517,0.9972454894282744,243,1461
BERT Base,20,2,7,0.028494431894741015,0.014772201962093584,0.40089211039866185,0.40089211039866185,0.9667534803168276,176,1143
BERT Base,20,2,8,0.029903704944854573,0.015499836521170509,0.42291608586562585,0.42291608586562585,0.9665981794439189,152,1137
BERT Base,20,2,9,0.026691586071746112,0.013794720307591317,0.410091998884862,0.410091998884862,0.9635445066996033,137,1240
BERT Base,20,2,10,0.02594431636815038,0.013398294762484775,0.40786172288820743,0.40786172288820743,0.9626549932177197,119,1309
BERT Base,20,2,11,0.025550086209206964,0.013197969543147208,0.39866183440200725,0.39866183440200725,0.9629357827423984,120,1370
BERT Base,20,3,2,0.2418159005361013,0.20463320463320464,0.29551156955673263,0.29551156955673263,0.9985717866152141,582,840
BERT Base,20,3,3,0.22390194075587333,0.17668869901660486,0.30554781154167826,0.30554781154167826,0.9982296393795869,476,989
BERT Base,20,3,4,0.21790703804586592,0.15909674108288427,0.3456927794814608,0.3456927794814608,0.9977280314262409,334,1176
BERT Base,20,3,5,0.20461256084909424,0.14333631484794276,0.3574017284638974,0.3574017284638974,0.997343939088779,255,1309
BERT Base,20,3,6,0.17569733889067007,0.11409060626249168,0.38193476442709784,0.38193476442709784,0.9963122975758851,209,1390
BERT Base,20,3,7,0.02971087699042671,0.01538645513612628,0.4304432673543351,0.4304432673543351,0.9657492244489332,155,1049
BERT Base,20,3,8,0.16177067037487688,0.10210649502633119,0.3891831614162253,0.3891831614162253,0.9957444787593124,156,1527
BERT Base,20,3,9,0.02694472806787686,0.013923648724365918,0.41566768887649846,0.41566768887649846,0.9633957922476439,122,1237
BERT Base,20,3,10,0.026163406539086224,0.01350944840976837,0.41315862838026207,0.41315862838026207,0.9624854795417099,111,1278
BERT Base,20,3,11,0.02609042199884869,0.013473218205766135,0.4106495678840256,0.4106495678840256,0.9626116615009482,105,1312
BERT Base,20,4,2,0.223195581793944,0.16948662328271874,0.32673543350989687,0.32673543350989687,0.9980091676046539,409,874
BERT Base,20,4,3,0.22650427195055445,0.16803776129467296,0.34736548647895177,0.34736548647895177,0.9978614931138969,362,1007
BERT Base,20,4,4,0.22114084887807517,0.1633821571238349,0.34206858098689713,0.34206858098689713,0.9978219745882013,317,1193
BERT Base,20,4,5,0.20192975685063683,0.13962425277540563,0.36465012545302483,0.36465012545302483,0.9972059709025789,238,1293
BERT Base,20,4,6,0.1465587044534413,0.08953193594262042,0.4036799553944801,0.4036799553944801,0.9948955237643268,191,1308
BERT Base,20,4,7,0.02965029582952523,0.015355028996193627,0.42960691385558963,0.42960691385558963,0.965744717950389,151,1056
BERT Base,20,4,8,0.030372756557754257,0.015739162201656113,0.4323947588514079,0.4323947588514079,0.9663770143615176,129,1107
BERT Base,20,4,9,0.027272399104757778,0.014092388617901344,0.42124337886813495,0.42124337886813495,0.9633552337607458,114,1222
BERT Base,20,4,10,0.026330640894501076,0.013595344983017201,0.4162252578756621,0.4162252578756621,0.9624490808996219,105,1277
BERT Base,20,4,11,0.02574721388862471,0.013285627609836183,0.4151101198773348,0.4151101198773348,0.9616646034991921,99,1305
BERT Base,20,5,2,0.21087786259541985,0.14751362776727112,0.3696682464454976,0.3696682464454976,0.9973435924350449,319,858
BERT Base,20,5,3,0.21408045977011494,0.1499832233530925,0.37385001393922496,0.37385001393922496,0.9973654316202977,287,1034
BERT Base,20,5,4,0.20072021293251918,0.1395450092522042,0.3574017284638974,0.3574017284638974,0.9972597022313754,258,1181
BERT Base,20,5,5,0.1942915841220926,0.13184624576777534,0.36911067744633397,0.36911067744633397,0.9969778727454941,226,1278
BERT Base,20,5,6,0.14392035092907488,0.08741468087654174,0.40702536938946193,0.40702536938946193,0.9947163037837602,182,1298
BERT Base,20,5,7,0.16426462927591595,0.10365230094959825,0.3955952049066072,0.3955952049066072,0.9957462120279833,158,1450
BERT Base,20,5,8,0.030357230122660412,0.015730086702860385,0.43295232785057153,0.43295232785057153,0.9663139233818984,124,1109
BERT Base,20,5,9,0.027303877366997294,0.014108262745426928,0.4220797323668804,0.4220797323668804,0.9633243815784046,111,1222
BERT Base,20,5,10,0.026639056577284853,0.013752366802257636,0.4231948703652077,0.4231948703652077,0.9622622345369035,101,1237
BERT Base,20,5,11,0.025753074478375017,0.013288177888685887,0.41566768887649846,0.41566768887649846,0.9616205784749524,97,1298
BERT Base,20,6,2,0.19662103116807458,0.1330704780680138,0.3763590744354614,0.3763590744354614,0.9969511804079629,267,922
BERT Base,20,6,3,0.19550049836252315,0.13127450043025146,0.38277111792584334,0.38277111792584334,0.996850304171319,239,1050
BERT Base,20,6,4,0.19381981720586103,0.13099323463084617,0.37245609144131586,0.37245609144131586,0.9969276079540392,222,1191
BERT Base,20,6,5,0.1768131935503648,0.11332914177931468,0.40200724839698915,0.40200724839698915,0.9960890525710787,199,1241
BERT Base,20,6,6,0.14167961942442656,0.08524144184992065,0.41929188737106216,0.41929188737106216,0.9944050087304743,173,1267
BERT Base,20,6,7,0.1616575591985428,0.10156641155854373,0.395873989406189,0.395873989406189,0.9956456824450736,151,1460
BERT Base,20,6,8,0.03057099545224861,0.015837536875383855,0.43852801784220796,0.43852801784220796,0.9661152907922181,115,1074
BERT Base,20,6,9,0.027482174209036512,0.014197262353191608,0.4276554223585169,0.4276554223585169,0.9630761775047378,106,1176
BERT Base,20,6,10,0.026552769261675793,0.013705794304881787,0.42375243936437135,0.42375243936437135,0.9620823212488686,98,1225
BERT Base,20,6,11,0.02580277703466547,0.013313504078652085,0.41678282687482576,0.41678282687482576,0.9615918062150162,93,1301
BERT Base,20,7,2,0.18317209775967414,0.11868041237113403,0.40117089489824365,0.40117089489824365,0.9962956581966449,223,892
BERT Base,20,7,3,0.17881878856567182,0.11549410329402196,0.395873989406189,0.395873989406189,0.9962301406408864,204,1041
BERT Base,20,7,4,0.1639451695702037,0.10194240695463189,0.4184555338723167,0.4184555338723167,0.9954161976730521,186,1095
BERT Base,20,7,5,0.1564699234602147,0.09590680100755668,0.4245887928631168,0.4245887928631168,0.9950230923385018,169,1141
BERT Base,20,7,6,0.1599957191780822,0.09900006622078009,0.41678282687482576,0.41678282687482576,0.9952834292928645,155,1305
BERT Base,20,7,7,0.030176010924816022,0.015619324373410825,0.4435461388346808,0.4435461388346808,0.965241030074638,128,997
BERT Base,20,7,8,0.030509161432251714,0.015801467207707837,0.44075829383886256,0.44075829383886256,0.9658639668349439,112,1047
BERT Base,20,7,9,0.027468421988969934,0.014186873466687493,0.4304432673543351,0.4304432673543351,0.9628078675144892,101,1165
BERT Base,20,7,10,0.02653924103710951,0.013698877215132795,0.4234736548647895,0.4234736548647895,0.9620878677086153,96,1237
BERT Base,20,7,11,0.02579934985638362,0.01331026221216558,0.41817674937273486,0.41817674937273486,0.9614538380288159,89,1292
BERT Base,20,8,2,0.1746781622770757,0.11081141829624634,0.41232227488151657,0.41232227488151657,0.9958859134828544,197,918
BERT Base,20,8,3,0.17689943965776947,0.11283627978478093,0.40925564538611653,0.40925564538611653,0.9959989226001942,186,1055
BERT Base,20,8,4,0.15712451861360718,0.09629909365558913,0.4265402843601896,0.4265402843601896,0.9950227456847677,162,1141
BERT Base,20,8,5,0.15316073461709817,0.09311424100156494,0.4312796208530806,0.4312796208530806,0.9947769681872402,147,1164
BERT Base,20,8,6,0.15438380100729776,0.0946380190284166,0.4187343183718985,0.4187343183718985,0.9950189324936918,138,1327
BERT Base,20,8,7,0.030458289693435617,0.015762642342324745,0.44995818232506274,0.44995818232506274,0.9650642366702106,120,987
BERT Base,20,8,8,0.030650602409638555,0.01587412517596318,0.44326735433509895,0.44326735433509895,0.9658293014615268,110,1042
BERT Base,20,8,9,0.02747233194548237,0.014188959445674849,0.4304432673543351,0.4304432673543351,0.962813413974236,99,1179
BERT Base,20,8,10,0.026555498738960487,0.013703776589083493,0.42709785335935324,0.42709785335935324,0.9617772659627978,93,1206
BERT Base,20,8,11,0.02579934985638362,0.01331026221216558,0.41817674937273486,0.41817674937273486,0.9614538380288159,89,1292
BERT Base,20,9,2,0.16292164959510913,0.10086321381142098,0.4234736548647895,0.4234736548647895,0.9953059617855856,169,944
BERT Base,20,9,3,0.1521012069216228,0.09205585543299695,0.43741287984388066,0.43741287984388066,0.9946355334636983,158,1042
BERT Base,20,9,4,0.15147210111203643,0.09188161179127541,0.43100083635349873,0.43100083635349873,0.9947031309418617,137,1174
BERT Base,20,9,5,0.15188497455407876,0.0923012250780687,0.42849177585726234,0.42849177585726234,0.9947603288079999,132,1253
BERT Base,20,9,6,0.031060426820612313,0.01607594192676189,0.457485363813772,0.457485363813772,0.9651831389010314,115,964
BERT Base,20,9,7,0.030416392518093804,0.015738840306216743,0.45107332032339004,0.45107332032339004,0.9649238419078712,108,1008
BERT Base,20,9,8,0.03054537055749632,0.015818747258881227,0.4424310008363535,0.4424310008363535,0.9657724502491227,104,1059
BERT Base,20,9,9,0.027543463976842892,0.014224790204980053,0.4323947588514079,0.4323947588514079,0.9627402700363259,97,1167
BERT Base,20,9,10,0.02647318874499402,0.013661373294564974,0.4257039308614441,0.4257039308614441,0.9617821191150762,91,1222
BERT Base,20,9,11,0.02559614777122269,0.013202395631495507,0.41789796487315306,0.41789796487315306,0.9611605689697069,86,1275
BERT Base,20,10,2,0.14456616400055003,0.08650575973669775,0.43964315584053526,0.43964315584053526,0.9942271753648444,150,959
BERT Base,20,10,3,0.026438057330934975,0.013592217727337121,0.48146083077780877,0.48146083077780877,0.9565535408425696,115,702
BERT Base,20,10,4,0.026709435143170084,0.013740310545507232,0.4758851407861723,0.4758851407861723,0.9575259045669203,111,787
BERT Base,20,10,5,0.027590858985538244,0.014214876033057851,0.4675216057987176,0.4675216057987176,0.9596848640233395,109,866
BERT Base,20,10,6,0.031069269497838253,0.016074212508835974,0.4627822693058266,0.4627822693058266,0.9647761674171142,106,936
BERT Base,20,10,7,0.030211143149474467,0.01562695457213514,0.452746027320881,0.452746027320881,0.9645376696480044,100,996
BERT Base,20,10,8,0.030475058015764944,0.01578032672923184,0.44298856983551715,0.44298856983551715,0.9656445350212135,98,1070
BERT Base,20,10,9,0.027707206529340427,0.014307917352349608,0.43629774184555337,0.43629774184555337,0.9626255276503152,95,1158
BERT Base,20,10,10,0.026846968970590666,0.013833638570637592,0.452746027320881,0.452746027320881,0.9598675505412478,84,1136
BERT Base,20,10,11,0.02568259385665529,0.013246723526357019,0.419570671870644,0.419570671870644,0.9611373431695175,84,1277
BERT Base,20,11,2,0.026735733979446903,0.013742269973140108,0.49066071926400895,0.49066071926400895,0.9562134735293475,113,642
BERT Base,20,11,3,0.02698384791200055,0.013872296277665995,0.49205464176191804,0.49205464176191804,0.9565063959347223,110,693
BERT Base,20,11,4,0.02742305746858099,0.014105253045998176,0.49121828826317254,0.49121828826317254,0.9573075127143923,102,757
BERT Base,20,11,5,0.02790552781945025,0.014375485658299266,0.4744912182882632,0.4744912182882632,0.9595475891446077,103,852
BERT Base,20,11,6,0.030922285947621433,0.015993548820643775,0.46445497630331756,0.46445497630331756,0.9644676455937017,101,918
BERT Base,20,11,7,0.03032377428307123,0.01568225962320477,0.4569277948146083,0.4569277948146083,0.9643383437508558,94,993
BERT Base,20,11,8,0.026938338160692462,0.01388613199161136,0.4485642598271536,0.4485642598271536,0.9603906510261124,94,1035
BERT Base,20,11,9,0.027639814790222483,0.014273174478357076,0.43518260384722607,0.43518260384722607,0.9626289941876568,91,1186
BERT Base,20,11,10,0.026958802857567108,0.013890423768436265,0.4555338723166992,0.4555338723166992,0.9597878201823884,81,1134
BERT Base,20,11,11,0.025492154307090745,0.0131451465081568,0.4198494563702258,0.4198494563702258,0.9608069821608521,80,1261
BERT Base,50,2,2,0.2465078060805259,0.300240192153723,0.20908837468636743,0.20908837468636743,0.9993940492726685,1073,781
BERT Base,50,2,3,0.2484700122399021,0.1959144281807946,0.33955952049066074,0.33955952049066074,0.9982670779828774,512,974
BERT Base,50,2,4,0.2365752910251596,0.17834394904458598,0.3512684694730973,0.3512684694730973,0.9979876750731352,377,1212
BERT Base,50,2,5,0.21103615291472064,0.15297805642633228,0.3401170894898244,0.3401170894898244,0.9976583540256725,293,1378
BERT Base,50,2,6,0.18306397557160944,0.12489837398373983,0.3426261499860608,0.3426261499860608,0.9970149646950505,241,1456
BERT Base,50,2,7,0.1583410708758898,0.10176639083386378,0.35656537496515195,0.35656537496515195,0.9960866259949396,212,1533
BERT Base,50,2,8,0.12258098722231059,0.07568416917637816,0.3222748815165877,0.3222748815165877,0.9951059425809687,184,1601
BERT Base,50,2,9,0.026210849455895403,0.013603065718157182,0.3582380819626429,0.3582380819626429,0.9676991517036471,141,1340
BERT Base,50,2,10,0.02661808989181754,0.013768039304290975,0.3992194034011709,0.3992194034011709,0.9644412999099047,120,1286
BERT Base,50,2,11,0.025392040901980235,0.01314580884749479,0.37106216894340677,0.37106216894340677,0.9653630521890664,116,1384
BERT Base,50,3,2,0.24686103426260905,0.19962140767509895,0.323390019514915,0.323390019514915,0.998387713482369,560,784
BERT Base,50,3,3,0.23981684632261757,0.18227958236658934,0.3504321159743518,0.3504321159743518,0.9980452195930077,452,945
BERT Base,50,3,4,0.22928226239484517,0.16884143930407275,0.3571229439643156,0.3571229439643156,0.9978140015523155,329,1188
BERT Base,50,3,5,0.20888375165125495,0.14838709677419354,0.3526623919710064,0.3526623919710064,0.997483293889916,265,1343
BERT Base,50,3,6,0.1819352991697681,0.12238805970149254,0.35433509896849735,0.35433509896849735,0.9968405978667623,216,1418
BERT Base,50,3,7,0.16690121024486348,0.1116235294117647,0.33063841650404235,0.33063841650404235,0.9967279354031565,189,1601
BERT Base,50,3,8,0.12469450366595601,0.07664280235233956,0.3342626149986061,0.3342626149986061,0.9949925868098948,160,1579
BERT Base,50,3,9,0.026956264835623835,0.013989341454130187,0.36883189294675217,0.36883189294675217,0.9676748859422551,125,1327
BERT Base,50,3,10,0.02704095720202485,0.013982086938313203,0.4095344298856984,0.4095344298856984,0.9640887530622524,110,1239
BERT Base,50,3,11,0.024275154298837375,0.012541131760671086,0.37719542793420685,0.37719542793420685,0.963070284391257,106,1349
BERT Base,50,4,2,0.22468694096601075,0.16541551428947715,0.35015333147477,0.35015333147477,0.9978032552865561,392,832
BERT Base,50,4,3,0.23272152454553438,0.16987179487179488,0.3693894619459158,0.3693894619459158,0.9977554170712405,349,1011
BERT Base,50,4,4,0.16945660571722895,0.11017161992465467,0.36688040144967937,0.36688040144967937,0.9963154174594926,293,1096
BERT Base,50,4,5,0.20536569786010858,0.14389616202305025,0.3585168664622247,0.3585168664622247,0.997347752279855,244,1333
BERT Base,50,4,6,0.17736451321906876,0.1180709534368071,0.3562865904655701,0.3562865904655701,0.9966908434536003,204,1408
BERT Base,50,4,7,0.15425219941348975,0.09767510955953354,0.3666016169500976,0.3666016169500976,0.9957888504372864,171,1520
BERT Base,50,4,8,0.09763851044504995,0.05648727941498446,0.359632004460552,0.359632004460552,0.9925306519898097,143,1476
BERT Base,50,4,9,0.02828091473197889,0.01464831038798498,0.40786172288820743,0.40786172288820743,0.9658851127127284,110,1205
BERT Base,50,4,10,0.027069101298511016,0.01399422430525967,0.4120434903819348,0.4120434903819348,0.9639005200845974,105,1212
BERT Base,50,4,11,0.024564098899528368,0.01268859871729802,0.383328686925007,0.383328686925007,0.9629115169810065,101,1328
BERT Base,50,5,2,0.20684340320591862,0.14293321972521036,0.3741287984388068,0.3741287984388068,0.9972104774011231,315,842
BERT Base,50,5,3,0.21151373023678038,0.14514119601328904,0.3897407304153889,0.3897407304153889,0.9971456531528331,279,980
BERT Base,50,5,4,0.20505019774870703,0.14098943625143814,0.37580150543629776,0.37580150543629776,0.9971529328812506,254,1158
BERT Base,50,5,5,0.1982077764277035,0.13620707650558397,0.36381377195427933,0.36381377195427933,0.9971310936959978,226,1331
BERT Base,50,5,6,0.17095250590396222,0.11177833061679678,0.3632562029551157,0.3632562029551157,0.9964107472363898,192,1386
BERT Base,50,5,7,0.1540240518038853,0.09716244802684368,0.37134095344298856,0.37134095344298856,0.9957094667321611,162,1506
BERT Base,50,5,8,0.09787122600920349,0.05652061187451387,0.36465012545302483,0.36465012545302483,0.9924311623681026,136,1462
BERT Base,50,5,9,0.029505597191021842,0.015269785754061686,0.4357401728463897,0.4357401728463897,0.9650586902104639,105,1126
BERT Base,50,5,10,0.02707774553510129,0.013998523482310182,0.41232227488151657,0.41232227488151657,0.9638873472426989,103,1211
BERT Base,50,5,11,0.024564190908036024,0.012688342585249802,0.3836074714245888,0.3836074714245888,0.9628837846822728,99,1327
BERT Base,50,6,2,0.1948291152193192,0.12897398843930635,0.3981042654028436,0.3981042654028436,0.9966568713876515,256,849
BERT Base,50,6,3,0.20091646105040536,0.13445933194942442,0.39726791190409816,0.39726791190409816,0.9968201452964461,241,994
BERT Base,50,6,4,0.19166901210244863,0.12818823529411766,0.37970448843044324,0.37970448843044324,0.9967889464603708,216,1200
BERT Base,50,6,5,0.17119050624921095,0.11064871481028152,0.37803178143295235,0.37803178143295235,0.9962218209512663,196,1272
BERT Base,50,6,6,0.16750032063614212,0.10876988423419671,0.3640925564538612,0.3640925564538612,0.9962904583906323,184,1384
BERT Base,50,6,7,0.1503583930655109,0.09389312977099237,0.37719542793420685,0.37719542793420685,0.9954737421929246,153,1490
BERT Base,50,6,8,0.10263335584064821,0.0588139459107201,0.4025648173961528,0.4025648173961528,0.9919895255107682,126,1418
BERT Base,50,6,9,0.02952681862634469,0.01527876446373483,0.4376916643434625,0.4376916643434625,0.9649231486004028,103,1104
BERT Base,50,6,10,0.026131139608032906,0.01351676598858199,0.3914134374128798,0.3914134374128798,0.9644794318206635,104,1257
BERT Base,50,6,11,0.02482544608223429,0.012804277472914028,0.40591023139113463,0.40591023139113463,0.9610860384168601,92,1246
BERT Base,50,7,2,0.18531246022654957,0.12006267007503917,0.40591023139113463,0.40591023139113463,0.9963008580026574,224,873
BERT Base,50,7,3,0.18273143438453712,0.11835927847788486,0.40061332589908,0.40061332589908,0.9962894184294298,206,1009
BERT Base,50,7,4,0.1784313725490196,0.11653718091009989,0.38054084192918874,0.38054084192918874,0.9964128271587948,194,1210
BERT Base,50,7,5,0.1609676668992789,0.10169740612829745,0.3858377474212434,0.3858377474212434,0.9957621580997552,171,1263
BERT Base,50,7,6,0.15666108586462568,0.09971835274415772,0.3652076944521885,0.3652076944521885,0.9959001262859554,163,1404
BERT Base,50,7,7,0.11143332173375092,0.06468845394146167,0.4017284638974073,0.4017284638974073,0.9927774694485397,134,1374
BERT Base,50,7,8,0.10239539426339056,0.05837305618504337,0.4165040423752439,0.4165040423752439,0.9916456450064703,120,1362
BERT Base,50,7,9,0.029531888155827836,0.015272136474411047,0.44549763033175355,0.44549763033175355,0.9642818391921859,100,1076
BERT Base,50,7,10,0.026157409560663425,0.013530158974556372,0.39197100641204347,0.39197100641204347,0.9644645257100942,103,1256
BERT Base,50,7,11,0.025069873803675785,0.012927683586209306,0.4126010593810984,0.4126010593810984,0.9608270880774341,86,1223
BERT Base,50,8,2,0.17615909625794304,0.11164143485718547,0.4173403958739894,0.4173403958739894,0.9958706607185508,192,917
BERT Base,50,8,3,0.17414216420144918,0.11089078706528371,0.405352662391971,0.405352662391971,0.9959587107670304,180,1063
BERT Base,50,8,4,0.17294872593607874,0.1113607188703466,0.3869528854195707,0.3869528854195707,0.996160463240318,171,1236
BERT Base,50,8,5,0.15849141317768548,0.09922001264844355,0.3936437134095344,0.3936437134095344,0.9955562457816574,152,1296
BERT Base,50,8,6,0.031044273845830268,0.016130618668240386,0.4114859213827711,0.4114859213827711,0.9687918042737552,132,1055
BERT Base,50,8,7,0.03378025422253178,0.017534345625451916,0.4597156398104265,0.4597156398104265,0.9679709282312374,107,975
BERT Base,50,8,8,0.10210312075983717,0.05812381724790484,0.419570671870644,0.419570671870644,0.9915458087310289,113,1350
BERT Base,50,8,9,0.029626627115365126,0.015319538127357951,0.4482854753275718,0.4482854753275718,0.9641712566509852,98,1060
BERT Base,50,8,10,0.027404185588396805,0.014144322476156199,0.43824923334262617,0.43824923334262617,0.9620178436543128,93,1126
BERT Base,50,8,11,0.025186353575698987,0.012988262459111026,0.4139949818790075,0.4139949818790075,0.9608804727524966,86,1229
BERT Base,50,9,2,0.16523746701846967,0.10290996234166382,0.41901310287148036,0.41901310287148036,0.9954581427748869,167,945
BERT Base,50,9,3,0.16661924543333523,0.10467610467610468,0.40814050738778923,0.40814050738778923,0.9956592019407062,158,1090
BERT Base,50,9,4,0.028023939334742225,0.014472948060643304,0.4399219403401171,0.4399219403401171,0.9627510163020851,130,849
BERT Base,50,9,5,0.02761689565315257,0.014250996229516985,0.4446612768330081,0.4446612768330081,0.9617547334700767,119,880
BERT Base,50,9,6,0.02828520919269299,0.014603312990409765,0.4482854753275718,0.4482854753275718,0.962386683227471,110,958
BERT Base,50,9,7,0.028947208289506855,0.01493943472409152,0.4641761918037357,0.4641761918037357,0.9619426197939975,101,920
BERT Base,50,9,8,0.10158902621214179,0.057838778271795864,0.41706161137440756,0.41706161137440756,0.9915523951519782,110,1374
BERT Base,50,9,9,0.029715001104646883,0.015364843638440668,0.44995818232506274,0.44995818232506274,0.9641452576209224,97,1051
BERT Base,50,9,10,0.02669962917181706,0.013786437865290454,0.42152216336771675,0.42152216336771675,0.9625055854582918,91,1161
BERT Base,50,9,11,0.025362810253628104,0.013079095304290049,0.41706161137440756,0.41706161137440756,0.9608679932180664,85,1226
BERT Base,50,10,2,0.160719091447333,0.09958644610458911,0.4162252578756621,0.4162252578756621,0.9953205212424209,157,972
BERT Base,50,10,3,0.15717637022819364,0.09717186366932559,0.4109283523836075,0.4109283523836075,0.9952525771105233,147,1092
BERT Base,50,10,4,0.02823537685261696,0.014577338864129399,0.44772790632840814,0.44772790632840814,0.9623655373496867,118,827
BERT Base,50,10,5,0.02784762491233472,0.01436449463978471,0.4538611653192082,0.4538611653192082,0.9612763513169202,108,832
BERT Base,50,10,6,0.02839515868652757,0.014656337266912891,0.45358238081962643,0.45358238081962643,0.9620819745951344,103,928
BERT Base,50,10,7,0.02925275482093664,0.015092428912794364,0.4736548647895177,0.4736548647895177,0.9615651138774849,95,876
BERT Base,50,10,8,0.030229165512529316,0.015632311232918573,0.4563702258154447,0.4563702258154447,0.9642662397741482,96,998
BERT Base,50,10,9,0.02963481077897217,0.01532326376000533,0.44884304432673544,0.44884304432673544,0.9641355513163655,94,1066
BERT Base,50,10,10,0.02765121213175194,0.0142707127278602,0.44326735433509895,0.44326735433509895,0.9619280603371624,88,1122
BERT Base,50,10,11,0.025282319231417494,0.01303520374023446,0.41817674937273486,0.41817674937273486,0.9606294954489565,80,1220
BERT Base,50,11,2,0.15490145891988738,0.09487083019814396,0.4218009478672986,0.4218009478672986,0.9949960533472365,147,990
BERT Base,50,11,3,0.02782739967291483,0.014345254565578306,0.46250348480624476,0.46250348480624476,0.9604852874955412,116,711
BERT Base,50,11,4,0.02843618482645178,0.014678783061136002,0.4530248118204628,0.4530248118204628,0.9621873573303226,109,824
BERT Base,50,11,5,0.028616692232252872,0.014751888276267349,0.4758851407861723,0.4758851407861723,0.960479047728326,98,806
BERT Base,50,11,6,0.02850426094622392,0.01470811220621683,0.4597156398104265,0.4597156398104265,0.9617065486010269,98,886
BERT Base,50,11,7,0.02904233914123036,0.0149812734082397,0.47281851129077224,0.47281851129077224,0.9613439487950837,90,871
BERT Base,50,11,8,0.03010098215520819,0.015565389897756753,0.4549763033175355,0.4549763033175355,0.9642197881737692,90,1009
BERT Base,50,11,9,0.029775948788294468,0.015392906782144984,0.4538611653192082,0.4538611653192082,0.9639012133920657,88,1039
BERT Base,50,11,10,0.025424080639670533,0.01310226786478391,0.4268190688597714,0.4268190688597714,0.9600242380290933,81,1160
BERT Base,50,11,11,0.025052860355996596,0.012916731814944146,0.41455255087817117,0.41455255087817117,0.9606080029174379,77,1237
