model,threshold,trial,precision,recall,f1,pos_acc,neg_acc,num_initial_seeds,model_name
SentenceTransformer,0.1,1,0.006944591252140456,0.7326456649010316,0.013758766108829326,0.7326456649010316,0.8697289133133407,10,all-mpnet-base-v2
SentenceTransformer,0.1,2,0.005035532022711765,0.7036520769445219,0.009999504778883771,0.7036520769445219,0.8271189296164658,10,all-mpnet-base-v2
SentenceTransformer,0.1,3,0.006968073021770217,0.7267911904098132,0.013803802796765876,0.7267911904098132,0.871208431450784,10,all-mpnet-base-v2
SentenceTransformer,0.1,4,0.006610199181839727,0.7153610259269585,0.013099355497415609,0.7153610259269585,0.8663226937213729,10,all-mpnet-base-v2
SentenceTransformer,0.1,5,0.0062506056788448495,0.719264008921104,0.012393508299567427,0.719264008921104,0.8578095713175927,10,all-mpnet-base-v2
SentenceTransformer,0.15,1,0.007013965548572932,0.7209367159185949,0.013892768883635973,0.7209367159185949,0.873087641343727,10,all-mpnet-base-v2
SentenceTransformer,0.15,2,0.005033547004710347,0.7033732924449401,0.009995562810009033,0.7033732924449401,0.8271189296164658,10,all-mpnet-base-v2
SentenceTransformer,0.15,3,0.006930912726096637,0.7228882074156677,0.013730183104408697,0.7228882074156677,0.871208431450784,10,all-mpnet-base-v2
SentenceTransformer,0.15,4,0.00660315332155887,0.7139671034290493,0.013085286844202824,0.7139671034290493,0.8664398626835228,10,all-mpnet-base-v2
SentenceTransformer,0.15,5,0.0062361600372134495,0.7175913019236131,0.012364864377997843,0.7175913019236131,0.8578095713175927,10,all-mpnet-base-v2
SentenceTransformer,0.2,1,0.008568861861654344,0.6568162810147756,0.01691702329321883,0.6568162810147756,0.9055046186410273,10,all-mpnet-base-v2
SentenceTransformer,0.2,2,0.00714292202739079,0.6576526345135211,0.014132349240962844,0.6576526345135211,0.8863329338726803,10,all-mpnet-base-v2
SentenceTransformer,0.2,3,0.007041890661765969,0.6858098689712852,0.01394063894595169,0.6858098689712852,0.879753445998108,10,all-mpnet-base-v2
SentenceTransformer,0.2,4,0.00722119553523796,0.683022023975467,0.014291297474815234,0.683022023975467,0.8832369693727959,10,all-mpnet-base-v2
SentenceTransformer,0.2,5,0.0075684536801213466,0.671870643992194,0.014968293304017838,0.671870643992194,0.8904515268883703,10,all-mpnet-base-v2
SentenceTransformer,0.25,1,0.011074380165289256,0.6724282129913577,0.021789897329111466,0.6724282129913577,0.9253349455042997,10,all-mpnet-base-v2
SentenceTransformer,0.25,2,0.00801418085584461,0.6264287705603568,0.01582589403623686,0.6264287705603568,0.9035848502611863,10,all-mpnet-base-v2
SentenceTransformer,0.25,3,0.00977463689216673,0.6632283245051576,0.01926534182012536,0.6632283245051576,0.9164543701422979,10,all-mpnet-base-v2
SentenceTransformer,0.25,4,0.0095098286947349,0.660998048508503,0.01874990114982523,0.660998048508503,0.9143938603463834,10,all-mpnet-base-v2
SentenceTransformer,0.25,5,0.009519635271805249,0.6478951770281572,0.01876357412176946,0.6478951770281572,0.9161780871161633,10,all-mpnet-base-v2
SentenceTransformer,0.3,1,0.01390617548185974,0.6665737385001393,0.02724398233869819,0.6665737385001393,0.9412258993324489,10,all-mpnet-base-v2
SentenceTransformer,0.3,2,0.013294753851628448,0.6353498745469752,0.026044523678917537,0.6353498745469752,0.9413662940947883,10,all-mpnet-base-v2
SentenceTransformer,0.3,3,0.011364760907722517,0.6083077780875383,0.022312663612565446,0.6083077780875383,0.9341999214482638,10,all-mpnet-base-v2
SentenceTransformer,0.3,4,0.013412296478606589,0.6320044605519933,0.026267155627393388,0.6320044605519933,0.942193063250787,10,all-mpnet-base-v2
SentenceTransformer,0.3,5,0.013888973905378688,0.6325620295511569,0.027181139715131114,0.6325620295511569,0.9441547767324627,10,all-mpnet-base-v2
SentenceTransformer,0.35,1,0.02047444615654324,0.6186228045720658,0.03963703267063216,0.6186228045720658,0.9631992395803687,10,all-mpnet-base-v2
SentenceTransformer,0.35,2,0.01747849219807402,0.6264287705603568,0.0340080971659919,0.6264287705603568,0.9562138201830817,10,all-mpnet-base-v2
SentenceTransformer,0.35,3,0.021054207846660677,0.5879565096180652,0.040652678855402524,0.5879565096180652,0.9660067881734226,10,all-mpnet-base-v2
SentenceTransformer,0.35,4,0.017113385949831993,0.6105380540841929,0.03329355336470123,0.6105380540841929,0.9563978933159267,10,all-mpnet-base-v2
SentenceTransformer,0.35,5,0.021020416381427938,0.582102035126847,0.04057559828603076,0.582102035126847,0.9662900042742405,10,all-mpnet-base-v2
SentenceTransformer,0.4,1,0.03694899137404062,0.6066350710900474,0.06965540421581651,0.6066350710900474,0.9803391868127374,10,all-mpnet-base-v2
SentenceTransformer,0.4,2,0.03719341275402943,0.5918594926122107,0.06998862643611849,0.5918594926122107,0.9809489507311447,10,all-mpnet-base-v2
SentenceTransformer,0.4,3,0.03537818932112123,0.5879565096180652,0.06674050632911392,0.5879565096180652,0.9800660236702102,10,all-mpnet-base-v2
SentenceTransformer,0.4,4,0.03620581927487039,0.5977139671034291,0.06827590599324884,0.5977139671034291,0.9802154314296382,10,all-mpnet-base-v2
SentenceTransformer,0.4,5,0.036275395433692896,0.570950655143574,0.06821664112983812,0.570950655143574,0.9811389169774706,10,all-mpnet-base-v2
SentenceTransformer,0.45,1,0.06318201000783746,0.5843323111235015,0.11403389461657736,0.5843323111235015,0.9892266952494225,10,all-mpnet-base-v2
SentenceTransformer,0.45,2,0.050505050505050504,0.5812656816281014,0.09293514597726767,0.5812656816281014,0.9864118669279511,10,all-mpnet-base-v2
SentenceTransformer,0.45,3,0.057688602647730715,0.5843323111235015,0.10501002004008016,0.5843323111235015,0.9881316161031752,10,all-mpnet-base-v2
SentenceTransformer,0.45,4,0.05792374311101114,0.5742960691385559,0.10523358279482005,0.5742960691385559,0.9883857132903229,10,all-mpnet-base-v2
SentenceTransformer,0.45,5,0.05949482207293103,0.5653749651519375,0.10766045548654245,0.5653749651519375,0.9888866279362004,10,all-mpnet-base-v2
SentenceTransformer,0.5,1,0.08765359367109914,0.5807081126289378,0.15231618587985815,0.5807081126289378,0.9924842003894309,10,all-mpnet-base-v2
SentenceTransformer,0.5,2,0.08668730650154799,0.5776414831335378,0.15075120957473898,0.5776414831335378,0.9924325489830392,10,all-mpnet-base-v2
SentenceTransformer,0.5,3,0.08612022765983963,0.5779202676331195,0.14990237905850026,0.5779202676331195,0.9923743111556985,10,all-mpnet-base-v2
SentenceTransformer,0.5,4,0.08612870100975527,0.5611931976582102,0.1493378834526503,0.5611931976582102,0.992595822891834,10,all-mpnet-base-v2
SentenceTransformer,0.5,5,0.0886086662153013,0.5837747421243379,0.15386311032734487,0.5837747421243379,0.9925337718734173,10,all-mpnet-base-v2
SentenceTransformer,0.55,1,0.1279615004935834,0.5781990521327014,0.20954786562263197,0.5781990521327014,0.995100396121222,10,all-mpnet-base-v2
SentenceTransformer,0.55,2,0.12901628180523741,0.5809868971285197,0.21114488348530902,0.5809868971285197,0.9951229286139431,10,all-mpnet-base-v2
SentenceTransformer,0.55,3,0.13030341180914012,0.5770839141343741,0.2126020643968572,0.5770839141343741,0.9952106320086885,10,all-mpnet-base-v2
SentenceTransformer,0.55,4,0.1286993285252425,0.5770839141343741,0.21046210157084033,0.5770839141343741,0.9951419945693226,10,all-mpnet-base-v2
SentenceTransformer,0.55,5,0.14429599177800617,0.5871201561193198,0.23165768342316576,0.5871201561193198,0.9956706415139339,10,all-mpnet-base-v2
SentenceTransformer,0.6,1,0.22155202412713143,0.5324783942012824,0.31290956749672344,0.5324783942012824,0.9976736067899761,10,all-mpnet-base-v2
SentenceTransformer,0.6,2,0.2224773275169326,0.5402843601895735,0.31517319889412915,0.5402843601895735,0.9976521142584573,10,all-mpnet-base-v2
SentenceTransformer,0.6,3,0.22487759384471906,0.537775299693337,0.3171393341553638,0.537775299693337,0.9976950993214947,10,all-mpnet-base-v2
SentenceTransformer,0.6,4,0.22115045288789553,0.5241148592138277,0.3110522832561218,0.5241148592138277,0.9977048056260515,10,all-mpnet-base-v2
SentenceTransformer,0.6,5,0.22675974403723095,0.5433509896849735,0.3199802988015104,0.5433509896849735,0.9976961392826972,10,all-mpnet-base-v2
SentenceTransformer,0.65,1,0.35712845331720106,0.493727348759409,0.4144629066229815,0.493727348759409,0.9988948678954617,10,all-mpnet-base-v2
SentenceTransformer,0.65,2,0.35320266720549603,0.48731530526902705,0.4095595126522962,0.48731530526902705,0.9988903613969174,10,all-mpnet-base-v2
SentenceTransformer,0.65,3,0.3628518594616807,0.49233342626149984,0.4177903950792524,0.49233342626149984,0.9989250267703346,10,all-mpnet-base-v2
SentenceTransformer,0.65,4,0.359036632260676,0.49456370225815444,0.4160412757973734,0.49456370225815444,0.9989021476238793,10,all-mpnet-base-v2
SentenceTransformer,0.65,5,0.35757211538461536,0.4976303317535545,0.41613241636554377,0.4976303317535545,0.9988882814745125,10,all-mpnet-base-v2
SentenceTransformer,0.7,1,0.5655021834061136,0.4332311123501533,0.49060773480662984,0.4332311123501533,0.9995860954413994,10,all-mpnet-base-v2
SentenceTransformer,0.7,2,0.558675305975522,0.4326735433509897,0.4876669285153181,0.4326735433509897,0.9995750025219059,10,all-mpnet-base-v2
SentenceTransformer,0.7,3,0.5620253164556962,0.4332311123501533,0.4892947103274559,0.4332311123501533,0.9995802023279184,10,all-mpnet-base-v2
SentenceTransformer,0.7,4,0.5598553345388788,0.4315584053526624,0.48740554156171284,0.4315584053526624,0.9995781224055135,10,all-mpnet-base-v2
SentenceTransformer,0.7,5,0.5616438356164384,0.4343462503484806,0.48986008489231253,0.4343462503484806,0.9995784690592476,10,all-mpnet-base-v2
SentenceTransformer,0.75,1,0.7060439560439561,0.3582380819626429,0.4753097836138339,0.3582380819626429,0.9998145402522183,10,all-mpnet-base-v2
SentenceTransformer,0.75,2,0.7067254685777288,0.3574017284638974,0.47472690242547677,0.3574017284638974,0.9998155802134209,10,all-mpnet-base-v2
SentenceTransformer,0.75,3,0.706953642384106,0.3571229439643156,0.4745323208001482,0.3571229439643156,0.999815926867155,10,all-mpnet-base-v2
SentenceTransformer,0.75,4,0.706953642384106,0.3571229439643156,0.4745323208001482,0.3571229439643156,0.999815926867155,10,all-mpnet-base-v2
SentenceTransformer,0.75,5,0.706953642384106,0.3571229439643156,0.4745323208001482,0.3571229439643156,0.999815926867155,10,all-mpnet-base-v2
SentenceTransformer,0.8,1,0.8516873889875666,0.2673543350989685,0.4069594737958837,0.2673543350989685,0.9999421088263933,10,all-mpnet-base-v2
SentenceTransformer,0.8,2,0.8481349911190054,0.2662391971006412,0.40526204116274134,0.2662391971006412,0.9999407222114567,10,all-mpnet-base-v2
SentenceTransformer,0.8,3,0.8506666666666667,0.26679676609980485,0.4061969439728353,0.26679676609980485,0.9999417621726592,10,all-mpnet-base-v2
SentenceTransformer,0.8,4,0.8506666666666667,0.26679676609980485,0.4061969439728353,0.26679676609980485,0.9999417621726592,10,all-mpnet-base-v2
SentenceTransformer,0.8,5,0.8506666666666667,0.26679676609980485,0.4061969439728353,0.26679676609980485,0.9999417621726592,10,all-mpnet-base-v2
SentenceTransformer,0.85,1,0.9179331306990881,0.16838583774742125,0.2845700824499411,0.16838583774742125,0.9999812806983548,10,all-mpnet-base-v2
SentenceTransformer,0.85,2,0.9179331306990881,0.16838583774742125,0.2845700824499411,0.16838583774742125,0.9999812806983548,10,all-mpnet-base-v2
SentenceTransformer,0.85,3,0.9179331306990881,0.16838583774742125,0.2845700824499411,0.16838583774742125,0.9999812806983548,10,all-mpnet-base-v2
SentenceTransformer,0.85,4,0.9179331306990881,0.16838583774742125,0.2845700824499411,0.16838583774742125,0.9999812806983548,10,all-mpnet-base-v2
SentenceTransformer,0.85,5,0.9179331306990881,0.16838583774742125,0.2845700824499411,0.16838583774742125,0.9999812806983548,10,all-mpnet-base-v2
SentenceTransformer,0.1,1,0.014421782032761196,0.6568162810147756,0.028223850111709425,0.6568162810147756,0.9441859755685381,25,all-mpnet-base-v2
SentenceTransformer,0.1,2,0.013615639248016988,0.6685252299972122,0.026687737885903798,0.6685252299972122,0.9397782733385494,25,all-mpnet-base-v2
SentenceTransformer,0.1,3,0.013855659566560591,0.6651798160022303,0.027145872086739367,0.6651798160022303,0.9411319561704885,25,all-mpnet-base-v2
SentenceTransformer,0.1,4,0.013269141706247913,0.6869250069696125,0.026035365409100755,0.6869250069696125,0.9364826362877823,25,all-mpnet-base-v2
SentenceTransformer,0.1,5,0.014096776282100331,0.6676888764984666,0.027610615388162597,0.6676888764984666,0.9419348062188293,25,all-mpnet-base-v2
SentenceTransformer,0.15,1,0.014421782032761196,0.6568162810147756,0.028223850111709425,0.6568162810147756,0.9441859755685381,25,all-mpnet-base-v2
SentenceTransformer,0.15,2,0.013615639248016988,0.6685252299972122,0.026687737885903798,0.6685252299972122,0.9397782733385494,25,all-mpnet-base-v2
SentenceTransformer,0.15,3,0.013855659566560591,0.6651798160022303,0.027145872086739367,0.6651798160022303,0.9411319561704885,25,all-mpnet-base-v2
SentenceTransformer,0.15,4,0.013269141706247913,0.6869250069696125,0.026035365409100755,0.6869250069696125,0.9364826362877823,25,all-mpnet-base-v2
SentenceTransformer,0.15,5,0.014096776282100331,0.6676888764984666,0.027610615388162597,0.6676888764984666,0.9419348062188293,25,all-mpnet-base-v2
SentenceTransformer,0.2,1,0.014859986462433252,0.660998048508503,0.0290665244601362,0.660998048508503,0.9455112327942752,25,all-mpnet-base-v2
SentenceTransformer,0.2,2,0.013615269120524137,0.6674100919988849,0.02668613691972422,0.6674100919988849,0.9398770696527882,25,all-mpnet-base-v2
SentenceTransformer,0.2,3,0.013815571699855398,0.6632283245051576,0.02706730988030765,0.6632283245051576,0.9411319561704885,25,all-mpnet-base-v2
SentenceTransformer,0.2,4,0.013650893900864816,0.6869250069696125,0.02676980574507844,0.6869250069696125,0.938282809129334,25,all-mpnet-base-v2
SentenceTransformer,0.2,5,0.012249338858463653,0.6559799275160301,0.024049591422687155,0.6559799275160301,0.9342262671320608,25,all-mpnet-base-v2
SentenceTransformer,0.25,1,0.015925565003804515,0.6651798160022303,0.031106388803785957,0.6651798160022303,0.9488907600487118,25,all-mpnet-base-v2
SentenceTransformer,0.25,2,0.014457189244793119,0.6504042375243937,0.02828564500484966,0.6504042375243937,0.9448681901173873,25,all-mpnet-base-v2
SentenceTransformer,0.25,3,0.01581881012675416,0.6495678840256481,0.030885471898197243,0.6495678840256481,0.9497480347333176,25,all-mpnet-base-v2
SentenceTransformer,0.25,4,0.015090623058313393,0.6364650125453025,0.029482220916492868,0.6364650125453025,0.9483475536472653,25,all-mpnet-base-v2
SentenceTransformer,0.25,5,0.013219588814733068,0.6311681070532479,0.025896778916544655,0.6311681070532479,0.9414165588862432,25,all-mpnet-base-v2
SentenceTransformer,0.3,1,0.019160847738284022,0.6097017005854475,0.03715406961928546,0.6097017005854475,0.9611914211520483,25,all-mpnet-base-v2
SentenceTransformer,0.3,2,0.018831163401316176,0.627822693058266,0.036565564720400075,0.627822693058266,0.9593246907935354,25,all-mpnet-base-v2
SentenceTransformer,0.3,3,0.01727870334393263,0.6074714245887929,0.03360165309647175,0.6074714245887929,0.9570392027241437,25,all-mpnet-base-v2
SentenceTransformer,0.3,4,0.017358911136726236,0.6339559520490661,0.0337925192813517,0.6339559520490661,0.9553769980687921,25,all-mpnet-base-v2
SentenceTransformer,0.3,5,0.019806905700703835,0.59938667410092,0.03834663575154947,0.59938667410092,0.9631167359916359,25,all-mpnet-base-v2
SentenceTransformer,0.35,1,0.025570201508105777,0.6116531920825202,0.0490882649065891,0.6116531920825202,0.971016627939667,25,all-mpnet-base-v2
SentenceTransformer,0.35,2,0.023590110017127786,0.6258712015611932,0.045466512748850677,0.6258712015611932,0.9677882417133291,25,all-mpnet-base-v2
SentenceTransformer,0.35,3,0.022100046308612415,0.6253136325620295,0.042691282832127905,0.6253136325620295,0.9655946168834928,25,all-mpnet-base-v2
SentenceTransformer,0.35,4,0.023611082458275742,0.6381377195427934,0.04553728626421175,0.6381377195427934,0.9671867974845418,25,all-mpnet-base-v2
SentenceTransformer,0.35,5,0.026161064605139072,0.6264287705603568,0.05022463622342922,0.6264287705603568,0.971004495058971,25,all-mpnet-base-v2
SentenceTransformer,0.4,1,0.040697458037143176,0.6097017005854475,0.07630178805058875,0.6097017005854475,0.9821296533497323,25,all-mpnet-base-v2
SentenceTransformer,0.4,2,0.03267380933760851,0.5823808196264287,0.06187612926157401,0.5823808196264287,0.9785608531564383,25,all-mpnet-base-v2
SentenceTransformer,0.4,3,0.03550265890098759,0.5862838026205743,0.06695106809716342,0.5862838026205743,0.980194978859322,25,all-mpnet-base-v2
SentenceTransformer,0.4,4,0.03761669412410763,0.6110956230833565,0.0708708514524968,0.6110956230833565,0.9805596585876702,25,all-mpnet-base-v2
SentenceTransformer,0.4,5,0.0361959673612516,0.5985503206021745,0.0682638347932531,0.5985503206021745,0.9801821526711577,25,all-mpnet-base-v2
SentenceTransformer,0.45,1,0.05654959134084383,0.570950655143574,0.10290681606914051,0.570950655143574,0.9881555352108331,25,all-mpnet-base-v2
SentenceTransformer,0.45,2,0.056074270557029175,0.5893504321159744,0.10240511541163078,0.5893504321159744,0.9876639802157781,25,all-mpnet-base-v2
SentenceTransformer,0.45,3,0.05401261718651821,0.5991078896013382,0.09909162170885784,0.5991078896013382,0.9869526467532584,25,all-mpnet-base-v2
SentenceTransformer,0.45,4,0.06213668263004126,0.5751324226373014,0.1121561378710449,0.5751324226373014,0.9892058960253722,25,all-mpnet-base-v2
SentenceTransformer,0.45,5,0.06420144498978753,0.5871201561193198,0.11574608408903544,0.5871201561193198,0.9893587703221418,25,all-mpnet-base-v2
SentenceTransformer,0.5,1,0.08196911196911197,0.5918594926122107,0.14399565910401194,0.5918594926122107,0.9917576141626077,25,all-mpnet-base-v2
SentenceTransformer,0.5,2,0.07788209943050639,0.5642598271536102,0.13687235841081996,0.5642598271536102,0.9916927899143176,25,all-mpnet-base-v2
SentenceTransformer,0.5,3,0.0896484457826216,0.5893504321159744,0.15562426383981154,0.5893504321159744,0.9925583842885435,25,all-mpnet-base-v2
SentenceTransformer,0.5,4,0.08601395532540483,0.5464176191803736,0.1486312277242739,0.5464176191803736,0.9927802426784131,25,all-mpnet-base-v2
SentenceTransformer,0.5,5,0.08949501111062699,0.5726233621410649,0.15479689501846408,0.5726233621410649,0.9927559769170211,25,all-mpnet-base-v2
SentenceTransformer,0.55,1,0.13597033374536466,0.5826596041260106,0.22048739318493513,0.5826596041260106,0.9953960917564703,25,all-mpnet-base-v2
SentenceTransformer,0.55,2,0.14464842396951852,0.582102035126847,0.23171679058927977,0.582102035126847,0.9957198663441863,25,all-mpnet-base-v2
SentenceTransformer,0.55,3,0.13637571409592136,0.5723445776414832,0.2202671530497291,0.5723445776414832,0.9954931548020381,25,all-mpnet-base-v2
SentenceTransformer,0.55,4,0.13211678832116788,0.5550599386674101,0.21343195583427133,0.5550599386674101,0.9954661158107728,25,all-mpnet-base-v2
SentenceTransformer,0.55,5,0.1511627906976744,0.5762475606356287,0.23949944962632524,0.5762475606356287,0.9959763901074731,25,all-mpnet-base-v2
SentenceTransformer,0.6,1,0.22507022471910113,0.5361025926958461,0.3170389910147556,0.5361025926958461,0.9977048056260515,25,all-mpnet-base-v2
SentenceTransformer,0.6,2,0.2281253640918094,0.54586005018121,0.32177485620377977,0.54586005018121,0.9977034190111148,25,all-mpnet-base-v2
SentenceTransformer,0.6,3,0.22721437740693196,0.5427934206858098,0.3203356367226061,0.5427934206858098,0.9977044589723173,25,all-mpnet-base-v2
SentenceTransformer,0.6,4,0.22786347625409936,0.5229997212155004,0.3174280879864636,0.5229997212155004,0.9977963222118726,25,all-mpnet-base-v2
SentenceTransformer,0.6,5,0.2317273795534665,0.5497630331753555,0.3260312474167149,0.5497630331753555,0.9977335778859877,25,all-mpnet-base-v2
SentenceTransformer,0.65,1,0.36703431372549017,0.5009757457485364,0.42367087115407287,0.5009757457485364,0.998925720077803,25,all-mpnet-base-v2
SentenceTransformer,0.65,2,0.3581696699736789,0.49316977976024534,0.41496598639455784,0.49316977976024534,0.9989011076626768,25,all-mpnet-base-v2
SentenceTransformer,0.65,3,0.3614630159378831,0.49316977976024534,0.41716778681759226,0.49316977976024534,0.9989167070807146,25,all-mpnet-base-v2
SentenceTransformer,0.65,4,0.3558172021552584,0.49707276275439083,0.4147476157245871,0.49707276275439083,0.9988810017460948,25,all-mpnet-base-v2
SentenceTransformer,0.65,5,0.3695961031053379,0.5076665737385001,0.4277660324171952,0.5076665737385001,0.9989232935016638,25,all-mpnet-base-v2
SentenceTransformer,0.7,1,0.5659620991253644,0.43295232785057153,0.4906018006634023,0.43295232785057153,0.9995871354026019,25,all-mpnet-base-v2
SentenceTransformer,0.7,2,0.5605511240029006,0.43100083635349873,0.48731284475965325,0.43100083635349873,0.9995798556741843,25,all-mpnet-base-v2
SentenceTransformer,0.7,3,0.5606225117625769,0.43183718985224423,0.4878740157480315,0.43183718985224423,0.999579162366716,25,all-mpnet-base-v2
SentenceTransformer,0.7,4,0.5628851032982964,0.43295232785057153,0.489442168294989,0.43295232785057153,0.9995819355965894,25,all-mpnet-base-v2
SentenceTransformer,0.7,5,0.5628828828828829,0.4354613883468079,0.49104055328513047,0.4354613883468079,0.9995795090204501,25,all-mpnet-base-v2
SentenceTransformer,0.75,1,0.7057205720572057,0.35768051296347925,0.474745605920444,0.35768051296347925,0.9998145402522183,25,all-mpnet-base-v2
SentenceTransformer,0.75,2,0.7065637065637066,0.3571229439643156,0.47444444444444445,0.3571229439643156,0.9998155802134209,25,all-mpnet-base-v2
SentenceTransformer,0.75,3,0.7065337763012182,0.35572902146640645,0.4732060077878732,0.35572902146640645,0.9998162735208892,25,all-mpnet-base-v2
SentenceTransformer,0.75,4,0.7063053097345132,0.3560078059659883,0.47340129749768306,0.3560078059659883,0.999815926867155,25,all-mpnet-base-v2
SentenceTransformer,0.75,5,0.7075991189427313,0.3582380819626429,0.4756616694429021,0.3582380819626429,0.999815926867155,25,all-mpnet-base-v2
SentenceTransformer,0.8,1,0.8511586452762924,0.2662391971006412,0.4056062858356339,0.2662391971006412,0.9999421088263933,25,all-mpnet-base-v2
SentenceTransformer,0.8,2,0.8481349911190054,0.2662391971006412,0.40526204116274134,0.2662391971006412,0.9999407222114567,25,all-mpnet-base-v2
SentenceTransformer,0.8,3,0.8506666666666667,0.26679676609980485,0.4061969439728353,0.26679676609980485,0.9999417621726592,25,all-mpnet-base-v2
SentenceTransformer,0.8,4,0.849644128113879,0.2662391971006412,0.405434090426661,0.2662391971006412,0.999941415518925,25,all-mpnet-base-v2
SentenceTransformer,0.8,5,0.8506666666666667,0.26679676609980485,0.4061969439728353,0.26679676609980485,0.9999417621726592,25,all-mpnet-base-v2
SentenceTransformer,0.85,1,0.9179331306990881,0.16838583774742125,0.2845700824499411,0.16838583774742125,0.9999812806983548,25,all-mpnet-base-v2
SentenceTransformer,0.85,2,0.9179331306990881,0.16838583774742125,0.2845700824499411,0.16838583774742125,0.9999812806983548,25,all-mpnet-base-v2
SentenceTransformer,0.85,3,0.9179331306990881,0.16838583774742125,0.2845700824499411,0.16838583774742125,0.9999812806983548,25,all-mpnet-base-v2
SentenceTransformer,0.85,4,0.9179331306990881,0.16838583774742125,0.2845700824499411,0.16838583774742125,0.9999812806983548,25,all-mpnet-base-v2
SentenceTransformer,0.85,5,0.9179331306990881,0.16838583774742125,0.2845700824499411,0.16838583774742125,0.9999812806983548,25,all-mpnet-base-v2
SentenceTransformer,0.1,1,0.022746241737578787,0.660998048508503,0.043979077014393825,0.660998048508503,0.9646877707149005,50,all-mpnet-base-v2
SentenceTransformer,0.1,2,0.027092190320889872,0.6484527460273208,0.052011359316652135,0.6484527460273208,0.9710443602384007,50,all-mpnet-base-v2
SentenceTransformer,0.1,3,0.02341564038151257,0.6392528575411207,0.0451764798597224,0.6392528575411207,0.9668484634399906,50,all-mpnet-base-v2
SentenceTransformer,0.1,4,0.025065755692713954,0.6668525229997212,0.048315423769895775,0.6668525229997212,0.9677483765338994,50,all-mpnet-base-v2
SentenceTransformer,0.1,5,0.022615477498342192,0.6370225815444661,0.04368022633430188,0.6370225815444661,0.9657672504431102,50,all-mpnet-base-v2
SentenceTransformer,0.15,1,0.022746241737578787,0.660998048508503,0.043979077014393825,0.660998048508503,0.9646877707149005,50,all-mpnet-base-v2
SentenceTransformer,0.15,2,0.027092190320889872,0.6484527460273208,0.052011359316652135,0.6484527460273208,0.9710443602384007,50,all-mpnet-base-v2
SentenceTransformer,0.15,3,0.02341564038151257,0.6392528575411207,0.0451764798597224,0.6392528575411207,0.9668484634399906,50,all-mpnet-base-v2
SentenceTransformer,0.15,4,0.025065755692713954,0.6668525229997212,0.048315423769895775,0.6668525229997212,0.9677483765338994,50,all-mpnet-base-v2
SentenceTransformer,0.15,5,0.022615477498342192,0.6370225815444661,0.04368022633430188,0.6370225815444661,0.9657672504431102,50,all-mpnet-base-v2
SentenceTransformer,0.2,1,0.022962589373127243,0.6473376080289935,0.044351911983802575,0.6473376080289935,0.9657509577176041,50,all-mpnet-base-v2
SentenceTransformer,0.2,2,0.027046860257888668,0.6473376080289935,0.051924238019633716,0.6473376080289935,0.9710443602384007,50,all-mpnet-base-v2
SentenceTransformer,0.2,3,0.02341564038151257,0.6392528575411207,0.0451764798597224,0.6392528575411207,0.9668484634399906,50,all-mpnet-base-v2
SentenceTransformer,0.2,4,0.024521009101866092,0.6579314190131029,0.04727990303613106,0.6579314190131029,0.9674547608210563,50,all-mpnet-base-v2
SentenceTransformer,0.2,5,0.021334508999597462,0.6205742960691386,0.041250868658790824,0.6205742960691386,0.9646024938962944,50,all-mpnet-base-v2
SentenceTransformer,0.25,1,0.02458548346163607,0.6481739615277391,0.04737405124547909,0.6481739615277391,0.9680236195988315,50,all-mpnet-base-v2
SentenceTransformer,0.25,2,0.02726328234156128,0.6364650125453025,0.052286833245539704,0.6364650125453025,0.9717629734293379,50,all-mpnet-base-v2
SentenceTransformer,0.25,3,0.024921461319005807,0.6258712015611932,0.047934237215757444,0.6258712015611932,0.9695506292978563,50,all-mpnet-base-v2
SentenceTransformer,0.25,4,0.025613428568322407,0.6568162810147756,0.04930417495029821,0.6568162810147756,0.9689304657674238,50,all-mpnet-base-v2
SentenceTransformer,0.25,5,0.021382463690156,0.6205742960691386,0.0413405019918099,0.6205742960691386,0.9646836108700905,50,all-mpnet-base-v2
SentenceTransformer,0.3,1,0.027149269190931063,0.6576526345135211,0.05214584922134907,0.6576526345135211,0.970697013196761,50,all-mpnet-base-v2
SentenceTransformer,0.3,2,0.027831484058470746,0.6300529690549206,0.05330817313362425,0.6300529690549206,0.9726341142633106,50,all-mpnet-base-v2
SentenceTransformer,0.3,3,0.02649170295398376,0.6275439085586841,0.05083731382047721,0.6275439085586841,0.9713251497630795,50,all-mpnet-base-v2
SentenceTransformer,0.3,4,0.029302407932011332,0.6459436855310845,0.056061650878912156,0.6459436855310845,0.9733925926336775,50,all-mpnet-base-v2
SentenceTransformer,0.3,5,0.02424683736903882,0.6219682185670476,0.04667412839046434,0.6219682185670476,0.9688770810923614,50,all-mpnet-base-v2
SentenceTransformer,0.35,1,0.029736732584209325,0.6175076665737385,0.05674104055127187,0.6175076665737385,0.9749466413239677,50,all-mpnet-base-v2
SentenceTransformer,0.35,2,0.031265879961605784,0.6175076665737385,0.059518211497897384,0.6175076665737385,0.976209500877554,50,all-mpnet-base-v2
SentenceTransformer,0.35,3,0.03077421901432277,0.6085865625871202,0.058585939911168367,0.6085865625871202,0.9761665158145166,50,all-mpnet-base-v2
SentenceTransformer,0.35,4,0.033702068253895996,0.6191803735712295,0.06392470642413078,0.6191803735712295,0.977925090207968,50,all-mpnet-base-v2
SentenceTransformer,0.35,5,0.029429853832162158,0.6269863395595205,0.05622078344124191,0.6269863395595205,0.9742886925365104,50,all-mpnet-base-v2
SentenceTransformer,0.4,1,0.03847436505011145,0.6110956230833565,0.07239101717305152,0.6110956230833565,0.9810099617883589,50,all-mpnet-base-v2
SentenceTransformer,0.4,2,0.04439995289129667,0.6306105380540842,0.0829589422918233,0.6306105380540842,0.9831235096056017,50,all-mpnet-base-v2
SentenceTransformer,0.4,3,0.04257934508816121,0.5890716476163925,0.07941817635119898,0.5890716476163925,0.9835297877820505,50,all-mpnet-base-v2
SentenceTransformer,0.4,4,0.049434029006013444,0.6233621410649568,0.09160367889551199,0.6233621410649568,0.9850952760455683,50,all-mpnet-base-v2
SentenceTransformer,0.4,5,0.0385030198446937,0.5971563981042654,0.07234164710650298,0.5971563981042654,0.9814574917591741,50,all-mpnet-base-v2
SentenceTransformer,0.45,1,0.05654786402173018,0.5745748536381378,0.10296248189039317,0.5745748536381378,0.9880799646967837,50,all-mpnet-base-v2
SentenceTransformer,0.45,2,0.056037863421230565,0.5776414831335378,0.10216458754499284,0.5776414831335378,0.9879007447162171,50,all-mpnet-base-v2
SentenceTransformer,0.45,3,0.0639921605891436,0.6007805965988291,0.11566433191101093,0.6007805965988291,0.9890731276451846,50,all-mpnet-base-v2
SentenceTransformer,0.45,4,0.06257299696332633,0.5974351826038472,0.11328135324435047,0.5974351826038472,0.9888706818644286,50,all-mpnet-base-v2
SentenceTransformer,0.45,5,0.06483625537545484,0.601059381098411,0.11704668838219327,0.601059381098411,0.9892201088284733,50,all-mpnet-base-v2
SentenceTransformer,0.5,1,0.09612696695071915,0.5943685531084472,0.16548940464177597,0.5943685531084472,0.9930506325910669,50,all-mpnet-base-v2
SentenceTransformer,0.5,2,0.0885037297060114,0.5623083356565375,0.15293627023543238,0.5623083356565375,0.9927989619800583,50,all-mpnet-base-v2
SentenceTransformer,0.5,3,0.09039843239712606,0.5787566211318651,0.15637240132570052,0.5787566211318651,0.9927587501468945,50,all-mpnet-base-v2
SentenceTransformer,0.5,4,0.08130533169240542,0.570950655143574,0.14234083958854601,0.570950655143574,0.9919780859375407,50,all-mpnet-base-v2
SentenceTransformer,0.5,5,0.0964819009754519,0.5818232506272651,0.16551669442461733,0.5818232506272651,0.993224999419355,50,all-mpnet-base-v2
SentenceTransformer,0.55,1,0.1341533363074374,0.5868413716197379,0.21838364975619878,0.5868413716197379,0.995290362367548,50,all-mpnet-base-v2
SentenceTransformer,0.55,2,0.13749668522938213,0.5781990521327014,0.2221627122275186,0.5781990521327014,0.9954900349184307,50,all-mpnet-base-v2
SentenceTransformer,0.55,3,0.14366334564202607,0.5748536381377195,0.22987736900780378,0.5748536381377195,0.9957392789532998,50,all-mpnet-base-v2
SentenceTransformer,0.55,4,0.14173504453327723,0.5634234736548648,0.22649333183906759,0.5634234736548648,0.9957576516012109,50,all-mpnet-base-v2
SentenceTransformer,0.55,5,0.1541322621438667,0.5776414831335378,0.24333529066353493,0.5776414831335378,0.9960582003887375,50,all-mpnet-base-v2
SentenceTransformer,0.6,1,0.22457082798084782,0.5361025926958461,0.3165432098765432,0.5361025926958461,0.9976982192051022,50,all-mpnet-base-v2
SentenceTransformer,0.6,2,0.22272317403065825,0.5508781711736828,0.3172004173689702,0.5508781711736828,0.9976094758491543,50,all-mpnet-base-v2
SentenceTransformer,0.6,3,0.2324582338902148,0.5430722051853917,0.3255619620623381,0.5430722051853917,0.9977703231818098,50,all-mpnet-base-v2
SentenceTransformer,0.6,4,0.24408037885575323,0.531642040702537,0.33456140350877195,0.531642040702537,0.997952663045984,50,all-mpnet-base-v2
SentenceTransformer,0.6,5,0.23634190077704723,0.5511569556732646,0.33082329317269077,0.5511569556732646,0.9977855759461134,50,all-mpnet-base-v2
SentenceTransformer,0.65,1,0.38107202680067004,0.5073877892389184,0.4352505081908406,0.5073877892389184,0.9989752915617894,50,all-mpnet-base-v2
SentenceTransformer,0.65,2,0.34919702311006656,0.49707276275439083,0.41021511561026114,0.49707276275439083,0.9988480696413485,50,all-mpnet-base-v2
SentenceTransformer,0.65,3,0.3607157381049207,0.49456370225815444,0.4171663727219283,0.49456370225815444,0.9989101206597653,50,all-mpnet-base-v2
SentenceTransformer,0.65,4,0.3601447818218379,0.4993030387510454,0.41845794392523367,0.4993030387510454,0.9988969478178668,50,all-mpnet-base-v2
SentenceTransformer,0.65,5,0.3674969375255206,0.5018120992472819,0.4242781378903948,0.5018120992472819,0.9989260667315372,50,all-mpnet-base-v2
SentenceTransformer,0.7,1,0.5675090252707581,0.43824923334262617,0.49457291175082585,0.43824923334262617,0.9995847088264627,50,all-mpnet-base-v2
SentenceTransformer,0.7,2,0.5627266134880348,0.4326735433509897,0.489204097714736,0.4326735433509897,0.9995819355965894,50,all-mpnet-base-v2
SentenceTransformer,0.7,3,0.5616636528028933,0.43295232785057153,0.48897984886649876,0.43295232785057153,0.9995798556741843,50,all-mpnet-base-v2
SentenceTransformer,0.7,4,0.5688905003625816,0.43741287984388066,0.4945626477541371,0.43741287984388066,0.9995878287100702,50,all-mpnet-base-v2
SentenceTransformer,0.7,5,0.5579446064139941,0.4268190688597714,0.4836518717422208,0.4268190688597714,0.9995795090204501,50,all-mpnet-base-v2
SentenceTransformer,0.75,1,0.7082872928176795,0.3574017284638974,0.4750787474522883,0.3574017284638974,0.9998169668283575,50,all-mpnet-base-v2
SentenceTransformer,0.75,2,0.7077348066298342,0.3571229439643156,0.47470817120622566,0.3571229439643156,0.9998166201746234,50,all-mpnet-base-v2
SentenceTransformer,0.75,3,0.7065337763012182,0.35572902146640645,0.4732060077878732,0.35572902146640645,0.9998162735208892,50,all-mpnet-base-v2
SentenceTransformer,0.75,4,0.7082405345211581,0.35461388346807915,0.472598922533903,0.35461388346807915,0.9998183534432942,50,all-mpnet-base-v2
SentenceTransformer,0.75,5,0.7054908485856906,0.35461388346807915,0.47198515769944344,0.35461388346807915,0.999815926867155,50,all-mpnet-base-v2
SentenceTransformer,0.8,1,0.8512911843276937,0.26651798160022305,0.4059447983014862,0.26651798160022305,0.9999421088263933,50,all-mpnet-base-v2
SentenceTransformer,0.8,2,0.8481349911190054,0.2662391971006412,0.40526204116274134,0.2662391971006412,0.9999407222114567,50,all-mpnet-base-v2
SentenceTransformer,0.8,3,0.8513274336283185,0.26819068859771394,0.4078863684545262,0.26819068859771394,0.9999417621726592,50,all-mpnet-base-v2
SentenceTransformer,0.8,4,0.849644128113879,0.2662391971006412,0.405434090426661,0.2662391971006412,0.999941415518925,50,all-mpnet-base-v2
SentenceTransformer,0.8,5,0.8504007123775601,0.2662391971006412,0.40552016985138006,0.2662391971006412,0.9999417621726592,50,all-mpnet-base-v2
SentenceTransformer,0.85,1,0.9179331306990881,0.16838583774742125,0.2845700824499411,0.16838583774742125,0.9999812806983548,50,all-mpnet-base-v2
SentenceTransformer,0.85,2,0.9179331306990881,0.16838583774742125,0.2845700824499411,0.16838583774742125,0.9999812806983548,50,all-mpnet-base-v2
SentenceTransformer,0.85,3,0.9179331306990881,0.16838583774742125,0.2845700824499411,0.16838583774742125,0.9999812806983548,50,all-mpnet-base-v2
SentenceTransformer,0.85,4,0.9179331306990881,0.16838583774742125,0.2845700824499411,0.16838583774742125,0.9999812806983548,50,all-mpnet-base-v2
SentenceTransformer,0.85,5,0.9179331306990881,0.16838583774742125,0.2845700824499411,0.16838583774742125,0.9999812806983548,50,all-mpnet-base-v2
SentenceTransformer,0.1,1,0.04291254109171079,0.6077502090883747,0.08016474222254909,0.6077502090883747,0.9831453487908545,100,all-mpnet-base-v2
SentenceTransformer,0.1,2,0.0446128635804998,0.607192640089211,0.0831186673535978,0.607192640089211,0.9838313765307796,100,all-mpnet-base-v2
SentenceTransformer,0.1,3,0.0416574504165745,0.6300529690549206,0.07814796244748354,0.6300529690549206,0.9819767790529628,100,all-mpnet-base-v2
SentenceTransformer,0.1,4,0.04845084266786804,0.6596041260105938,0.09027088897367418,0.6596041260105938,0.9838920409342595,100,all-mpnet-base-v2
SentenceTransformer,0.1,5,0.043973069125129105,0.6409255645386116,0.08229966528844261,0.6409255645386116,0.9826732064049131,100,all-mpnet-base-v2
SentenceTransformer,0.15,1,0.04291254109171079,0.6077502090883747,0.08016474222254909,0.6077502090883747,0.9831453487908545,100,all-mpnet-base-v2
SentenceTransformer,0.15,2,0.0446128635804998,0.607192640089211,0.0831186673535978,0.607192640089211,0.9838313765307796,100,all-mpnet-base-v2
SentenceTransformer,0.15,3,0.0416574504165745,0.6300529690549206,0.07814796244748354,0.6300529690549206,0.9819767790529628,100,all-mpnet-base-v2
SentenceTransformer,0.15,4,0.04845084266786804,0.6596041260105938,0.09027088897367418,0.6596041260105938,0.9838920409342595,100,all-mpnet-base-v2
SentenceTransformer,0.15,5,0.043973069125129105,0.6409255645386116,0.08229966528844261,0.6409255645386116,0.9826732064049131,100,all-mpnet-base-v2
SentenceTransformer,0.2,1,0.04291254109171079,0.6077502090883747,0.08016474222254909,0.6077502090883747,0.9831453487908545,100,all-mpnet-base-v2
SentenceTransformer,0.2,2,0.0446128635804998,0.607192640089211,0.0831186673535978,0.607192640089211,0.9838313765307796,100,all-mpnet-base-v2
SentenceTransformer,0.2,3,0.0416574504165745,0.6300529690549206,0.07814796244748354,0.6300529690549206,0.9819767790529628,100,all-mpnet-base-v2
SentenceTransformer,0.2,4,0.04845084266786804,0.6596041260105938,0.09027088897367418,0.6596041260105938,0.9838920409342595,100,all-mpnet-base-v2
SentenceTransformer,0.2,5,0.043973069125129105,0.6409255645386116,0.08229966528844261,0.6409255645386116,0.9826732064049131,100,all-mpnet-base-v2
SentenceTransformer,0.25,1,0.04293108898372056,0.6057987175913019,0.08018006383410513,0.6057987175913019,0.9832070531555369,100,all-mpnet-base-v2
SentenceTransformer,0.25,2,0.044669592682226505,0.607192640089211,0.08321711720317126,0.607192640089211,0.9838528690622982,100,all-mpnet-base-v2
SentenceTransformer,0.25,3,0.04163978544174301,0.6297741845553387,0.07811473425775442,0.6297741845553387,0.9819767790529628,100,all-mpnet-base-v2
SentenceTransformer,0.25,4,0.04839238173254147,0.6587677725118484,0.09016158879752752,0.6587677725118484,0.9838920409342595,100,all-mpnet-base-v2
SentenceTransformer,0.25,5,0.04394301558466392,0.6406467800390299,0.08224472996671559,0.6406467800390299,0.9826683532526347,100,all-mpnet-base-v2
SentenceTransformer,0.3,1,0.04252127050555698,0.6005018120992472,0.07941892190841383,0.6005018120992472,0.9831862539314866,100,all-mpnet-base-v2
SentenceTransformer,0.3,2,0.043515637792696904,0.5926958461109563,0.08107850428083824,0.5926958461109563,0.9838008710021725,100,all-mpnet-base-v2
SentenceTransformer,0.3,3,0.041397373330067266,0.6124895455812657,0.07755303752338592,0.6124895455812657,0.9823643379277663,100,all-mpnet-base-v2
SentenceTransformer,0.3,4,0.0502184341271201,0.6537496515193755,0.09327208002704691,0.6537496515193755,0.9846255602357661,100,all-mpnet-base-v2
SentenceTransformer,0.3,5,0.04491265344664778,0.6364650125453025,0.08390451864238593,0.6364650125453025,0.9831703078597148,100,all-mpnet-base-v2
SentenceTransformer,0.35,1,0.04921304485871093,0.6049623640925564,0.0910215809232189,0.6049623640925564,0.9854668888486,100,all-mpnet-base-v2
SentenceTransformer,0.35,2,0.04642954113494434,0.5720657931419013,0.08588828662913589,0.5720657931419013,0.9853906250270823,100,all-mpnet-base-v2
SentenceTransformer,0.35,3,0.045509506337558375,0.6085865625871202,0.08468625739501504,0.6085865625871202,0.9841284587809644,100,all-mpnet-base-v2
SentenceTransformer,0.35,4,0.05606841906678405,0.621410649567884,0.10285635180656176,0.621410649567884,0.9869914719714856,100,all-mpnet-base-v2
SentenceTransformer,0.35,5,0.04979344291113651,0.6317256760524115,0.09231082594968938,0.6317256760524115,0.9850099992269622,100,all-mpnet-base-v2
SentenceTransformer,0.4,1,0.0524537607891492,0.592974630610538,0.09638172055191789,0.592974630610538,0.9866805235719339,100,all-mpnet-base-v2
SentenceTransformer,0.4,2,0.0556905788579642,0.5940897686088653,0.10183503775207875,0.5940897686088653,0.9874740139694522,100,all-mpnet-base-v2
SentenceTransformer,0.4,3,0.053474767580163604,0.6141622525787567,0.09838335119685603,0.6141622525787567,0.9864825842897221,100,all-mpnet-base-v2
SentenceTransformer,0.4,4,0.06287714903791415,0.6158349595762476,0.1141041865750665,0.6158349595762476,0.9885871191098764,100,all-mpnet-base-v2
SentenceTransformer,0.4,5,0.052927434661994455,0.6063562865904656,0.09735681833441508,0.6063562865904656,0.986508583319785,100,all-mpnet-base-v2
SentenceTransformer,0.45,1,0.07190412782956059,0.5871201561193198,0.12811777588514417,0.5871201561193198,0.99057691154402,100,all-mpnet-base-v2
SentenceTransformer,0.45,2,0.06564429265729672,0.5572902146640647,0.1174535092100238,0.5572902146640647,0.9901366613016224,100,all-mpnet-base-v2
SentenceTransformer,0.45,3,0.06682056017236072,0.6052411485921383,0.12035368794522826,0.6052411485921383,0.9894898054336586,100,all-mpnet-base-v2
SentenceTransformer,0.45,4,0.07423443555990084,0.5926958461109563,0.13194315149258362,0.5926958461109563,0.9908091695459148,100,all-mpnet-base-v2
SentenceTransformer,0.45,5,0.07202179693398549,0.6116531920825202,0.12886930983847283,0.6116531920825202,0.9902004455887099,100,all-mpnet-base-v2
SentenceTransformer,0.5,1,0.10107705053852527,0.5781990521327014,0.17207334273624825,0.5781990521327014,0.9936059718732093,100,all-mpnet-base-v2
SentenceTransformer,0.5,2,0.09711906901934812,0.5723445776414832,0.16606001779503357,0.5723445776414832,0.9933837668296055,100,all-mpnet-base-v2
SentenceTransformer,0.5,3,0.09597365247240004,0.5768051296347924,0.16456551998409227,0.5768051296347924,0.9932440653747344,100,all-mpnet-base-v2
SentenceTransformer,0.5,4,0.09964515200920687,0.5793141901310287,0.17004214230186981,0.5793141901310287,0.9934912294871986,100,all-mpnet-base-v2
SentenceTransformer,0.5,5,0.09794227685729556,0.6130471145804294,0.16890049541073004,0.6130471145804294,0.9929792219218275,100,all-mpnet-base-v2
SentenceTransformer,0.55,1,0.13808297180043383,0.567884025648174,0.2221495174218878,0.567884025648174,0.9955922977700112,100,all-mpnet-base-v2
SentenceTransformer,0.55,2,0.15296581644102028,0.5701143016448286,0.24121255012974757,0.5701143016448286,0.9960744931142436,100,all-mpnet-base-v2
SentenceTransformer,0.55,3,0.15078130785751315,0.5676052411485921,0.2382679929783499,0.5676052411485921,0.996024921630257,100,all-mpnet-base-v2
SentenceTransformer,0.55,4,0.1405450269746853,0.5664901031502648,0.22521474092546412,0.5664901031502648,0.9956924806991867,100,all-mpnet-base-v2
SentenceTransformer,0.55,5,0.15046006624953992,0.5698355171452467,0.2380619613324016,0.5698355171452467,0.9959992692539283,100,all-mpnet-base-v2
SentenceTransformer,0.6,1,0.23514338010982305,0.5372177306941734,0.32710914955016124,0.5372177306941734,0.997827174394214,100,all-mpnet-base-v2
SentenceTransformer,0.6,2,0.23023727196852273,0.5383328686925007,0.3225321529981627,0.5383328686925007,0.9977620034921897,100,all-mpnet-base-v2
SentenceTransformer,0.6,3,0.24254572788774742,0.5397267911904098,0.334687527011842,0.5397267911904098,0.9979041315232,100,all-mpnet-base-v2
SentenceTransformer,0.6,4,0.24478901881037113,0.5369389461945916,0.3362723701440419,0.5369389461945916,0.9979401835115538,100,all-mpnet-base-v2
SentenceTransformer,0.6,5,0.23945198836081474,0.5505993866741009,0.3337558090409801,0.5505993866741009,0.9978254411255431,100,all-mpnet-base-v2
SentenceTransformer,0.65,1,0.38878225634463637,0.5082241427376638,0.4405509908168197,0.5082241427376638,0.9990064903978649,100,all-mpnet-base-v2
SentenceTransformer,0.65,2,0.3586193056391732,0.4981879007527181,0.41703617269544924,0.4981879007527181,0.9988920946655884,100,all-mpnet-base-v2
SentenceTransformer,0.65,3,0.365285508142651,0.4940061332589908,0.4200047404598246,0.4940061332589908,0.9989326531524864,100,all-mpnet-base-v2
SentenceTransformer,0.65,4,0.3743460975099393,0.4987454697518818,0.42768348075543866,0.4987454697518818,0.9989635053348277,100,all-mpnet-base-v2
SentenceTransformer,0.65,5,0.35764800969892907,0.49344856425982714,0.4147141518275539,0.49344856425982714,0.9988979877790692,100,all-mpnet-base-v2
SentenceTransformer,0.7,1,0.556350626118068,0.4335098968497352,0.48730805390159826,0.4335098968497352,0.9995701493696275,100,all-mpnet-base-v2
SentenceTransformer,0.7,2,0.5657225853304285,0.4343462503484806,0.49140514114492984,0.4343462503484806,0.9995854021339311,100,all-mpnet-base-v2
SentenceTransformer,0.7,3,0.5630191404839292,0.4346250348480625,0.4905601006922593,0.4346250348480625,0.9995805489816526,100,all-mpnet-base-v2
SentenceTransformer,0.7,4,0.5692422545726017,0.42514636186228044,0.4867539099904245,0.42514636186228044,0.9995999615907663,100,all-mpnet-base-v2
SentenceTransformer,0.7,5,0.560966678872208,0.42709785335935324,0.4849635960747072,0.42709785335935324,0.9995843621727285,100,all-mpnet-base-v2
SentenceTransformer,0.75,1,0.7147632311977716,0.35768051296347925,0.4767744332961724,0.35768051296347925,0.9998225132881042,100,all-mpnet-base-v2
SentenceTransformer,0.75,2,0.7059471365638766,0.3574017284638974,0.4745511752729965,0.3574017284638974,0.9998148869059525,100,all-mpnet-base-v2
SentenceTransformer,0.75,3,0.7131868131868132,0.3618622804572066,0.4801183650823007,0.3618622804572066,0.9998190467507625,100,all-mpnet-base-v2
SentenceTransformer,0.75,4,0.7090505274847307,0.3560078059659883,0.47401633259094283,0.3560078059659883,0.9998183534432942,100,all-mpnet-base-v2
SentenceTransformer,0.75,5,0.7044444444444444,0.3534987454697519,0.4707629478373863,0.3534987454697519,0.9998155802134209,100,all-mpnet-base-v2
SentenceTransformer,0.8,1,0.849644128113879,0.2662391971006412,0.405434090426661,0.2662391971006412,0.999941415518925,100,all-mpnet-base-v2
SentenceTransformer,0.8,2,0.8471111111111111,0.26568162810147755,0.4044991511035654,0.26568162810147755,0.9999403755577225,100,all-mpnet-base-v2
SentenceTransformer,0.8,3,0.8542402826855123,0.2695846110956231,0.40983259165077346,0.2695846110956231,0.9999428021338618,100,all-mpnet-base-v2
SentenceTransformer,0.8,4,0.8453333333333334,0.2651240591023139,0.4036502546689304,0.2651240591023139,0.9999396822502542,100,all-mpnet-base-v2
SentenceTransformer,0.8,5,0.8486197684772929,0.26568162810147755,0.40467091295116775,0.26568162810147755,0.9999410688651909,100,all-mpnet-base-v2
SentenceTransformer,0.85,1,0.9179331306990881,0.16838583774742125,0.2845700824499411,0.16838583774742125,0.9999812806983548,100,all-mpnet-base-v2
SentenceTransformer,0.85,2,0.916923076923077,0.16615556175076665,0.28133113051687514,0.16615556175076665,0.9999812806983548,100,all-mpnet-base-v2
SentenceTransformer,0.85,3,0.9198184568835098,0.16950097574574854,0.2862523540489642,0.16950097574574854,0.999981627352089,100,all-mpnet-base-v2
SentenceTransformer,0.85,4,0.9174311926605505,0.16727069974909395,0.28295213393067675,0.16727069974909395,0.9999812806983548,100,all-mpnet-base-v2
SentenceTransformer,0.85,5,0.9179331306990881,0.16838583774742125,0.2845700824499411,0.16838583774742125,0.9999812806983548,100,all-mpnet-base-v2
SentenceTransformer,0.1,1,0.0878838174273859,0.5904655701143017,0.1529959908982555,0.5904655701143017,0.9923798576154452,250,all-mpnet-base-v2
SentenceTransformer,0.1,2,0.09620602232798114,0.6030108725954837,0.16593785960874569,0.6030108725954837,0.992955996121638,250,all-mpnet-base-v2
SentenceTransformer,0.1,3,0.09545759302715387,0.6350710900473934,0.16596845287967651,0.6350710900473934,0.9925171324941771,250,all-mpnet-base-v2
SentenceTransformer,0.1,4,0.10119560019129603,0.589908001115138,0.1727558476548149,0.589908001115138,0.9934849897199836,250,all-mpnet-base-v2
SentenceTransformer,0.1,5,0.09396232906166681,0.6091441315862838,0.16281062553556128,0.6091441315862838,0.9926963524747436,250,all-mpnet-base-v2
SentenceTransformer,0.15,1,0.0878838174273859,0.5904655701143017,0.1529959908982555,0.5904655701143017,0.9923798576154452,250,all-mpnet-base-v2
SentenceTransformer,0.15,2,0.09620602232798114,0.6030108725954837,0.16593785960874569,0.6030108725954837,0.992955996121638,250,all-mpnet-base-v2
SentenceTransformer,0.15,3,0.09545759302715387,0.6350710900473934,0.16596845287967651,0.6350710900473934,0.9925171324941771,250,all-mpnet-base-v2
SentenceTransformer,0.15,4,0.10119560019129603,0.589908001115138,0.1727558476548149,0.589908001115138,0.9934849897199836,250,all-mpnet-base-v2
SentenceTransformer,0.15,5,0.09396232906166681,0.6091441315862838,0.16281062553556128,0.6091441315862838,0.9926963524747436,250,all-mpnet-base-v2
SentenceTransformer,0.2,1,0.0878838174273859,0.5904655701143017,0.1529959908982555,0.5904655701143017,0.9923798576154452,250,all-mpnet-base-v2
SentenceTransformer,0.2,2,0.09620602232798114,0.6030108725954837,0.16593785960874569,0.6030108725954837,0.992955996121638,250,all-mpnet-base-v2
SentenceTransformer,0.2,3,0.09545759302715387,0.6350710900473934,0.16596845287967651,0.6350710900473934,0.9925171324941771,250,all-mpnet-base-v2
SentenceTransformer,0.2,4,0.10119560019129603,0.589908001115138,0.1727558476548149,0.589908001115138,0.9934849897199836,250,all-mpnet-base-v2
SentenceTransformer,0.2,5,0.09396232906166681,0.6091441315862838,0.16281062553556128,0.6091441315862838,0.9926963524747436,250,all-mpnet-base-v2
SentenceTransformer,0.25,1,0.0878838174273859,0.5904655701143017,0.1529959908982555,0.5904655701143017,0.9923798576154452,250,all-mpnet-base-v2
SentenceTransformer,0.25,2,0.09620602232798114,0.6030108725954837,0.16593785960874569,0.6030108725954837,0.992955996121638,250,all-mpnet-base-v2
SentenceTransformer,0.25,3,0.09541968738213971,0.6347923055478115,0.1659016393442623,0.6347923055478115,0.9925171324941771,250,all-mpnet-base-v2
SentenceTransformer,0.25,4,0.10119560019129603,0.589908001115138,0.1727558476548149,0.589908001115138,0.9934849897199836,250,all-mpnet-base-v2
SentenceTransformer,0.25,5,0.09396232906166681,0.6091441315862838,0.16281062553556128,0.6091441315862838,0.9926963524747436,250,all-mpnet-base-v2
SentenceTransformer,0.3,1,0.0886453346770807,0.5885140786172289,0.15408196781139374,0.5885140786172289,0.9924765740072791,250,all-mpnet-base-v2
SentenceTransformer,0.3,2,0.09612485590139222,0.6044047950933928,0.1658697065911786,0.6044047950933928,0.9929331169751827,250,all-mpnet-base-v2
SentenceTransformer,0.3,3,0.09539597935115625,0.6336771675494842,0.16582767928795505,0.6336771675494842,0.9925282254136706,250,all-mpnet-base-v2
SentenceTransformer,0.3,4,0.10118705724679303,0.5893504321159744,0.17271947383471548,0.5893504321159744,0.9934905361797303,250,all-mpnet-base-v2
SentenceTransformer,0.3,5,0.09582522171749946,0.6175076665737385,0.165905175642274,0.6175076665737385,0.9927549369558186,250,all-mpnet-base-v2
SentenceTransformer,0.35,1,0.0918741638976395,0.5935321996097017,0.15911808669656202,0.5935321996097017,0.9927050188180979,250,all-mpnet-base-v2
SentenceTransformer,0.35,2,0.09710467706013363,0.6077502090883747,0.16745400775819028,0.6077502090883747,0.9929733288083465,250,all-mpnet-base-v2
SentenceTransformer,0.35,3,0.09640404385104295,0.6300529690549206,0.16722160562338143,0.6300529690549206,0.9926568339490481,250,all-mpnet-base-v2
SentenceTransformer,0.35,4,0.10063076176613295,0.5781990521327014,0.17142620986072654,0.5781990521327014,0.9935744263833998,250,all-mpnet-base-v2
SentenceTransformer,0.35,5,0.09684576897976942,0.6205742960691386,0.16754478398314016,0.6205742960691386,0.9928038151323368,250,all-mpnet-base-v2
SentenceTransformer,0.4,1,0.09589408712765006,0.5977139671034291,0.16527269223357102,0.5977139671034291,0.9929927414174602,250,all-mpnet-base-v2
SentenceTransformer,0.4,2,0.09974531141467932,0.6005018120992472,0.17107457707886586,0.6005018120992472,0.9932607047539747,250,all-mpnet-base-v2
SentenceTransformer,0.4,3,0.09537946895254025,0.6359074435461388,0.16587884517489637,0.6359074435461388,0.9925004931149368,250,all-mpnet-base-v2
SentenceTransformer,0.4,4,0.10730688935281837,0.5731809311402286,0.18077109069327824,0.5731809311402286,0.9940708345307331,250,all-mpnet-base-v2
SentenceTransformer,0.4,5,0.09733221253815866,0.6133258990800111,0.16800305460099274,0.6133258990800111,0.9929272238617018,250,all-mpnet-base-v2
SentenceTransformer,0.45,1,0.10521627239433831,0.5926958461109563,0.17870802336821753,0.5926958461109563,0.9937325004861819,250,all-mpnet-base-v2
SentenceTransformer,0.45,2,0.11390707157420324,0.5918594926122107,0.19104611923509562,0.5918594926122107,0.99427501358016,250,all-mpnet-base-v2
SentenceTransformer,0.45,3,0.11318675815094907,0.6300529690549206,0.19189946505901334,0.6300529690549206,0.9938618023290278,250,all-mpnet-base-v2
SentenceTransformer,0.45,4,0.1201659846694715,0.5812656816281014,0.19915942305855383,0.5812656816281014,0.9947079840941401,250,all-mpnet-base-v2
SentenceTransformer,0.45,5,0.11062753036437246,0.6094229160858656,0.18726174669122372,0.6094229160858656,0.9939079072756726,250,all-mpnet-base-v2
SentenceTransformer,0.5,1,0.136954563006822,0.5932534151101199,0.2225359477124183,0.5932534151101199,0.9953513734247621,250,all-mpnet-base-v2
SentenceTransformer,0.5,2,0.1486834573554665,0.5793141901310287,0.23663383248875478,0.5793141901310287,0.9958755138708292,250,all-mpnet-base-v2
SentenceTransformer,0.5,3,0.14445031014913554,0.6102592695846111,0.23360546395603224,0.6102592695846111,0.9955056343364683,250,all-mpnet-base-v2
SentenceTransformer,0.5,4,0.14646149580647397,0.5890716476163925,0.2345953147551904,0.5890716476163925,0.9957313059174139,250,all-mpnet-base-v2
SentenceTransformer,0.5,5,0.1445221445221445,0.6049623640925564,0.23330824642511558,0.6049623640925564,0.9955472327845689,250,all-mpnet-base-v2
SentenceTransformer,0.55,1,0.18919888759307438,0.5879565096180652,0.2862766390661056,0.5879565096180652,0.9968669435505593,250,all-mpnet-base-v2
SentenceTransformer,0.55,2,0.18311746315319338,0.5715082241427376,0.27736436206196724,0.5715082241427376,0.9968298516010029,250,all-mpnet-base-v2
SentenceTransformer,0.55,3,0.1890494025325486,0.5910231391134653,0.28646713059928386,0.5910231391134653,0.9968475309414456,250,all-mpnet-base-v2
SentenceTransformer,0.55,4,0.19206719552029863,0.5737385001393922,0.28779191721437564,0.5737385001393922,0.9969990186232786,250,all-mpnet-base-v2
SentenceTransformer,0.55,5,0.18062308661984514,0.5592417061611374,0.27305519635200437,0.5592417061611374,0.9968454510190407,250,all-mpnet-base-v2
SentenceTransformer,0.6,1,0.2785845199492457,0.5508781711736828,0.3700374531835206,0.5508781711736828,0.9982261728422451,250,all-mpnet-base-v2
SentenceTransformer,0.6,2,0.2632642068408295,0.5450236966824644,0.35503495868519025,0.5450236966824644,0.9981034574203484,250,all-mpnet-base-v2
SentenceTransformer,0.6,3,0.27160662922887274,0.5528296626707555,0.3642542248346804,0.5528296626707555,0.9981564954416767,250,all-mpnet-base-v2
SentenceTransformer,0.6,4,0.2750034392626221,0.5572902146640647,0.3682756079587325,0.5572902146640647,0.998173134820917,250,all-mpnet-base-v2
SentenceTransformer,0.6,5,0.27681179579913756,0.5547811541678282,0.3693392724573126,0.5547811541678282,0.9981977472360432,250,all-mpnet-base-v2
SentenceTransformer,0.65,1,0.40752565564424176,0.4981879007527181,0.44831911690918214,0.4981879007527181,0.9990993935986228,250,all-mpnet-base-v2
SentenceTransformer,0.65,2,0.3929437706725469,0.49679397825480903,0.4388081753262743,0.49679397825480903,0.9990456622698263,250,all-mpnet-base-v2
SentenceTransformer,0.65,3,0.3951935914552737,0.4951212712573181,0.43954956069793344,0.4951212712573181,0.9990577951505223,250,all-mpnet-base-v2
SentenceTransformer,0.65,4,0.409255079006772,0.5054362977418455,0.45228888611700135,0.5054362977418455,0.9990928071776736,250,all-mpnet-base-v2
SentenceTransformer,0.65,5,0.39064856711915535,0.5054362977418455,0.4406903257170637,0.5054362977418455,0.9990196632397634,250,all-mpnet-base-v2
SentenceTransformer,0.7,1,0.5715336520779698,0.4332311123501533,0.4928639391056137,0.4332311123501533,0.9995961483996904,250,all-mpnet-base-v2
SentenceTransformer,0.7,2,0.5735294117647058,0.43490381934764427,0.49468844141430157,0.43490381934764427,0.9995978816683613,250,all-mpnet-base-v2
SentenceTransformer,0.7,3,0.5723201174743024,0.4346250348480625,0.4940579939787672,0.4346250348480625,0.9995961483996904,250,all-mpnet-base-v2
SentenceTransformer,0.7,4,0.5825169555388093,0.43100083635349873,0.49543342413074826,0.43100083635349873,0.9996159076625382,250,all-mpnet-base-v2
SentenceTransformer,0.7,5,0.5815789473684211,0.4312796208530806,0.49527773331198977,0.4312796208530806,0.9996141743938672,250,all-mpnet-base-v2
SentenceTransformer,0.75,1,0.7257882882882883,0.3593532199609702,0.480701100130524,0.3593532199609702,0.9998311796314585,250,all-mpnet-base-v2
SentenceTransformer,0.75,2,0.7094668117519043,0.36353498745469753,0.4807373271889401,0.36353498745469753,0.9998148869059525,250,all-mpnet-base-v2
SentenceTransformer,0.75,3,0.718785151856018,0.3562865904655701,0.47642124883504194,0.3562865904655701,0.9998266731329143,250,all-mpnet-base-v2
SentenceTransformer,0.75,4,0.7132394366197183,0.35294117647058826,0.47221186124580383,0.35294117647058826,0.9998235532493068,250,all-mpnet-base-v2
SentenceTransformer,0.75,5,0.7078142695356738,0.34848062447727907,0.4670278348589576,0.34848062447727907,0.9998211266731676,250,all-mpnet-base-v2
SentenceTransformer,0.8,1,0.8546099290780141,0.2687482575968776,0.40890774125132556,0.2687482575968776,0.9999431487875959,250,all-mpnet-base-v2
SentenceTransformer,0.8,2,0.8490230905861457,0.26651798160022305,0.40568639932102696,0.26651798160022305,0.9999410688651909,250,all-mpnet-base-v2
SentenceTransformer,0.8,3,0.8520814880425155,0.26819068859771394,0.4079728583545377,0.26819068859771394,0.9999421088263933,250,all-mpnet-base-v2
SentenceTransformer,0.8,4,0.8512173128944995,0.26317256760524116,0.4020442930153322,0.26317256760524116,0.9999428021338618,250,all-mpnet-base-v2
SentenceTransformer,0.8,5,0.8441098317094774,0.26568162810147755,0.40415606446140795,0.26568162810147755,0.9999389889427859,250,all-mpnet-base-v2
SentenceTransformer,0.85,1,0.9194528875379939,0.16866462224700307,0.2850412249705536,0.16866462224700307,0.999981627352089,250,all-mpnet-base-v2
SentenceTransformer,0.85,2,0.9214175654853621,0.1667131307499303,0.28234183191690276,0.1667131307499303,0.9999823206595573,250,all-mpnet-base-v2
SentenceTransformer,0.85,3,0.9187116564417178,0.16699191524951212,0.2826138240150979,0.16699191524951212,0.999981627352089,250,all-mpnet-base-v2
SentenceTransformer,0.85,4,0.9198767334360555,0.16643434625034847,0.2818696883852691,0.16643434625034847,0.9999819740058231,250,all-mpnet-base-v2
SentenceTransformer,0.85,5,0.9176829268292683,0.1678282687482576,0.28376148951213764,0.1678282687482576,0.9999812806983548,250,all-mpnet-base-v2
SentenceTransformer,0.1,1,0.006825229994679954,0.7332032339001952,0.013524562765798798,0.7332032339001952,0.8673338826639507,10,dwulff/mpnet-personality
SentenceTransformer,0.1,2,0.0038339420138630096,0.7170337329244494,0.007627102309037019,0.7170337329244494,0.7683389358354338,10,dwulff/mpnet-personality
SentenceTransformer,0.1,3,0.00586284416943041,0.7343183718985224,0.01163281124063446,0.7343183718985224,0.8451719627846417,10,dwulff/mpnet-personality
SentenceTransformer,0.1,4,0.005430212415277754,0.7201003624198494,0.010779140297834782,0.7201003624198494,0.8360019315546068,10,dwulff/mpnet-personality
SentenceTransformer,0.1,5,0.004775129806689572,0.7276275439085587,0.00948799368921186,0.7276275439085587,0.8114300749153385,10,dwulff/mpnet-personality
SentenceTransformer,0.15,1,0.00724856621767123,0.7357122943964316,0.014355693727067746,0.7357122943964316,0.8747079008972438,10,dwulff/mpnet-personality
SentenceTransformer,0.15,2,0.0038339420138630096,0.7170337329244494,0.007627102309037019,0.7170337329244494,0.7683389358354338,10,dwulff/mpnet-personality
SentenceTransformer,0.15,3,0.00586284416943041,0.7343183718985224,0.01163281124063446,0.7343183718985224,0.8451719627846417,10,dwulff/mpnet-personality
SentenceTransformer,0.15,4,0.005430212415277754,0.7201003624198494,0.010779140297834782,0.7201003624198494,0.8360019315546068,10,dwulff/mpnet-personality
SentenceTransformer,0.15,5,0.004775129806689572,0.7276275439085587,0.00948799368921186,0.7276275439085587,0.8114300749153385,10,dwulff/mpnet-personality
SentenceTransformer,0.2,1,0.007904327011134901,0.6977976024533036,0.015631586671621144,0.6977976024533036,0.8910956095264606,10,dwulff/mpnet-personality
SentenceTransformer,0.2,2,0.007556307880872129,0.708112628937831,0.014953050952226769,0.708112628937831,0.8843552743192328,10,dwulff/mpnet-personality
SentenceTransformer,0.2,3,0.008857880545562477,0.6905492054641762,0.01749139376820549,0.6905492054641762,0.9039211043833325,10,dwulff/mpnet-personality
SentenceTransformer,0.2,4,0.007656367653775413,0.6916643434625035,0.015145087003366592,0.6916643434625035,0.8885289852786559,10,dwulff/mpnet-personality
SentenceTransformer,0.2,5,0.005574654533198517,0.6916643434625035,0.011060166682640976,0.6916643434625035,0.8465818035215166,10,dwulff/mpnet-personality
SentenceTransformer,0.25,1,0.016133292554078853,0.6470588235294118,0.03148164474978128,0.6470588235294118,0.9509335905041836,10,dwulff/mpnet-personality
SentenceTransformer,0.25,2,0.016746652831221988,0.6478951770281572,0.03264939133611031,0.6478951770281572,0.9526990979723183,10,dwulff/mpnet-personality
SentenceTransformer,0.25,3,0.011289605628551901,0.6584889880122665,0.022198622219298327,0.6584889880122665,0.9282922485105156,10,dwulff/mpnet-personality
SentenceTransformer,0.25,4,0.01384761642819987,0.6456649010315026,0.027113723102858884,0.6456649010315026,0.9428253596619155,10,dwulff/mpnet-personality
SentenceTransformer,0.25,5,0.01092006436487435,0.6375801505436298,0.021472363837797746,0.6375801505436298,0.9281927588888084,10,dwulff/mpnet-personality
SentenceTransformer,0.3,1,0.03280687409447577,0.6375801505436298,0.06240279407350814,0.6375801505436298,0.9766272186272305,10,dwulff/mpnet-personality
SentenceTransformer,0.3,2,0.028849116680361546,0.6264287705603568,0.055158023933722,0.6264287705603568,0.9737787648935444,10,dwulff/mpnet-personality
SentenceTransformer,0.3,3,0.031936589079834675,0.6548647895177028,0.06090304515225761,0.6548647895177028,0.9753172141657969,10,dwulff/mpnet-personality
SentenceTransformer,0.3,4,0.03510375309011911,0.6531920825202119,0.06662685548541204,0.6531920825202119,0.9776748062118963,10,dwulff/mpnet-personality
SentenceTransformer,0.3,5,0.03550152344282921,0.65291329802063,0.06734142273851285,0.65291329802063,0.9779434628558791,10,dwulff/mpnet-personality
SentenceTransformer,0.35,1,0.051564714616751786,0.6389740730415389,0.09542842867849113,0.6389740730415389,0.9853861185285381,10,dwulff/mpnet-personality
SentenceTransformer,0.35,2,0.048775153105861765,0.6216894340674658,0.09045368811730586,0.6216894340674658,0.9849240291008877,10,dwulff/mpnet-personality
SentenceTransformer,0.35,3,0.047568530934397016,0.6250348480624477,0.08840868313649718,0.6250348480624477,0.9844387138730478,10,dwulff/mpnet-personality
SentenceTransformer,0.35,4,0.049414911400869274,0.6180652355729022,0.09151325022702882,0.6180652355729022,0.9852159115450599,10,dwulff/mpnet-personality
SentenceTransformer,0.35,5,0.04910095296784559,0.6219682185670476,0.09101664490861619,0.6219682185670476,0.9850224787613924,10,dwulff/mpnet-personality
SentenceTransformer,0.4,1,0.07081453180066533,0.59938667410092,0.1266643101213621,0.59938667410092,0.9902205515052919,10,dwulff/mpnet-personality
SentenceTransformer,0.4,2,0.07202017792017451,0.5890716476163925,0.12834841766385227,0.5890716476163925,0.9905620054334506,10,dwulff/mpnet-personality
SentenceTransformer,0.4,3,0.07540529010238908,0.5913019236130471,0.1337537442850386,0.5913019236130471,0.9909845763354055,10,dwulff/mpnet-personality
SentenceTransformer,0.4,4,0.07095636844424857,0.583495957624756,0.1265264176036755,0.583495957624756,0.9905003010687681,10,dwulff/mpnet-personality
SentenceTransformer,0.4,5,0.08286451007969996,0.5913019236130471,0.1453585991844567,0.5913019236130471,0.9918623035903273,10,dwulff/mpnet-personality
SentenceTransformer,0.45,1,0.1152395428700107,0.5706718706439922,0.19175644028103045,0.5706718706439922,0.9945519899137629,10,dwulff/mpnet-personality
SentenceTransformer,0.45,2,0.11787137165623221,0.577362698633956,0.19577444817318146,0.577362698633956,0.9946272137740781,10,dwulff/mpnet-personality
SentenceTransformer,0.45,3,0.12288674786402472,0.5653749651519375,0.20189148830263812,0.5653749651519375,0.9949821871978696,10,dwulff/mpnet-personality
SentenceTransformer,0.45,4,0.11654413859919074,0.5701143016448286,0.19352701807513958,0.5701143016448286,0.9946261738128757,10,dwulff/mpnet-personality
SentenceTransformer,0.45,5,0.11079791847354727,0.5698355171452467,0.18552303154073066,0.5698355171452467,0.994313492144653,10,dwulff/mpnet-personality
SentenceTransformer,0.5,1,0.17164179104477612,0.5706718706439922,0.26390769032424416,0.5706718706439922,0.9965754077601212,10,dwulff/mpnet-personality
SentenceTransformer,0.5,2,0.1658540616477977,0.5595204906607193,0.2558643549209587,0.5595204906607193,0.9965008772072743,10,dwulff/mpnet-personality
SentenceTransformer,0.5,3,0.16662473794549265,0.5539448006690828,0.2561887570912842,0.5539448006690828,0.9965549551898051,10,dwulff/mpnet-personality
SentenceTransformer,0.5,4,0.17107479784366578,0.566211318650683,0.2627595575392975,0.566211318650683,0.9965885806020197,10,dwulff/mpnet-personality
SentenceTransformer,0.5,5,0.17516115169746455,0.5681628101477558,0.26777033241361187,0.5681628101477558,0.9966731641131575,10,dwulff/mpnet-personality
SentenceTransformer,0.55,1,0.22436189608021878,0.54892667967661,0.31853110086548575,0.54892667967661,0.9976403280314956,10,dwulff/mpnet-personality
SentenceTransformer,0.55,2,0.22300683371298405,0.54586005018121,0.3166491469232635,0.54586005018121,0.997635128225483,10,dwulff/mpnet-personality
SentenceTransformer,0.55,3,0.2268985507246377,0.5455812656816281,0.3205044218801179,0.5455812656816281,0.9976885129005454,10,dwulff/mpnet-personality
SentenceTransformer,0.55,4,0.22061690173145282,0.5363813771954279,0.3126421839454014,0.5363813771954279,0.9976437945688373,10,dwulff/mpnet-personality
SentenceTransformer,0.55,5,0.2275774387424873,0.54892667967661,0.3217583135877114,0.54892667967661,0.9976833130945328,10,dwulff/mpnet-personality
SentenceTransformer,0.6,1,0.2957650273224044,0.48285475327571786,0.3668325743937308,0.48285475327571786,0.9985704000002773,10,dwulff/mpnet-personality
SentenceTransformer,0.6,2,0.2941780821917808,0.4789517702815723,0.36448498992256284,0.4789517702815723,0.9985710933077456,10,dwulff/mpnet-personality
SentenceTransformer,0.6,3,0.29691006387018815,0.47950933928073597,0.36673773987206826,0.47950933928073597,0.99858807934072,10,dwulff/mpnet-personality
SentenceTransformer,0.6,4,0.29410757108598834,0.4786729857819905,0.3643501326259947,0.4786729857819905,0.9985714399614798,10,dwulff/mpnet-personality
SentenceTransformer,0.6,5,0.29415795785506255,0.4786729857819905,0.3643887945670628,0.4786729857819905,0.9985717866152141,10,dwulff/mpnet-personality
SentenceTransformer,0.65,1,0.41517241379310343,0.419570671870644,0.4173599556295064,0.419570671870644,0.9992650940835567,10,dwulff/mpnet-personality
SentenceTransformer,0.65,2,0.41707717569786534,0.42486757736269865,0.4209363347603922,0.42486757736269865,0.9992616275462151,10,dwulff/mpnet-personality
SentenceTransformer,0.65,3,0.42248817144447537,0.4231948703652077,0.4228412256267409,0.4231948703652077,0.9992806935015944,10,dwulff/mpnet-personality
SentenceTransformer,0.65,4,0.41737695903216937,0.4231948703652077,0.420265780730897,0.4231948703652077,0.9992654407372908,10,dwulff/mpnet-personality
SentenceTransformer,0.65,5,0.4222841225626741,0.42263730136604405,0.4224606381496447,0.42263730136604405,0.9992810401553286,10,dwulff/mpnet-personality
SentenceTransformer,0.7,1,0.590561797752809,0.3663228324505158,0.4521679284239504,0.3663228324505158,0.9996841984481699,10,dwulff/mpnet-personality
SentenceTransformer,0.7,2,0.5917079765660207,0.3660440479509339,0.4522907337237341,0.3660440479509339,0.9996859317168407,10,dwulff/mpnet-personality
SentenceTransformer,0.7,3,0.5894547093285264,0.36465012545302483,0.45056837754047535,0.36465012545302483,0.9996841984481699,10,dwulff/mpnet-personality
SentenceTransformer,0.7,4,0.5902964959568733,0.3663228324505158,0.45209014278341647,0.3663228324505158,0.9996838517944358,10,dwulff/mpnet-personality
SentenceTransformer,0.7,5,0.5902964959568733,0.3663228324505158,0.45209014278341647,0.3663228324505158,0.9996838517944358,10,dwulff/mpnet-personality
SentenceTransformer,0.75,1,0.7064471879286695,0.28714803456927795,0.40832507433102083,0.28714803456927795,0.9998516322017746,10,dwulff/mpnet-personality
SentenceTransformer,0.75,2,0.7056396148555708,0.28603289657095066,0.40706209085498907,0.28603289657095066,0.9998516322017746,10,dwulff/mpnet-personality
SentenceTransformer,0.75,3,0.7059629883481837,0.28714803456927795,0.40824415378517637,0.28714803456927795,0.9998512855480405,10,dwulff/mpnet-personality
SentenceTransformer,0.75,4,0.7064471879286695,0.28714803456927795,0.40832507433102083,0.28714803456927795,0.9998516322017746,10,dwulff/mpnet-personality
SentenceTransformer,0.75,5,0.7048275862068966,0.28491775857262336,0.4057971014492754,0.28491775857262336,0.9998516322017746,10,dwulff/mpnet-personality
SentenceTransformer,0.8,1,0.8471910112359551,0.21020351268469473,0.3368327004690641,0.21020351268469473,0.9999528550921527,10,dwulff/mpnet-personality
SentenceTransformer,0.8,2,0.8471910112359551,0.21020351268469473,0.3368327004690641,0.21020351268469473,0.9999528550921527,10,dwulff/mpnet-personality
SentenceTransformer,0.8,3,0.8471910112359551,0.21020351268469473,0.3368327004690641,0.21020351268469473,0.9999528550921527,10,dwulff/mpnet-personality
SentenceTransformer,0.8,4,0.8471910112359551,0.21020351268469473,0.3368327004690641,0.21020351268469473,0.9999528550921527,10,dwulff/mpnet-personality
SentenceTransformer,0.8,5,0.8471910112359551,0.21020351268469473,0.3368327004690641,0.21020351268469473,0.9999528550921527,10,dwulff/mpnet-personality
SentenceTransformer,0.85,1,0.8907216494845361,0.12043490381934764,0.21218074656188604,0.12043490381934764,0.999981627352089,10,dwulff/mpnet-personality
SentenceTransformer,0.85,2,0.8918367346938776,0.12182882631725676,0.21437331371106205,0.12182882631725676,0.999981627352089,10,dwulff/mpnet-personality
SentenceTransformer,0.85,3,0.8918367346938776,0.12182882631725676,0.21437331371106205,0.12182882631725676,0.999981627352089,10,dwulff/mpnet-personality
SentenceTransformer,0.85,4,0.8918367346938776,0.12182882631725676,0.21437331371106205,0.12182882631725676,0.999981627352089,10,dwulff/mpnet-personality
SentenceTransformer,0.85,5,0.8918367346938776,0.12182882631725676,0.21437331371106205,0.12182882631725676,0.999981627352089,10,dwulff/mpnet-personality
SentenceTransformer,0.1,1,0.012540744464194101,0.6746584889880123,0.024623775170687534,0.6746584889880123,0.9339447842999137,25,dwulff/mpnet-personality
SentenceTransformer,0.1,2,0.014364489216189442,0.6710342904934485,0.02812688062727501,0.6710342904934485,0.9427470159179928,25,dwulff/mpnet-personality
SentenceTransformer,0.1,3,0.010531570627208674,0.6704767214942849,0.020737406660113474,0.6704767214942849,0.9216715088415768,25,dwulff/mpnet-personality
SentenceTransformer,0.1,4,0.011010379946901554,0.6913855589629216,0.021675574337168803,0.6913855589629216,0.9227787208685201,25,dwulff/mpnet-personality
SentenceTransformer,0.1,5,0.013001008653182567,0.6827432394758851,0.025516131216887117,0.6827432394758851,0.9355497910891271,25,dwulff/mpnet-personality
SentenceTransformer,0.15,1,0.012540744464194101,0.6746584889880123,0.024623775170687534,0.6746584889880123,0.9339447842999137,25,dwulff/mpnet-personality
SentenceTransformer,0.15,2,0.014364489216189442,0.6710342904934485,0.02812688062727501,0.6710342904934485,0.9427470159179928,25,dwulff/mpnet-personality
SentenceTransformer,0.15,3,0.010531570627208674,0.6704767214942849,0.020737406660113474,0.6704767214942849,0.9216715088415768,25,dwulff/mpnet-personality
SentenceTransformer,0.15,4,0.011010379946901554,0.6913855589629216,0.021675574337168803,0.6913855589629216,0.9227787208685201,25,dwulff/mpnet-personality
SentenceTransformer,0.15,5,0.013001008653182567,0.6827432394758851,0.025516131216887117,0.6827432394758851,0.9355497910891271,25,dwulff/mpnet-personality
SentenceTransformer,0.2,1,0.012595768161463529,0.6618344020072484,0.02472105507047167,0.6618344020072484,0.9354870467632421,25,dwulff/mpnet-personality
SentenceTransformer,0.2,2,0.014113286447443451,0.662391971006412,0.027637708722279414,0.662391971006412,0.9424637998171749,25,dwulff/mpnet-personality
SentenceTransformer,0.2,3,0.011915729679379832,0.6526345135210482,0.02340414896275931,0.6526345135210482,0.9327068838151878,25,dwulff/mpnet-personality
SentenceTransformer,0.2,4,0.012813036913625241,0.686088653470867,0.02515626836760249,0.686088653470867,0.9342713321175031,25,dwulff/mpnet-personality
SentenceTransformer,0.2,5,0.01393575422397096,0.6378589350432116,0.02727559918697733,0.6378589350432116,0.9438788403600623,25,dwulff/mpnet-personality
SentenceTransformer,0.25,1,0.021023428422161972,0.6506830220239754,0.04073085178786451,0.6506830220239754,0.9623239389015861,25,dwulff/mpnet-personality
SentenceTransformer,0.25,2,0.019825474586650335,0.64984666852523,0.03847709284187417,0.64984666852523,0.960049890405422,25,dwulff/mpnet-personality
SentenceTransformer,0.25,3,0.016048657428206103,0.6473376080289935,0.031320815797992875,0.6473376080289935,0.950649334442163,25,dwulff/mpnet-personality
SentenceTransformer,0.25,4,0.01932283555401742,0.6537496515193755,0.03753621564515871,0.6537496515193755,0.9587433524813301,25,dwulff/mpnet-personality
SentenceTransformer,0.25,5,0.019983459636449562,0.6601616950097574,0.038792644469017486,0.6601616950097574,0.9597431018506802,25,dwulff/mpnet-personality
SentenceTransformer,0.3,1,0.03388073625446091,0.6378589350432116,0.06434376669760117,0.6378589350432116,0.9773832704214581,25,dwulff/mpnet-personality
SentenceTransformer,0.3,2,0.03989561900938425,0.6649010315026485,0.07527458654210327,0.6649010315026485,0.9801034622735008,25,dwulff/mpnet-personality
SentenceTransformer,0.3,3,0.03780270742500694,0.6453861165319208,0.07142196032456113,0.6453861165319208,0.979573775367687,25,dwulff/mpnet-personality
SentenceTransformer,0.3,4,0.0327174428002118,0.654586005018121,0.06232001380170663,0.654586005018121,0.9759359910812927,25,dwulff/mpnet-personality
SentenceTransformer,0.3,5,0.03528082683235882,0.6442709785335935,0.0668982486611666,0.6442709785335935,0.9780942572302436,25,dwulff/mpnet-personality
SentenceTransformer,0.35,1,0.05408902691511387,0.6409255645386116,0.09975917207263892,0.6409255645386116,0.9860627866176406,25,dwulff/mpnet-personality
SentenceTransformer,0.35,2,0.05136549840691852,0.629216615556175,0.09497759168472658,0.629216615556175,0.9855504323985353,25,dwulff/mpnet-personality
SentenceTransformer,0.35,3,0.05129315255782158,0.6275439085586841,0.09483485001685205,0.6275439085586841,0.9855674184315097,25,dwulff/mpnet-personality
SentenceTransformer,0.35,4,0.057423077918381076,0.6186228045720658,0.10509116741652853,0.6186228045720658,0.9873734843865425,25,dwulff/mpnet-personality
SentenceTransformer,0.35,5,0.05185185185185185,0.6088653470867019,0.09556523070864419,0.6088653470867019,0.9861560364721327,25,dwulff/mpnet-personality
SentenceTransformer,0.4,1,0.06798429150840146,0.5887928631168107,0.12189420829365423,0.5887928631168107,0.9899629877808025,25,dwulff/mpnet-personality
SentenceTransformer,0.4,2,0.08572893252888521,0.6060775020908837,0.1502107372348511,0.6060775020908837,0.9919628331732371,25,dwulff/mpnet-personality
SentenceTransformer,0.4,3,0.08235249012766936,0.5988291051017564,0.14479271991911022,0.5988291051017564,0.9917028428726086,25,dwulff/mpnet-personality
SentenceTransformer,0.4,4,0.08219915417147251,0.5960412601059382,0.14447410210494308,0.5960412601059382,0.9917246820578614,25,dwulff/mpnet-personality
SentenceTransformer,0.4,5,0.07781137299187643,0.5954836911067745,0.13763773439010246,0.5954836911067745,0.9912244607194521,25,dwulff/mpnet-personality
SentenceTransformer,0.45,1,0.115931146025878,0.5595204906607193,0.19206660605770612,0.5595204906607193,0.9946944645985074,25,dwulff/mpnet-personality
SentenceTransformer,0.45,2,0.12221706864564007,0.5876777251184834,0.2023518118550516,0.5876777251184834,0.9947516624646456,25,dwulff/mpnet-personality
SentenceTransformer,0.45,3,0.11928755565971408,0.5676052411485921,0.1971435487775357,0.5676052411485921,0.9947891010679362,25,dwulff/mpnet-personality
SentenceTransformer,0.45,4,0.11172638436482085,0.5737385001393922,0.18703139910028627,0.5737385001393922,0.9943280516014883,25,dwulff/mpnet-personality
SentenceTransformer,0.45,5,0.11015417331206805,0.5776414831335378,0.1850247801044783,0.5776414831335378,0.9941977097974398,25,dwulff/mpnet-personality
SentenceTransformer,0.5,1,0.16072881080201726,0.5508781711736828,0.24885082803349914,0.5508781711736828,0.99642322677082,25,dwulff/mpnet-personality
SentenceTransformer,0.5,2,0.1678502798897151,0.5600780596598829,0.25829262021085114,0.5600780596598829,0.9965473288076533,25,dwulff/mpnet-personality
SentenceTransformer,0.5,3,0.18374013247436713,0.5645386116531921,0.27724534501642933,0.5645386116531921,0.9968815030073944,25,dwulff/mpnet-personality
SentenceTransformer,0.5,4,0.16712351524212973,0.5609144131586283,0.2575195187507999,0.5609144131586283,0.9965241030074637,25,dwulff/mpnet-personality
SentenceTransformer,0.5,5,0.1706432847146109,0.5642598271536102,0.26204039357845677,0.5642598271536102,0.9965899672169564,25,dwulff/mpnet-personality
SentenceTransformer,0.55,1,0.22911555088211238,0.5466964036799554,0.3229046599703606,0.5466964036799554,0.9977127786619374,25,dwulff/mpnet-personality
SentenceTransformer,0.55,2,0.22106587374199452,0.5388904376916643,0.31351877382207444,0.5388904376916643,0.9976389414165588,25,dwulff/mpnet-personality
SentenceTransformer,0.55,3,0.23013827044762128,0.5475327571787009,0.3240656711492451,0.5475327571787009,0.9977224849664942,25,dwulff/mpnet-personality
SentenceTransformer,0.55,4,0.21827882161911388,0.5246724282129913,0.3082971578343845,0.5246724282129913,0.997663553831685,25,dwulff/mpnet-personality
SentenceTransformer,0.55,5,0.23213446168312177,0.5505993866741009,0.32658123191401406,0.5505993866741009,0.9977353111546585,25,dwulff/mpnet-personality
SentenceTransformer,0.6,1,0.29898707649318895,0.47727906328408143,0.3676581123161173,0.47727906328408143,0.9986085319110362,25,dwulff/mpnet-personality
SentenceTransformer,0.6,2,0.2967071057192374,0.47727906328408143,0.36592925082825695,0.47727906328408143,0.9985932791467327,25,dwulff/mpnet-personality
SentenceTransformer,0.6,3,0.29889235029421946,0.48146083077780877,0.36882007474639616,0.48146083077780877,0.9985957057228718,25,dwulff/mpnet-personality
SentenceTransformer,0.6,4,0.30269217144881333,0.4764427097853359,0.37019386981479474,0.4764427097853359,0.9986352242485673,25,dwulff/mpnet-personality
SentenceTransformer,0.6,5,0.30131004366812225,0.4809032617786451,0.3704896907216495,0.4809032617786451,0.9986133850633145,25,dwulff/mpnet-personality
SentenceTransformer,0.65,1,0.41833333333333333,0.4198494563702258,0.4190900236538194,0.4198494563702258,0.9992741070806451,25,dwulff/mpnet-personality
SentenceTransformer,0.65,2,0.42114001106806864,0.424310008363535,0.4227190667962783,0.424310008363535,0.9992748003881136,25,dwulff/mpnet-personality
SentenceTransformer,0.65,3,0.42610150585610707,0.42598271536102594,0.4260421023281751,0.42598271536102594,0.9992865866150753,25,dwulff/mpnet-personality
SentenceTransformer,0.65,4,0.4111689022721051,0.4187343183718985,0.4149171270718232,0.4187343183718985,0.9992543478177974,25,dwulff/mpnet-personality
SentenceTransformer,0.65,5,0.4206283013622463,0.4218009478672986,0.4212138084632517,0.4218009478672986,0.9992775736179869,25,dwulff/mpnet-personality
SentenceTransformer,0.7,1,0.5903776978417267,0.3660440479509339,0.4519015659955257,0.3660440479509339,0.9996841984481699,25,dwulff/mpnet-personality
SentenceTransformer,0.7,2,0.592140921409214,0.3654864789517703,0.451991036028271,0.3654864789517703,0.9996869716780432,25,dwulff/mpnet-personality
SentenceTransformer,0.7,3,0.5899053627760252,0.36492890995260663,0.4509128487771271,0.36492890995260663,0.9996845451019041,25,dwulff/mpnet-personality
SentenceTransformer,0.7,4,0.5896162528216704,0.3640925564538612,0.4501895897966219,0.3640925564538612,0.9996848917556382,25,dwulff/mpnet-personality
SentenceTransformer,0.7,5,0.5908273381294964,0.3663228324505158,0.4522457408363449,0.3663228324505158,0.9996845451019041,25,dwulff/mpnet-personality
SentenceTransformer,0.75,1,0.7040110650069157,0.28380262057429606,0.404530101331214,0.28380262057429606,0.9998516322017746,25,dwulff/mpnet-personality
SentenceTransformer,0.75,2,0.7056396148555708,0.28603289657095066,0.40706209085498907,0.28603289657095066,0.9998516322017746,25,dwulff/mpnet-personality
SentenceTransformer,0.75,3,0.7059629883481837,0.28714803456927795,0.40824415378517637,0.28714803456927795,0.9998512855480405,25,dwulff/mpnet-personality
SentenceTransformer,0.75,4,0.7131944444444445,0.28631168107053245,0.40859359458921823,0.28631168107053245,0.9998568320077872,25,dwulff/mpnet-personality
SentenceTransformer,0.75,5,0.7048275862068966,0.28491775857262336,0.4057971014492754,0.28491775857262336,0.9998516322017746,25,dwulff/mpnet-personality
SentenceTransformer,0.8,1,0.8471910112359551,0.21020351268469473,0.3368327004690641,0.21020351268469473,0.9999528550921527,25,dwulff/mpnet-personality
SentenceTransformer,0.8,2,0.8471910112359551,0.21020351268469473,0.3368327004690641,0.21020351268469473,0.9999528550921527,25,dwulff/mpnet-personality
SentenceTransformer,0.8,3,0.8471910112359551,0.21020351268469473,0.3368327004690641,0.21020351268469473,0.9999528550921527,25,dwulff/mpnet-personality
SentenceTransformer,0.8,4,0.8471910112359551,0.21020351268469473,0.3368327004690641,0.21020351268469473,0.9999528550921527,25,dwulff/mpnet-personality
SentenceTransformer,0.8,5,0.8471910112359551,0.21020351268469473,0.3368327004690641,0.21020351268469473,0.9999528550921527,25,dwulff/mpnet-personality
SentenceTransformer,0.85,1,0.8907216494845361,0.12043490381934764,0.21218074656188604,0.12043490381934764,0.999981627352089,25,dwulff/mpnet-personality
SentenceTransformer,0.85,2,0.8918367346938776,0.12182882631725676,0.21437331371106205,0.12182882631725676,0.999981627352089,25,dwulff/mpnet-personality
SentenceTransformer,0.85,3,0.8918367346938776,0.12182882631725676,0.21437331371106205,0.12182882631725676,0.999981627352089,25,dwulff/mpnet-personality
SentenceTransformer,0.85,4,0.8918367346938776,0.12182882631725676,0.21437331371106205,0.12182882631725676,0.999981627352089,25,dwulff/mpnet-personality
SentenceTransformer,0.85,5,0.8918367346938776,0.12182882631725676,0.21437331371106205,0.12182882631725676,0.999981627352089,25,dwulff/mpnet-personality
SentenceTransformer,0.1,1,0.023360324725081285,0.6289378310565933,0.045047473567556236,0.6289378310565933,0.967304313100426,50,dwulff/mpnet-personality
SentenceTransformer,0.1,2,0.02782198509291169,0.6774463339838305,0.05344888263241246,0.6774463339838305,0.9705652847777759,50,dwulff/mpnet-personality
SentenceTransformer,0.1,3,0.025331011597726452,0.6448285475327572,0.04874707580770933,0.6448285475327572,0.9691485109662176,50,dwulff/mpnet-personality
SentenceTransformer,0.1,4,0.024852339377196872,0.6721494284917758,0.047932405566600396,0.6721494284917758,0.9672058634399213,50,dwulff/mpnet-personality
SentenceTransformer,0.1,5,0.022492488784623618,0.6094229160858656,0.04338377573803027,0.6094229160858656,0.9670672019462527,50,dwulff/mpnet-personality
SentenceTransformer,0.15,1,0.023360324725081285,0.6289378310565933,0.045047473567556236,0.6289378310565933,0.967304313100426,50,dwulff/mpnet-personality
SentenceTransformer,0.15,2,0.02782198509291169,0.6774463339838305,0.05344888263241246,0.6774463339838305,0.9705652847777759,50,dwulff/mpnet-personality
SentenceTransformer,0.15,3,0.025331011597726452,0.6448285475327572,0.04874707580770933,0.6448285475327572,0.9691485109662176,50,dwulff/mpnet-personality
SentenceTransformer,0.15,4,0.024852339377196872,0.6721494284917758,0.047932405566600396,0.6721494284917758,0.9672058634399213,50,dwulff/mpnet-personality
SentenceTransformer,0.15,5,0.022492488784623618,0.6094229160858656,0.04338377573803027,0.6094229160858656,0.9670672019462527,50,dwulff/mpnet-personality
SentenceTransformer,0.2,1,0.023360324725081285,0.6289378310565933,0.045047473567556236,0.6289378310565933,0.967304313100426,50,dwulff/mpnet-personality
SentenceTransformer,0.2,2,0.02782198509291169,0.6774463339838305,0.05344888263241246,0.6774463339838305,0.9705652847777759,50,dwulff/mpnet-personality
SentenceTransformer,0.2,3,0.025466799855102692,0.64678003902983,0.049004076632237076,0.64678003902983,0.9692244281340011,50,dwulff/mpnet-personality
SentenceTransformer,0.2,4,0.025348487633960918,0.6534708670197937,0.048803847675362805,0.6534708670197937,0.9687571389003381,50,dwulff/mpnet-personality
SentenceTransformer,0.2,5,0.022492488784623618,0.6094229160858656,0.04338377573803027,0.6094229160858656,0.9670672019462527,50,dwulff/mpnet-personality
SentenceTransformer,0.25,1,0.026701376864379456,0.6233621410649568,0.05120923415170392,0.6233621410649568,0.9717459873963635,50,dwulff/mpnet-personality
SentenceTransformer,0.25,2,0.030457111544392197,0.6662949540005576,0.05825148066002096,0.6662949540005576,0.973626237250509,50,dwulff/mpnet-personality
SentenceTransformer,0.25,3,0.025734184561810796,0.6180652355729022,0.04941105675473885,0.6180652355729022,0.9709043121297954,50,dwulff/mpnet-personality
SentenceTransformer,0.25,4,0.030337750958000738,0.6643434625034849,0.058025713450861986,0.6643434625034849,0.9735967716831044,50,dwulff/mpnet-personality
SentenceTransformer,0.25,5,0.0248903989478299,0.6331195985503206,0.04789775064064032,0.6331195985503206,0.9691585639245085,50,dwulff/mpnet-personality
SentenceTransformer,0.3,1,0.039423249149202935,0.613604683579593,0.07408654088897117,0.613604683579593,0.9814093068901243,50,dwulff/mpnet-personality
SentenceTransformer,0.3,2,0.042205246941714826,0.6453861165319208,0.0792292686265786,0.6453861165319208,0.9817881994215736,50,dwulff/mpnet-personality
SentenceTransformer,0.3,3,0.04348408325681053,0.6336771675494842,0.08138348341359494,0.6336771675494842,0.9826676599451664,50,dwulff/mpnet-personality
SentenceTransformer,0.3,4,0.04003966354373248,0.65291329802063,0.07545224633128755,0.65291329802063,0.9805353928262783,50,dwulff/mpnet-personality
SentenceTransformer,0.3,5,0.03914682642152559,0.6339559520490661,0.07374019067384396,0.6339559520490661,0.9806515218272257,50,dwulff/mpnet-personality
SentenceTransformer,0.35,1,0.06048140530324087,0.6066350710900474,0.10999620877037786,0.6066350710900474,0.9882824104775397,50,dwulff/mpnet-personality
SentenceTransformer,0.35,2,0.05337253214780821,0.6225257875662114,0.09831590533847001,0.6225257875662114,0.9862707788581434,50,dwulff/mpnet-personality
SentenceTransformer,0.35,3,0.06492604278229658,0.6253136325620295,0.11763780353490323,0.6253136325620295,0.9888016977713284,50,dwulff/mpnet-personality
SentenceTransformer,0.35,4,0.0576552815508374,0.6094229160858656,0.10534432075562623,0.6094229160858656,0.9876144087317916,50,dwulff/mpnet-personality
SentenceTransformer,0.35,5,0.05368900077459334,0.618344020072484,0.0987995278291276,0.618344020072484,0.986447918916305,50,dwulff/mpnet-personality
SentenceTransformer,0.4,1,0.08073164239266836,0.5918594926122107,0.142082719850087,0.5918594926122107,0.9916199926301417,50,dwulff/mpnet-personality
SentenceTransformer,0.4,2,0.07598603839441535,0.6069138555896292,0.13506219561373578,0.6069138555896292,0.9908230356952816,50,dwulff/mpnet-personality
SentenceTransformer,0.4,3,0.08678709153643191,0.5960412601059382,0.15151300403940188,0.5960412601059382,0.992201330942347,50,dwulff/mpnet-personality
SentenceTransformer,0.4,4,0.07645423438836613,0.5979927516030109,0.13557500869070568,0.5979927516030109,0.991017855093886,50,dwulff/mpnet-personality
SentenceTransformer,0.4,5,0.07608734498409635,0.5935321996097017,0.13488342625443486,0.5935321996097017,0.9910383076642021,50,dwulff/mpnet-personality
SentenceTransformer,0.45,1,0.11724699180375515,0.5623083356565375,0.19403559403559403,0.5623083356565375,0.9947357163928737,50,dwulff/mpnet-personality
SentenceTransformer,0.45,2,0.12320497040032824,0.5860050181209925,0.20360325455249903,0.5860050181209925,0.9948144067905307,50,dwulff/mpnet-personality
SentenceTransformer,0.45,3,0.13585760517799353,0.585168664622247,0.2205179387508536,0.585168664622247,0.9953718259950782,50,dwulff/mpnet-personality
SentenceTransformer,0.45,4,0.10587098087098087,0.5801505436297741,0.17906466463021126,0.5801505436297741,0.9939075606219384,50,dwulff/mpnet-personality
SentenceTransformer,0.45,5,0.11725312145289443,0.5759687761360468,0.19484132597727166,0.5759687761360468,0.9946081478186987,50,dwulff/mpnet-personality
SentenceTransformer,0.5,1,0.1700134998312521,0.5617507666573739,0.26102726860547965,0.5617507666573739,0.9965899672169564,50,dwulff/mpnet-personality
SentenceTransformer,0.5,2,0.1635868668536545,0.5528296626707555,0.25246673881214593,0.5528296626707555,0.9964852777892366,50,dwulff/mpnet-personality
SentenceTransformer,0.5,3,0.18938053097345134,0.5667688876498467,0.2838988968021226,0.5667688876498467,0.9969834192052408,50,dwulff/mpnet-personality
SentenceTransformer,0.5,4,0.15283004377543968,0.5547811541678282,0.23964354527938342,0.5547811541678282,0.9961760626583558,50,dwulff/mpnet-personality
SentenceTransformer,0.5,5,0.1737643235847443,0.5664901031502648,0.2659511812054185,0.5664901031502648,0.9966506316204363,50,dwulff/mpnet-personality
SentenceTransformer,0.55,1,0.2357547283459824,0.5455812656816281,0.32923956931359355,0.5455812656816281,0.9978008287104169,50,dwulff/mpnet-personality
SentenceTransformer,0.55,2,0.21482825076521936,0.5282966267075551,0.30544809800128947,0.5282966267075551,0.9975990762371292,50,dwulff/mpnet-personality
SentenceTransformer,0.55,3,0.24323984404477425,0.5391692221912462,0.33524007626971747,0.5391692221912462,0.9979141844814909,50,dwulff/mpnet-personality
SentenceTransformer,0.55,4,0.22047428973937544,0.523557290214664,0.31028500619578686,0.523557290214664,0.9976982192051022,50,dwulff/mpnet-personality
SentenceTransformer,0.55,5,0.23535714285714285,0.5511569556732646,0.32985734545757905,0.5511569556732646,0.9977734430654174,50,dwulff/mpnet-personality
SentenceTransformer,0.6,1,0.3039772727272727,0.47727906328408143,0.37140687710163794,0.47727906328408143,0.9986411173620483,50,dwulff/mpnet-personality
SentenceTransformer,0.6,2,0.3177966101694915,0.4809032617786451,0.3826955074875208,0.4809032617786451,0.9987163412223634,50,dwulff/mpnet-personality
SentenceTransformer,0.6,3,0.3044241573033708,0.4834123222748815,0.3735861251750512,0.4834123222748815,0.998626557905213,50,dwulff/mpnet-personality
SentenceTransformer,0.6,4,0.300564772326156,0.474770002787845,0.36809683345941857,0.474770002787845,0.9986262112514789,50,dwulff/mpnet-personality
SentenceTransformer,0.6,5,0.30674955595026643,0.48146083077780877,0.37474232396658347,0.48146083077780877,0.9986470104755292,50,dwulff/mpnet-personality
SentenceTransformer,0.65,1,0.41959798994974873,0.41901310287148036,0.4193053424466453,0.41901310287148036,0.9992793068866578,50,dwulff/mpnet-personality
SentenceTransformer,0.65,2,0.42453884851872553,0.4234736548647895,0.4240055826936497,0.4234736548647895,0.9992862399613411,50,dwulff/mpnet-personality
SentenceTransformer,0.65,3,0.42481097731727807,0.42291608586562585,0.4238614138027382,0.42291608586562585,0.9992879732300121,50,dwulff/mpnet-personality
SentenceTransformer,0.65,4,0.4125340599455041,0.4220797323668804,0.4172523081163015,0.4220797323668804,0.9992526145491265,50,dwulff/mpnet-personality
SentenceTransformer,0.65,5,0.41850712887894886,0.4173403958739894,0.41792294807370184,0.4173403958739894,0.9992789602329236,50,dwulff/mpnet-personality
SentenceTransformer,0.7,1,0.5886302596239928,0.3666016169500976,0.45181240336711903,0.3666016169500976,0.9996814252182965,50,dwulff/mpnet-personality
SentenceTransformer,0.7,2,0.5959872321021432,0.364371340953443,0.4522491349480969,0.364371340953443,0.9996928647915242,50,dwulff/mpnet-personality
SentenceTransformer,0.7,3,0.5870353581142339,0.3610259269584611,0.4470913171068531,0.3610259269584611,0.9996841984481699,50,dwulff/mpnet-personality
SentenceTransformer,0.7,4,0.5855614973262032,0.3663228324505158,0.4506945635397016,0.3663228324505158,0.9996776120272206,50,dwulff/mpnet-personality
SentenceTransformer,0.7,5,0.5890596745027125,0.3632562029551157,0.44938782548715295,0.3632562029551157,0.9996848917556382,50,dwulff/mpnet-personality
SentenceTransformer,0.75,1,0.7025534851621809,0.28380262057429606,0.40428911834789516,0.28380262057429606,0.9998505922405722,50,dwulff/mpnet-personality
SentenceTransformer,0.75,2,0.7056786703601108,0.2840814050738779,0.4050884516000795,0.2840814050738779,0.9998526721629771,50,dwulff/mpnet-personality
SentenceTransformer,0.75,3,0.7055593685655457,0.2865904655701143,0.4076130055511499,0.2865904655701143,0.9998512855480405,50,dwulff/mpnet-personality
SentenceTransformer,0.75,4,0.713490959666203,0.28603289657095066,0.4083582089552239,0.28603289657095066,0.9998571786615214,50,dwulff/mpnet-personality
SentenceTransformer,0.75,5,0.7023643949930459,0.28157234457764146,0.4019900497512438,0.28157234457764146,0.9998516322017746,50,dwulff/mpnet-personality
SentenceTransformer,0.8,1,0.844097995545657,0.21131865068302202,0.338015607580825,0.21131865068302202,0.999951468477216,50,dwulff/mpnet-personality
SentenceTransformer,0.8,2,0.8471910112359551,0.21020351268469473,0.3368327004690641,0.21020351268469473,0.9999528550921527,50,dwulff/mpnet-personality
SentenceTransformer,0.8,3,0.8459796149490374,0.20825202118762196,0.33422818791946307,0.20825202118762196,0.9999528550921527,50,dwulff/mpnet-personality
SentenceTransformer,0.8,4,0.8473625140291807,0.21048229718427655,0.337204108977222,0.21048229718427655,0.9999528550921527,50,dwulff/mpnet-personality
SentenceTransformer,0.8,5,0.8471910112359551,0.21020351268469473,0.3368327004690641,0.21020351268469473,0.9999528550921527,50,dwulff/mpnet-personality
SentenceTransformer,0.85,1,0.8944099378881988,0.12043490381934764,0.2122850122850123,0.12043490381934764,0.9999823206595573,50,dwulff/mpnet-personality
SentenceTransformer,0.85,2,0.8918367346938776,0.12182882631725676,0.21437331371106205,0.12182882631725676,0.999981627352089,50,dwulff/mpnet-personality
SentenceTransformer,0.85,3,0.8918367346938776,0.12182882631725676,0.21437331371106205,0.12182882631725676,0.999981627352089,50,dwulff/mpnet-personality
SentenceTransformer,0.85,4,0.8920570264765784,0.12210761081683859,0.2148111819519372,0.12210761081683859,0.999981627352089,50,dwulff/mpnet-personality
SentenceTransformer,0.85,5,0.8918367346938776,0.12182882631725676,0.21437331371106205,0.12182882631725676,0.999981627352089,50,dwulff/mpnet-personality
SentenceTransformer,0.1,1,0.04673533843899015,0.6311681070532479,0.08702671535652508,0.6311681070532479,0.9839918772097009,100,dwulff/mpnet-personality
SentenceTransformer,0.1,2,0.05093962067165478,0.65291329802063,0.0945059822851724,0.65291329802063,0.984874110963167,100,dwulff/mpnet-personality
SentenceTransformer,0.1,3,0.050417944024172386,0.637301366044048,0.0934434270765206,0.637301366044048,0.9850748234752522,100,dwulff/mpnet-personality
SentenceTransformer,0.1,4,0.04597541358012432,0.6453861165319208,0.08583611420096403,0.6453861165319208,0.9833474479178763,100,dwulff/mpnet-personality
SentenceTransformer,0.1,5,0.0427026001138736,0.6272651240591023,0.07996161842315688,0.6272651240591023,0.9825147856483968,100,dwulff/mpnet-personality
SentenceTransformer,0.15,1,0.04673533843899015,0.6311681070532479,0.08702671535652508,0.6311681070532479,0.9839918772097009,100,dwulff/mpnet-personality
SentenceTransformer,0.15,2,0.05093962067165478,0.65291329802063,0.0945059822851724,0.65291329802063,0.984874110963167,100,dwulff/mpnet-personality
SentenceTransformer,0.15,3,0.050417944024172386,0.637301366044048,0.0934434270765206,0.637301366044048,0.9850748234752522,100,dwulff/mpnet-personality
SentenceTransformer,0.15,4,0.04597541358012432,0.6453861165319208,0.08583611420096403,0.6453861165319208,0.9833474479178763,100,dwulff/mpnet-personality
SentenceTransformer,0.15,5,0.0427026001138736,0.6272651240591023,0.07996161842315688,0.6272651240591023,0.9825147856483968,100,dwulff/mpnet-personality
SentenceTransformer,0.2,1,0.04673533843899015,0.6311681070532479,0.08702671535652508,0.6311681070532479,0.9839918772097009,100,dwulff/mpnet-personality
SentenceTransformer,0.2,2,0.05093962067165478,0.65291329802063,0.0945059822851724,0.65291329802063,0.984874110963167,100,dwulff/mpnet-personality
SentenceTransformer,0.2,3,0.050417944024172386,0.637301366044048,0.0934434270765206,0.637301366044048,0.9850748234752522,100,dwulff/mpnet-personality
SentenceTransformer,0.2,4,0.04597541358012432,0.6453861165319208,0.08583611420096403,0.6453861165319208,0.9833474479178763,100,dwulff/mpnet-personality
SentenceTransformer,0.2,5,0.0427026001138736,0.6272651240591023,0.07996161842315688,0.6272651240591023,0.9825147856483968,100,dwulff/mpnet-personality
SentenceTransformer,0.25,1,0.04737250298698304,0.6300529690549206,0.0881194681639178,0.6300529690549206,0.9842456277431143,100,dwulff/mpnet-personality
SentenceTransformer,0.25,2,0.05232282665102322,0.6465012545302481,0.0968105535609919,0.6465012545302481,0.9854398498573347,100,dwulff/mpnet-personality
SentenceTransformer,0.25,3,0.04979498761155086,0.6331195985503206,0.09232833272350287,0.6331195985503206,0.98497741377595,100,dwulff/mpnet-personality
SentenceTransformer,0.25,4,0.04817403161886905,0.6303317535545023,0.08950733358405416,0.6303317535545023,0.9845139377333629,100,dwulff/mpnet-personality
SentenceTransformer,0.25,5,0.047314341967636744,0.6431558405352662,0.08814427081343369,0.6431558405352662,0.9838972407402721,100,dwulff/mpnet-personality
SentenceTransformer,0.3,1,0.05891027835567377,0.6236409255645387,0.10765158806544754,0.6236409255645387,0.9876119821556524,100,dwulff/mpnet-personality
SentenceTransformer,0.3,2,0.0583851252030843,0.6311681070532479,0.10688320271928996,0.6311681070532479,0.9873426322042013,100,dwulff/mpnet-personality
SentenceTransformer,0.3,3,0.06105900478417169,0.6297741845553387,0.11132465996451804,0.6297741845553387,0.9879579425823554,100,dwulff/mpnet-personality
SentenceTransformer,0.3,4,0.05546304912091679,0.6314468915528296,0.10196961170512099,0.6314468915528296,0.9866285255118082,100,dwulff/mpnet-personality
SentenceTransformer,0.3,5,0.0523463195441701,0.6300529690549206,0.09666174803789483,0.6300529690549206,0.985817009120113,100,dwulff/mpnet-personality
SentenceTransformer,0.35,1,0.07165440809398609,0.6002230275996655,0.1280252125825058,0.6002230275996655,0.9903304407390242,100,dwulff/mpnet-personality
SentenceTransformer,0.35,2,0.06856029469966816,0.627822693058266,0.12362079376406652,0.627822693058266,0.9893941290030274,100,dwulff/mpnet-personality
SentenceTransformer,0.35,3,0.07200987998353336,0.6339559520490661,0.12932946596144002,0.6339559520490661,0.9898413123201084,100,dwulff/mpnet-personality
SentenceTransformer,0.35,4,0.07344150298889837,0.6233621410649568,0.13140187465107395,0.6233621410649568,0.990220898159026,100,dwulff/mpnet-personality
SentenceTransformer,0.35,5,0.06556546110498226,0.6130471145804294,0.11846145558368798,0.6130471145804294,0.9891358719710697,100,dwulff/mpnet-personality
SentenceTransformer,0.4,1,0.08974634104468003,0.5829383886255924,0.15554563713456818,0.5829383886255924,0.9926481676056939,100,dwulff/mpnet-personality
SentenceTransformer,0.4,2,0.08362700455355375,0.5887928631168107,0.14645308924485126,0.5887928631168107,0.9919773926300722,100,dwulff/mpnet-personality
SentenceTransformer,0.4,3,0.09154899535002772,0.5982715361025926,0.15879828326180256,0.5982715361025926,0.992618008730821,100,dwulff/mpnet-personality
SentenceTransformer,0.4,4,0.09524866785079929,0.5979927516030109,0.1643237445895737,0.5979927516030109,0.9929369301662586,100,dwulff/mpnet-personality
SentenceTransformer,0.4,5,0.08647940381623127,0.5887928631168107,0.15080866864222214,0.5887928631168107,0.992266155190637,100,dwulff/mpnet-personality
SentenceTransformer,0.45,1,0.12282720610502089,0.5653749651519375,0.2018111254851229,0.5653749651519375,0.9949794139679963,100,dwulff/mpnet-personality
SentenceTransformer,0.45,2,0.12809072318274772,0.5762475606356287,0.20959237477185155,0.5762475606356287,0.995122581960209,100,dwulff/mpnet-personality
SentenceTransformer,0.45,3,0.13920360431988338,0.5857262336214106,0.22494646680942185,0.5857262336214106,0.9954962746856457,100,dwulff/mpnet-personality
SentenceTransformer,0.45,4,0.12354022170845931,0.5809868971285197,0.20375439968713335,0.5809868971285197,0.9948747245402765,100,dwulff/mpnet-personality
SentenceTransformer,0.45,5,0.1320012488292226,0.5893504321159744,0.2156922762983369,0.5893504321159744,0.995181166441284,100,dwulff/mpnet-personality
SentenceTransformer,0.5,1,0.17549194991055456,0.5469751881795372,0.26572763594501253,0.5469751881795372,0.9968045458784084,100,dwulff/mpnet-personality
SentenceTransformer,0.5,2,0.1648471615720524,0.547253972679119,0.2533720555017748,0.547253972679119,0.9965525286136658,100,dwulff/mpnet-personality
SentenceTransformer,0.5,3,0.20005910165484633,0.566211318650683,0.29565470558264795,0.566211318650683,0.9971848250247944,100,dwulff/mpnet-personality
SentenceTransformer,0.5,4,0.1601659089096275,0.559799275160301,0.24906970974944181,0.559799275160301,0.9963500828329098,100,dwulff/mpnet-personality
SentenceTransformer,0.5,5,0.18220946915351507,0.5664901031502648,0.2757310536671416,0.5664901031502648,0.9968385179443572,100,dwulff/mpnet-personality
SentenceTransformer,0.55,1,0.2510610079575597,0.5277390577083915,0.3402534375842545,0.5277390577083915,0.9980424463631343,100,dwulff/mpnet-personality
SentenceTransformer,0.55,2,0.22919410849000119,0.5335935321996097,0.32065672641983584,0.5335935321996097,0.997768589913139,100,dwulff/mpnet-personality
SentenceTransformer,0.55,3,0.2468705639437347,0.5333147477000278,0.3375088214537756,0.5333147477000278,0.997976928807376,100,dwulff/mpnet-personality
SentenceTransformer,0.55,4,0.2270178005364545,0.5190967382213549,0.31588769191619304,0.5190967382213549,0.9978022153253536,100,dwulff/mpnet-personality
SentenceTransformer,0.55,5,0.23533671252715424,0.5436297741845554,0.32847637496841575,0.5436297741845554,0.9978036019402903,100,dwulff/mpnet-personality
SentenceTransformer,0.6,1,0.3189375119434359,0.465291329802063,0.3784580498866213,0.465291329802063,0.9987645260914133,100,dwulff/mpnet-personality
SentenceTransformer,0.6,2,0.30966364121729845,0.48508502927237246,0.3780143384749077,0.48508502927237246,0.9986553301651493,100,dwulff/mpnet-personality
SentenceTransformer,0.6,3,0.3214220267546271,0.488988012266518,0.3878814683768244,0.488988012266518,0.9987163412223634,100,dwulff/mpnet-personality
SentenceTransformer,0.6,4,0.29262753319357093,0.46696403679955395,0.3597894962947052,0.46696403679955395,0.9985963990303401,100,dwulff/mpnet-personality
SentenceTransformer,0.6,5,0.3368973561430793,0.4831335377752997,0.39697629137555834,0.4831335377752997,0.9988175641127415,100,dwulff/mpnet-personality
SentenceTransformer,0.65,1,0.43157894736842106,0.42291608586562585,0.42720360461841733,0.42291608586562585,0.9993073858391256,100,dwulff/mpnet-personality
SentenceTransformer,0.65,2,0.43054771315640883,0.42514636186228044,0.427829990180951,0.42514636186228044,0.9993007994181764,100,dwulff/mpnet-personality
SentenceTransformer,0.65,3,0.4409583571021107,0.43100083635349873,0.43592274073029746,0.43100083635349873,0.9993205586810241,100,dwulff/mpnet-personality
SentenceTransformer,0.65,4,0.418848167539267,0.42375243936437135,0.4212860310421286,0.42375243936437135,0.9992689072746326,100,dwulff/mpnet-personality
SentenceTransformer,0.65,5,0.4194359117564926,0.4187343183718985,0.41908482142857145,0.4187343183718985,0.9992793068866578,100,dwulff/mpnet-personality
SentenceTransformer,0.7,1,0.5834076717216771,0.36465012545302483,0.4487905301080803,0.36465012545302483,0.999676225412284,100,dwulff/mpnet-personality
SentenceTransformer,0.7,2,0.5637699956766105,0.36353498745469753,0.44203389830508477,0.36353498745469753,0.9996502263822211,100,dwulff/mpnet-personality
SentenceTransformer,0.7,3,0.5907664724338861,0.367437970448843,0.45307665864558266,0.367437970448843,0.9996835051407016,100,dwulff/mpnet-personality
SentenceTransformer,0.7,4,0.585321927059883,0.36241984945637024,0.4476584022038568,0.36241984945637024,0.9996807319108282,100,dwulff/mpnet-personality
SentenceTransformer,0.7,5,0.5890909090909091,0.36130471145804294,0.447900466562986,0.36130471145804294,0.999686625024309,100,dwulff/mpnet-personality
SentenceTransformer,0.75,1,0.7042156185210781,0.2840814050738779,0.40484704012713546,0.2840814050738779,0.9998516322017746,100,dwulff/mpnet-personality
SentenceTransformer,0.75,2,0.7110956036287509,0.2840814050738779,0.4059760956175299,0.2840814050738779,0.999856485354053,100,dwulff/mpnet-personality
SentenceTransformer,0.75,3,0.7032213845099383,0.28603289657095066,0.40665873959571935,0.28603289657095066,0.9998498989331038,100,dwulff/mpnet-personality
SentenceTransformer,0.75,4,0.7153900210822206,0.28380262057429606,0.4063872255489022,0.28380262057429606,0.9998596052376606,100,dwulff/mpnet-personality
SentenceTransformer,0.75,5,0.7074022346368715,0.28240869807638697,0.40366606893803547,0.28240869807638697,0.9998547520853822,100,dwulff/mpnet-personality
SentenceTransformer,0.8,1,0.84375,0.21076108168385838,0.337274146776712,0.21076108168385838,0.999951468477216,100,dwulff/mpnet-personality
SentenceTransformer,0.8,2,0.8456299659477866,0.20769445218845833,0.3334825425246195,0.20769445218845833,0.9999528550921527,100,dwulff/mpnet-personality
SentenceTransformer,0.8,3,0.8460661345496009,0.20685809868971286,0.3324372759856631,0.20685809868971286,0.9999532017458869,100,dwulff/mpnet-personality
SentenceTransformer,0.8,4,0.8473625140291807,0.21048229718427655,0.337204108977222,0.21048229718427655,0.9999528550921527,100,dwulff/mpnet-personality
SentenceTransformer,0.8,5,0.8471910112359551,0.21020351268469473,0.3368327004690641,0.21020351268469473,0.9999528550921527,100,dwulff/mpnet-personality
SentenceTransformer,0.85,1,0.8944099378881988,0.12043490381934764,0.2122850122850123,0.12043490381934764,0.9999823206595573,100,dwulff/mpnet-personality
SentenceTransformer,0.85,2,0.8918367346938776,0.12182882631725676,0.21437331371106205,0.12182882631725676,0.999981627352089,100,dwulff/mpnet-personality
SentenceTransformer,0.85,3,0.8936605316973415,0.12182882631725676,0.21442590775269874,0.12182882631725676,0.9999819740058231,100,dwulff/mpnet-personality
SentenceTransformer,0.85,4,0.8920570264765784,0.12210761081683859,0.2148111819519372,0.12210761081683859,0.999981627352089,100,dwulff/mpnet-personality
SentenceTransformer,0.85,5,0.8918367346938776,0.12182882631725676,0.21437331371106205,0.12182882631725676,0.999981627352089,100,dwulff/mpnet-personality
SentenceTransformer,0.1,1,0.0964775846294602,0.5879565096180652,0.16575627775376273,0.5879565096180652,0.9931532420963816,250,dwulff/mpnet-personality
SentenceTransformer,0.1,2,0.09849265050088943,0.5865625871201561,0.16866407471241332,0.5865625871201561,0.993324142387328,250,dwulff/mpnet-personality
SentenceTransformer,0.1,3,0.10456623156307432,0.6186228045720658,0.1788939051918736,0.6186228045720658,0.9934128857432759,250,dwulff/mpnet-personality
SentenceTransformer,0.1,4,0.10231750797522987,0.6080289935879565,0.17515961932297314,0.6080289935879565,0.9933667807966311,250,dwulff/mpnet-personality
SentenceTransformer,0.1,5,0.09490999913874774,0.6144410370783384,0.16442239546420978,0.6144410370783384,0.9927140318151864,250,dwulff/mpnet-personality
SentenceTransformer,0.15,1,0.0964775846294602,0.5879565096180652,0.16575627775376273,0.5879565096180652,0.9931532420963816,250,dwulff/mpnet-personality
SentenceTransformer,0.15,2,0.09849265050088943,0.5865625871201561,0.16866407471241332,0.5865625871201561,0.993324142387328,250,dwulff/mpnet-personality
SentenceTransformer,0.15,3,0.10456623156307432,0.6186228045720658,0.1788939051918736,0.6186228045720658,0.9934128857432759,250,dwulff/mpnet-personality
SentenceTransformer,0.15,4,0.10231750797522987,0.6080289935879565,0.17515961932297314,0.6080289935879565,0.9933667807966311,250,dwulff/mpnet-personality
SentenceTransformer,0.15,5,0.09490999913874774,0.6144410370783384,0.16442239546420978,0.6144410370783384,0.9927140318151864,250,dwulff/mpnet-personality
SentenceTransformer,0.2,1,0.0964775846294602,0.5879565096180652,0.16575627775376273,0.5879565096180652,0.9931532420963816,250,dwulff/mpnet-personality
SentenceTransformer,0.2,2,0.09849265050088943,0.5865625871201561,0.16866407471241332,0.5865625871201561,0.993324142387328,250,dwulff/mpnet-personality
SentenceTransformer,0.2,3,0.10456623156307432,0.6186228045720658,0.1788939051918736,0.6186228045720658,0.9934128857432759,250,dwulff/mpnet-personality
SentenceTransformer,0.2,4,0.10231750797522987,0.6080289935879565,0.17515961932297314,0.6080289935879565,0.9933667807966311,250,dwulff/mpnet-personality
SentenceTransformer,0.2,5,0.09490999913874774,0.6144410370783384,0.16442239546420978,0.6144410370783384,0.9927140318151864,250,dwulff/mpnet-personality
SentenceTransformer,0.25,1,0.09772737749504448,0.5910231391134653,0.16772151898734178,0.5910231391134653,0.993214946461064,250,dwulff/mpnet-personality
SentenceTransformer,0.25,2,0.09828239809051341,0.5854474491218288,0.16830968982928587,0.5854474491218288,0.9933210225037205,250,dwulff/mpnet-personality
SentenceTransformer,0.25,3,0.10578339590362591,0.6205742960691386,0.18075517661388552,0.6205742960691386,0.9934770166840976,250,dwulff/mpnet-personality
SentenceTransformer,0.25,4,0.10204368613480828,0.6069138555896292,0.17471209020504797,0.6069138555896292,0.9933591544144793,250,dwulff/mpnet-personality
SentenceTransformer,0.25,5,0.09542545831892078,0.6152773905770839,0.16522552872917837,0.6152773905770839,0.992747657227401,250,dwulff/mpnet-personality
SentenceTransformer,0.3,1,0.09956062447415163,0.5938109841092836,0.1705296024978984,0.5938109841092836,0.9933220624649229,250,dwulff/mpnet-personality
SentenceTransformer,0.3,2,0.10113426035783779,0.5940897686088653,0.17284451293697786,0.5940897686088653,0.9934343782747945,250,dwulff/mpnet-personality
SentenceTransformer,0.3,3,0.10731564286761472,0.6122107610816838,0.1826195426195426,0.6122107610816838,0.9936676762378919,250,dwulff/mpnet-personality
SentenceTransformer,0.3,4,0.1054415086926628,0.5985503206021745,0.1792976742243935,0.5985503206021745,0.9936857022320688,250,dwulff/mpnet-personality
SentenceTransformer,0.3,5,0.09978025920444863,0.6202955115695568,0.17190759483890905,0.6202955115695568,0.9930412729402441,250,dwulff/mpnet-personality
SentenceTransformer,0.35,1,0.10804986917038634,0.5871201561193198,0.18251148279746945,0.5871201561193198,0.9939734248314309,250,dwulff/mpnet-personality
SentenceTransformer,0.35,2,0.10489861473599679,0.5826596041260106,0.17778911998638935,0.5826596041260106,0.993817777304788,250,dwulff/mpnet-personality
SentenceTransformer,0.35,3,0.12013179927618431,0.6200167270699749,0.20126696832579186,0.6200167270699749,0.9943533573240828,250,dwulff/mpnet-personality
SentenceTransformer,0.35,4,0.1162626372431786,0.5963200446055199,0.1945872185581078,0.5963200446055199,0.9943637569361079,250,dwulff/mpnet-personality
SentenceTransformer,0.35,5,0.10270966510829119,0.6002230275996655,0.1754042934539085,0.6002230275996655,0.9934797899139709,250,dwulff/mpnet-personality
SentenceTransformer,0.4,1,0.1277500462192642,0.5779202676331195,0.20924598768547492,0.5779202676331195,0.9950934630465386,250,dwulff/mpnet-personality
SentenceTransformer,0.4,2,0.12299622819424799,0.5818232506272651,0.20306494770128922,0.5818232506272651,0.994841445781796,250,dwulff/mpnet-personality
SentenceTransformer,0.4,3,0.13516441498852919,0.5913019236130471,0.22003215934436435,0.5913019236130471,0.9952955621735605,250,dwulff/mpnet-personality
SentenceTransformer,0.4,4,0.13505359779189935,0.5865625871201561,0.21955546279870605,0.5865625871201561,0.995328840932041,250,dwulff/mpnet-personality
SentenceTransformer,0.4,5,0.12092141544117647,0.5868413716197379,0.2005239342700643,0.5868413716197379,0.9946951579059757,250,dwulff/mpnet-personality
SentenceTransformer,0.45,1,0.16028066855881426,0.5667688876498467,0.24989244668428492,0.5667688876498467,0.9963077910773409,250,dwulff/mpnet-personality
SentenceTransformer,0.45,2,0.15475369646824486,0.5631446891552829,0.24278846153846154,0.5631446891552829,0.9961753693508875,250,dwulff/mpnet-personality
SentenceTransformer,0.45,3,0.16309215177940137,0.5787566211318651,0.25447413581760236,0.5787566211318651,0.9963070977698726,250,dwulff/mpnet-personality
SentenceTransformer,0.45,4,0.17450963885848977,0.5779202676331195,0.26807189965084705,0.5779202676331195,0.9966007134827156,250,dwulff/mpnet-personality
SentenceTransformer,0.45,5,0.1577186311787072,0.5781990521327014,0.24783413992949752,0.5781990521327014,0.996160463240318,250,dwulff/mpnet-personality
SentenceTransformer,0.5,1,0.2005500101853738,0.54892667967661,0.2937709809772473,0.54892667967661,0.997279114840489,250,dwulff/mpnet-personality
SentenceTransformer,0.5,2,0.19486190089358246,0.5349874546975188,0.28567175288425756,0.5349874546975188,0.9972513825417553,250,dwulff/mpnet-personality
SentenceTransformer,0.5,3,0.2145610278372591,0.5586841371619738,0.31004873520538406,0.5586841371619738,0.997456948206119,250,dwulff/mpnet-personality
SentenceTransformer,0.5,4,0.20869565217391303,0.5486478951770282,0.3023738188522701,0.5486478951770282,0.9974132698356133,250,dwulff/mpnet-personality
SentenceTransformer,0.5,5,0.21780160857908848,0.566211318650683,0.3145910780669145,0.566211318650683,0.9974715076629541,250,dwulff/mpnet-personality
SentenceTransformer,0.55,1,0.2850949319778741,0.531642040702537,0.37115609186453874,0.531642040702537,0.9983423018431926,250,dwulff/mpnet-personality
SentenceTransformer,0.55,2,0.24487664795718575,0.5229997212155004,0.3335704125177809,0.5229997212155004,0.9979946081478187,250,dwulff/mpnet-personality
SentenceTransformer,0.55,3,0.2770220857101068,0.5280178422079732,0.36339217191097467,0.5280178422079732,0.9982864905919909,250,dwulff/mpnet-personality
SentenceTransformer,0.55,4,0.27985633043998803,0.5213270142180095,0.36420294089005745,0.5213270142180095,0.9983319022311674,250,dwulff/mpnet-personality
SentenceTransformer,0.55,5,0.2579737335834897,0.5366601616950097,0.3484478233324283,0.5366601616950097,0.9980805782738932,250,dwulff/mpnet-personality
SentenceTransformer,0.6,1,0.3425245098039216,0.4675216057987176,0.395378993280679,0.4675216057987176,0.9988841216297024,250,dwulff/mpnet-personality
SentenceTransformer,0.6,2,0.3241469816272966,0.4820183997769724,0.3876247057504764,0.4820183997769724,0.9987503132883122,250,dwulff/mpnet-personality
SentenceTransformer,0.6,3,0.3537877273635818,0.49344856425982714,0.4121071012805588,0.49344856425982714,0.998879268477424,250,dwulff/mpnet-personality
SentenceTransformer,0.6,4,0.34757950172169333,0.47839420128240867,0.4026278742374472,0.47839420128240867,0.9988834283222341,250,dwulff/mpnet-personality
SentenceTransformer,0.6,5,0.3315343099460293,0.47950933928073597,0.392022792022792,0.47950933928073597,0.9987978048498938,250,dwulff/mpnet-personality
SentenceTransformer,0.65,1,0.4431784107946027,0.4120434903819348,0.42704420687662525,0.4120434903819348,0.9993562640156438,250,dwulff/mpnet-personality
SentenceTransformer,0.65,2,0.4370179948586118,0.4265402843601896,0.4317155756207675,0.4265402843601896,0.9993167454899483,250,dwulff/mpnet-personality
SentenceTransformer,0.65,3,0.44403198172472874,0.4335098968497352,0.4387078572436169,0.4335098968497352,0.9993250651795683,250,dwulff/mpnet-personality
SentenceTransformer,0.65,4,0.4554159186116098,0.424310008363535,0.43931303218357626,0.424310008363535,0.9993690902038082,250,dwulff/mpnet-personality
SentenceTransformer,0.65,5,0.4544902912621359,0.4176191803735712,0.435275315995932,0.4176191803735712,0.99937671658596,250,dwulff/mpnet-personality
SentenceTransformer,0.7,1,0.5755011135857461,0.36018957345971564,0.4430727023319616,0.36018957345971564,0.9996696389913347,250,dwulff/mpnet-personality
SentenceTransformer,0.7,2,0.5913832199546485,0.36353498745469753,0.45027624309392267,0.36353498745469753,0.9996876649855116,250,dwulff/mpnet-personality
SentenceTransformer,0.7,3,0.5912806539509536,0.3629774184555339,0.4498186215235792,0.3629774184555339,0.9996880116392458,250,dwulff/mpnet-personality
SentenceTransformer,0.7,4,0.5884201077199281,0.3654864789517703,0.4509028374892519,0.3654864789517703,0.9996821185257648,250,dwulff/mpnet-personality
SentenceTransformer,0.7,5,0.5960729312762973,0.35545023696682465,0.44533705902899057,0.35545023696682465,0.999700491173676,250,dwulff/mpnet-personality
SentenceTransformer,0.75,1,0.7181303116147308,0.28268748257596876,0.40568113622724544,0.28268748257596876,0.9998620318137998,250,dwulff/mpnet-personality
SentenceTransformer,0.75,2,0.7051903114186852,0.2840814050738779,0.4050079491255962,0.2840814050738779,0.999852325509243,250,dwulff/mpnet-personality
SentenceTransformer,0.75,3,0.7168885774351786,0.2851965430722052,0.4080574391703231,0.2851965430722052,0.9998599518913948,250,dwulff/mpnet-personality
SentenceTransformer,0.75,4,0.71611071682044,0.28129356007805967,0.40392313851080863,0.28129356007805967,0.9998613385063314,250,dwulff/mpnet-personality
SentenceTransformer,0.75,5,0.7119603680113235,0.28045720657931417,0.4024,0.28045720657931417,0.9998589119301923,250,dwulff/mpnet-personality
SentenceTransformer,0.8,1,0.8538812785388128,0.20853080568720378,0.3352005377548734,0.20853080568720378,0.9999556283220261,250,dwulff/mpnet-personality
SentenceTransformer,0.8,2,0.8507462686567164,0.20657931419013104,0.33243606998654107,0.20657931419013104,0.9999549350145577,250,dwulff/mpnet-personality
SentenceTransformer,0.8,3,0.8444948921679909,0.2074156676888765,0.333034914950761,0.2074156676888765,0.9999525084384185,250,dwulff/mpnet-personality
SentenceTransformer,0.8,4,0.856655290102389,0.2099247281851129,0.33721450962830274,0.2099247281851129,0.9999563216294944,250,dwulff/mpnet-personality
SentenceTransformer,0.8,5,0.8466819221967964,0.2063005296905492,0.3317641784353284,0.2063005296905492,0.999953548399621,250,dwulff/mpnet-personality
SentenceTransformer,0.85,1,0.9041666666666667,0.12099247281851129,0.2134251290877797,0.12099247281851129,0.9999840539282281,250,dwulff/mpnet-personality
SentenceTransformer,0.85,2,0.8936605316973415,0.12182882631725676,0.21442590775269874,0.12182882631725676,0.9999819740058231,250,dwulff/mpnet-personality
SentenceTransformer,0.85,3,0.8930041152263375,0.12099247281851129,0.21311072919224158,0.12099247281851129,0.9999819740058231,250,dwulff/mpnet-personality
SentenceTransformer,0.85,4,0.9016393442622951,0.12266517981600224,0.21595092024539878,0.12266517981600224,0.9999833606207598,250,dwulff/mpnet-personality
SentenceTransformer,0.85,5,0.9010309278350516,0.12182882631725676,0.21463654223968565,0.12182882631725676,0.9999833606207598,250,dwulff/mpnet-personality
SentenceTransformer,0.1,1,0.001726491721777976,0.5115695567326457,0.003441369196088654,0.5115695567326457,0.6321955348919116,10,allenai/scibert_scivocab_uncased
SentenceTransformer,0.1,2,0.002365227246662304,0.48870922776693615,0.004707670575850429,0.48870922776693615,0.7436835356462301,10,allenai/scibert_scivocab_uncased
SentenceTransformer,0.1,3,0.0028135998656600306,0.45776414831335377,0.0055928240184883364,0.45776414831335377,0.7982641660915103,10,allenai/scibert_scivocab_uncased
SentenceTransformer,0.1,4,0.0018477754881478547,0.5057150822414274,0.0036820973746280353,0.5057150822414274,0.6603115793093479,10,allenai/scibert_scivocab_uncased
SentenceTransformer,0.1,5,0.0033055098769800796,0.4427097853359353,0.006562024144777757,0.4427097853359353,0.8340145656966024,10,allenai/scibert_scivocab_uncased
SentenceTransformer,0.15,1,0.001726491721777976,0.5115695567326457,0.003441369196088654,0.5115695567326457,0.6321955348919116,10,allenai/scibert_scivocab_uncased
SentenceTransformer,0.15,2,0.002365227246662304,0.48870922776693615,0.004707670575850429,0.48870922776693615,0.7436835356462301,10,allenai/scibert_scivocab_uncased
SentenceTransformer,0.15,3,0.0028135998656600306,0.45776414831335377,0.0055928240184883364,0.45776414831335377,0.7982641660915103,10,allenai/scibert_scivocab_uncased
SentenceTransformer,0.15,4,0.0018477754881478547,0.5057150822414274,0.0036820973746280353,0.5057150822414274,0.6603115793093479,10,allenai/scibert_scivocab_uncased
SentenceTransformer,0.15,5,0.0033055098769800796,0.4427097853359353,0.006562024144777757,0.4427097853359353,0.8340145656966024,10,allenai/scibert_scivocab_uncased
SentenceTransformer,0.2,1,0.001726491721777976,0.5115695567326457,0.003441369196088654,0.5115695567326457,0.6321955348919116,10,allenai/scibert_scivocab_uncased
SentenceTransformer,0.2,2,0.002365227246662304,0.48870922776693615,0.004707670575850429,0.48870922776693615,0.7436835356462301,10,allenai/scibert_scivocab_uncased
SentenceTransformer,0.2,3,0.0028135998656600306,0.45776414831335377,0.0055928240184883364,0.45776414831335377,0.7982641660915103,10,allenai/scibert_scivocab_uncased
SentenceTransformer,0.2,4,0.0018477754881478547,0.5057150822414274,0.0036820973746280353,0.5057150822414274,0.6603115793093479,10,allenai/scibert_scivocab_uncased
SentenceTransformer,0.2,5,0.0033055098769800796,0.4427097853359353,0.006562024144777757,0.4427097853359353,0.8340145656966024,10,allenai/scibert_scivocab_uncased
SentenceTransformer,0.25,1,0.001726491721777976,0.5115695567326457,0.003441369196088654,0.5115695567326457,0.6321955348919116,10,allenai/scibert_scivocab_uncased
SentenceTransformer,0.25,2,0.002365227246662304,0.48870922776693615,0.004707670575850429,0.48870922776693615,0.7436835356462301,10,allenai/scibert_scivocab_uncased
SentenceTransformer,0.25,3,0.0028135998656600306,0.45776414831335377,0.0055928240184883364,0.45776414831335377,0.7982641660915103,10,allenai/scibert_scivocab_uncased
SentenceTransformer,0.25,4,0.0018477754881478547,0.5057150822414274,0.0036820973746280353,0.5057150822414274,0.6603115793093479,10,allenai/scibert_scivocab_uncased
SentenceTransformer,0.25,5,0.0033055098769800796,0.4427097853359353,0.006562024144777757,0.4427097853359353,0.8340145656966024,10,allenai/scibert_scivocab_uncased
SentenceTransformer,0.3,1,0.001726491721777976,0.5115695567326457,0.003441369196088654,0.5115695567326457,0.6321955348919116,10,allenai/scibert_scivocab_uncased
SentenceTransformer,0.3,2,0.002365227246662304,0.48870922776693615,0.004707670575850429,0.48870922776693615,0.7436835356462301,10,allenai/scibert_scivocab_uncased
SentenceTransformer,0.3,3,0.0028135998656600306,0.45776414831335377,0.0055928240184883364,0.45776414831335377,0.7982641660915103,10,allenai/scibert_scivocab_uncased
SentenceTransformer,0.3,4,0.0018477754881478547,0.5057150822414274,0.0036820973746280353,0.5057150822414274,0.6603115793093479,10,allenai/scibert_scivocab_uncased
SentenceTransformer,0.3,5,0.0033055098769800796,0.4427097853359353,0.006562024144777757,0.4427097853359353,0.8340145656966024,10,allenai/scibert_scivocab_uncased
SentenceTransformer,0.35,1,0.001726491721777976,0.5115695567326457,0.003441369196088654,0.5115695567326457,0.6321955348919116,10,allenai/scibert_scivocab_uncased
SentenceTransformer,0.35,2,0.002365227246662304,0.48870922776693615,0.004707670575850429,0.48870922776693615,0.7436835356462301,10,allenai/scibert_scivocab_uncased
SentenceTransformer,0.35,3,0.0028135998656600306,0.45776414831335377,0.0055928240184883364,0.45776414831335377,0.7982641660915103,10,allenai/scibert_scivocab_uncased
SentenceTransformer,0.35,4,0.0018477754881478547,0.5057150822414274,0.0036820973746280353,0.5057150822414274,0.6603115793093479,10,allenai/scibert_scivocab_uncased
SentenceTransformer,0.35,5,0.0033055098769800796,0.4427097853359353,0.006562024144777757,0.4427097853359353,0.8340145656966024,10,allenai/scibert_scivocab_uncased
SentenceTransformer,0.4,1,0.001726491721777976,0.5115695567326457,0.003441369196088654,0.5115695567326457,0.6321955348919116,10,allenai/scibert_scivocab_uncased
SentenceTransformer,0.4,2,0.002365227246662304,0.48870922776693615,0.004707670575850429,0.48870922776693615,0.7436835356462301,10,allenai/scibert_scivocab_uncased
SentenceTransformer,0.4,3,0.0028135998656600306,0.45776414831335377,0.0055928240184883364,0.45776414831335377,0.7982641660915103,10,allenai/scibert_scivocab_uncased
SentenceTransformer,0.4,4,0.0018477754881478547,0.5057150822414274,0.0036820973746280353,0.5057150822414274,0.6603115793093479,10,allenai/scibert_scivocab_uncased
SentenceTransformer,0.4,5,0.0033055098769800796,0.4427097853359353,0.006562024144777757,0.4427097853359353,0.8340145656966024,10,allenai/scibert_scivocab_uncased
SentenceTransformer,0.45,1,0.001726491721777976,0.5115695567326457,0.003441369196088654,0.5115695567326457,0.6321955348919116,10,allenai/scibert_scivocab_uncased
SentenceTransformer,0.45,2,0.002365227246662304,0.48870922776693615,0.004707670575850429,0.48870922776693615,0.7436835356462301,10,allenai/scibert_scivocab_uncased
SentenceTransformer,0.45,3,0.0028135998656600306,0.45776414831335377,0.0055928240184883364,0.45776414831335377,0.7982641660915103,10,allenai/scibert_scivocab_uncased
SentenceTransformer,0.45,4,0.0018477754881478547,0.5057150822414274,0.0036820973746280353,0.5057150822414274,0.6603115793093479,10,allenai/scibert_scivocab_uncased
SentenceTransformer,0.45,5,0.0033055098769800796,0.4427097853359353,0.006562024144777757,0.4427097853359353,0.8340145656966024,10,allenai/scibert_scivocab_uncased
SentenceTransformer,0.5,1,0.001726491721777976,0.5115695567326457,0.003441369196088654,0.5115695567326457,0.6321955348919116,10,allenai/scibert_scivocab_uncased
SentenceTransformer,0.5,2,0.002365227246662304,0.48870922776693615,0.004707670575850429,0.48870922776693615,0.7436835356462301,10,allenai/scibert_scivocab_uncased
SentenceTransformer,0.5,3,0.0028135998656600306,0.45776414831335377,0.0055928240184883364,0.45776414831335377,0.7982641660915103,10,allenai/scibert_scivocab_uncased
SentenceTransformer,0.5,4,0.0018477754881478547,0.5057150822414274,0.0036820973746280353,0.5057150822414274,0.6603115793093479,10,allenai/scibert_scivocab_uncased
SentenceTransformer,0.5,5,0.0033055098769800796,0.4427097853359353,0.006562024144777757,0.4427097853359353,0.8340145656966024,10,allenai/scibert_scivocab_uncased
SentenceTransformer,0.55,1,0.001726491721777976,0.5115695567326457,0.003441369196088654,0.5115695567326457,0.6321955348919116,10,allenai/scibert_scivocab_uncased
SentenceTransformer,0.55,2,0.002365227246662304,0.48870922776693615,0.004707670575850429,0.48870922776693615,0.7436835356462301,10,allenai/scibert_scivocab_uncased
SentenceTransformer,0.55,3,0.0028135998656600306,0.45776414831335377,0.0055928240184883364,0.45776414831335377,0.7982641660915103,10,allenai/scibert_scivocab_uncased
SentenceTransformer,0.55,4,0.0018477754881478547,0.5057150822414274,0.0036820973746280353,0.5057150822414274,0.6603115793093479,10,allenai/scibert_scivocab_uncased
SentenceTransformer,0.55,5,0.0033065737686815166,0.4424310008363535,0.006564089837448815,0.4424310008363535,0.8341726397993845,10,allenai/scibert_scivocab_uncased
SentenceTransformer,0.6,1,0.001705923070812829,0.5029272372456092,0.0034003123235875933,0.5029272372456092,0.6340418126801083,10,allenai/scibert_scivocab_uncased
SentenceTransformer,0.6,2,0.00247483075738908,0.5163088932255366,0.004926049412105793,0.5163088932255366,0.741229227208297,10,allenai/scibert_scivocab_uncased
SentenceTransformer,0.6,3,0.0026905459497379605,0.4544187343183719,0.005349418784008192,0.4544187343183719,0.7905535470823368,10,allenai/scibert_scivocab_uncased
SentenceTransformer,0.6,4,0.0018888839080131875,0.5168664622247003,0.003764012266538357,0.5168664622247003,0.6603909630144731,10,allenai/scibert_scivocab_uncased
SentenceTransformer,0.6,5,0.0032843691782348514,0.4354613883468079,0.0065195660022580575,0.4354613883468079,0.8356778103131566,10,allenai/scibert_scivocab_uncased
SentenceTransformer,0.65,1,0.0017188047017749153,0.4995818232506273,0.0034258229048378277,0.4995818232506273,0.6392052200505907,10,allenai/scibert_scivocab_uncased
SentenceTransformer,0.65,2,0.002441373924721377,0.5037635907443546,0.004859198864125291,0.5037635907443546,0.7440482153745784,10,allenai/scibert_scivocab_uncased
SentenceTransformer,0.65,3,0.002791877747259653,0.46445497630331756,0.005550391625771674,0.46445497630331756,0.7937184956753214,10,allenai/scibert_scivocab_uncased
SentenceTransformer,0.65,4,0.0019832500599670307,0.5416782826874825,0.003952030526028891,0.5416782826874825,0.6610551515691454,10,allenai/scibert_scivocab_uncased
SentenceTransformer,0.65,5,0.0029456381279546677,0.40925564538611653,0.005849176513245317,0.40925564538611653,0.8277491461051893,10,allenai/scibert_scivocab_uncased
SentenceTransformer,0.7,1,0.001560180023865125,0.4326735433509897,0.003109148750330547,0.4326735433509897,0.6557017779523372,10,allenai/scibert_scivocab_uncased
SentenceTransformer,0.7,2,0.0025218750270819914,0.4867577362698634,0.0050177532478169464,0.4867577362698634,0.7606023177961975,10,allenai/scibert_scivocab_uncased
SentenceTransformer,0.7,3,0.0028743746244126356,0.4427097853359353,0.005711665212973537,0.4427097853359353,0.8090353909196828,10,allenai/scibert_scivocab_uncased
SentenceTransformer,0.7,4,0.0017708748827704353,0.4616671313074993,0.0035282161415888477,0.4616671313074993,0.6764074054943924,10,allenai/scibert_scivocab_uncased
SentenceTransformer,0.7,5,0.003095811742961814,0.3922497909116253,0.006143139069840549,0.3922497909116253,0.8429388194291099,10,allenai/scibert_scivocab_uncased
SentenceTransformer,0.75,1,0.0024239488434273987,0.35433509896849735,0.004814959332345843,0.35433509896849735,0.8186723647296464,10,allenai/scibert_scivocab_uncased
SentenceTransformer,0.75,2,0.002403566229985444,0.3682743239475885,0.004775961835690282,0.3682743239475885,0.8099370372822624,10,allenai/scibert_scivocab_uncased
SentenceTransformer,0.75,3,0.002431639523075187,0.36046835795929744,0.004830692268463948,0.36046835795929744,0.8161185666700062,10,allenai/scibert_scivocab_uncased
SentenceTransformer,0.75,4,0.0022802114476363792,0.35210482297184276,0.004531079871493839,0.35210482297184276,0.8084277069236804,10,allenai/scibert_scivocab_uncased
SentenceTransformer,0.75,5,0.0036950955742374365,0.35768051296347925,0.007314625830948336,0.35768051296347925,0.8800806871231657,10,allenai/scibert_scivocab_uncased
SentenceTransformer,0.8,1,0.004210984446463613,0.30749930303875106,0.008308194078811093,0.30749930303875106,0.9095819598623507,10,allenai/scibert_scivocab_uncased
SentenceTransformer,0.8,2,0.005547727251518743,0.33147477000278786,0.01091281222895796,0.33147477000278786,0.9261166496748562,10,allenai/scibert_scivocab_uncased
SentenceTransformer,0.8,3,0.004097603767486957,0.2969054920546418,0.008083644850945938,0.2969054920546418,0.9102711074858834,10,allenai/scibert_scivocab_uncased
SentenceTransformer,0.8,4,0.0044147101473967975,0.3250627265124059,0.00871111376744464,0.3250627265124059,0.9088470539459075,10,allenai/scibert_scivocab_uncased
SentenceTransformer,0.8,5,0.003640951468590141,0.3242263730136604,0.007201037741982421,0.3242263730136604,0.889674329216358,10,allenai/scibert_scivocab_uncased
SentenceTransformer,0.85,1,0.02371976490973377,0.28240869807638697,0.04376377068302588,0.28240869807638697,0.9855466192074595,10,allenai/scibert_scivocab_uncased
SentenceTransformer,0.85,2,0.024412252463174324,0.27906328408140507,0.04489695229979144,0.27906328408140507,0.9861328106719432,10,allenai/scibert_scivocab_uncased
SentenceTransformer,0.85,3,0.019550963639976156,0.2743239475885141,0.03650054713726654,0.2743239475885141,0.9828940248335802,10,allenai/scibert_scivocab_uncased
SentenceTransformer,0.85,4,0.023054626532887403,0.28826317256760525,0.04269463426719244,0.28826317256760525,0.9848110199835478,10,allenai/scibert_scivocab_uncased
SentenceTransformer,0.85,5,0.018798536439665472,0.280735991078896,0.0352375120286939,0.280735991078896,0.9817795330782193,10,allenai/scibert_scivocab_uncased
SentenceTransformer,0.1,1,0.0031443054813709978,0.3479230554781154,0.006232287544164097,0.3479230554781154,0.8628429835377608,25,allenai/scibert_scivocab_uncased
SentenceTransformer,0.1,2,0.0044490145874643856,0.4209645943685531,0.008804972768726603,0.4209645943685531,0.8828688231071059,25,allenai/scibert_scivocab_uncased
SentenceTransformer,0.1,3,0.004596373971644591,0.34625034848062447,0.009072315558802046,0.34625034848062447,0.9067601984661959,25,allenai/scibert_scivocab_uncased
SentenceTransformer,0.1,4,0.0024067482538206934,0.4301644828547533,0.004786715081875164,0.4301644828547533,0.778290324582291,25,allenai/scibert_scivocab_uncased
SentenceTransformer,0.1,5,0.005767862695900728,0.3774742124337887,0.011362110633727175,0.3774742124337887,0.9190927517130761,25,allenai/scibert_scivocab_uncased
SentenceTransformer,0.15,1,0.0031443054813709978,0.3479230554781154,0.006232287544164097,0.3479230554781154,0.8628429835377608,25,allenai/scibert_scivocab_uncased
SentenceTransformer,0.15,2,0.0044490145874643856,0.4209645943685531,0.008804972768726603,0.4209645943685531,0.8828688231071059,25,allenai/scibert_scivocab_uncased
SentenceTransformer,0.15,3,0.004596373971644591,0.34625034848062447,0.009072315558802046,0.34625034848062447,0.9067601984661959,25,allenai/scibert_scivocab_uncased
SentenceTransformer,0.15,4,0.0024067482538206934,0.4301644828547533,0.004786715081875164,0.4301644828547533,0.778290324582291,25,allenai/scibert_scivocab_uncased
SentenceTransformer,0.15,5,0.005767862695900728,0.3774742124337887,0.011362110633727175,0.3774742124337887,0.9190927517130761,25,allenai/scibert_scivocab_uncased
SentenceTransformer,0.2,1,0.0031443054813709978,0.3479230554781154,0.006232287544164097,0.3479230554781154,0.8628429835377608,25,allenai/scibert_scivocab_uncased
SentenceTransformer,0.2,2,0.0044490145874643856,0.4209645943685531,0.008804972768726603,0.4209645943685531,0.8828688231071059,25,allenai/scibert_scivocab_uncased
SentenceTransformer,0.2,3,0.004596373971644591,0.34625034848062447,0.009072315558802046,0.34625034848062447,0.9067601984661959,25,allenai/scibert_scivocab_uncased
SentenceTransformer,0.2,4,0.0024067482538206934,0.4301644828547533,0.004786715081875164,0.4301644828547533,0.778290324582291,25,allenai/scibert_scivocab_uncased
SentenceTransformer,0.2,5,0.005767862695900728,0.3774742124337887,0.011362110633727175,0.3774742124337887,0.9190927517130761,25,allenai/scibert_scivocab_uncased
SentenceTransformer,0.25,1,0.0031443054813709978,0.3479230554781154,0.006232287544164097,0.3479230554781154,0.8628429835377608,25,allenai/scibert_scivocab_uncased
SentenceTransformer,0.25,2,0.0044490145874643856,0.4209645943685531,0.008804972768726603,0.4209645943685531,0.8828688231071059,25,allenai/scibert_scivocab_uncased
SentenceTransformer,0.25,3,0.004596373971644591,0.34625034848062447,0.009072315558802046,0.34625034848062447,0.9067601984661959,25,allenai/scibert_scivocab_uncased
SentenceTransformer,0.25,4,0.0024067482538206934,0.4301644828547533,0.004786715081875164,0.4301644828547533,0.778290324582291,25,allenai/scibert_scivocab_uncased
SentenceTransformer,0.25,5,0.005767862695900728,0.3774742124337887,0.011362110633727175,0.3774742124337887,0.9190927517130761,25,allenai/scibert_scivocab_uncased
SentenceTransformer,0.3,1,0.0031443054813709978,0.3479230554781154,0.006232287544164097,0.3479230554781154,0.8628429835377608,25,allenai/scibert_scivocab_uncased
SentenceTransformer,0.3,2,0.0044490145874643856,0.4209645943685531,0.008804972768726603,0.4209645943685531,0.8828688231071059,25,allenai/scibert_scivocab_uncased
SentenceTransformer,0.3,3,0.004596373971644591,0.34625034848062447,0.009072315558802046,0.34625034848062447,0.9067601984661959,25,allenai/scibert_scivocab_uncased
SentenceTransformer,0.3,4,0.0024067482538206934,0.4301644828547533,0.004786715081875164,0.4301644828547533,0.778290324582291,25,allenai/scibert_scivocab_uncased
SentenceTransformer,0.3,5,0.005767862695900728,0.3774742124337887,0.011362110633727175,0.3774742124337887,0.9190927517130761,25,allenai/scibert_scivocab_uncased
SentenceTransformer,0.35,1,0.0031443054813709978,0.3479230554781154,0.006232287544164097,0.3479230554781154,0.8628429835377608,25,allenai/scibert_scivocab_uncased
SentenceTransformer,0.35,2,0.0044490145874643856,0.4209645943685531,0.008804972768726603,0.4209645943685531,0.8828688231071059,25,allenai/scibert_scivocab_uncased
SentenceTransformer,0.35,3,0.004596373971644591,0.34625034848062447,0.009072315558802046,0.34625034848062447,0.9067601984661959,25,allenai/scibert_scivocab_uncased
SentenceTransformer,0.35,4,0.0024067482538206934,0.4301644828547533,0.004786715081875164,0.4301644828547533,0.778290324582291,25,allenai/scibert_scivocab_uncased
SentenceTransformer,0.35,5,0.005767862695900728,0.3774742124337887,0.011362110633727175,0.3774742124337887,0.9190927517130761,25,allenai/scibert_scivocab_uncased
SentenceTransformer,0.4,1,0.0031443054813709978,0.3479230554781154,0.006232287544164097,0.3479230554781154,0.8628429835377608,25,allenai/scibert_scivocab_uncased
SentenceTransformer,0.4,2,0.0044490145874643856,0.4209645943685531,0.008804972768726603,0.4209645943685531,0.8828688231071059,25,allenai/scibert_scivocab_uncased
SentenceTransformer,0.4,3,0.004596373971644591,0.34625034848062447,0.009072315558802046,0.34625034848062447,0.9067601984661959,25,allenai/scibert_scivocab_uncased
SentenceTransformer,0.4,4,0.0024067482538206934,0.4301644828547533,0.004786715081875164,0.4301644828547533,0.778290324582291,25,allenai/scibert_scivocab_uncased
SentenceTransformer,0.4,5,0.005767862695900728,0.3774742124337887,0.011362110633727175,0.3774742124337887,0.9190927517130761,25,allenai/scibert_scivocab_uncased
SentenceTransformer,0.45,1,0.0031443054813709978,0.3479230554781154,0.006232287544164097,0.3479230554781154,0.8628429835377608,25,allenai/scibert_scivocab_uncased
SentenceTransformer,0.45,2,0.0044490145874643856,0.4209645943685531,0.008804972768726603,0.4209645943685531,0.8828688231071059,25,allenai/scibert_scivocab_uncased
SentenceTransformer,0.45,3,0.004596373971644591,0.34625034848062447,0.009072315558802046,0.34625034848062447,0.9067601984661959,25,allenai/scibert_scivocab_uncased
SentenceTransformer,0.45,4,0.0024067482538206934,0.4301644828547533,0.004786715081875164,0.4301644828547533,0.778290324582291,25,allenai/scibert_scivocab_uncased
SentenceTransformer,0.45,5,0.005767862695900728,0.3774742124337887,0.011362110633727175,0.3774742124337887,0.9190927517130761,25,allenai/scibert_scivocab_uncased
SentenceTransformer,0.5,1,0.0031443054813709978,0.3479230554781154,0.006232287544164097,0.3479230554781154,0.8628429835377608,25,allenai/scibert_scivocab_uncased
SentenceTransformer,0.5,2,0.0044490145874643856,0.4209645943685531,0.008804972768726603,0.4209645943685531,0.8828688231071059,25,allenai/scibert_scivocab_uncased
SentenceTransformer,0.5,3,0.004596373971644591,0.34625034848062447,0.009072315558802046,0.34625034848062447,0.9067601984661959,25,allenai/scibert_scivocab_uncased
SentenceTransformer,0.5,4,0.0024067482538206934,0.4301644828547533,0.004786715081875164,0.4301644828547533,0.778290324582291,25,allenai/scibert_scivocab_uncased
SentenceTransformer,0.5,5,0.005767862695900728,0.3774742124337887,0.011362110633727175,0.3774742124337887,0.9190927517130761,25,allenai/scibert_scivocab_uncased
SentenceTransformer,0.55,1,0.0031443054813709978,0.3479230554781154,0.006232287544164097,0.3479230554781154,0.8628429835377608,25,allenai/scibert_scivocab_uncased
SentenceTransformer,0.55,2,0.0044490145874643856,0.4209645943685531,0.008804972768726603,0.4209645943685531,0.8828688231071059,25,allenai/scibert_scivocab_uncased
SentenceTransformer,0.55,3,0.004596373971644591,0.34625034848062447,0.009072315558802046,0.34625034848062447,0.9067601984661959,25,allenai/scibert_scivocab_uncased
SentenceTransformer,0.55,4,0.0024067482538206934,0.4301644828547533,0.004786715081875164,0.4301644828547533,0.778290324582291,25,allenai/scibert_scivocab_uncased
SentenceTransformer,0.55,5,0.005767862695900728,0.3774742124337887,0.011362110633727175,0.3774742124337887,0.9190927517130761,25,allenai/scibert_scivocab_uncased
SentenceTransformer,0.6,1,0.003154534199859742,0.34736548647895177,0.006252289411752899,0.34736548647895177,0.8635082120536357,25,allenai/scibert_scivocab_uncased
SentenceTransformer,0.6,2,0.004446081319976429,0.4206858098689713,0.008799167315379301,0.4206858098689713,0.8828688231071059,25,allenai/scibert_scivocab_uncased
SentenceTransformer,0.6,3,0.0046266722966267155,0.3574017284638974,0.009135088144337243,0.3574017284638974,0.9043904735394005,25,allenai/scibert_scivocab_uncased
SentenceTransformer,0.6,4,0.0024114876206134525,0.4301644828547533,0.004796088530261516,0.4301644828547533,0.7787271082873468,25,allenai/scibert_scivocab_uncased
SentenceTransformer,0.6,5,0.005774090314442896,0.3777529969333705,0.011374320059096098,0.3777529969333705,0.919120830665544,25,allenai/scibert_scivocab_uncased
SentenceTransformer,0.65,1,0.003158229799763257,0.3540563144689155,0.006260614082437992,0.3540563144689155,0.8610424640424748,25,allenai/scibert_scivocab_uncased
SentenceTransformer,0.65,2,0.004242487657785345,0.3730136604404795,0.008389556319129191,0.3730136604404795,0.8911358213596244,25,allenai/scibert_scivocab_uncased
SentenceTransformer,0.65,3,0.004654064779648351,0.35768051296347925,0.009188569791592065,0.35768051296347925,0.9048816818807213,25,allenai/scibert_scivocab_uncased
SentenceTransformer,0.65,4,0.0023921720985317983,0.4257039308614441,0.004757609604950157,0.4257039308614441,0.7792491688110089,25,allenai/scibert_scivocab_uncased
SentenceTransformer,0.65,5,0.0058766736175709456,0.3716197379425704,0.01157037705714881,0.3716197379425704,0.9218309695592957,25,allenai/scibert_scivocab_uncased
SentenceTransformer,0.7,1,0.0035466663915313347,0.383328686925007,0.0070283049006453265,0.383328686925007,0.8660831559910604,25,allenai/scibert_scivocab_uncased
SentenceTransformer,0.7,2,0.004200766826370376,0.37691664343462505,0.008308929948714482,0.37691664343462505,0.888899558120485,25,allenai/scibert_scivocab_uncased
SentenceTransformer,0.7,3,0.004586233254214105,0.34959576247560636,0.009053694037124478,0.34959576247560636,0.9056502132093792,25,allenai/scibert_scivocab_uncased
SentenceTransformer,0.7,4,0.0022771290469787596,0.4159464733760803,0.0045294612309084116,0.4159464733760803,0.7733858675512345,25,allenai/scibert_scivocab_uncased
SentenceTransformer,0.7,5,0.00591044430696925,0.37022581544466127,0.011635140226219368,0.37022581544466127,0.9225717685892199,25,allenai/scibert_scivocab_uncased
SentenceTransformer,0.75,1,0.003437296846286542,0.3744075829383886,0.006812054750051357,0.3744075829383886,0.8650230888719644,25,allenai/scibert_scivocab_uncased
SentenceTransformer,0.75,2,0.004520376547017841,0.36158349595762473,0.008929124642869437,0.36158349595762473,0.9009866805235719,25,allenai/scibert_scivocab_uncased
SentenceTransformer,0.75,3,0.004563908528501989,0.3685531084471703,0.009016167037793562,0.3685531084471703,0.9000451689815625,25,allenai/scibert_scivocab_uncased
SentenceTransformer,0.75,4,0.0029340719100555196,0.388068023417898,0.005824109386146402,0.388068023417898,0.8360209975099863,25,allenai/scibert_scivocab_uncased
SentenceTransformer,0.75,5,0.006056296586896822,0.3442988569835517,0.011903212903661082,0.3442988569835517,0.9297384878894784,25,allenai/scibert_scivocab_uncased
SentenceTransformer,0.8,1,0.005676477732365956,0.29969333705046,0.0111419169279403,0.29969333705046,0.9347240618943309,25,allenai/scibert_scivocab_uncased
SentenceTransformer,0.8,2,0.006229960294386391,0.31363256202955114,0.012217238795434553,0.31363256202955114,0.9377916007880133,25,allenai/scibert_scivocab_uncased
SentenceTransformer,0.8,3,0.005374941779226828,0.321717312517424,0.010573236152404861,0.321717312517424,0.9259734816826434,25,allenai/scibert_scivocab_uncased
SentenceTransformer,0.8,4,0.0047240901823078045,0.3442988569835517,0.009320297494839876,0.3442988569835517,0.9098038182522205,25,allenai/scibert_scivocab_uncased
SentenceTransformer,0.8,5,0.0065263329947579185,0.3116810705324784,0.012784959946938986,0.3116810705324784,0.9410036942888451,25,allenai/scibert_scivocab_uncased
SentenceTransformer,0.85,1,0.023248854821260042,0.28157234457764146,0.04295130767595152,0.28157234457764146,0.9852904420979068,25,allenai/scibert_scivocab_uncased
SentenceTransformer,0.85,2,0.02414685228532709,0.2732088095901868,0.04437200036222041,0.2732088095901868,0.9862707788581434,25,allenai/scibert_scivocab_uncased
SentenceTransformer,0.85,3,0.020291331363960476,0.277669361583496,0.03781895504252734,0.277669361583496,0.9833297685774336,25,allenai/scibert_scivocab_uncased
SentenceTransformer,0.85,4,0.021339770154227368,0.2785057150822414,0.039642070593837425,0.2785057150822414,0.9841180591689392,25,allenai/scibert_scivocab_uncased
SentenceTransformer,0.85,5,0.02057946919162223,0.2829662670755506,0.03836848869736146,0.2829662670755506,0.9832545447171184,25,allenai/scibert_scivocab_uncased
SentenceTransformer,0.1,1,0.0046101989779275855,0.35461388346807915,0.00910206549623073,0.35461388346807915,0.9047957117546468,50,allenai/scibert_scivocab_uncased
SentenceTransformer,0.1,2,0.005557442761057137,0.34206858098689713,0.010937193589217907,0.34206858098689713,0.9238893994328051,50,allenai/scibert_scivocab_uncased
SentenceTransformer,0.1,3,0.005083645361632973,0.34708670197936997,0.010020523964747072,0.34708670197936997,0.9155350444392755,50,allenai/scibert_scivocab_uncased
SentenceTransformer,0.1,4,0.004063855967877728,0.34987454697518816,0.008034391034771948,0.34987454697518816,0.8933814442495865,50,allenai/scibert_scivocab_uncased
SentenceTransformer,0.1,5,0.007109374063372936,0.33063841650404235,0.013919452611071012,0.33063841650404235,0.9425816620867931,50,allenai/scibert_scivocab_uncased
SentenceTransformer,0.15,1,0.0046101989779275855,0.35461388346807915,0.00910206549623073,0.35461388346807915,0.9047957117546468,50,allenai/scibert_scivocab_uncased
SentenceTransformer,0.15,2,0.005557442761057137,0.34206858098689713,0.010937193589217907,0.34206858098689713,0.9238893994328051,50,allenai/scibert_scivocab_uncased
SentenceTransformer,0.15,3,0.005083645361632973,0.34708670197936997,0.010020523964747072,0.34708670197936997,0.9155350444392755,50,allenai/scibert_scivocab_uncased
SentenceTransformer,0.15,4,0.004063855967877728,0.34987454697518816,0.008034391034771948,0.34987454697518816,0.8933814442495865,50,allenai/scibert_scivocab_uncased
SentenceTransformer,0.15,5,0.007109374063372936,0.33063841650404235,0.013919452611071012,0.33063841650404235,0.9425816620867931,50,allenai/scibert_scivocab_uncased
SentenceTransformer,0.2,1,0.0046101989779275855,0.35461388346807915,0.00910206549623073,0.35461388346807915,0.9047957117546468,50,allenai/scibert_scivocab_uncased
SentenceTransformer,0.2,2,0.005557442761057137,0.34206858098689713,0.010937193589217907,0.34206858098689713,0.9238893994328051,50,allenai/scibert_scivocab_uncased
SentenceTransformer,0.2,3,0.005083645361632973,0.34708670197936997,0.010020523964747072,0.34708670197936997,0.9155350444392755,50,allenai/scibert_scivocab_uncased
SentenceTransformer,0.2,4,0.004063855967877728,0.34987454697518816,0.008034391034771948,0.34987454697518816,0.8933814442495865,50,allenai/scibert_scivocab_uncased
SentenceTransformer,0.2,5,0.007109374063372936,0.33063841650404235,0.013919452611071012,0.33063841650404235,0.9425816620867931,50,allenai/scibert_scivocab_uncased
SentenceTransformer,0.25,1,0.0046101989779275855,0.35461388346807915,0.00910206549623073,0.35461388346807915,0.9047957117546468,50,allenai/scibert_scivocab_uncased
SentenceTransformer,0.25,2,0.005557442761057137,0.34206858098689713,0.010937193589217907,0.34206858098689713,0.9238893994328051,50,allenai/scibert_scivocab_uncased
SentenceTransformer,0.25,3,0.005083645361632973,0.34708670197936997,0.010020523964747072,0.34708670197936997,0.9155350444392755,50,allenai/scibert_scivocab_uncased
SentenceTransformer,0.25,4,0.004063855967877728,0.34987454697518816,0.008034391034771948,0.34987454697518816,0.8933814442495865,50,allenai/scibert_scivocab_uncased
SentenceTransformer,0.25,5,0.007109374063372936,0.33063841650404235,0.013919452611071012,0.33063841650404235,0.9425816620867931,50,allenai/scibert_scivocab_uncased
SentenceTransformer,0.3,1,0.0046101989779275855,0.35461388346807915,0.00910206549623073,0.35461388346807915,0.9047957117546468,50,allenai/scibert_scivocab_uncased
SentenceTransformer,0.3,2,0.005557442761057137,0.34206858098689713,0.010937193589217907,0.34206858098689713,0.9238893994328051,50,allenai/scibert_scivocab_uncased
SentenceTransformer,0.3,3,0.005083645361632973,0.34708670197936997,0.010020523964747072,0.34708670197936997,0.9155350444392755,50,allenai/scibert_scivocab_uncased
SentenceTransformer,0.3,4,0.004063855967877728,0.34987454697518816,0.008034391034771948,0.34987454697518816,0.8933814442495865,50,allenai/scibert_scivocab_uncased
SentenceTransformer,0.3,5,0.007109374063372936,0.33063841650404235,0.013919452611071012,0.33063841650404235,0.9425816620867931,50,allenai/scibert_scivocab_uncased
SentenceTransformer,0.35,1,0.0046101989779275855,0.35461388346807915,0.00910206549623073,0.35461388346807915,0.9047957117546468,50,allenai/scibert_scivocab_uncased
SentenceTransformer,0.35,2,0.005557442761057137,0.34206858098689713,0.010937193589217907,0.34206858098689713,0.9238893994328051,50,allenai/scibert_scivocab_uncased
SentenceTransformer,0.35,3,0.005083645361632973,0.34708670197936997,0.010020523964747072,0.34708670197936997,0.9155350444392755,50,allenai/scibert_scivocab_uncased
SentenceTransformer,0.35,4,0.004063855967877728,0.34987454697518816,0.008034391034771948,0.34987454697518816,0.8933814442495865,50,allenai/scibert_scivocab_uncased
SentenceTransformer,0.35,5,0.007109374063372936,0.33063841650404235,0.013919452611071012,0.33063841650404235,0.9425816620867931,50,allenai/scibert_scivocab_uncased
SentenceTransformer,0.4,1,0.0046101989779275855,0.35461388346807915,0.00910206549623073,0.35461388346807915,0.9047957117546468,50,allenai/scibert_scivocab_uncased
SentenceTransformer,0.4,2,0.005557442761057137,0.34206858098689713,0.010937193589217907,0.34206858098689713,0.9238893994328051,50,allenai/scibert_scivocab_uncased
SentenceTransformer,0.4,3,0.005083645361632973,0.34708670197936997,0.010020523964747072,0.34708670197936997,0.9155350444392755,50,allenai/scibert_scivocab_uncased
SentenceTransformer,0.4,4,0.004063855967877728,0.34987454697518816,0.008034391034771948,0.34987454697518816,0.8933814442495865,50,allenai/scibert_scivocab_uncased
SentenceTransformer,0.4,5,0.007109374063372936,0.33063841650404235,0.013919452611071012,0.33063841650404235,0.9425816620867931,50,allenai/scibert_scivocab_uncased
SentenceTransformer,0.45,1,0.0046101989779275855,0.35461388346807915,0.00910206549623073,0.35461388346807915,0.9047957117546468,50,allenai/scibert_scivocab_uncased
SentenceTransformer,0.45,2,0.005557442761057137,0.34206858098689713,0.010937193589217907,0.34206858098689713,0.9238893994328051,50,allenai/scibert_scivocab_uncased
SentenceTransformer,0.45,3,0.005083645361632973,0.34708670197936997,0.010020523964747072,0.34708670197936997,0.9155350444392755,50,allenai/scibert_scivocab_uncased
SentenceTransformer,0.45,4,0.004063855967877728,0.34987454697518816,0.008034391034771948,0.34987454697518816,0.8933814442495865,50,allenai/scibert_scivocab_uncased
SentenceTransformer,0.45,5,0.007109374063372936,0.33063841650404235,0.013919452611071012,0.33063841650404235,0.9425816620867931,50,allenai/scibert_scivocab_uncased
SentenceTransformer,0.5,1,0.0046101989779275855,0.35461388346807915,0.00910206549623073,0.35461388346807915,0.9047957117546468,50,allenai/scibert_scivocab_uncased
SentenceTransformer,0.5,2,0.005557442761057137,0.34206858098689713,0.010937193589217907,0.34206858098689713,0.9238893994328051,50,allenai/scibert_scivocab_uncased
SentenceTransformer,0.5,3,0.005083645361632973,0.34708670197936997,0.010020523964747072,0.34708670197936997,0.9155350444392755,50,allenai/scibert_scivocab_uncased
SentenceTransformer,0.5,4,0.004063855967877728,0.34987454697518816,0.008034391034771948,0.34987454697518816,0.8933814442495865,50,allenai/scibert_scivocab_uncased
SentenceTransformer,0.5,5,0.007109374063372936,0.33063841650404235,0.013919452611071012,0.33063841650404235,0.9425816620867931,50,allenai/scibert_scivocab_uncased
SentenceTransformer,0.55,1,0.0046101989779275855,0.35461388346807915,0.00910206549623073,0.35461388346807915,0.9047957117546468,50,allenai/scibert_scivocab_uncased
SentenceTransformer,0.55,2,0.005557442761057137,0.34206858098689713,0.010937193589217907,0.34206858098689713,0.9238893994328051,50,allenai/scibert_scivocab_uncased
SentenceTransformer,0.55,3,0.005083645361632973,0.34708670197936997,0.010020523964747072,0.34708670197936997,0.9155350444392755,50,allenai/scibert_scivocab_uncased
SentenceTransformer,0.55,4,0.004063855967877728,0.34987454697518816,0.008034391034771948,0.34987454697518816,0.8933814442495865,50,allenai/scibert_scivocab_uncased
SentenceTransformer,0.55,5,0.007109374063372936,0.33063841650404235,0.013919452611071012,0.33063841650404235,0.9425816620867931,50,allenai/scibert_scivocab_uncased
SentenceTransformer,0.6,1,0.0046101989779275855,0.35461388346807915,0.00910206549623073,0.35461388346807915,0.9047957117546468,50,allenai/scibert_scivocab_uncased
SentenceTransformer,0.6,2,0.005557442761057137,0.34206858098689713,0.010937193589217907,0.34206858098689713,0.9238893994328051,50,allenai/scibert_scivocab_uncased
SentenceTransformer,0.6,3,0.005188029550482073,0.3465291329802063,0.010223006287601212,0.3465291329802063,0.9173761224214595,50,allenai/scibert_scivocab_uncased
SentenceTransformer,0.6,4,0.004045000632031349,0.3479230554781154,0.007997026746466058,0.3479230554781154,0.8934798939100912,50,allenai/scibert_scivocab_uncased
SentenceTransformer,0.6,5,0.007109374063372936,0.33063841650404235,0.013919452611071012,0.33063841650404235,0.9425816620867931,50,allenai/scibert_scivocab_uncased
SentenceTransformer,0.65,1,0.0046431779329528,0.3574017284638974,0.009167259582896839,0.3574017284638974,0.9047319274675593,50,allenai/scibert_scivocab_uncased
SentenceTransformer,0.65,2,0.005765534913516977,0.34625034848062447,0.01134220679893153,0.34625034848062447,0.9257550898301155,50,allenai/scibert_scivocab_uncased
SentenceTransformer,0.65,3,0.005157008767750725,0.3440200724839699,0.01016168944263051,0.3440200724839699,0.91747838527304,50,allenai/scibert_scivocab_uncased
SentenceTransformer,0.65,4,0.004037407287971622,0.3490381934764427,0.007982479350435306,0.3490381934764427,0.8929366875086446,50,allenai/scibert_scivocab_uncased
SentenceTransformer,0.65,5,0.007459907575285851,0.34067465848898804,0.01460010991899448,0.34067465848898804,0.9436386093222815,50,allenai/scibert_scivocab_uncased
SentenceTransformer,0.7,1,0.004685835223854634,0.36046835795929744,0.00925140863965656,0.36046835795929744,0.9047932851785077,50,allenai/scibert_scivocab_uncased
SentenceTransformer,0.7,2,0.0057324391104835865,0.33955952049066074,0.011274541566772501,0.33955952049066074,0.9267669720801616,50,allenai/scibert_scivocab_uncased
SentenceTransformer,0.7,3,0.005297090516352964,0.3582380819626429,0.01043981265207801,0.3582380819626429,0.9163521072907174,50,allenai/scibert_scivocab_uncased
SentenceTransformer,0.7,4,0.004101864061971943,0.3451352104822972,0.008107373584238428,0.3451352104822972,0.8958042071977101,50,allenai/scibert_scivocab_uncased
SentenceTransformer,0.7,5,0.007704901642212613,0.3437412879843881,0.01507196772912019,0.3437412879843881,0.9449531202822593,50,allenai/scibert_scivocab_uncased
SentenceTransformer,0.75,1,0.006149882813256629,0.3540563144689155,0.012089768914062686,0.3540563144689155,0.928853480906139,50,allenai/scibert_scivocab_uncased
SentenceTransformer,0.75,2,0.00545240543193565,0.32673543350989687,0.010725823426589426,0.32673543350989687,0.9258927113625814,50,allenai/scibert_scivocab_uncased
SentenceTransformer,0.75,3,0.005248242293131422,0.3381655979927516,0.010336071440744402,0.3381655979927516,0.9203001466691949,50,allenai/scibert_scivocab_uncased
SentenceTransformer,0.75,4,0.004082045195934909,0.3490381934764427,0.008069714079459613,0.3490381934764427,0.8941121903212198,50,allenai/scibert_scivocab_uncased
SentenceTransformer,0.75,5,0.0076432708798498524,0.32924449400613326,0.014939722457653919,0.32924449400613326,0.9468461963245691,50,allenai/scibert_scivocab_uncased
SentenceTransformer,0.8,1,0.00617656849087076,0.2793420685809869,0.012085904000289483,0.2793420685809869,0.9441110983619571,50,allenai/scibert_scivocab_uncased
SentenceTransformer,0.8,2,0.006938633193863319,0.33286869250069695,0.013593902098857497,0.33286869250069695,0.9407617299823935,50,allenai/scibert_scivocab_uncased
SentenceTransformer,0.8,3,0.005673751873176118,0.3208809590186786,0.011150345602588508,0.3208809590186786,0.930075435319093,50,allenai/scibert_scivocab_uncased
SentenceTransformer,0.8,4,0.004264377144647103,0.33398383049902425,0.008421230216611193,0.33398383049902425,0.9030291643253096,50,allenai/scibert_scivocab_uncased
SentenceTransformer,0.8,5,0.008525341901732517,0.29439643155840534,0.016570814339403543,0.29439643155840534,0.9574274549064157,50,allenai/scibert_scivocab_uncased
SentenceTransformer,0.85,1,0.023970915914155035,0.28491775857262336,0.044221366448877156,0.28491775857262336,0.9855746981599273,50,allenai/scibert_scivocab_uncased
SentenceTransformer,0.85,2,0.027513227513227514,0.28268748257596876,0.05014588793828199,0.28268748257596876,0.9875755835135643,50,allenai/scibert_scivocab_uncased
SentenceTransformer,0.85,3,0.019879047990635973,0.2840814050738779,0.03715791200977264,0.2840814050738779,0.9825837697414969,50,allenai/scibert_scivocab_uncased
SentenceTransformer,0.85,4,0.022321232606119134,0.28352383607471426,0.04138436183849112,0.28352383607471426,0.9845583094113369,50,allenai/scibert_scivocab_uncased
SentenceTransformer,0.85,5,0.020647379211796137,0.2779481460830778,0.038439295215329454,0.2779481460830778,0.9836067449110365,50,allenai/scibert_scivocab_uncased
SentenceTransformer,0.1,1,0.007208144021080867,0.3401170894898244,0.01411710252256422,0.3401170894898244,0.9417507330859843,100,allenai/scibert_scivocab_uncased
SentenceTransformer,0.1,2,0.00942623608947698,0.3272930025090605,0.018324709481554322,0.3272930025090605,0.9572326355078113,100,allenai/scibert_scivocab_uncased
SentenceTransformer,0.1,3,0.006002504642224813,0.31000836353498745,0.01177697876013408,0.31000836353498745,0.9361657947747496,100,allenai/scibert_scivocab_uncased
SentenceTransformer,0.1,4,0.008988235651059247,0.33035963200446056,0.017500332284790216,0.33035963200446056,0.9547083030155755,100,allenai/scibert_scivocab_uncased
SentenceTransformer,0.1,5,0.011739270993291846,0.3239475885140786,0.02265747628471985,0.3239475885140786,0.9660896384158895,100,allenai/scibert_scivocab_uncased
SentenceTransformer,0.15,1,0.007208144021080867,0.3401170894898244,0.01411710252256422,0.3401170894898244,0.9417507330859843,100,allenai/scibert_scivocab_uncased
SentenceTransformer,0.15,2,0.00942623608947698,0.3272930025090605,0.018324709481554322,0.3272930025090605,0.9572326355078113,100,allenai/scibert_scivocab_uncased
SentenceTransformer,0.15,3,0.006002504642224813,0.31000836353498745,0.01177697876013408,0.31000836353498745,0.9361657947747496,100,allenai/scibert_scivocab_uncased
SentenceTransformer,0.15,4,0.008988235651059247,0.33035963200446056,0.017500332284790216,0.33035963200446056,0.9547083030155755,100,allenai/scibert_scivocab_uncased
SentenceTransformer,0.15,5,0.011739270993291846,0.3239475885140786,0.02265747628471985,0.3239475885140786,0.9660896384158895,100,allenai/scibert_scivocab_uncased
SentenceTransformer,0.2,1,0.007208144021080867,0.3401170894898244,0.01411710252256422,0.3401170894898244,0.9417507330859843,100,allenai/scibert_scivocab_uncased
SentenceTransformer,0.2,2,0.00942623608947698,0.3272930025090605,0.018324709481554322,0.3272930025090605,0.9572326355078113,100,allenai/scibert_scivocab_uncased
SentenceTransformer,0.2,3,0.006002504642224813,0.31000836353498745,0.01177697876013408,0.31000836353498745,0.9361657947747496,100,allenai/scibert_scivocab_uncased
SentenceTransformer,0.2,4,0.008988235651059247,0.33035963200446056,0.017500332284790216,0.33035963200446056,0.9547083030155755,100,allenai/scibert_scivocab_uncased
SentenceTransformer,0.2,5,0.011739270993291846,0.3239475885140786,0.02265747628471985,0.3239475885140786,0.9660896384158895,100,allenai/scibert_scivocab_uncased
SentenceTransformer,0.25,1,0.007208144021080867,0.3401170894898244,0.01411710252256422,0.3401170894898244,0.9417507330859843,100,allenai/scibert_scivocab_uncased
SentenceTransformer,0.25,2,0.00942623608947698,0.3272930025090605,0.018324709481554322,0.3272930025090605,0.9572326355078113,100,allenai/scibert_scivocab_uncased
SentenceTransformer,0.25,3,0.006002504642224813,0.31000836353498745,0.01177697876013408,0.31000836353498745,0.9361657947747496,100,allenai/scibert_scivocab_uncased
SentenceTransformer,0.25,4,0.008988235651059247,0.33035963200446056,0.017500332284790216,0.33035963200446056,0.9547083030155755,100,allenai/scibert_scivocab_uncased
SentenceTransformer,0.25,5,0.011739270993291846,0.3239475885140786,0.02265747628471985,0.3239475885140786,0.9660896384158895,100,allenai/scibert_scivocab_uncased
SentenceTransformer,0.3,1,0.007208144021080867,0.3401170894898244,0.01411710252256422,0.3401170894898244,0.9417507330859843,100,allenai/scibert_scivocab_uncased
SentenceTransformer,0.3,2,0.00942623608947698,0.3272930025090605,0.018324709481554322,0.3272930025090605,0.9572326355078113,100,allenai/scibert_scivocab_uncased
SentenceTransformer,0.3,3,0.006002504642224813,0.31000836353498745,0.01177697876013408,0.31000836353498745,0.9361657947747496,100,allenai/scibert_scivocab_uncased
SentenceTransformer,0.3,4,0.008988235651059247,0.33035963200446056,0.017500332284790216,0.33035963200446056,0.9547083030155755,100,allenai/scibert_scivocab_uncased
SentenceTransformer,0.3,5,0.011739270993291846,0.3239475885140786,0.02265747628471985,0.3239475885140786,0.9660896384158895,100,allenai/scibert_scivocab_uncased
SentenceTransformer,0.35,1,0.007208144021080867,0.3401170894898244,0.01411710252256422,0.3401170894898244,0.9417507330859843,100,allenai/scibert_scivocab_uncased
SentenceTransformer,0.35,2,0.00942623608947698,0.3272930025090605,0.018324709481554322,0.3272930025090605,0.9572326355078113,100,allenai/scibert_scivocab_uncased
SentenceTransformer,0.35,3,0.006002504642224813,0.31000836353498745,0.01177697876013408,0.31000836353498745,0.9361657947747496,100,allenai/scibert_scivocab_uncased
SentenceTransformer,0.35,4,0.008988235651059247,0.33035963200446056,0.017500332284790216,0.33035963200446056,0.9547083030155755,100,allenai/scibert_scivocab_uncased
SentenceTransformer,0.35,5,0.011739270993291846,0.3239475885140786,0.02265747628471985,0.3239475885140786,0.9660896384158895,100,allenai/scibert_scivocab_uncased
SentenceTransformer,0.4,1,0.007208144021080867,0.3401170894898244,0.01411710252256422,0.3401170894898244,0.9417507330859843,100,allenai/scibert_scivocab_uncased
SentenceTransformer,0.4,2,0.00942623608947698,0.3272930025090605,0.018324709481554322,0.3272930025090605,0.9572326355078113,100,allenai/scibert_scivocab_uncased
SentenceTransformer,0.4,3,0.006002504642224813,0.31000836353498745,0.01177697876013408,0.31000836353498745,0.9361657947747496,100,allenai/scibert_scivocab_uncased
SentenceTransformer,0.4,4,0.008988235651059247,0.33035963200446056,0.017500332284790216,0.33035963200446056,0.9547083030155755,100,allenai/scibert_scivocab_uncased
SentenceTransformer,0.4,5,0.011739270993291846,0.3239475885140786,0.02265747628471985,0.3239475885140786,0.9660896384158895,100,allenai/scibert_scivocab_uncased
SentenceTransformer,0.45,1,0.007208144021080867,0.3401170894898244,0.01411710252256422,0.3401170894898244,0.9417507330859843,100,allenai/scibert_scivocab_uncased
SentenceTransformer,0.45,2,0.00942623608947698,0.3272930025090605,0.018324709481554322,0.3272930025090605,0.9572326355078113,100,allenai/scibert_scivocab_uncased
SentenceTransformer,0.45,3,0.006002504642224813,0.31000836353498745,0.01177697876013408,0.31000836353498745,0.9361657947747496,100,allenai/scibert_scivocab_uncased
SentenceTransformer,0.45,4,0.008988235651059247,0.33035963200446056,0.017500332284790216,0.33035963200446056,0.9547083030155755,100,allenai/scibert_scivocab_uncased
SentenceTransformer,0.45,5,0.011739270993291846,0.3239475885140786,0.02265747628471985,0.3239475885140786,0.9660896384158895,100,allenai/scibert_scivocab_uncased
SentenceTransformer,0.5,1,0.007208144021080867,0.3401170894898244,0.01411710252256422,0.3401170894898244,0.9417507330859843,100,allenai/scibert_scivocab_uncased
SentenceTransformer,0.5,2,0.00942623608947698,0.3272930025090605,0.018324709481554322,0.3272930025090605,0.9572326355078113,100,allenai/scibert_scivocab_uncased
SentenceTransformer,0.5,3,0.006002504642224813,0.31000836353498745,0.01177697876013408,0.31000836353498745,0.9361657947747496,100,allenai/scibert_scivocab_uncased
SentenceTransformer,0.5,4,0.008988235651059247,0.33035963200446056,0.017500332284790216,0.33035963200446056,0.9547083030155755,100,allenai/scibert_scivocab_uncased
SentenceTransformer,0.5,5,0.011739270993291846,0.3239475885140786,0.02265747628471985,0.3239475885140786,0.9660896384158895,100,allenai/scibert_scivocab_uncased
SentenceTransformer,0.55,1,0.007208144021080867,0.3401170894898244,0.01411710252256422,0.3401170894898244,0.9417507330859843,100,allenai/scibert_scivocab_uncased
SentenceTransformer,0.55,2,0.00942623608947698,0.3272930025090605,0.018324709481554322,0.3272930025090605,0.9572326355078113,100,allenai/scibert_scivocab_uncased
SentenceTransformer,0.55,3,0.006002504642224813,0.31000836353498745,0.01177697876013408,0.31000836353498745,0.9361657947747496,100,allenai/scibert_scivocab_uncased
SentenceTransformer,0.55,4,0.008988235651059247,0.33035963200446056,0.017500332284790216,0.33035963200446056,0.9547083030155755,100,allenai/scibert_scivocab_uncased
SentenceTransformer,0.55,5,0.011739270993291846,0.3239475885140786,0.02265747628471985,0.3239475885140786,0.9660896384158895,100,allenai/scibert_scivocab_uncased
SentenceTransformer,0.6,1,0.007208144021080867,0.3401170894898244,0.01411710252256422,0.3401170894898244,0.9417507330859843,100,allenai/scibert_scivocab_uncased
SentenceTransformer,0.6,2,0.00942623608947698,0.3272930025090605,0.018324709481554322,0.3272930025090605,0.9572326355078113,100,allenai/scibert_scivocab_uncased
SentenceTransformer,0.6,3,0.006002504642224813,0.31000836353498745,0.01177697876013408,0.31000836353498745,0.9361657947747496,100,allenai/scibert_scivocab_uncased
SentenceTransformer,0.6,4,0.008988235651059247,0.33035963200446056,0.017500332284790216,0.33035963200446056,0.9547083030155755,100,allenai/scibert_scivocab_uncased
SentenceTransformer,0.6,5,0.011739270993291846,0.3239475885140786,0.02265747628471985,0.3239475885140786,0.9660896384158895,100,allenai/scibert_scivocab_uncased
SentenceTransformer,0.65,1,0.007212575894625449,0.3401170894898244,0.014125602074842534,0.3401170894898244,0.9417867850743381,100,allenai/scibert_scivocab_uncased
SentenceTransformer,0.65,2,0.009434492956275064,0.3272930025090605,0.018340311191651564,0.3272930025090605,0.957270420764836,100,allenai/scibert_scivocab_uncased
SentenceTransformer,0.65,3,0.007224946884394727,0.32896570950655146,0.0141393565394524,0.32896570950655146,0.9437925235802537,100,allenai/scibert_scivocab_uncased
SentenceTransformer,0.65,4,0.008918879940490197,0.3275717870086423,0.01736495972807212,0.3275717870086423,0.9547381152367143,100,allenai/scibert_scivocab_uncased
SentenceTransformer,0.65,5,0.01129257482848643,0.31112350153331475,0.02179410816986125,0.31112350153331475,0.9661284636341166,100,allenai/scibert_scivocab_uncased
SentenceTransformer,0.7,1,0.007319342622280434,0.3442988569835517,0.014333963950370825,0.3442988569835517,0.9419368861412344,100,allenai/scibert_scivocab_uncased
SentenceTransformer,0.7,2,0.009532555342456847,0.32701421800947866,0.018525098903181485,0.32701421800947866,0.9577501895329291,100,allenai/scibert_scivocab_uncased
SentenceTransformer,0.7,3,0.00669867013403145,0.321717312517424,0.01312407596952121,0.321717312517424,0.9406809596623316,100,allenai/scibert_scivocab_uncased
SentenceTransformer,0.7,4,0.00906231104239539,0.3300808475048787,0.01764031049330294,0.3300808475048787,0.9551197809980368,100,allenai/scibert_scivocab_uncased
SentenceTransformer,0.7,5,0.011447682172735724,0.31586283802620574,0.022094599206310513,0.31586283802620574,0.9660837453024086,100,allenai/scibert_scivocab_uncased
SentenceTransformer,0.75,1,0.007467299656306407,0.3367716754948425,0.014610635042543799,0.3367716754948425,0.9443398898265102,100,allenai/scibert_scivocab_uncased
SentenceTransformer,0.75,2,0.00932284215546018,0.32701421800947866,0.01812884928945111,0.32701421800947866,0.9567906519967428,100,allenai/scibert_scivocab_uncased
SentenceTransformer,0.75,3,0.007098169839845622,0.3219960970170059,0.013890141607287814,0.3219960970170059,0.943993582746073,100,allenai/scibert_scivocab_uncased
SentenceTransformer,0.75,4,0.00996289623285699,0.33760802899358794,0.019354632485735747,0.33760802899358794,0.9582836896298189,100,allenai/scibert_scivocab_uncased
SentenceTransformer,0.75,5,0.012532168421963193,0.3231112350153331,0.02412849098044114,0.3231112350153331,0.9683425410342692,100,allenai/scibert_scivocab_uncased
SentenceTransformer,0.8,1,0.007881808472766108,0.30861444103707836,0.0153710504939703,0.30861444103707836,0.9516962287193605,100,allenai/scibert_scivocab_uncased
SentenceTransformer,0.8,2,0.01025439669813905,0.3130749930303875,0.019858356690038107,0.3130749930303875,0.9624258550994325,100,allenai/scibert_scivocab_uncased
SentenceTransformer,0.8,3,0.007524042736562744,0.30666294954000556,0.014687719063991722,0.30666294954000556,0.9497012364792045,100,allenai/scibert_scivocab_uncased
SentenceTransformer,0.8,4,0.011279935600724492,0.31251742403122384,0.021773966416424678,0.31251742403122384,0.9659381507340566,100,allenai/scibert_scivocab_uncased
SentenceTransformer,0.8,5,0.013797144683571277,0.2888207415667689,0.026336193199872893,0.2888207415667689,0.9743295976771427,100,allenai/scibert_scivocab_uncased
SentenceTransformer,0.85,1,0.02458478469382604,0.27153610259269584,0.045087374146510824,0.27153610259269584,0.986603913096682,100,allenai/scibert_scivocab_uncased
SentenceTransformer,0.85,2,0.025935252732417768,0.2785057150822414,0.04745166959578207,0.2785057150822414,0.9869935518938907,100,allenai/scibert_scivocab_uncased
SentenceTransformer,0.85,3,0.024142681070108026,0.2785057150822414,0.04443357203220211,0.2785057150822414,0.9860021222141606,100,allenai/scibert_scivocab_uncased
SentenceTransformer,0.85,4,0.022525071876485635,0.2773905770839141,0.041666666666666664,0.2773905770839141,0.9850321850659491,100,allenai/scibert_scivocab_uncased
SentenceTransformer,0.85,5,0.027415755104290083,0.2773905770839141,0.049899699097291875,0.2773905770839141,0.9877638164912195,100,allenai/scibert_scivocab_uncased
SentenceTransformer,0.1,1,0.01499993081212725,0.3022023975466964,0.0285812218208664,0.3022023975466964,0.9753241472404803,250,allenai/scibert_scivocab_uncased
SentenceTransformer,0.1,2,0.014606321560592005,0.29411764705882354,0.02783053708979635,0.29411764705882354,0.9753272671240878,250,allenai/scibert_scivocab_uncased
SentenceTransformer,0.1,3,0.022534975286923012,0.2999721215500418,0.041920716859842215,0.2999721215500418,0.9838209769187544,250,allenai/scibert_scivocab_uncased
SentenceTransformer,0.1,4,0.01975060816902846,0.32366880401449677,0.03722943722943723,0.32366880401449677,0.9800251185295781,250,allenai/scibert_scivocab_uncased
SentenceTransformer,0.1,5,0.018146446181196124,0.3016448285475328,0.034233464635438915,0.3016448285475328,0.9797055037866721,250,allenai/scibert_scivocab_uncased
SentenceTransformer,0.15,1,0.01499993081212725,0.3022023975466964,0.0285812218208664,0.3022023975466964,0.9753241472404803,250,allenai/scibert_scivocab_uncased
SentenceTransformer,0.15,2,0.014606321560592005,0.29411764705882354,0.02783053708979635,0.29411764705882354,0.9753272671240878,250,allenai/scibert_scivocab_uncased
SentenceTransformer,0.15,3,0.022534975286923012,0.2999721215500418,0.041920716859842215,0.2999721215500418,0.9838209769187544,250,allenai/scibert_scivocab_uncased
SentenceTransformer,0.15,4,0.01975060816902846,0.32366880401449677,0.03722943722943723,0.32366880401449677,0.9800251185295781,250,allenai/scibert_scivocab_uncased
SentenceTransformer,0.15,5,0.018146446181196124,0.3016448285475328,0.034233464635438915,0.3016448285475328,0.9797055037866721,250,allenai/scibert_scivocab_uncased
SentenceTransformer,0.2,1,0.01499993081212725,0.3022023975466964,0.0285812218208664,0.3022023975466964,0.9753241472404803,250,allenai/scibert_scivocab_uncased
SentenceTransformer,0.2,2,0.014606321560592005,0.29411764705882354,0.02783053708979635,0.29411764705882354,0.9753272671240878,250,allenai/scibert_scivocab_uncased
SentenceTransformer,0.2,3,0.022534975286923012,0.2999721215500418,0.041920716859842215,0.2999721215500418,0.9838209769187544,250,allenai/scibert_scivocab_uncased
SentenceTransformer,0.2,4,0.01975060816902846,0.32366880401449677,0.03722943722943723,0.32366880401449677,0.9800251185295781,250,allenai/scibert_scivocab_uncased
SentenceTransformer,0.2,5,0.018146446181196124,0.3016448285475328,0.034233464635438915,0.3016448285475328,0.9797055037866721,250,allenai/scibert_scivocab_uncased
SentenceTransformer,0.25,1,0.01499993081212725,0.3022023975466964,0.0285812218208664,0.3022023975466964,0.9753241472404803,250,allenai/scibert_scivocab_uncased
SentenceTransformer,0.25,2,0.014606321560592005,0.29411764705882354,0.02783053708979635,0.29411764705882354,0.9753272671240878,250,allenai/scibert_scivocab_uncased
SentenceTransformer,0.25,3,0.022534975286923012,0.2999721215500418,0.041920716859842215,0.2999721215500418,0.9838209769187544,250,allenai/scibert_scivocab_uncased
SentenceTransformer,0.25,4,0.01975060816902846,0.32366880401449677,0.03722943722943723,0.32366880401449677,0.9800251185295781,250,allenai/scibert_scivocab_uncased
SentenceTransformer,0.25,5,0.018146446181196124,0.3016448285475328,0.034233464635438915,0.3016448285475328,0.9797055037866721,250,allenai/scibert_scivocab_uncased
SentenceTransformer,0.3,1,0.01499993081212725,0.3022023975466964,0.0285812218208664,0.3022023975466964,0.9753241472404803,250,allenai/scibert_scivocab_uncased
SentenceTransformer,0.3,2,0.014606321560592005,0.29411764705882354,0.02783053708979635,0.29411764705882354,0.9753272671240878,250,allenai/scibert_scivocab_uncased
SentenceTransformer,0.3,3,0.022534975286923012,0.2999721215500418,0.041920716859842215,0.2999721215500418,0.9838209769187544,250,allenai/scibert_scivocab_uncased
SentenceTransformer,0.3,4,0.01975060816902846,0.32366880401449677,0.03722943722943723,0.32366880401449677,0.9800251185295781,250,allenai/scibert_scivocab_uncased
SentenceTransformer,0.3,5,0.018146446181196124,0.3016448285475328,0.034233464635438915,0.3016448285475328,0.9797055037866721,250,allenai/scibert_scivocab_uncased
SentenceTransformer,0.35,1,0.01499993081212725,0.3022023975466964,0.0285812218208664,0.3022023975466964,0.9753241472404803,250,allenai/scibert_scivocab_uncased
SentenceTransformer,0.35,2,0.014606321560592005,0.29411764705882354,0.02783053708979635,0.29411764705882354,0.9753272671240878,250,allenai/scibert_scivocab_uncased
SentenceTransformer,0.35,3,0.022534975286923012,0.2999721215500418,0.041920716859842215,0.2999721215500418,0.9838209769187544,250,allenai/scibert_scivocab_uncased
SentenceTransformer,0.35,4,0.01975060816902846,0.32366880401449677,0.03722943722943723,0.32366880401449677,0.9800251185295781,250,allenai/scibert_scivocab_uncased
SentenceTransformer,0.35,5,0.018146446181196124,0.3016448285475328,0.034233464635438915,0.3016448285475328,0.9797055037866721,250,allenai/scibert_scivocab_uncased
SentenceTransformer,0.4,1,0.01499993081212725,0.3022023975466964,0.0285812218208664,0.3022023975466964,0.9753241472404803,250,allenai/scibert_scivocab_uncased
SentenceTransformer,0.4,2,0.014606321560592005,0.29411764705882354,0.02783053708979635,0.29411764705882354,0.9753272671240878,250,allenai/scibert_scivocab_uncased
SentenceTransformer,0.4,3,0.022534975286923012,0.2999721215500418,0.041920716859842215,0.2999721215500418,0.9838209769187544,250,allenai/scibert_scivocab_uncased
SentenceTransformer,0.4,4,0.01975060816902846,0.32366880401449677,0.03722943722943723,0.32366880401449677,0.9800251185295781,250,allenai/scibert_scivocab_uncased
SentenceTransformer,0.4,5,0.018146446181196124,0.3016448285475328,0.034233464635438915,0.3016448285475328,0.9797055037866721,250,allenai/scibert_scivocab_uncased
SentenceTransformer,0.45,1,0.01499993081212725,0.3022023975466964,0.0285812218208664,0.3022023975466964,0.9753241472404803,250,allenai/scibert_scivocab_uncased
SentenceTransformer,0.45,2,0.014606321560592005,0.29411764705882354,0.02783053708979635,0.29411764705882354,0.9753272671240878,250,allenai/scibert_scivocab_uncased
SentenceTransformer,0.45,3,0.022534975286923012,0.2999721215500418,0.041920716859842215,0.2999721215500418,0.9838209769187544,250,allenai/scibert_scivocab_uncased
SentenceTransformer,0.45,4,0.01975060816902846,0.32366880401449677,0.03722943722943723,0.32366880401449677,0.9800251185295781,250,allenai/scibert_scivocab_uncased
SentenceTransformer,0.45,5,0.018146446181196124,0.3016448285475328,0.034233464635438915,0.3016448285475328,0.9797055037866721,250,allenai/scibert_scivocab_uncased
SentenceTransformer,0.5,1,0.01499993081212725,0.3022023975466964,0.0285812218208664,0.3022023975466964,0.9753241472404803,250,allenai/scibert_scivocab_uncased
SentenceTransformer,0.5,2,0.014606321560592005,0.29411764705882354,0.02783053708979635,0.29411764705882354,0.9753272671240878,250,allenai/scibert_scivocab_uncased
SentenceTransformer,0.5,3,0.022534975286923012,0.2999721215500418,0.041920716859842215,0.2999721215500418,0.9838209769187544,250,allenai/scibert_scivocab_uncased
SentenceTransformer,0.5,4,0.01975060816902846,0.32366880401449677,0.03722943722943723,0.32366880401449677,0.9800251185295781,250,allenai/scibert_scivocab_uncased
SentenceTransformer,0.5,5,0.018146446181196124,0.3016448285475328,0.034233464635438915,0.3016448285475328,0.9797055037866721,250,allenai/scibert_scivocab_uncased
SentenceTransformer,0.55,1,0.01499993081212725,0.3022023975466964,0.0285812218208664,0.3022023975466964,0.9753241472404803,250,allenai/scibert_scivocab_uncased
SentenceTransformer,0.55,2,0.014606321560592005,0.29411764705882354,0.02783053708979635,0.29411764705882354,0.9753272671240878,250,allenai/scibert_scivocab_uncased
SentenceTransformer,0.55,3,0.022534975286923012,0.2999721215500418,0.041920716859842215,0.2999721215500418,0.9838209769187544,250,allenai/scibert_scivocab_uncased
SentenceTransformer,0.55,4,0.01975060816902846,0.32366880401449677,0.03722943722943723,0.32366880401449677,0.9800251185295781,250,allenai/scibert_scivocab_uncased
SentenceTransformer,0.55,5,0.018146446181196124,0.3016448285475328,0.034233464635438915,0.3016448285475328,0.9797055037866721,250,allenai/scibert_scivocab_uncased
SentenceTransformer,0.6,1,0.01499993081212725,0.3022023975466964,0.0285812218208664,0.3022023975466964,0.9753241472404803,250,allenai/scibert_scivocab_uncased
SentenceTransformer,0.6,2,0.014606321560592005,0.29411764705882354,0.02783053708979635,0.29411764705882354,0.9753272671240878,250,allenai/scibert_scivocab_uncased
SentenceTransformer,0.6,3,0.022534975286923012,0.2999721215500418,0.041920716859842215,0.2999721215500418,0.9838209769187544,250,allenai/scibert_scivocab_uncased
SentenceTransformer,0.6,4,0.01975060816902846,0.32366880401449677,0.03722943722943723,0.32366880401449677,0.9800251185295781,250,allenai/scibert_scivocab_uncased
SentenceTransformer,0.6,5,0.018146446181196124,0.3016448285475328,0.034233464635438915,0.3016448285475328,0.9797055037866721,250,allenai/scibert_scivocab_uncased
SentenceTransformer,0.65,1,0.015014183906455408,0.3024811820462782,0.028608342561830934,0.3024811820462782,0.9753251872016828,250,allenai/scibert_scivocab_uncased
SentenceTransformer,0.65,2,0.014610569465987149,0.29411764705882354,0.027838247905534665,0.29411764705882354,0.9753345468525054,250,allenai/scibert_scivocab_uncased
SentenceTransformer,0.65,3,0.02254064018769901,0.2999721215500418,0.041930518480992926,0.2999721215500418,0.9838251367635644,250,allenai/scibert_scivocab_uncased
SentenceTransformer,0.65,4,0.019737177634598712,0.32366880401449677,0.037205576029482455,0.32366880401449677,0.9800112523802113,250,allenai/scibert_scivocab_uncased
SentenceTransformer,0.65,5,0.01803042003827687,0.2994145525508782,0.03401263597928839,0.2994145525508782,0.979723529780849,250,allenai/scibert_scivocab_uncased
SentenceTransformer,0.7,1,0.014830768391924865,0.3033175355450237,0.028278837656599262,0.3033175355450237,0.9749462946702335,250,allenai/scibert_scivocab_uncased
SentenceTransformer,0.7,2,0.014620613122485781,0.2938388625592417,0.02785522681924495,0.2938388625592417,0.9753751053394035,250,allenai/scibert_scivocab_uncased
SentenceTransformer,0.7,3,0.02268450984122957,0.2991357680512963,0.04217104228894828,0.2991357680512963,0.9839748911767265,250,allenai/scibert_scivocab_uncased
SentenceTransformer,0.7,4,0.019686580116043628,0.3225536660161695,0.0371083100805029,0.3225536660161695,0.9800278917594514,250,allenai/scibert_scivocab_uncased
SentenceTransformer,0.7,5,0.01815630652714148,0.2994145525508782,0.0342365317182021,0.2994145525508782,0.9798666977730618,250,allenai/scibert_scivocab_uncased
SentenceTransformer,0.75,1,0.015197998105551865,0.29969333705046,0.028928955866523144,0.29969333705046,0.9758527941850916,250,allenai/scibert_scivocab_uncased
SentenceTransformer,0.75,2,0.015050375222853352,0.3035963200446055,0.028679026651216685,0.3035963200446055,0.9752946816730758,250,allenai/scibert_scivocab_uncased
SentenceTransformer,0.75,3,0.02283839423571796,0.2969054920546418,0.04241422569147135,0.2969054920546418,0.9842040292950137,250,allenai/scibert_scivocab_uncased
SentenceTransformer,0.75,4,0.019802322964809334,0.3189294675216058,0.03728935102187164,0.3189294675216058,0.9803700389950786,250,allenai/scibert_scivocab_uncased
SentenceTransformer,0.75,5,0.019160902675889054,0.3058265960412601,0.036062394187938655,0.3058265960412601,0.9805336595576074,250,allenai/scibert_scivocab_uncased
SentenceTransformer,0.8,1,0.016484729934376576,0.2913298020630053,0.031203810149449826,0.2913298020630053,0.9783871796356184,250,allenai/scibert_scivocab_uncased
SentenceTransformer,0.8,2,0.01759075190858823,0.2935600780596599,0.03319253561972008,0.2935600780596599,0.9796139872008508,250,allenai/scibert_scivocab_uncased
SentenceTransformer,0.8,3,0.02006720531601601,0.29634792305547814,0.037589066284764584,0.29634792305547814,0.982005551312899,250,allenai/scibert_scivocab_uncased
SentenceTransformer,0.8,4,0.021159261576971213,0.3016448285475328,0.03954461560952433,0.3016448285475328,0.9826485939897869,250,allenai/scibert_scivocab_uncased
SentenceTransformer,0.8,5,0.020981939596296857,0.3083356565374965,0.03929021829872644,0.3083356565374965,0.982110587394353,250,allenai/scibert_scivocab_uncased
SentenceTransformer,0.85,1,0.03519555116525811,0.26819068859771394,0.06222509702457956,0.26819068859771394,0.9908583943761672,250,allenai/scibert_scivocab_uncased
SentenceTransformer,0.85,2,0.026556626899820232,0.2718148870922777,0.04838589613160964,0.2718148870922777,0.9876109421944499,250,allenai/scibert_scivocab_uncased
SentenceTransformer,0.85,3,0.04225533559496715,0.2743239475885141,0.07323063183746371,0.2743239475885141,0.9922685817667762,250,allenai/scibert_scivocab_uncased
SentenceTransformer,0.85,4,0.04942363825260971,0.2785057150822414,0.08394957983193277,0.2785057150822414,0.9933393951516315,250,allenai/scibert_scivocab_uncased
SentenceTransformer,0.85,5,0.043917124136709756,0.2765542235851687,0.07579751671442216,0.2765542235851687,0.9925136659568353,250,allenai/scibert_scivocab_uncased
SentenceTransformer,0.1,1,0.0022497527744203935,0.45664901031502647,0.004477446707313573,0.45664901031502647,0.748176168041091,10,bert-base-uncased
SentenceTransformer,0.1,2,0.001846665154488703,0.4176191803735712,0.0036770707148809675,0.4176191803735712,0.7193165513638571,10,bert-base-uncased
SentenceTransformer,0.1,3,0.0021829620279499875,0.39197100641204347,0.004341744047085998,0.39197100641204347,0.7772150046988914,10,bert-base-uncased
SentenceTransformer,0.1,4,0.0019240219880778421,0.4114859213827711,0.0038301350667548947,0.4114859213827711,0.7345786753182194,10,bert-base-uncased
SentenceTransformer,0.1,5,0.0017992083483267362,0.45023696682464454,0.003584094167358334,0.45023696682464454,0.6893975608749956,10,bert-base-uncased
SentenceTransformer,0.15,1,0.0022497527744203935,0.45664901031502647,0.004477446707313573,0.45664901031502647,0.748176168041091,10,bert-base-uncased
SentenceTransformer,0.15,2,0.001846665154488703,0.4176191803735712,0.0036770707148809675,0.4176191803735712,0.7193165513638571,10,bert-base-uncased
SentenceTransformer,0.15,3,0.0021829620279499875,0.39197100641204347,0.004341744047085998,0.39197100641204347,0.7772150046988914,10,bert-base-uncased
SentenceTransformer,0.15,4,0.0019240219880778421,0.4114859213827711,0.0038301350667548947,0.4114859213827711,0.7345786753182194,10,bert-base-uncased
SentenceTransformer,0.15,5,0.0017992083483267362,0.45023696682464454,0.003584094167358334,0.45023696682464454,0.6893975608749956,10,bert-base-uncased
SentenceTransformer,0.2,1,0.0022497527744203935,0.45664901031502647,0.004477446707313573,0.45664901031502647,0.748176168041091,10,bert-base-uncased
SentenceTransformer,0.2,2,0.001846665154488703,0.4176191803735712,0.0036770707148809675,0.4176191803735712,0.7193165513638571,10,bert-base-uncased
SentenceTransformer,0.2,3,0.0021829620279499875,0.39197100641204347,0.004341744047085998,0.39197100641204347,0.7772150046988914,10,bert-base-uncased
SentenceTransformer,0.2,4,0.0019240219880778421,0.4114859213827711,0.0038301350667548947,0.4114859213827711,0.7345786753182194,10,bert-base-uncased
SentenceTransformer,0.2,5,0.0017992083483267362,0.45023696682464454,0.003584094167358334,0.45023696682464454,0.6893975608749956,10,bert-base-uncased
SentenceTransformer,0.25,1,0.0022497527744203935,0.45664901031502647,0.004477446707313573,0.45664901031502647,0.748176168041091,10,bert-base-uncased
SentenceTransformer,0.25,2,0.001846665154488703,0.4176191803735712,0.0036770707148809675,0.4176191803735712,0.7193165513638571,10,bert-base-uncased
SentenceTransformer,0.25,3,0.0021829620279499875,0.39197100641204347,0.004341744047085998,0.39197100641204347,0.7772150046988914,10,bert-base-uncased
SentenceTransformer,0.25,4,0.0019240219880778421,0.4114859213827711,0.0038301350667548947,0.4114859213827711,0.7345786753182194,10,bert-base-uncased
SentenceTransformer,0.25,5,0.0017992083483267362,0.45023696682464454,0.003584094167358334,0.45023696682464454,0.6893975608749956,10,bert-base-uncased
SentenceTransformer,0.3,1,0.0022497527744203935,0.45664901031502647,0.004477446707313573,0.45664901031502647,0.748176168041091,10,bert-base-uncased
SentenceTransformer,0.3,2,0.001846665154488703,0.4176191803735712,0.0036770707148809675,0.4176191803735712,0.7193165513638571,10,bert-base-uncased
SentenceTransformer,0.3,3,0.0021829620279499875,0.39197100641204347,0.004341744047085998,0.39197100641204347,0.7772150046988914,10,bert-base-uncased
SentenceTransformer,0.3,4,0.0019240219880778421,0.4114859213827711,0.0038301350667548947,0.4114859213827711,0.7345786753182194,10,bert-base-uncased
SentenceTransformer,0.3,5,0.0017992083483267362,0.45023696682464454,0.003584094167358334,0.45023696682464454,0.6893975608749956,10,bert-base-uncased
SentenceTransformer,0.35,1,0.0022497527744203935,0.45664901031502647,0.004477446707313573,0.45664901031502647,0.748176168041091,10,bert-base-uncased
SentenceTransformer,0.35,2,0.001846665154488703,0.4176191803735712,0.0036770707148809675,0.4176191803735712,0.7193165513638571,10,bert-base-uncased
SentenceTransformer,0.35,3,0.0021829620279499875,0.39197100641204347,0.004341744047085998,0.39197100641204347,0.7772150046988914,10,bert-base-uncased
SentenceTransformer,0.35,4,0.0019240219880778421,0.4114859213827711,0.0038301350667548947,0.4114859213827711,0.7345786753182194,10,bert-base-uncased
SentenceTransformer,0.35,5,0.0017992083483267362,0.45023696682464454,0.003584094167358334,0.45023696682464454,0.6893975608749956,10,bert-base-uncased
SentenceTransformer,0.4,1,0.0022497527744203935,0.45664901031502647,0.004477446707313573,0.45664901031502647,0.748176168041091,10,bert-base-uncased
SentenceTransformer,0.4,2,0.001846665154488703,0.4176191803735712,0.0036770707148809675,0.4176191803735712,0.7193165513638571,10,bert-base-uncased
SentenceTransformer,0.4,3,0.0021829620279499875,0.39197100641204347,0.004341744047085998,0.39197100641204347,0.7772150046988914,10,bert-base-uncased
SentenceTransformer,0.4,4,0.0019240219880778421,0.4114859213827711,0.0038301350667548947,0.4114859213827711,0.7345786753182194,10,bert-base-uncased
SentenceTransformer,0.4,5,0.0017992083483267362,0.45023696682464454,0.003584094167358334,0.45023696682464454,0.6893975608749956,10,bert-base-uncased
SentenceTransformer,0.45,1,0.0022497527744203935,0.45664901031502647,0.004477446707313573,0.45664901031502647,0.748176168041091,10,bert-base-uncased
SentenceTransformer,0.45,2,0.001846665154488703,0.4176191803735712,0.0036770707148809675,0.4176191803735712,0.7193165513638571,10,bert-base-uncased
SentenceTransformer,0.45,3,0.0021829620279499875,0.39197100641204347,0.004341744047085998,0.39197100641204347,0.7772150046988914,10,bert-base-uncased
SentenceTransformer,0.45,4,0.0019240219880778421,0.4114859213827711,0.0038301350667548947,0.4114859213827711,0.7345786753182194,10,bert-base-uncased
SentenceTransformer,0.45,5,0.0017992083483267362,0.45023696682464454,0.003584094167358334,0.45023696682464454,0.6893975608749956,10,bert-base-uncased
SentenceTransformer,0.5,1,0.0022497527744203935,0.45664901031502647,0.004477446707313573,0.45664901031502647,0.748176168041091,10,bert-base-uncased
SentenceTransformer,0.5,2,0.001846665154488703,0.4176191803735712,0.0036770707148809675,0.4176191803735712,0.7193165513638571,10,bert-base-uncased
SentenceTransformer,0.5,3,0.0021829620279499875,0.39197100641204347,0.004341744047085998,0.39197100641204347,0.7772150046988914,10,bert-base-uncased
SentenceTransformer,0.5,4,0.0019227209564852401,0.4112071368831893,0.0038275450904273747,0.4112071368831893,0.7345786753182194,10,bert-base-uncased
SentenceTransformer,0.5,5,0.0017992083483267362,0.45023696682464454,0.003584094167358334,0.45023696682464454,0.6893975608749956,10,bert-base-uncased
SentenceTransformer,0.55,1,0.0022497527744203935,0.45664901031502647,0.004477446707313573,0.45664901031502647,0.748176168041091,10,bert-base-uncased
SentenceTransformer,0.55,2,0.0018442041938386815,0.41706161137440756,0.0036721704220909527,0.41706161137440756,0.7193165513638571,10,bert-base-uncased
SentenceTransformer,0.55,3,0.002181955137632812,0.3908558684137162,0.004339683964527262,0.3908558684137162,0.7777460782196419,10,bert-base-uncased
SentenceTransformer,0.55,4,0.001912111130796538,0.4061890158907165,0.003806304305800108,0.4061890158907165,0.7363601288581261,10,bert-base-uncased
SentenceTransformer,0.55,5,0.0019274071626050949,0.4357401728463897,0.003837838435104804,0.4357401728463897,0.7194285205199945,10,bert-base-uncased
SentenceTransformer,0.6,1,0.00228324177548075,0.44633398383049905,0.004543242388082573,0.44633398383049905,0.7574827808423894,10,bert-base-uncased
SentenceTransformer,0.6,2,0.0018627232419310893,0.41929188737106216,0.003708969219747795,0.41929188737106216,0.7206262091715565,10,bert-base-uncased
SentenceTransformer,0.6,3,0.0021715609448655477,0.3967103429049345,0.00431947741304889,0.3967103429049345,0.7733349094523113,10,bert-base-uncased
SentenceTransformer,0.6,4,0.0019395388091231712,0.4126010593810984,0.0038609283184744114,0.4126010593810984,0.7359926758999045,10,bert-base-uncased
SentenceTransformer,0.6,5,0.001972452304637262,0.4126010593810984,0.0039261355949289185,0.4126010593810984,0.7404066178971083,10,bert-base-uncased
SentenceTransformer,0.65,1,0.0018633398944486893,0.4106495678840256,0.0037098462038299817,0.4106495678840256,0.7264752976282298,10,bert-base-uncased
SentenceTransformer,0.65,2,0.0019321821243437778,0.40786172288820743,0.003846143734834285,0.40786172288820743,0.7380296132418953,10,bert-base-uncased
SentenceTransformer,0.65,3,0.0020928069851314447,0.37580150543629776,0.0041624337268294795,0.37580150543629776,0.777183805862816,10,bert-base-uncased
SentenceTransformer,0.65,4,0.0019742104992771015,0.37496515193755225,0.0039277412421591185,0.37496515193755225,0.7642962599875274,10,bert-base-uncased
SentenceTransformer,0.65,5,0.0017024390375616645,0.3515472539726791,0.003388468726529614,0.3515472539726791,0.7436700161505975,10,bert-base-uncased
SentenceTransformer,0.7,1,0.001880299633912454,0.36269863395595203,0.0037412041443684956,0.36269863395595203,0.760597464643919,10,bert-base-uncased
SentenceTransformer,0.7,2,0.0017846411596525412,0.3824923334262615,0.0035527060252288738,0.3824923334262615,0.7339744578595588,10,bert-base-uncased
SentenceTransformer,0.7,3,0.002187816461694258,0.3378868134931698,0.004347482979532394,0.3378868134931698,0.8083819486307697,10,bert-base-uncased
SentenceTransformer,0.7,4,0.0024386625708713696,0.37580150543629776,0.004845879115447318,0.37580150543629776,0.8088502778256352,10,bert-base-uncased
SentenceTransformer,0.7,5,0.0020853473728215713,0.3560078059659883,0.004146406799197993,0.3560078059659883,0.7881630229314912,10,bert-base-uncased
SentenceTransformer,0.75,1,0.00228420521421064,0.3356565374965152,0.004537531680752235,0.3356565374965152,0.8176968811216883,10,bert-base-uncased
SentenceTransformer,0.75,2,0.0028925241847161,0.3261778645107332,0.005734197873935865,0.3261778645107332,0.860187269280274,10,bert-base-uncased
SentenceTransformer,0.75,3,0.003947397356673191,0.3002509060496236,0.0077923487383557925,0.3002509060496236,0.9057930345478578,10,bert-base-uncased
SentenceTransformer,0.75,4,0.0037643616048417938,0.31558405352662394,0.007439977390881427,0.31558405352662394,0.8961484343557423,10,bert-base-uncased
SentenceTransformer,0.75,5,0.002297986216283774,0.3049902425425146,0.004561602481778608,0.3049902425425146,0.8353481426119597,10,bert-base-uncased
SentenceTransformer,0.8,1,0.0072749918616336175,0.2865904655701143,0.014189781424913558,0.2865904655701143,0.9513721074779103,10,bert-base-uncased
SentenceTransformer,0.8,2,0.00746013874259979,0.28631168107053245,0.0145413870246085,0.28631168107053245,0.9526339270702942,10,bert-base-uncased
SentenceTransformer,0.8,3,0.008227562333818291,0.2743239475885141,0.015975971100377483,0.2743239475885141,0.9588820139749986,10,bert-base-uncased
SentenceTransformer,0.8,4,0.007317899654652815,0.2829662670755506,0.014266839086922299,0.2829662670755506,0.9522706339568825,10,bert-base-uncased
SentenceTransformer,0.8,5,0.008462011058775342,0.2879843880680234,0.01644092884085881,0.2879843880680234,0.9580403387084306,10,bert-base-uncased
SentenceTransformer,0.85,1,0.017182546893613586,0.2372456091441316,0.03204428211017811,0.2372456091441316,0.983126282835475,10,bert-base-uncased
SentenceTransformer,0.85,2,0.016728807875165216,0.23640925564538612,0.03124654556173772,0.23640925564538612,0.982721737927697,10,bert-base-uncased
SentenceTransformer,0.85,3,0.017265687256083857,0.23557290214664064,0.032173317088029244,0.23557290214664064,0.9833273420012945,10,bert-base-uncased
SentenceTransformer,0.85,4,0.016701873531676306,0.23585168664622247,0.031194690265486727,0.23585168664622247,0.9827342174621272,10,bert-base-uncased
SentenceTransformer,0.85,5,0.019116707728807372,0.23362141064956787,0.03534150095945006,0.23362141064956787,0.9850945827381,10,bert-base-uncased
SentenceTransformer,0.1,1,0.002705383147534398,0.36046835795929744,0.0053704599780280485,0.36046835795929744,0.8347699241833618,25,bert-base-uncased
SentenceTransformer,0.1,2,0.003308224613970844,0.331195985503206,0.006551012980710906,0.331195985503206,0.8759267354265904,25,bert-base-uncased
SentenceTransformer,0.1,3,0.0038794532425471145,0.3392807359910789,0.007671191429949163,0.3392807359910789,0.8916752145699951,25,bert-base-uncased
SentenceTransformer,0.1,4,0.002811936512521693,0.34736548647895177,0.005578713135048735,0.34736548647895177,0.8468258477503733,25,bert-base-uncased
SentenceTransformer,0.1,5,0.002985484831419803,0.30889322553666015,0.005913812060333693,0.30889322553666015,0.8717308386281802,25,bert-base-uncased
SentenceTransformer,0.15,1,0.002705383147534398,0.36046835795929744,0.0053704599780280485,0.36046835795929744,0.8347699241833618,25,bert-base-uncased
SentenceTransformer,0.15,2,0.003308224613970844,0.331195985503206,0.006551012980710906,0.331195985503206,0.8759267354265904,25,bert-base-uncased
SentenceTransformer,0.15,3,0.0038794532425471145,0.3392807359910789,0.007671191429949163,0.3392807359910789,0.8916752145699951,25,bert-base-uncased
SentenceTransformer,0.15,4,0.002811936512521693,0.34736548647895177,0.005578713135048735,0.34736548647895177,0.8468258477503733,25,bert-base-uncased
SentenceTransformer,0.15,5,0.002985484831419803,0.30889322553666015,0.005913812060333693,0.30889322553666015,0.8717308386281802,25,bert-base-uncased
SentenceTransformer,0.2,1,0.002705383147534398,0.36046835795929744,0.0053704599780280485,0.36046835795929744,0.8347699241833618,25,bert-base-uncased
SentenceTransformer,0.2,2,0.003308224613970844,0.331195985503206,0.006551012980710906,0.331195985503206,0.8759267354265904,25,bert-base-uncased
SentenceTransformer,0.2,3,0.0038794532425471145,0.3392807359910789,0.007671191429949163,0.3392807359910789,0.8916752145699951,25,bert-base-uncased
SentenceTransformer,0.2,4,0.002811936512521693,0.34736548647895177,0.005578713135048735,0.34736548647895177,0.8468258477503733,25,bert-base-uncased
SentenceTransformer,0.2,5,0.002985484831419803,0.30889322553666015,0.005913812060333693,0.30889322553666015,0.8717308386281802,25,bert-base-uncased
SentenceTransformer,0.25,1,0.002705383147534398,0.36046835795929744,0.0053704599780280485,0.36046835795929744,0.8347699241833618,25,bert-base-uncased
SentenceTransformer,0.25,2,0.003308224613970844,0.331195985503206,0.006551012980710906,0.331195985503206,0.8759267354265904,25,bert-base-uncased
SentenceTransformer,0.25,3,0.0038794532425471145,0.3392807359910789,0.007671191429949163,0.3392807359910789,0.8916752145699951,25,bert-base-uncased
SentenceTransformer,0.25,4,0.002811936512521693,0.34736548647895177,0.005578713135048735,0.34736548647895177,0.8468258477503733,25,bert-base-uncased
SentenceTransformer,0.25,5,0.002985484831419803,0.30889322553666015,0.005913812060333693,0.30889322553666015,0.8717308386281802,25,bert-base-uncased
SentenceTransformer,0.3,1,0.002705383147534398,0.36046835795929744,0.0053704599780280485,0.36046835795929744,0.8347699241833618,25,bert-base-uncased
SentenceTransformer,0.3,2,0.003308224613970844,0.331195985503206,0.006551012980710906,0.331195985503206,0.8759267354265904,25,bert-base-uncased
SentenceTransformer,0.3,3,0.0038794532425471145,0.3392807359910789,0.007671191429949163,0.3392807359910789,0.8916752145699951,25,bert-base-uncased
SentenceTransformer,0.3,4,0.002811936512521693,0.34736548647895177,0.005578713135048735,0.34736548647895177,0.8468258477503733,25,bert-base-uncased
SentenceTransformer,0.3,5,0.002985484831419803,0.30889322553666015,0.005913812060333693,0.30889322553666015,0.8717308386281802,25,bert-base-uncased
SentenceTransformer,0.35,1,0.002705383147534398,0.36046835795929744,0.0053704599780280485,0.36046835795929744,0.8347699241833618,25,bert-base-uncased
SentenceTransformer,0.35,2,0.003308224613970844,0.331195985503206,0.006551012980710906,0.331195985503206,0.8759267354265904,25,bert-base-uncased
SentenceTransformer,0.35,3,0.0038794532425471145,0.3392807359910789,0.007671191429949163,0.3392807359910789,0.8916752145699951,25,bert-base-uncased
SentenceTransformer,0.35,4,0.002811936512521693,0.34736548647895177,0.005578713135048735,0.34736548647895177,0.8468258477503733,25,bert-base-uncased
SentenceTransformer,0.35,5,0.002985484831419803,0.30889322553666015,0.005913812060333693,0.30889322553666015,0.8717308386281802,25,bert-base-uncased
SentenceTransformer,0.4,1,0.002705383147534398,0.36046835795929744,0.0053704599780280485,0.36046835795929744,0.8347699241833618,25,bert-base-uncased
SentenceTransformer,0.4,2,0.003308224613970844,0.331195985503206,0.006551012980710906,0.331195985503206,0.8759267354265904,25,bert-base-uncased
SentenceTransformer,0.4,3,0.0038794532425471145,0.3392807359910789,0.007671191429949163,0.3392807359910789,0.8916752145699951,25,bert-base-uncased
SentenceTransformer,0.4,4,0.002811936512521693,0.34736548647895177,0.005578713135048735,0.34736548647895177,0.8468258477503733,25,bert-base-uncased
SentenceTransformer,0.4,5,0.002985484831419803,0.30889322553666015,0.005913812060333693,0.30889322553666015,0.8717308386281802,25,bert-base-uncased
SentenceTransformer,0.45,1,0.002705383147534398,0.36046835795929744,0.0053704599780280485,0.36046835795929744,0.8347699241833618,25,bert-base-uncased
SentenceTransformer,0.45,2,0.003308224613970844,0.331195985503206,0.006551012980710906,0.331195985503206,0.8759267354265904,25,bert-base-uncased
SentenceTransformer,0.45,3,0.0038794532425471145,0.3392807359910789,0.007671191429949163,0.3392807359910789,0.8916752145699951,25,bert-base-uncased
SentenceTransformer,0.45,4,0.002811936512521693,0.34736548647895177,0.005578713135048735,0.34736548647895177,0.8468258477503733,25,bert-base-uncased
SentenceTransformer,0.45,5,0.002985484831419803,0.30889322553666015,0.005913812060333693,0.30889322553666015,0.8717308386281802,25,bert-base-uncased
SentenceTransformer,0.5,1,0.002705383147534398,0.36046835795929744,0.0053704599780280485,0.36046835795929744,0.8347699241833618,25,bert-base-uncased
SentenceTransformer,0.5,2,0.003308224613970844,0.331195985503206,0.006551012980710906,0.331195985503206,0.8759267354265904,25,bert-base-uncased
SentenceTransformer,0.5,3,0.0038794532425471145,0.3392807359910789,0.007671191429949163,0.3392807359910789,0.8916752145699951,25,bert-base-uncased
SentenceTransformer,0.5,4,0.002811936512521693,0.34736548647895177,0.005578713135048735,0.34736548647895177,0.8468258477503733,25,bert-base-uncased
SentenceTransformer,0.5,5,0.002985484831419803,0.30889322553666015,0.005913812060333693,0.30889322553666015,0.8717308386281802,25,bert-base-uncased
SentenceTransformer,0.55,1,0.002705383147534398,0.36046835795929744,0.0053704599780280485,0.36046835795929744,0.8347699241833618,25,bert-base-uncased
SentenceTransformer,0.55,2,0.0033026736061798428,0.33063841650404235,0.006540020403099065,0.33063841650404235,0.8759267354265904,25,bert-base-uncased
SentenceTransformer,0.55,3,0.003827593003516045,0.3356565374965152,0.007568875827059988,0.3356565374965152,0.8913746657824685,25,bert-base-uncased
SentenceTransformer,0.55,4,0.002811936512521693,0.34736548647895177,0.005578713135048735,0.34736548647895177,0.8468258477503733,25,bert-base-uncased
SentenceTransformer,0.55,5,0.002982798387618288,0.30861444103707836,0.005908490452744086,0.30861444103707836,0.8717308386281802,25,bert-base-uncased
SentenceTransformer,0.6,1,0.0027505788127462254,0.3540563144689155,0.005458749903289864,0.3540563144689155,0.8403829414470644,25,bert-base-uncased
SentenceTransformer,0.6,2,0.003324336869842205,0.3334262614998606,0.006583039316596855,0.3334262614998606,0.8756986372695056,25,bert-base-uncased
SentenceTransformer,0.6,3,0.003861368409057611,0.33063841650404235,0.007633587786259542,0.33063841650404235,0.8939381701466658,25,bert-base-uncased
SentenceTransformer,0.6,4,0.002845078691263802,0.3512684694730973,0.00564444056202501,0.3512684694730973,0.846914244452587,25,bert-base-uncased
SentenceTransformer,0.6,5,0.002992115666018739,0.30554781154167826,0.00592619828432234,0.30554781154167826,0.8734020562806204,25,bert-base-uncased
SentenceTransformer,0.65,1,0.0030493639990107845,0.39531642040702536,0.006052044165411159,0.39531642040702536,0.8392923687993613,25,bert-base-uncased
SentenceTransformer,0.65,2,0.0035872809077275,0.3300808475048787,0.007097427781873985,0.3300808475048787,0.8859956397893316,25,bert-base-uncased
SentenceTransformer,0.65,3,0.0038719644352896315,0.331195985503206,0.0076544418958274275,0.331195985503206,0.8940511792640056,25,bert-base-uncased
SentenceTransformer,0.65,4,0.0024192088804874615,0.3353777529969334,0.004803766344485552,0.3353777529969334,0.8280365220508173,25,bert-base-uncased
SentenceTransformer,0.65,5,0.0029362449758923055,0.3061053805408419,0.005816694655315813,0.3061053805408419,0.8707505018679437,25,bert-base-uncased
SentenceTransformer,0.7,1,0.002823165261461668,0.37022581544466127,0.005603600144309582,0.37022581544466127,0.8373965195271782,25,bert-base-uncased
SentenceTransformer,0.7,2,0.003477675922488442,0.30554781154167826,0.006877078496580285,0.30554781154167826,0.891130968207346,25,bert-base-uncased
SentenceTransformer,0.7,3,0.003074942791762014,0.3356565374965152,0.006094058040335173,0.3356565374965152,0.8646844081736791,25,bert-base-uncased
SentenceTransformer,0.7,4,0.0028330109451779944,0.3286869250069696,0.005617602774971888,0.3286869250069696,0.8561435534711652,25,bert-base-uncased
SentenceTransformer,0.7,5,0.0031677820430071,0.3119598550320602,0.006271876602649434,0.3119598550320602,0.8779345538549108,25,bert-base-uncased
SentenceTransformer,0.75,1,0.003561667317416934,0.3127962085308057,0.007043137648772159,0.3127962085308057,0.8911857394973451,25,bert-base-uncased
SentenceTransformer,0.75,2,0.004184449583939344,0.2935600780596599,0.008251284120783754,0.2935600780596599,0.9131310007927971,25,bert-base-uncased
SentenceTransformer,0.75,3,0.0035202798021102175,0.30192361304711457,0.006959416257273489,0.30192361304711457,0.8937287912912262,25,bert-base-uncased
SentenceTransformer,0.75,4,0.0032638254013544437,0.31251742403122384,0.0064601828560232125,0.31251742403122384,0.8813262139900434,25,bert-base-uncased
SentenceTransformer,0.75,5,0.003993196176899401,0.27488151658767773,0.007872035511981701,0.27488151658767773,0.9147460605403015,25,bert-base-uncased
SentenceTransformer,0.8,1,0.007734965681298202,0.28463897407304156,0.01506066305269757,0.28463897407304156,0.9545963338594381,25,bert-base-uncased
SentenceTransformer,0.8,2,0.00953598201579057,0.29328129356007804,0.018471371130581355,0.29328129356007804,0.9621221864282983,25,bert-base-uncased
SentenceTransformer,0.8,3,0.007074401723942384,0.2782269305826596,0.013797966251667714,0.2782269305826596,0.9514428248396813,25,bert-base-uncased
SentenceTransformer,0.8,4,0.008282046634778292,0.29300250906049624,0.016108760958862118,0.29300250906049624,0.9563736275545347,25,bert-base-uncased
SentenceTransformer,0.8,5,0.008577093395987457,0.27376637858935043,0.016633073053405376,0.27376637858935043,0.9606516812879434,25,bert-base-uncased
SentenceTransformer,0.85,1,0.01653532635003001,0.23808196264287707,0.030922982221095702,0.23808196264287707,0.9823924168802343,25,bert-base-uncased
SentenceTransformer,0.85,2,0.02331450202173726,0.22665179816002232,0.04227988974985699,0.22665179816002232,0.988193667121592,25,bert-base-uncased
SentenceTransformer,0.85,3,0.017085816934759534,0.23334262614998605,0.03184022824536377,0.23334262614998605,0.983308276045915,25,bert-base-uncased
SentenceTransformer,0.85,4,0.01678881542260814,0.235015333147477,0.03133887246974851,0.235015333147477,0.9828860517976943,25,bert-base-uncased
SentenceTransformer,0.85,5,0.025225728381271524,0.22665179816002232,0.045398704489613584,0.22665179816002232,0.9891095262872727,25,bert-base-uncased
SentenceTransformer,0.1,1,0.00433386718865854,0.32589908001115137,0.008553981918828639,0.32589908001115137,0.9069002465748011,50,bert-base-uncased
SentenceTransformer,0.1,2,0.007415536468707578,0.32589908001115137,0.014501113323285512,0.32589908001115137,0.9457580502530052,50,bert-base-uncased
SentenceTransformer,0.1,3,0.005032146173116339,0.32032339001951493,0.009908631893031618,0.32032339001951493,0.9212461647097485,50,bert-base-uncased
SentenceTransformer,0.1,4,0.004802149171039463,0.35182603847226096,0.009474972408459905,0.35182603847226096,0.9093372223260258,50,bert-base-uncased
SentenceTransformer,0.1,5,0.005261676700873429,0.29188737106216894,0.010337014310890395,0.29188737106216894,0.9313837065118558,50,bert-base-uncased
SentenceTransformer,0.15,1,0.00433386718865854,0.32589908001115137,0.008553981918828639,0.32589908001115137,0.9069002465748011,50,bert-base-uncased
SentenceTransformer,0.15,2,0.007415536468707578,0.32589908001115137,0.014501113323285512,0.32589908001115137,0.9457580502530052,50,bert-base-uncased
SentenceTransformer,0.15,3,0.005032146173116339,0.32032339001951493,0.009908631893031618,0.32032339001951493,0.9212461647097485,50,bert-base-uncased
SentenceTransformer,0.15,4,0.004802149171039463,0.35182603847226096,0.009474972408459905,0.35182603847226096,0.9093372223260258,50,bert-base-uncased
SentenceTransformer,0.15,5,0.005261676700873429,0.29188737106216894,0.010337014310890395,0.29188737106216894,0.9313837065118558,50,bert-base-uncased
SentenceTransformer,0.2,1,0.00433386718865854,0.32589908001115137,0.008553981918828639,0.32589908001115137,0.9069002465748011,50,bert-base-uncased
SentenceTransformer,0.2,2,0.007415536468707578,0.32589908001115137,0.014501113323285512,0.32589908001115137,0.9457580502530052,50,bert-base-uncased
SentenceTransformer,0.2,3,0.005032146173116339,0.32032339001951493,0.009908631893031618,0.32032339001951493,0.9212461647097485,50,bert-base-uncased
SentenceTransformer,0.2,4,0.004802149171039463,0.35182603847226096,0.009474972408459905,0.35182603847226096,0.9093372223260258,50,bert-base-uncased
SentenceTransformer,0.2,5,0.005261676700873429,0.29188737106216894,0.010337014310890395,0.29188737106216894,0.9313837065118558,50,bert-base-uncased
SentenceTransformer,0.25,1,0.00433386718865854,0.32589908001115137,0.008553981918828639,0.32589908001115137,0.9069002465748011,50,bert-base-uncased
SentenceTransformer,0.25,2,0.007415536468707578,0.32589908001115137,0.014501113323285512,0.32589908001115137,0.9457580502530052,50,bert-base-uncased
SentenceTransformer,0.25,3,0.005032146173116339,0.32032339001951493,0.009908631893031618,0.32032339001951493,0.9212461647097485,50,bert-base-uncased
SentenceTransformer,0.25,4,0.004802149171039463,0.35182603847226096,0.009474972408459905,0.35182603847226096,0.9093372223260258,50,bert-base-uncased
SentenceTransformer,0.25,5,0.005261676700873429,0.29188737106216894,0.010337014310890395,0.29188737106216894,0.9313837065118558,50,bert-base-uncased
SentenceTransformer,0.3,1,0.00433386718865854,0.32589908001115137,0.008553981918828639,0.32589908001115137,0.9069002465748011,50,bert-base-uncased
SentenceTransformer,0.3,2,0.007415536468707578,0.32589908001115137,0.014501113323285512,0.32589908001115137,0.9457580502530052,50,bert-base-uncased
SentenceTransformer,0.3,3,0.005032146173116339,0.32032339001951493,0.009908631893031618,0.32032339001951493,0.9212461647097485,50,bert-base-uncased
SentenceTransformer,0.3,4,0.004802149171039463,0.35182603847226096,0.009474972408459905,0.35182603847226096,0.9093372223260258,50,bert-base-uncased
SentenceTransformer,0.3,5,0.005261676700873429,0.29188737106216894,0.010337014310890395,0.29188737106216894,0.9313837065118558,50,bert-base-uncased
SentenceTransformer,0.35,1,0.00433386718865854,0.32589908001115137,0.008553981918828639,0.32589908001115137,0.9069002465748011,50,bert-base-uncased
SentenceTransformer,0.35,2,0.007415536468707578,0.32589908001115137,0.014501113323285512,0.32589908001115137,0.9457580502530052,50,bert-base-uncased
SentenceTransformer,0.35,3,0.005032146173116339,0.32032339001951493,0.009908631893031618,0.32032339001951493,0.9212461647097485,50,bert-base-uncased
SentenceTransformer,0.35,4,0.004802149171039463,0.35182603847226096,0.009474972408459905,0.35182603847226096,0.9093372223260258,50,bert-base-uncased
SentenceTransformer,0.35,5,0.005261676700873429,0.29188737106216894,0.010337014310890395,0.29188737106216894,0.9313837065118558,50,bert-base-uncased
SentenceTransformer,0.4,1,0.00433386718865854,0.32589908001115137,0.008553981918828639,0.32589908001115137,0.9069002465748011,50,bert-base-uncased
SentenceTransformer,0.4,2,0.007415536468707578,0.32589908001115137,0.014501113323285512,0.32589908001115137,0.9457580502530052,50,bert-base-uncased
SentenceTransformer,0.4,3,0.005032146173116339,0.32032339001951493,0.009908631893031618,0.32032339001951493,0.9212461647097485,50,bert-base-uncased
SentenceTransformer,0.4,4,0.004802149171039463,0.35182603847226096,0.009474972408459905,0.35182603847226096,0.9093372223260258,50,bert-base-uncased
SentenceTransformer,0.4,5,0.005261676700873429,0.29188737106216894,0.010337014310890395,0.29188737106216894,0.9313837065118558,50,bert-base-uncased
SentenceTransformer,0.45,1,0.00433386718865854,0.32589908001115137,0.008553981918828639,0.32589908001115137,0.9069002465748011,50,bert-base-uncased
SentenceTransformer,0.45,2,0.007415536468707578,0.32589908001115137,0.014501113323285512,0.32589908001115137,0.9457580502530052,50,bert-base-uncased
SentenceTransformer,0.45,3,0.005032146173116339,0.32032339001951493,0.009908631893031618,0.32032339001951493,0.9212461647097485,50,bert-base-uncased
SentenceTransformer,0.45,4,0.004802149171039463,0.35182603847226096,0.009474972408459905,0.35182603847226096,0.9093372223260258,50,bert-base-uncased
SentenceTransformer,0.45,5,0.005261676700873429,0.29188737106216894,0.010337014310890395,0.29188737106216894,0.9313837065118558,50,bert-base-uncased
SentenceTransformer,0.5,1,0.00433386718865854,0.32589908001115137,0.008553981918828639,0.32589908001115137,0.9069002465748011,50,bert-base-uncased
SentenceTransformer,0.5,2,0.007415536468707578,0.32589908001115137,0.014501113323285512,0.32589908001115137,0.9457580502530052,50,bert-base-uncased
SentenceTransformer,0.5,3,0.005032146173116339,0.32032339001951493,0.009908631893031618,0.32032339001951493,0.9212461647097485,50,bert-base-uncased
SentenceTransformer,0.5,4,0.004802149171039463,0.35182603847226096,0.009474972408459905,0.35182603847226096,0.9093372223260258,50,bert-base-uncased
SentenceTransformer,0.5,5,0.005261676700873429,0.29188737106216894,0.010337014310890395,0.29188737106216894,0.9313837065118558,50,bert-base-uncased
SentenceTransformer,0.55,1,0.00433386718865854,0.32589908001115137,0.008553981918828639,0.32589908001115137,0.9069002465748011,50,bert-base-uncased
SentenceTransformer,0.55,2,0.007308559835683413,0.323390019514915,0.014294075968084779,0.323390019514915,0.9453819309514293,50,bert-base-uncased
SentenceTransformer,0.55,3,0.005032146173116339,0.32032339001951493,0.009908631893031618,0.32032339001951493,0.9212461647097485,50,bert-base-uncased
SentenceTransformer,0.55,4,0.004798362240199697,0.3515472539726791,0.009467500046924563,0.3515472539726791,0.9093372223260258,50,bert-base-uncased
SentenceTransformer,0.55,5,0.005261676700873429,0.29188737106216894,0.010337014310890395,0.29188737106216894,0.9313837065118558,50,bert-base-uncased
SentenceTransformer,0.6,1,0.0043418613274008155,0.326456649010315,0.008569745359274315,0.326456649010315,0.9069134194166997,50,bert-base-uncased
SentenceTransformer,0.6,2,0.00731481423144047,0.32366880401449677,0.01430631030276145,0.32366880401449677,0.9453819309514293,50,bert-base-uncased
SentenceTransformer,0.6,3,0.005072038594432492,0.3253415110119877,0.009988359752131193,0.3253415110119877,0.9206447204809612,50,bert-base-uncased
SentenceTransformer,0.6,4,0.0047828742001676475,0.3515472539726791,0.009437351255070425,0.3515472539726791,0.909042219998246,50,bert-base-uncased
SentenceTransformer,0.6,5,0.005083032631995273,0.290214664064678,0.009991074256427975,0.290214664064678,0.9293665284327126,50,bert-base-uncased
SentenceTransformer,0.65,1,0.00457856317510145,0.32366880401449677,0.009029398040130658,0.32366880401449677,0.9125004376503394,50,bert-base-uncased
SentenceTransformer,0.65,2,0.007642035098682497,0.3272930025090605,0.014935341674564758,0.3272930025090605,0.9471526382255766,50,bert-base-uncased
SentenceTransformer,0.65,3,0.005000698787603508,0.31920825202118763,0.00984713293629464,0.31920825202118763,0.9210243063198789,50,bert-base-uncased
SentenceTransformer,0.65,4,0.004457888296509131,0.3442988569835517,0.008801813102229317,0.3442988569835517,0.9043922068080713,50,bert-base-uncased
SentenceTransformer,0.65,5,0.005862999831280581,0.31000836353498745,0.011508349245282042,0.31000836353498745,0.9346377451145222,50,bert-base-uncased
SentenceTransformer,0.7,1,0.004844208615741839,0.33035963200446056,0.009548404771785068,0.33035963200446056,0.9156116549145273,50,bert-base-uncased
SentenceTransformer,0.7,2,0.006946004643151352,0.3102871480345693,0.013587835651892591,0.3102871480345693,0.9448394178574512,50,bert-base-uncased
SentenceTransformer,0.7,3,0.005414442312441818,0.3178143295232785,0.010647488733742732,0.3178143295232785,0.9274079348346445,50,bert-base-uncased
SentenceTransformer,0.7,4,0.004587326350196865,0.3442988569835517,0.009054019874856583,0.3442988569835517,0.9071019990480889,50,bert-base-uncased
SentenceTransformer,0.7,5,0.0056863088323440645,0.29885698355171453,0.011160272760397688,0.29885698355171453,0.935019410875845,50,bert-base-uncased
SentenceTransformer,0.75,1,0.005146142968186628,0.30638416504042376,0.010122268530244767,0.30638416504042376,0.9263502942916876,50,bert-base-uncased
SentenceTransformer,0.75,2,0.007804834866513718,0.294954000557569,0.015207267291439085,0.294954000557569,0.9533754194076867,50,bert-base-uncased
SentenceTransformer,0.75,3,0.006472334715636213,0.2971842765542236,0.012668758319072066,0.2971842765542236,0.94327531620887,50,bert-base-uncased
SentenceTransformer,0.75,4,0.005884548883998742,0.33398383049902425,0.011565325262705688,0.33398383049902425,0.9298421373559957,50,bert-base-uncased
SentenceTransformer,0.75,5,0.006682545983856028,0.30972957903540566,0.01308282452411373,0.30972957903540566,0.9427525623777395,50,bert-base-uncased
SentenceTransformer,0.8,1,0.010444312138611663,0.28854195706718705,0.020158934205913286,0.28854195706718705,0.9660064415196884,50,bert-base-uncased
SentenceTransformer,0.8,2,0.014569168863604829,0.2927237245609144,0.027756849994052105,0.2927237245609144,0.9753806517991502,50,bert-base-uncased
SentenceTransformer,0.8,3,0.00882515168229454,0.2810147755784778,0.017112880498446597,0.2810147755784778,0.9607549841007265,50,bert-base-uncased
SentenceTransformer,0.8,4,0.008513062455870081,0.2957903540563145,0.01654980931063259,0.2957903540563145,0.9571636514147113,50,bert-base-uncased
SentenceTransformer,0.8,5,0.010660868280222505,0.28157234457764146,0.02054390496918414,0.28157234457764146,0.9675084921498529,50,bert-base-uncased
SentenceTransformer,0.85,1,0.018579421688805366,0.24254251463618623,0.03451490686925991,0.24254251463618623,0.9840691809924211,50,bert-base-uncased
SentenceTransformer,0.85,2,0.023898781630740395,0.22748815165876776,0.04325355808221357,0.22748815165876776,0.988446724347537,50,bert-base-uncased
SentenceTransformer,0.85,3,0.023227419401726793,0.22274881516587677,0.04206813036381825,0.22274881516587677,0.9883524345318424,50,bert-base-uncased
SentenceTransformer,0.85,4,0.017347717568431693,0.23445776414831335,0.03230515115430415,0.23445776414831335,0.9834861094115449,50,bert-base-uncased
SentenceTransformer,0.85,5,0.025598341604372132,0.22720936715918594,0.04601270289343684,0.22720936715918594,0.989245761204802,50,bert-base-uncased
SentenceTransformer,0.1,1,0.006417387777917829,0.326456649010315,0.012587337418037192,0.326456649010315,0.9371509846872647,100,bert-base-uncased
SentenceTransformer,0.1,2,0.009515284132351967,0.3200446055199331,0.01848110435867509,0.3200446055199331,0.9585748787665228,100,bert-base-uncased
SentenceTransformer,0.1,3,0.0077982354662912735,0.3119598550320602,0.015216105411303976,0.3119598550320602,0.950645174597353,100,bert-base-uncased
SentenceTransformer,0.1,4,0.0074491793590011944,0.33732924449400614,0.0145764692418429,0.33732924449400614,0.9441110983619571,100,bert-base-uncased
SentenceTransformer,0.1,5,0.00923002991059962,0.3105659325341511,0.017927261023495334,0.3105659325341511,0.9585474931215233,100,bert-base-uncased
SentenceTransformer,0.15,1,0.006417387777917829,0.326456649010315,0.012587337418037192,0.326456649010315,0.9371509846872647,100,bert-base-uncased
SentenceTransformer,0.15,2,0.009515284132351967,0.3200446055199331,0.01848110435867509,0.3200446055199331,0.9585748787665228,100,bert-base-uncased
SentenceTransformer,0.15,3,0.0077982354662912735,0.3119598550320602,0.015216105411303976,0.3119598550320602,0.950645174597353,100,bert-base-uncased
SentenceTransformer,0.15,4,0.0074491793590011944,0.33732924449400614,0.0145764692418429,0.33732924449400614,0.9441110983619571,100,bert-base-uncased
SentenceTransformer,0.15,5,0.00923002991059962,0.3105659325341511,0.017927261023495334,0.3105659325341511,0.9585474931215233,100,bert-base-uncased
SentenceTransformer,0.2,1,0.006417387777917829,0.326456649010315,0.012587337418037192,0.326456649010315,0.9371509846872647,100,bert-base-uncased
SentenceTransformer,0.2,2,0.009515284132351967,0.3200446055199331,0.01848110435867509,0.3200446055199331,0.9585748787665228,100,bert-base-uncased
SentenceTransformer,0.2,3,0.0077982354662912735,0.3119598550320602,0.015216105411303976,0.3119598550320602,0.950645174597353,100,bert-base-uncased
SentenceTransformer,0.2,4,0.0074491793590011944,0.33732924449400614,0.0145764692418429,0.33732924449400614,0.9441110983619571,100,bert-base-uncased
SentenceTransformer,0.2,5,0.00923002991059962,0.3105659325341511,0.017927261023495334,0.3105659325341511,0.9585474931215233,100,bert-base-uncased
SentenceTransformer,0.25,1,0.006417387777917829,0.326456649010315,0.012587337418037192,0.326456649010315,0.9371509846872647,100,bert-base-uncased
SentenceTransformer,0.25,2,0.009515284132351967,0.3200446055199331,0.01848110435867509,0.3200446055199331,0.9585748787665228,100,bert-base-uncased
SentenceTransformer,0.25,3,0.0077982354662912735,0.3119598550320602,0.015216105411303976,0.3119598550320602,0.950645174597353,100,bert-base-uncased
SentenceTransformer,0.25,4,0.0074491793590011944,0.33732924449400614,0.0145764692418429,0.33732924449400614,0.9441110983619571,100,bert-base-uncased
SentenceTransformer,0.25,5,0.00923002991059962,0.3105659325341511,0.017927261023495334,0.3105659325341511,0.9585474931215233,100,bert-base-uncased
SentenceTransformer,0.3,1,0.006417387777917829,0.326456649010315,0.012587337418037192,0.326456649010315,0.9371509846872647,100,bert-base-uncased
SentenceTransformer,0.3,2,0.009515284132351967,0.3200446055199331,0.01848110435867509,0.3200446055199331,0.9585748787665228,100,bert-base-uncased
SentenceTransformer,0.3,3,0.0077982354662912735,0.3119598550320602,0.015216105411303976,0.3119598550320602,0.950645174597353,100,bert-base-uncased
SentenceTransformer,0.3,4,0.0074491793590011944,0.33732924449400614,0.0145764692418429,0.33732924449400614,0.9441110983619571,100,bert-base-uncased
SentenceTransformer,0.3,5,0.00923002991059962,0.3105659325341511,0.017927261023495334,0.3105659325341511,0.9585474931215233,100,bert-base-uncased
SentenceTransformer,0.35,1,0.006417387777917829,0.326456649010315,0.012587337418037192,0.326456649010315,0.9371509846872647,100,bert-base-uncased
SentenceTransformer,0.35,2,0.009515284132351967,0.3200446055199331,0.01848110435867509,0.3200446055199331,0.9585748787665228,100,bert-base-uncased
SentenceTransformer,0.35,3,0.0077982354662912735,0.3119598550320602,0.015216105411303976,0.3119598550320602,0.950645174597353,100,bert-base-uncased
SentenceTransformer,0.35,4,0.0074491793590011944,0.33732924449400614,0.0145764692418429,0.33732924449400614,0.9441110983619571,100,bert-base-uncased
SentenceTransformer,0.35,5,0.00923002991059962,0.3105659325341511,0.017927261023495334,0.3105659325341511,0.9585474931215233,100,bert-base-uncased
SentenceTransformer,0.4,1,0.006417387777917829,0.326456649010315,0.012587337418037192,0.326456649010315,0.9371509846872647,100,bert-base-uncased
SentenceTransformer,0.4,2,0.009515284132351967,0.3200446055199331,0.01848110435867509,0.3200446055199331,0.9585748787665228,100,bert-base-uncased
SentenceTransformer,0.4,3,0.0077982354662912735,0.3119598550320602,0.015216105411303976,0.3119598550320602,0.950645174597353,100,bert-base-uncased
SentenceTransformer,0.4,4,0.0074491793590011944,0.33732924449400614,0.0145764692418429,0.33732924449400614,0.9441110983619571,100,bert-base-uncased
SentenceTransformer,0.4,5,0.00923002991059962,0.3105659325341511,0.017927261023495334,0.3105659325341511,0.9585474931215233,100,bert-base-uncased
SentenceTransformer,0.45,1,0.006417387777917829,0.326456649010315,0.012587337418037192,0.326456649010315,0.9371509846872647,100,bert-base-uncased
SentenceTransformer,0.45,2,0.009515284132351967,0.3200446055199331,0.01848110435867509,0.3200446055199331,0.9585748787665228,100,bert-base-uncased
SentenceTransformer,0.45,3,0.0077982354662912735,0.3119598550320602,0.015216105411303976,0.3119598550320602,0.950645174597353,100,bert-base-uncased
SentenceTransformer,0.45,4,0.0074491793590011944,0.33732924449400614,0.0145764692418429,0.33732924449400614,0.9441110983619571,100,bert-base-uncased
SentenceTransformer,0.45,5,0.00923002991059962,0.3105659325341511,0.017927261023495334,0.3105659325341511,0.9585474931215233,100,bert-base-uncased
SentenceTransformer,0.5,1,0.006417387777917829,0.326456649010315,0.012587337418037192,0.326456649010315,0.9371509846872647,100,bert-base-uncased
SentenceTransformer,0.5,2,0.009515284132351967,0.3200446055199331,0.01848110435867509,0.3200446055199331,0.9585748787665228,100,bert-base-uncased
SentenceTransformer,0.5,3,0.0077982354662912735,0.3119598550320602,0.015216105411303976,0.3119598550320602,0.950645174597353,100,bert-base-uncased
SentenceTransformer,0.5,4,0.0074491793590011944,0.33732924449400614,0.0145764692418429,0.33732924449400614,0.9441110983619571,100,bert-base-uncased
SentenceTransformer,0.5,5,0.00923002991059962,0.3105659325341511,0.017927261023495334,0.3105659325341511,0.9585474931215233,100,bert-base-uncased
SentenceTransformer,0.55,1,0.006417387777917829,0.326456649010315,0.012587337418037192,0.326456649010315,0.9371509846872647,100,bert-base-uncased
SentenceTransformer,0.55,2,0.009528594155572301,0.31725676052411483,0.018501507921669363,0.31725676052411483,0.9589936364774018,100,bert-base-uncased
SentenceTransformer,0.55,3,0.0077982354662912735,0.3119598550320602,0.015216105411303976,0.3119598550320602,0.950645174597353,100,bert-base-uncased
SentenceTransformer,0.55,4,0.0074491793590011944,0.33732924449400614,0.0145764692418429,0.33732924449400614,0.9441110983619571,100,bert-base-uncased
SentenceTransformer,0.55,5,0.00923002991059962,0.3105659325341511,0.017927261023495334,0.3105659325341511,0.9585474931215233,100,bert-base-uncased
SentenceTransformer,0.6,1,0.006558471039345357,0.3342626149986061,0.012864530804059998,0.3342626149986061,0.9370414421072665,100,bert-base-uncased
SentenceTransformer,0.6,2,0.009253183377494995,0.3105659325341511,0.017970930326348222,0.3105659325341511,0.958652182549243,100,bert-base-uncased
SentenceTransformer,0.6,3,0.007650643195666892,0.3150264845274603,0.0149384943848447,0.3150264845274603,0.9491909621825042,100,bert-base-uncased
SentenceTransformer,0.6,4,0.0073663244982380876,0.33509896849735155,0.014415754188604118,0.33509896849735155,0.9438514547150627,100,bert-base-uncased
SentenceTransformer,0.6,5,0.009196275260863822,0.3105659325341511,0.017863585705924327,0.3105659325341511,0.9583939255172854,100,bert-base-uncased
SentenceTransformer,0.65,1,0.006128288349846259,0.3200446055199331,0.012026294424220202,0.3200446055199331,0.9354600077719767,100,bert-base-uncased
SentenceTransformer,0.65,2,0.00914639188898629,0.3083356565374965,0.017765783999550235,0.3083356565374965,0.9584653361865246,100,bert-base-uncased
SentenceTransformer,0.65,3,0.0077730090605627085,0.31809311402286033,0.015175193014889244,0.31809311402286033,0.949510230271676,100,bert-base-uncased
SentenceTransformer,0.65,4,0.007357351843010515,0.33509896849735155,0.014398572121633195,0.33509896849735155,0.9437824706219626,100,bert-base-uncased
SentenceTransformer,0.65,5,0.009250732524068647,0.3080568720379147,0.017962076448547998,0.3080568720379147,0.9589752638294907,100,bert-base-uncased
SentenceTransformer,0.7,1,0.006602551474231543,0.3083356565374965,0.01292826333446329,0.3083356565374965,0.9423150853652154,100,bert-base-uncased
SentenceTransformer,0.7,2,0.00935135594661226,0.30666294954000556,0.01814926949190295,0.30666294954000556,0.9596044403570118,100,bert-base-uncased
SentenceTransformer,0.7,3,0.007396026120054475,0.29523278505715084,0.014430545335622599,0.29523278505715084,0.9507314913771617,100,bert-base-uncased
SentenceTransformer,0.7,4,0.007070540835420971,0.323390019514915,0.013838518801297958,0.323390019514915,0.9435297600497518,100,bert-base-uncased
SentenceTransformer,0.7,5,0.009535818425407834,0.3035963200446055,0.01849084796413896,0.3035963200446055,0.9607893028204094,100,bert-base-uncased
SentenceTransformer,0.75,1,0.0072338800979437085,0.30638416504042376,0.014134048395290366,0.30638416504042376,0.947715950543605,100,bert-base-uncased
SentenceTransformer,0.75,2,0.011515707874337006,0.31474770002787844,0.022218504924872328,0.31474770002787844,0.9664054399677197,100,bert-base-uncased
SentenceTransformer,0.75,3,0.008961256232296964,0.3016448285475328,0.017405432360913384,0.3016448285475328,0.9585194141690554,100,bert-base-uncased
SentenceTransformer,0.75,4,0.007063346301452824,0.2991357680512963,0.013800820589332338,0.2991357680512963,0.9477114440450608,100,bert-base-uncased
SentenceTransformer,0.75,5,0.010913971647186762,0.3105659325341511,0.021086903026746675,0.3105659325341511,0.9650028789592623,100,bert-base-uncased
SentenceTransformer,0.8,1,0.013107520602167282,0.28157234457764146,0.02504898192009127,0.28157234457764146,0.9736387167849392,100,bert-base-uncased
SentenceTransformer,0.8,2,0.016954845726899023,0.29551156955673263,0.032069706229389164,0.29551156955673263,0.9786950081515625,100,bert-base-uncased
SentenceTransformer,0.8,3,0.011116676102957189,0.28463897407304156,0.021397659041611217,0.28463897407304156,0.9685158679013548,100,bert-base-uncased
SentenceTransformer,0.8,4,0.009734445841429497,0.28491775857262336,0.018825696523140686,0.28491775857262336,0.9639597978731407,100,bert-base-uncased
SentenceTransformer,0.8,5,0.014469782884938581,0.29523278505715084,0.02758746450621304,0.29523278505715084,0.9749965594616884,100,bert-base-uncased
SentenceTransformer,0.85,1,0.019756434157325135,0.22748815165876776,0.03635553575406549,0.22748815165876776,0.9859650302646042,100,bert-base-uncased
SentenceTransformer,0.85,2,0.025862601074007778,0.23362141064956787,0.046569785212148156,0.23362141064956787,0.9890582215346153,100,bert-base-uncased
SentenceTransformer,0.85,3,0.02475278507948429,0.22051853916922218,0.04450946740567763,0.22051853916922218,0.9891965363745496,100,bert-base-uncased
SentenceTransformer,0.85,4,0.018095074357431445,0.23473654864789517,0.03360003192402083,0.23473654864789517,0.9841613908857106,100,bert-base-uncased
SentenceTransformer,0.85,5,0.02841107160287248,0.22720936715918594,0.05050661543705264,0.22720936715918594,0.99033841377491,100,bert-base-uncased
SentenceTransformer,0.1,1,0.01694216919096198,0.2865904655701143,0.03199302875637993,0.2865904655701143,0.9793224514104127,250,bert-base-uncased
SentenceTransformer,0.1,2,0.021690676814351727,0.33370504599944245,0.0407336827060505,0.33370504599944245,0.9812848581995568,250,bert-base-uncased
SentenceTransformer,0.1,3,0.018752473941153185,0.31697797602453304,0.035410081128637944,0.31697797602453304,0.9793758360854751,250,bert-base-uncased
SentenceTransformer,0.1,4,0.016408568748366062,0.29746306105380543,0.031101524470224736,0.29746306105380543,0.9778280271624,250,bert-base-uncased
SentenceTransformer,0.1,5,0.02234648398811489,0.30192361304711457,0.04161303337111679,0.30192361304711457,0.983575199421227,250,bert-base-uncased
SentenceTransformer,0.15,1,0.01694216919096198,0.2865904655701143,0.03199302875637993,0.2865904655701143,0.9793224514104127,250,bert-base-uncased
SentenceTransformer,0.15,2,0.021690676814351727,0.33370504599944245,0.0407336827060505,0.33370504599944245,0.9812848581995568,250,bert-base-uncased
SentenceTransformer,0.15,3,0.018752473941153185,0.31697797602453304,0.035410081128637944,0.31697797602453304,0.9793758360854751,250,bert-base-uncased
SentenceTransformer,0.15,4,0.016408568748366062,0.29746306105380543,0.031101524470224736,0.29746306105380543,0.9778280271624,250,bert-base-uncased
SentenceTransformer,0.15,5,0.02234648398811489,0.30192361304711457,0.04161303337111679,0.30192361304711457,0.983575199421227,250,bert-base-uncased
SentenceTransformer,0.2,1,0.01694216919096198,0.2865904655701143,0.03199302875637993,0.2865904655701143,0.9793224514104127,250,bert-base-uncased
SentenceTransformer,0.2,2,0.021690676814351727,0.33370504599944245,0.0407336827060505,0.33370504599944245,0.9812848581995568,250,bert-base-uncased
SentenceTransformer,0.2,3,0.018752473941153185,0.31697797602453304,0.035410081128637944,0.31697797602453304,0.9793758360854751,250,bert-base-uncased
SentenceTransformer,0.2,4,0.016408568748366062,0.29746306105380543,0.031101524470224736,0.29746306105380543,0.9778280271624,250,bert-base-uncased
SentenceTransformer,0.2,5,0.02234648398811489,0.30192361304711457,0.04161303337111679,0.30192361304711457,0.983575199421227,250,bert-base-uncased
SentenceTransformer,0.25,1,0.01694216919096198,0.2865904655701143,0.03199302875637993,0.2865904655701143,0.9793224514104127,250,bert-base-uncased
SentenceTransformer,0.25,2,0.021690676814351727,0.33370504599944245,0.0407336827060505,0.33370504599944245,0.9812848581995568,250,bert-base-uncased
SentenceTransformer,0.25,3,0.018752473941153185,0.31697797602453304,0.035410081128637944,0.31697797602453304,0.9793758360854751,250,bert-base-uncased
SentenceTransformer,0.25,4,0.016408568748366062,0.29746306105380543,0.031101524470224736,0.29746306105380543,0.9778280271624,250,bert-base-uncased
SentenceTransformer,0.25,5,0.02234648398811489,0.30192361304711457,0.04161303337111679,0.30192361304711457,0.983575199421227,250,bert-base-uncased
SentenceTransformer,0.3,1,0.01694216919096198,0.2865904655701143,0.03199302875637993,0.2865904655701143,0.9793224514104127,250,bert-base-uncased
SentenceTransformer,0.3,2,0.021690676814351727,0.33370504599944245,0.0407336827060505,0.33370504599944245,0.9812848581995568,250,bert-base-uncased
SentenceTransformer,0.3,3,0.018752473941153185,0.31697797602453304,0.035410081128637944,0.31697797602453304,0.9793758360854751,250,bert-base-uncased
SentenceTransformer,0.3,4,0.016408568748366062,0.29746306105380543,0.031101524470224736,0.29746306105380543,0.9778280271624,250,bert-base-uncased
SentenceTransformer,0.3,5,0.02234648398811489,0.30192361304711457,0.04161303337111679,0.30192361304711457,0.983575199421227,250,bert-base-uncased
SentenceTransformer,0.35,1,0.01694216919096198,0.2865904655701143,0.03199302875637993,0.2865904655701143,0.9793224514104127,250,bert-base-uncased
SentenceTransformer,0.35,2,0.021690676814351727,0.33370504599944245,0.0407336827060505,0.33370504599944245,0.9812848581995568,250,bert-base-uncased
SentenceTransformer,0.35,3,0.018752473941153185,0.31697797602453304,0.035410081128637944,0.31697797602453304,0.9793758360854751,250,bert-base-uncased
SentenceTransformer,0.35,4,0.016408568748366062,0.29746306105380543,0.031101524470224736,0.29746306105380543,0.9778280271624,250,bert-base-uncased
SentenceTransformer,0.35,5,0.02234648398811489,0.30192361304711457,0.04161303337111679,0.30192361304711457,0.983575199421227,250,bert-base-uncased
SentenceTransformer,0.4,1,0.01694216919096198,0.2865904655701143,0.03199302875637993,0.2865904655701143,0.9793224514104127,250,bert-base-uncased
SentenceTransformer,0.4,2,0.021690676814351727,0.33370504599944245,0.0407336827060505,0.33370504599944245,0.9812848581995568,250,bert-base-uncased
SentenceTransformer,0.4,3,0.018752473941153185,0.31697797602453304,0.035410081128637944,0.31697797602453304,0.9793758360854751,250,bert-base-uncased
SentenceTransformer,0.4,4,0.016408568748366062,0.29746306105380543,0.031101524470224736,0.29746306105380543,0.9778280271624,250,bert-base-uncased
SentenceTransformer,0.4,5,0.02234648398811489,0.30192361304711457,0.04161303337111679,0.30192361304711457,0.983575199421227,250,bert-base-uncased
SentenceTransformer,0.45,1,0.01694216919096198,0.2865904655701143,0.03199302875637993,0.2865904655701143,0.9793224514104127,250,bert-base-uncased
SentenceTransformer,0.45,2,0.021690676814351727,0.33370504599944245,0.0407336827060505,0.33370504599944245,0.9812848581995568,250,bert-base-uncased
SentenceTransformer,0.45,3,0.018752473941153185,0.31697797602453304,0.035410081128637944,0.31697797602453304,0.9793758360854751,250,bert-base-uncased
SentenceTransformer,0.45,4,0.016408568748366062,0.29746306105380543,0.031101524470224736,0.29746306105380543,0.9778280271624,250,bert-base-uncased
SentenceTransformer,0.45,5,0.02234648398811489,0.30192361304711457,0.04161303337111679,0.30192361304711457,0.983575199421227,250,bert-base-uncased
SentenceTransformer,0.5,1,0.01694216919096198,0.2865904655701143,0.03199302875637993,0.2865904655701143,0.9793224514104127,250,bert-base-uncased
SentenceTransformer,0.5,2,0.021690676814351727,0.33370504599944245,0.0407336827060505,0.33370504599944245,0.9812848581995568,250,bert-base-uncased
SentenceTransformer,0.5,3,0.018752473941153185,0.31697797602453304,0.035410081128637944,0.31697797602453304,0.9793758360854751,250,bert-base-uncased
SentenceTransformer,0.5,4,0.016408568748366062,0.29746306105380543,0.031101524470224736,0.29746306105380543,0.9778280271624,250,bert-base-uncased
SentenceTransformer,0.5,5,0.02234648398811489,0.30192361304711457,0.04161303337111679,0.30192361304711457,0.983575199421227,250,bert-base-uncased
SentenceTransformer,0.55,1,0.01694216919096198,0.2865904655701143,0.03199302875637993,0.2865904655701143,0.9793224514104127,250,bert-base-uncased
SentenceTransformer,0.55,2,0.021690676814351727,0.33370504599944245,0.0407336827060505,0.33370504599944245,0.9812848581995568,250,bert-base-uncased
SentenceTransformer,0.55,3,0.018752473941153185,0.31697797602453304,0.035410081128637944,0.31697797602453304,0.9793758360854751,250,bert-base-uncased
SentenceTransformer,0.55,4,0.016408568748366062,0.29746306105380543,0.031101524470224736,0.29746306105380543,0.9778280271624,250,bert-base-uncased
SentenceTransformer,0.55,5,0.02234648398811489,0.30192361304711457,0.04161303337111679,0.30192361304711457,0.983575199421227,250,bert-base-uncased
SentenceTransformer,0.6,1,0.01694216919096198,0.2865904655701143,0.03199302875637993,0.2865904655701143,0.9793224514104127,250,bert-base-uncased
SentenceTransformer,0.6,2,0.021712158808933003,0.33175355450236965,0.040756914119359534,0.33175355450236965,0.9814131200812002,250,bert-base-uncased
SentenceTransformer,0.6,3,0.01875309252845126,0.31697797602453304,0.035411183954404596,0.31697797602453304,0.9793765293929434,250,bert-base-uncased
SentenceTransformer,0.6,4,0.016409073433294886,0.29746306105380543,0.031102431061621874,0.29746306105380543,0.9778287204698684,250,bert-base-uncased
SentenceTransformer,0.6,5,0.02234648398811489,0.30192361304711457,0.04161303337111679,0.30192361304711457,0.983575199421227,250,bert-base-uncased
SentenceTransformer,0.65,1,0.01659513122112644,0.28240869807638697,0.03134815640037754,0.28240869807638697,0.9791907229914276,250,bert-base-uncased
SentenceTransformer,0.65,2,0.02232192933258553,0.33286869250069695,0.04183821854687527,0.33286869250069695,0.9818713963177748,250,bert-base-uncased
SentenceTransformer,0.65,3,0.018787628865979383,0.3175355450236967,0.03547623497165639,0.3175355450236967,0.9793789559690826,250,bert-base-uncased
SentenceTransformer,0.65,4,0.016550253430584746,0.2985781990521327,0.031362099005841956,0.2985781990521327,0.9779386097036007,250,bert-base-uncased
SentenceTransformer,0.65,5,0.022362503610182778,0.3022023975466964,0.041643456714239066,0.3022023975466964,0.9835720795376194,250,bert-base-uncased
SentenceTransformer,0.7,1,0.016667466449125836,0.29049344856425985,0.03152608011618056,0.29049344856425985,0.9786894616918158,250,bert-base-uncased
SentenceTransformer,0.7,2,0.02134810364250845,0.31697797602453304,0.04000211092933664,0.31697797602453304,0.9819313674137864,250,bert-base-uncased
SentenceTransformer,0.7,3,0.018817737245572296,0.3175355450236967,0.035529907198003585,0.3175355450236967,0.9794125813812973,250,bert-base-uncased
SentenceTransformer,0.7,4,0.015116884619835668,0.2913298020630053,0.028742350271608333,0.2913298020630053,0.9763987738164115,250,bert-base-uncased
SentenceTransformer,0.7,5,0.022934875468226326,0.29188737106216894,0.042528128681099966,0.29188737106216894,0.9845378568410208,250,bert-base-uncased
SentenceTransformer,0.75,1,0.017318857217830552,0.29439643155840534,0.03271324793606047,0.29439643155840534,0.9792292015559206,250,bert-base-uncased
SentenceTransformer,0.75,2,0.0219036787198996,0.31140228603289655,0.04092849421981203,0.31140228603289655,0.9827092583932668,250,bert-base-uncased
SentenceTransformer,0.75,3,0.020032615544271895,0.3013660440479509,0.03756798554275487,0.3013660440479509,0.9816686038832845,250,bert-base-uncased
SentenceTransformer,0.75,4,0.015004152935187419,0.31223863953164205,0.028632418544603938,0.31223863953164205,0.9745119375413168,250,bert-base-uncased
SentenceTransformer,0.75,5,0.025047612159784,0.28965709506551435,0.04610810331055294,0.28965709506551435,0.985980629682642,250,bert-base-uncased
SentenceTransformer,0.8,1,0.02363548320151267,0.2857541120713688,0.04365975209779784,0.2857541120713688,0.9853219875877164,250,bert-base-uncased
SentenceTransformer,0.8,2,0.024354961107949154,0.28631168107053245,0.04489126871380177,0.28631168107053245,0.9857383187224562,250,bert-base-uncased
SentenceTransformer,0.8,3,0.02360840886442367,0.2773905770839141,0.04351343668685632,0.2773905770839141,0.9857348521851145,250,bert-base-uncased
SentenceTransformer,0.8,4,0.022882575076425105,0.28380262057429606,0.04235049401976079,0.28380262057429606,0.9849309621755711,250,bert-base-uncased
SentenceTransformer,0.8,5,0.02800415686703495,0.285475327571787,0.051004906233656264,0.285475327571787,0.9876792329800816,250,bert-base-uncased
SentenceTransformer,0.85,1,0.03944667122885913,0.22497909116253137,0.06712414223331253,0.22497909116253137,0.9931879074697987,250,bert-base-uncased
SentenceTransformer,0.85,2,0.03697061663677749,0.2241427376637859,0.0634720138943712,0.2241427376637859,0.9927400308452493,250,bert-base-uncased
SentenceTransformer,0.85,3,0.03125243550775466,0.22358516866462225,0.05483948169168177,0.22358516866462225,0.9913821881685001,250,bert-base-uncased
SentenceTransformer,0.85,4,0.02890563891061651,0.22665179816002232,0.05127234887900861,0.22665179816002232,0.9905318465585777,250,bert-base-uncased
SentenceTransformer,0.85,5,0.05295369877594465,0.2219124616671313,0.08550405499758311,0.2219124616671313,0.9950650374403366,250,bert-base-uncased
